row_id,pathway
slv-000-0271,t920:3 t920:4 t920:5
slv-000-0681,t885:0 t860:0 t670:5
slv-000-1762,t670:2 t670:4 t486:5
slv-000-1997,t167:1 t391:2 t545:3 t523:3 t240:4 t523:4 t523:5 t468:5
slv-000-2145,t240:0 t523:1 t523:2 t926:3 t523:4
slv-000-3540,t670:2 t486:4 t486:5 t670:5 t670:6
slv-000-4073,t670:0 t670:3 t486:5
slv-000-4301,t670:2 t670:4 t486:5
slv-000-4596,t523:2 t523:3 t182:4
slv-000-5347,t670:2 t670:4 t486:5
slv-000-5624,t523:1 t523:3 t468:4 t860:5 t523:6 t764:6 t860:7 t670:7
slv-000-5738,t736:0 t486:1 t486:3 t670:3 t523:4 t523:5 t182:6
slv-000-5988,t448:1 t240:3 t523:5 t468:6 t670:6 t670:7 t860:7 t220:7
slv-000-6325,t670:2 t670:4 t486:5
slv-000-8101,t736:0 t693:1 t682:2 t240:3 t523:3 t523:4
slv-000-8149,t523:0 t926:1 t523:2 t523:3 t468:3
slv-000-9655,t920:1 t240:2 t278:2 t523:3 t523:3 t468:4 t764:5 t860:6
slv-000-9725,t601:1 t601:2 t601:4
slv-001-1187,t391:0 t904:0 t860:0 t545:2
slv-001-1414,t601:1 t601:3 t601:4
slv-001-1466,t167:1 t391:2 t545:3 t523:3 t240:4 t523:4 t523:5 t468:5
slv-001-2848,t670:2 t486:4 t486:5 t670:5 t670:6
slv-001-3041,t670:2 t670:4 t486:5
slv-001-3261,t396:0 t240:1 t926:2 t523:3 t523:3 t926:4 t468:5
slv-001-3310,t240:0 t523:1 t240:1 t926:2 t523:3
slv-001-3714,t601:1 t601:2 t601:4
slv-001-4383,t672:1 t523:2 t523:3 t581:4
slv-001-5236,t670:2 t670:4 t486:5
slv-001-7127,t545:0 t523:2 t523:3 t182:4
slv-001-7294,t523:1 t523:3 t468:3
slv-001-7598,t670:2 t670:4 t486:5
slv-001-7920,t636:1 t904:3 t885:4 t860:5
slv-001-8059,t523:3 t182:4
slv-001-8506,t670:2 t670:4 t486:5
slv-001-9365,t693:0 t670:4 t670:5 t182:6 t523:6 t523:6 t182:7
slv-001-9401,t670:2 t670:4 t486:5
slv-001-9412,t905:0 t545:1
slv-002-0226,t448:0 t240:1 t523:2 t523:3 t468:3 t926:4 t468:5
slv-002-0266,t670:2 t670:4 t486:5
slv-002-0909,t496:0 t391:0 t904:0 t545:2
slv-002-1397,t670:2 t670:4 t486:5
slv-002-1414,t670:2 t486:4 t486:5 t670:5 t670:6
slv-002-1546,t926:1 t468:3
slv-002-1820,t636:0 t736:1 t112:2 t545:2 t240:3 t523:3 t523:4 t581:4 t523:5 t468:7
slv-002-2563,t240:0 t926:1 t468:2 t240:3 t523:3 t523:4 t468:5
slv-002-4181,t670:2 t486:4 t486:5 t670:5 t670:6
slv-002-6149,t391:0 t860:0 t545:2
slv-002-6653,t112:2 t523:2 t182:2 t730:3 t240:3 t926:4 t926:4 t468:6
slv-002-6774,t486:2 t486:4 t469:5 t636:5 t730:5 t523:6 t182:7
slv-002-6833,t670:2 t670:4 t486:5
slv-002-8845,t670:2 t670:4 t486:5
slv-002-8879,t636:1 t904:3 t885:4 t860:5
slv-002-9743,t670:2 t670:4 t486:5
slv-003-0887,t670:2 t670:4 t486:5
slv-003-0911,t670:2 t670:4 t486:5
slv-003-2518,t788:0 t523:2 t523:3 t581:4
slv-003-2535,t926:0 t926:1 t523:2 t523:3 t926:3
slv-003-2944,t905:0 t545:0 t860:1 t545:2
slv-003-3111,t240:1 t278:2 t523:3 t523:3 t468:4 t764:5 t885:5 t860:6
slv-003-3922,t496:0 t391:0 t904:0 t545:3
slv-003-4530,t670:2 t486:4 t486:5 t670:5 t670:6
slv-003-4595,t448:2 t788:3 t523:4 t523:4 t569:5 t240:5 t926:5 t523:6 t581:6
slv-003-6859,t670:2 t670:4 t486:5
slv-003-6961,t903:0 t860:0 t903:1
slv-003-7060,t391:0 t736:1 t112:3 t523:4 t523:5 t182:6 t764:6 t764:7 t903:7 t860:7
slv-003-8285,t391:0 t545:2
slv-003-9521,t396:0 t240:1 t926:2 t523:3 t523:3 t926:4 t468:5
slv-003-9574,t788:1 t523:3 t523:3 t182:4
slv-003-9851,t670:2 t670:4 t486:5
slv-003-9967,t670:2 t670:4 t486:5
slv-004-0090,t904:0 t545:0 t391:1 t545:3
slv-004-0181,t860:0 t670:5 t670:7
slv-004-1129,t631:3 t631:5 t631:6
slv-004-1292,t670:2 t670:4 t486:5
slv-004-2673,t736:0 t693:0 t682:1 t523:3 t523:4 t182:4
slv-004-6518,t670:0 t670:3 t486:5
slv-004-6669,t670:2 t670:4 t486:5
slv-004-8715,t240:0 t523:1 t523:2 t468:3
slv-004-9375,t991:3 t631:5 t631:6 t631:7
slv-004-9479,t760:0 t670:1 t670:4 t486:6
slv-004-9852,t601:1 t601:2 t601:4
slv-005-0217,t240:0 t523:1 t523:2 t569:3 t523:3
slv-005-1126,t670:2 t670:4 t486:5
slv-005-1391,t676:1 t523:3 t569:4 t523:5 t523:6 t468:7
slv-005-2072,t523:1 t523:3 t182:3
slv-005-2160,t670:2 t670:4 t486:5
slv-005-2161,t523:0 t523:0 t926:2 t926:2 t523:3 t468:3
slv-005-3139,t670:2 t670:4 t486:5
slv-005-3802,t391:0 t736:1 t112:2 t545:3 t240:3 t523:4 t523:4 t581:5 t523:6 t468:6 t764:7
slv-005-4066,t616:2 t523:3 t523:4 t569:4
slv-005-4148,t788:1 t523:3 t523:3 t182:4
slv-005-5108,t523:1 t523:3 t581:3
slv-005-5329,t545:1 t391:2 t545:3 t739:4 t545:4
slv-005-5378,t693:1 t636:2 t693:3 t670:3 t843:4 t843:4 t601:5 t601:5
slv-005-7804,t860:0 t670:5 t670:7
slv-005-8691,t579:1 t579:1 t843:3 t843:4
slv-006-0332,t391:0 t736:1 t112:3 t523:4 t523:5 t182:6 t764:6 t764:7 t903:7 t860:7
slv-006-0588,t926:2 t523:4 t523:5 t182:6
slv-006-0847,t460:1 t240:2 t926:3 t468:4
slv-006-0973,t391:0 t736:1 t112:3 t523:4 t523:5 t182:6 t764:6 t764:7 t903:7 t860:7
slv-006-1467,t460:1 t240:2 t523:3 t569:3 t523:4 t523:4 t468:5
slv-006-1890,t693:1 t636:2 t693:3 t670:3 t843:4 t843:4 t601:5 t601:5
slv-006-3226,t523:1 t523:3 t468:3
slv-006-4130,t396:0 t523:2 t523:3 t182:4
slv-006-4533,t240:0 t523:1 t569:3 t523:4 t523:5 t468:7
slv-006-5205,t391:0 t736:1 t112:2 t545:3 t240:3 t523:4 t523:4 t581:5 t523:6 t468:6 t764:7
slv-006-6045,t788:0 t523:2 t523:3 t581:4
slv-006-6395,t885:0 t860:1 t545:2 t391:3 t545:4
slv-006-6919,t579:1 t579:1 t843:3 t843:4
slv-006-7329,t616:1 t523:2 t523:3 t569:4
slv-006-7671,t788:1 t523:3 t523:3 t182:4
slv-006-7695,t739:1 t545:2 t391:3 t545:4
slv-006-8591,t670:2 t670:4 t486:5
slv-006-9107,t240:1 t523:1 t523:2 t569:3 t523:4 t468:5
slv-006-9607,t926:1 t468:3
slv-006-9980,t788:0 t523:2 t523:3 t581:4
slv-007-0685,t739:1 t545:2
slv-007-1424,t670:2 t486:4 t486:5 t670:5 t670:6
slv-007-1778,t670:2 t670:4 t486:5
slv-007-2209,t240:1 t926:1 t468:2 t240:3 t278:3 t523:3 t523:4 t468:5
slv-007-2448,t523:1 t523:3 t468:4 t860:5 t523:6 t764:6 t860:7 t670:7
slv-007-3664,t670:3 t670:5 t486:6
slv-007-3940,t523:0 t523:1 t581:1 t523:2 t569:3 t996:4 t569:5
slv-007-4008,t670:0 t670:3 t486:5
slv-007-4244,t860:0 t670:5 t670:7
slv-007-5010,t788:0 t523:2 t523:3 t581:4
slv-007-5345,t240:1 t926:1 t468:2 t240:3 t278:3 t523:3 t523:4 t468:5
slv-007-6066,t601:1 t601:2 t601:3
slv-007-7414,t788:1 t523:2 t523:3 t581:4
slv-007-7721,t904:0 t860:0 t391:0 t860:1 t545:3
slv-007-7741,t670:2 t670:4 t486:5
slv-007-8291,t670:2 t670:4 t486:5
slv-007-9570,t670:2 t670:4 t486:5
slv-007-9991,t670:2 t670:4 t486:5
slv-008-1096,t693:1 t636:2 t693:3 t670:3 t843:4 t843:4 t601:5 t601:5
slv-008-1124,t670:2 t486:4 t670:5 t670:6
slv-008-1144,t391:0 t545:1 t240:2 t523:3 t523:3 t182:4
slv-008-1437,t920:1 t240:2 t523:3 t523:4 t468:5 t860:6
slv-008-1475,t788:0 t523:2 t523:3 t581:4
slv-008-2078,t670:2 t670:4 t486:5
slv-008-2528,t523:1 t523:3 t182:3
slv-008-3987,t391:1 t736:2 t112:3 t545:3 t523:4 t240:4 t523:4 t523:5 t581:5 t885:6
slv-008-4284,t670:2 t670:4 t486:5
slv-008-5079,t616:1 t523:2 t523:3 t569:4
slv-008-5566,t601:1 t601:3 t601:4
slv-008-6158,t860:0 t391:1 t860:2 t545:3
slv-008-6251,t391:0 t904:0 t860:1 t545:3
slv-008-6556,t670:2 t670:4 t486:5
slv-008-6734,t653:1 t903:1 t860:2 t545:4
slv-008-7172,t693:1 t636:2 t693:3 t670:3 t843:4 t843:4 t601:5 t601:5
slv-008-8072,t636:0 t391:0 t545:1 t670:2 t670:3 t486:3 t240:3 t523:3 t523:3 t182:5
slv-008-8997,t693:1 t670:3 t670:4 t693:4 t636:5 t885:6 t860:6
slv-008-9905,t391:0 t545:2
slv-009-1162,t670:2 t670:4 t486:5
slv-009-1823,t670:2 t670:4 t486:5
slv-009-2097,t636:0 t904:3 t885:4 t860:5
slv-009-3046,t764:5 t670:6 t670:7 t486:7 t670:7
slv-009-3515,t636:0 t167:0 t391:1 t496:2 t391:2 t545:3
slv-009-4767,t448:1 t523:3 t523:3 t182:4
slv-009-5122,t391:1 t545:2 t860:3 t545:4
slv-009-6596,t920:3 t920:4 t920:5
slv-009-6640,t358:1 t536:2 t240:3 t926:3 t468:5
slv-009-6850,t903:1 t860:2 t670:3 t601:3 t601:4 t670:5 t545:5 t843:5 t843:5 t670:6 t843:6
slv-009-6870,t670:2 t486:4 t486:5 t670:5 t670:6
slv-009-7799,t670:2 t486:4 t486:5 t670:5 t670:6
slv-009-7811,t920:1 t240:2 t278:2 t523:3 t523:3 t468:4 t764:5 t860:6
slv-009-8814,t460:1 t240:2 t523:3 t569:3 t523:4 t523:4 t468:5
slv-009-9551,t670:2 t486:4 t486:5 t670:5 t670:6
slv-009-9649,t601:1 t601:2 t601:4
slv-009-9724,t885:0 t904:2 t885:3 t860:4
slv-010-0059,t885:3 t860:4 t903:4 t860:5
slv-010-0390,t670:0 t670:3 t486:5
slv-010-1525,t926:1 t468:3
slv-010-1739,t670:2 t486:4 t486:5 t670:5 t670:6
slv-010-2184,t460:1 t240:2 t926:3 t468:4
slv-010-2453,t240:0 t523:1 t569:2 t523:3 t523:4 t468:4
slv-010-3042,t996:1 t569:1 t240:2 t926:2 t523:3 t523:4 t569:4 t996:5
slv-010-3524,t601:1 t601:2 t601:4
slv-010-3539,t693:2 t636:4 t885:5 t860:6
slv-010-3553,t920:3 t920:4 t920:5
slv-010-3939,t631:3 t631:5 t631:6
slv-010-3941,t167:1 t391:2 t904:3 t860:4 t545:5
slv-010-4056,t693:1 t636:2 t693:3 t670:3 t843:4 t843:4 t601:5 t601:5
slv-010-4101,t391:0 t545:1 t240:2 t523:3 t523:4
slv-010-5571,t670:2 t670:4 t486:5
slv-010-5834,t788:0 t523:2 t523:3 t581:4
slv-010-6158,t788:0 t523:2 t523:3 t581:4
slv-010-6213,t920:1 t240:2 t278:2 t523:3 t523:3 t468:4 t764:5 t860:6
slv-010-6648,t523:0 t926:1 t926:2 t523:3 t468:4
slv-010-6764,t391:0 t860:0 t545:2
slv-010-6846,t670:2 t670:4 t486:5
slv-010-7240,t545:1 t523:2 t523:3 t182:4
slv-010-7711,t730:1 t240:2 t926:3 t926:4 t523:4 t468:5
slv-010-8364,t682:0 t240:2 t523:3 t523:3 t182:3 t885:3 t523:4 t468:4 t885:5
slv-010-8754,t128:3 t128:4 t631:5 t631:5 t329:5 t329:6
slv-010-8956,t670:2 t486:4 t486:5 t670:5 t670:6
slv-010-9108,t670:2 t670:4 t486:5
slv-010-9649,t636:0 t391:0 t545:1 t670:2 t670:3 t486:3 t240:3 t523:3 t523:3 t182:5
slv-011-0816,t631:3 t631:4 t631:5 t631:6
slv-011-1204,t523:1 t523:3 t182:3
slv-011-1951,t601:1 t601:2 t601:3
slv-011-3101,t764:5 t670:6 t670:7 t486:7 t670:7
slv-011-3313,t167:1 t391:2 t904:2 t545:3
slv-011-3356,t460:1 t240:2 t523:3 t569:3 t523:4 t523:4 t468:5
slv-011-3970,t670:2 t670:4 t486:5
slv-011-3973,t601:1 t601:2 t601:4
slv-011-5587,t860:0 t903:1 t860:1 t545:3
slv-011-5617,t860:0 t545:1 t545:2 t523:3 t182:4
slv-011-6060,t460:1 t240:2 t523:3 t523:3 t182:4
slv-011-6566,t920:1 t240:2 t523:3 t523:4 t468:5 t860:6
slv-011-7207,t920:1 t240:2 t278:2 t523:3 t523:3 t468:4 t764:5 t860:6
slv-011-7514,t736:0 t693:1 t523:2 t523:3 t182:4
slv-011-8922,t670:2 t670:4 t486:5
slv-011-9501,t885:1 t860:3 t523:4 t182:5
slv-011-9617,t670:2 t486:4 t486:5 t670:5 t670:6
slv-012-0264,t670:2 t670:4 t486:5
slv-012-0402,t391:0 t904:0 t545:0 t860:1 t545:3
slv-012-1181,t670:2 t486:4 t486:5 t670:5 t670:6
slv-012-1601,t240:1 t926:3 t926:4 t523:5 t523:5 t182:6 t240:6 t468:7
slv-012-1727,t460:1 t240:2 t523:3 t569:4 t523:5 t523:5 t468:6
slv-012-3297,t545:1 t670:2 t523:3 t523:4 t581:5 t764:5 t885:6
slv-012-3640,t448:0 t240:0 t448:3 t468:4 t860:6
slv-012-3707,t460:1 t240:2 t523:3 t569:4 t523:5 t523:5 t468:6
slv-012-3869,t309:2 t460:3 t240:3 t523:4 t569:4 t523:5 t523:5 t468:6
slv-012-4099,t788:0 t523:2 t523:3 t581:4
slv-012-4383,t670:3 t670:5 t486:6
slv-012-5692,t829:2 t788:3 t523:4 t523:4 t581:5
slv-012-6090,t788:1 t523:2 t523:3 t581:4
slv-012-6113,t926:1 t468:3
slv-012-6147,t670:2 t670:4 t486:5
slv-012-6154,t670:2 t670:4 t486:5
slv-012-6370,t670:2 t670:4 t486:5
slv-012-6862,t670:2 t486:4 t486:5 t670:5 t670:6
slv-012-7352,t904:0 t545:1 t240:2 t523:3 t523:4 t468:5 t764:6 t764:6 t860:7
slv-012-7524,t670:2 t670:4 t486:5
slv-012-7873,t670:2 t670:4 t486:5
slv-012-7949,t920:3 t920:4 t920:5
slv-012-8305,t670:2 t486:4 t486:5 t670:5 t670:6
slv-012-8585,t670:2 t670:4 t486:5
slv-012-8970,t391:0 t545:2
slv-012-9302,t670:5 t670:6 t486:7 t670:7
slv-012-9864,t920:1 t240:2 t278:2 t523:3 t523:3 t468:4 t764:5 t860:6
slv-013-0538,t391:0 t904:0 t545:1 t240:2 t523:2 t523:3 t182:4 t885:4 t860:5
slv-013-0777,t670:2 t670:4 t486:5
slv-013-0876,t903:0 t860:0 t903:1
slv-013-1677,t391:0 t904:0 t545:2
slv-013-2283,t920:1 t240:2 t278:2 t523:3 t523:3 t468:4 t764:5 t860:6
slv-013-2650,t601:1 t601:2 t601:4
slv-013-3785,t601:1 t601:2 t601:4
slv-013-4021,t240:0 t926:2 t523:3 t523:4 t581:5
slv-013-4409,t904:1 t545:3 t523:4 t523:4 t182:6
slv-013-4644,t460:1 t240:2 t926:3 t468:4
slv-013-5463,t670:2 t670:4 t486:5
slv-013-7343,t670:2 t670:4 t486:5
slv-013-9464,t670:2 t486:4 t486:5 t670:5 t670:6
slv-013-9495,t448:0 t240:1 t926:2 t926:3 t468:3 t764:4 t885:5 t860:6
slv-013-9900,t396:0 t240:1 t523:2 t523:3 t182:3 t240:4 t926:4 t468:5
slv-014-0555,t601:1 t601:2 t601:4
slv-014-0699,t523:2 t523:3 t182:4
slv-014-1273,t788:1 t523:3 t523:3 t182:4
slv-014-1842,t605:1 t240:1 t523:2 t523:3 t468:3 t278:3 t278:4 t926:4 t468:5
slv-014-2174,t670:2 t670:4 t486:5
slv-014-4746,t670:2 t670:4 t486:5
slv-014-5788,t788:1 t523:2 t523:2 t182:3
slv-014-5940,t240:1 t468:3 t240:4 t926:5 t523:5 t523:6 t468:7
slv-014-6164,t920:1 t240:2 t278:2 t523:3 t523:3 t468:4 t764:5 t860:6
slv-014-6914,t240:1 t278:2 t523:3 t523:3 t468:4 t764:5 t885:5 t860:6
slv-014-7032,t670:2 t670:4 t486:5
slv-014-7125,t670:0 t670:3 t486:5
slv-014-7222,t486:2 t486:4 t469:5 t636:5 t730:5 t523:6 t182:7
slv-014-7514,t736:0 t486:1 t486:3 t670:3 t523:4 t523:5 t182:6
slv-014-8334,t764:5 t670:6 t670:7 t486:7 t670:7
slv-014-9481,t764:2 t670:5 t670:6 t486:6 t670:7
slv-015-0028,t601:1 t601:2 t601:3
slv-015-0228,t736:0 t693:1 t636:1 t240:2 t523:3 t523:4 t182:5
slv-015-2561,t670:2 t670:4 t486:5
slv-015-3079,t523:1 t523:3 t182:3
slv-015-4079,t670:2 t670:4 t486:5
slv-015-4418,t788:0 t523:2 t523:3 t581:4
slv-015-4708,t396:0 t240:1 t523:2 t523:3 t182:3 t240:3 t926:4 t468:5
slv-015-6658,t309:2 t460:3 t240:3 t523:4 t569:4 t523:5 t523:5 t468:6
slv-015-7073,t391:0 t545:1
slv-015-7707,t601:1 t601:2 t601:4
slv-015-8321,t670:2 t670:4 t486:5
slv-015-8519,t920:1 t240:2 t523:3 t523:4 t468:5 t860:6
slv-015-9829,t329:4 t329:5 t904:6 t631:6 t631:7
slv-016-0642,t670:2 t670:4 t486:5
slv-016-1783,t309:2 t460:3 t240:3 t523:4 t569:4 t523:5 t523:5 t468:6
slv-016-2241,t885:0 t860:1 t903:3 t860:5
slv-016-3294,t601:1 t601:2 t601:4
slv-016-3309,t523:1 t182:2 t885:4 t860:4 t903:5 t860:6
slv-016-3500,t670:2 t670:4 t486:5
slv-016-3795,t670:2 t670:4 t486:5
slv-016-3820,t764:5 t670:6 t670:7 t486:7 t670:7
slv-016-3906,t670:2 t670:4 t486:5
slv-016-4107,t240:1 t926:3 t468:3 t240:4 t523:4 t468:5
slv-016-4319,t391:0 t860:0 t545:2
slv-016-6194,t448:0 t240:0 t448:3 t468:4 t860:6
slv-016-6370,t670:2 t670:4 t486:5
slv-016-7909,t670:2 t670:4 t486:5
slv-016-8477,t536:1 t240:1 t926:2 t468:3
slv-016-8612,t240:1 t926:3 t468:4 t670:5 t670:6 t523:6 t468:6
slv-016-8617,t764:2 t670:5 t670:6 t486:6 t670:7
slv-017-0569,t636:0 t904:3 t885:4 t860:5
slv-017-1556,t920:1 t240:2 t523:3 t523:4 t468:5 t860:6
slv-017-2333,t670:2 t486:4 t486:5 t670:5 t670:6
slv-017-2408,t926:0 t926:1 t523:2 t523:3 t926:3
slv-017-2801,t240:1 t926:1 t468:2 t240:3 t278:3 t523:3 t523:4 t468:5
slv-017-3255,t240:0 t926:2 t468:3 t523:3 t468:5
slv-017-5383,t730:1 t240:2 t926:3 t926:4 t523:4 t468:5
slv-017-5782,t693:1 t636:2 t693:3 t670:3 t843:4 t843:4 t601:5 t601:5
slv-017-5817,t391:0 t545:1 t448:1 t240:1 t926:2 t523:3 t523:3 t182:4 t926:4 t468:5 t764:6
slv-017-5975,t730:1 t240:2 t926:3 t926:4 t523:4 t468:5
slv-017-6535,t569:0 t523:1 t523:2 t926:3
slv-017-6556,t240:0 t926:1 t468:3 t885:4 t860:4 t903:5 t860:6
slv-017-7039,t670:2 t486:4 t486:5 t670:5 t670:6
slv-017-7087,t670:2 t670:4 t486:5
slv-017-7180,t903:1 t860:2 t670:3 t601:3 t601:4 t670:5 t545:5 t843:5 t843:5 t670:6 t843:6
slv-017-7225,t905:0 t545:1
slv-017-7335,t670:2 t670:4 t486:5
slv-017-9545,t764:2 t670:5 t670:6 t486:6 t670:7
slv-017-9715,t670:2 t670:4 t486:5
slv-018-1133,t885:0 t860:1 t903:3 t860:5
slv-018-2639,t670:2 t670:4 t486:5
slv-018-3221,t448:0 t240:1 t926:2 t523:3 t523:3 t569:5
slv-018-3636,t523:3 t182:3 t764:7
slv-018-4864,t670:2 t486:4 t486:5 t670:5 t670:6
slv-018-5000,t670:2 t486:4 t486:5 t670:5 t670:6
slv-018-5466,t903:1 t860:2 t670:3 t601:3 t601:4 t670:5 t545:5 t843:5 t843:5 t670:6 t843:6
slv-018-6772,t523:0 t523:1 t581:1 t523:2 t569:3 t996:4 t569:5
slv-018-6881,t460:1 t240:2 t926:3 t468:4
slv-018-7454,t545:0 t860:1 t545:2 t391:3 t545:4
slv-018-7945,t682:0 t240:2 t523:3 t523:3 t182:3 t885:3 t523:4 t468:4 t885:5
slv-018-8179,t391:0 t736:1 t112:2 t545:3 t240:3 t523:4 t523:4 t581:5 t523:6 t468:6 t764:7
slv-018-9623,t448:0 t240:0 t448:3 t468:4 t860:6
slv-018-9628,t670:0 t670:3 t486:5
slv-019-1016,t601:1 t601:2 t601:4
slv-019-2072,t240:0 t926:2 t523:3 t523:4 t581:5
slv-019-2720,t670:2 t670:4 t486:5
slv-019-2967,t358:1 t536:2 t240:3 t926:3 t468:5
slv-019-3033,t523:1 t523:3 t581:4
slv-019-3706,t788:0 t523:2 t523:3 t581:4
slv-019-3912,t523:3 t182:4
slv-019-4260,t523:1 t523:3 t182:3
slv-019-5336,t391:0 t736:1 t112:2 t545:3 t240:3 t523:4 t523:4 t581:5 t523:6 t468:6 t764:7
slv-019-5385,t739:1 t545:2 t391:3 t545:4
slv-019-5515,t670:2 t670:4 t486:5
slv-019-6691,t601:1 t601:2 t601:4
slv-019-7081,t448:0 t240:0 t448:3 t468:4 t860:6
slv-019-7159,t391:1 t545:2 t920:2 t240:3 t523:4 t523:5 t468:5 t764:6 t764:7
slv-019-7738,t670:2 t670:4 t486:5
slv-019-7800,t670:2 t486:4 t486:5 t670:5 t670:6
slv-019-8552,t460:1 t240:2 t523:3 t569:4 t523:5 t523:5 t468:6
slv-019-9868,t517:1 t517:3 t517:4 t517:4 t517:5
slv-020-0197,t601:1 t601:2 t601:4
slv-020-0229,t920:1 t240:2 t278:2 t523:3 t523:3 t468:4 t764:5 t860:6
slv-020-1058,t631:3 t631:5 t631:6
slv-020-1360,t670:2 t486:4 t486:5 t670:5 t670:6
slv-020-2317,t460:1 t240:2 t523:3 t569:3 t523:4 t523:4 t468:5
slv-020-2409,t920:1 t240:2 t278:2 t523:3 t523:3 t468:4 t764:5 t860:6
slv-020-2961,t240:0 t926:1 t523:2 t523:3 t581:3 t569:4 t523:4 t569:5
slv-020-3458,t670:2 t670:4 t486:5
slv-020-3981,t396:0 t605:1 t240:2 t926:2 t523:3 t523:3 t468:4 t885:4 t860:6
slv-020-4201,t670:2 t486:4 t670:5 t670:6
slv-020-5281,t448:1 t240:3 t926:4 t926:5 t523:5 t523:6 t468:7
slv-020-5700,t670:2 t670:4 t486:5
slv-020-5752,t240:1 t523:1 t523:2 t569:3 t523:4 t468:5
slv-020-5793,t670:2 t670:4 t486:5
slv-020-6019,t391:0 t904:0 t860:1 t545:2
slv-020-8087,t920:1 t240:2 t523:3 t523:4 t468:5 t860:6
slv-020-8330,t391:0 t904:0 t545:1 t240:2 t523:2 t523:3 t182:4 t885:4 t860:5
slv-020-9155,t329:1 t329:3 t631:4 t631:5
slv-021-0471,t670:2 t486:4 t486:5 t670:5 t670:6
slv-021-0579,t670:2 t670:4 t486:5
slv-021-0932,t670:2 t670:4 t486:5
slv-021-1070,t885:2 t860:5 t903:6 t860:7
slv-021-1312,t920:1 t240:2 t523:3 t523:4 t468:5 t860:6
slv-021-1646,t788:1 t523:3 t523:3 t468:4
slv-021-1649,t448:0 t240:0 t448:3 t468:4 t860:6
slv-021-1919,t739:1 t545:2 t391:3 t545:4
slv-021-2742,t788:1 t523:2 t523:3 t581:4
slv-021-3879,t240:0 t569:1 t240:2 t523:3
slv-021-5015,t920:1 t240:2 t523:3 t523:4 t468:5 t860:6
slv-021-5500,t920:1 t240:2 t278:2 t523:3 t523:3 t468:4 t764:5 t860:6
slv-021-6424,t670:0 t670:2 t486:3 t523:5 t182:5
slv-021-6584,t693:1 t636:2 t693:3 t670:3 t843:4 t843:4 t601:5 t601:5
slv-021-7064,t670:2 t670:4 t486:5
slv-021-7263,t736:0 t693:1 t636:1 t240:2 t523:3 t523:4 t182:5
slv-021-8677,t920:1 t240:1 t468:3 t926:3 t468:3 t523:4 t523:5 t468:5 t670:5
slv-021-9004,t670:0 t670:3 t486:5
slv-021-9259,t920:1 t240:2 t523:3 t569:5 t523:6 t468:7 t670:7
slv-021-9688,t523:3 t182:4 t764:6 t860:7
slv-021-9738,t309:2 t460:3 t240:3 t523:4 t569:4 t523:5 t523:5 t468:6
slv-022-0400,t670:2 t670:4 t486:5
slv-022-1765,t860:0 t545:1 t904:2 t545:3 t391:4 t545:4
slv-022-1828,t670:2 t670:4 t486:5
slv-022-2150,t788:0 t523:2 t523:3 t581:4
slv-022-2745,t240:1 t468:3 t240:4 t926:5 t523:5 t523:6 t468:7
slv-022-3020,t670:2 t670:4 t486:5
slv-022-3953,t693:2 t636:4 t885:5 t860:6
slv-022-4169,t670:2 t670:4 t486:5
slv-022-5214,t240:0 t926:1 t926:2 t523:3 t926:3 t468:5
slv-022-5559,t670:2 t486:4 t486:5 t670:5 t670:6
slv-022-5696,t904:5 t693:6 t693:7 t670:7 t693:7 t636:7
slv-022-6743,t764:3 t764:6 t670:6 t670:7 t486:7 t670:7
slv-022-7605,t391:0 t545:2
slv-022-9756,t523:6 t182:7 t670:7 t182:7 t885:7 t860:7
slv-022-9760,t670:2 t670:4 t486:5
slv-023-0018,t670:2 t670:4 t486:5
slv-023-0508,t545:1 t240:1 t926:2 t468:2 t240:3 t278:3 t523:4 t523:4 t468:5
slv-023-1841,t760:0 t670:1 t670:4 t486:6
slv-023-1855,t460:1 t240:2 t523:2 t569:3 t523:3 t523:4 t468:5 t569:6
slv-023-1927,t903:1 t860:2 t670:3 t601:3 t601:4 t670:5 t545:5 t843:5 t843:5 t670:6 t843:6
slv-023-2541,t523:3 t182:4 t764:6 t860:7
slv-023-3354,t764:2 t670:5 t670:6 t486:6 t670:7
slv-023-3682,t523:1 t523:3 t581:3
slv-023-4817,t814:1 t290:3 t290:4 t814:4 t814:6
slv-023-5245,t926:1 t468:3
slv-023-5767,t670:2 t670:4 t486:5
slv-023-5837,t240:1 t926:1 t468:2 t240:3 t278:3 t523:3 t523:4 t468:5
slv-023-6492,t523:3 t182:4 t764:6 t860:7
slv-023-6778,t788:0 t523:2 t523:3 t581:4
slv-023-7316,t636:0 t736:1 t112:2 t545:2 t240:3 t523:3 t523:4 t581:4 t523:5 t468:7
slv-023-7679,t860:0 t545:2
slv-023-8334,t903:5 t860:6 t764:6 t486:7 t486:7 t670:7 t486:7
slv-023-8537,t240:1 t523:2 t523:3 t468:4
slv-023-9407,t670:3 t670:5 t486:6
slv-024-0572,t670:5 t670:6 t486:7 t670:7
slv-024-1468,t788:1 t523:2 t523:2 t182:3
slv-024-2061,t670:2 t670:4 t486:5
slv-024-2750,t523:1 t182:2 t885:4 t860:4 t903:5 t860:6
slv-024-3556,t670:2 t670:4 t486:5
slv-024-3985,t460:2 t240:5 t523:6 t523:6 t468:7 t670:7 t670:7 t636:7
slv-024-4450,t605:0 t569:0 t996:2 t569:4 t569:6
slv-024-5427,t411:1 t411:2 t411:3 t411:5 t411:5 t411:6
slv-024-5812,t739:1 t545:2 t391:3 t545:4
slv-024-5952,t631:3 t631:4 t631:5 t631:6
slv-024-6424,t670:2 t670:4 t486:5
slv-024-6675,t448:1 t523:3 t523:3 t182:4
slv-024-7549,t523:1 t182:3 t885:4 t860:5
slv-024-8186,t670:2 t486:4 t486:5 t670:5 t670:6
slv-025-0111,t670:2 t670:4 t486:5
slv-025-0127,t523:1 t523:3 t182:3
slv-025-0168,t670:2 t670:4 t486:5
slv-025-1267,t860:0 t545:1 t391:2 t545:4
slv-025-1391,t240:1 t278:2 t523:3 t523:3 t468:4 t764:5 t885:5 t860:6
slv-025-1437,t240:1 t926:3 t926:4 t523:5 t523:5 t182:6 t240:6 t468:7
slv-025-1705,t670:2 t670:4 t486:5
slv-025-2582,t693:4 t670:5 t670:6 t523:6 t182:7 t885:7 t860:7
slv-025-2790,t920:1 t240:2 t278:2 t523:3 t523:3 t468:4 t764:5 t860:6
slv-025-3363,t128:3 t128:4 t631:5 t631:5 t329:5 t329:6
slv-025-4395,t903:1 t860:2 t670:3 t601:3 t601:4 t670:5 t545:5 t843:5 t843:5 t670:6 t843:6
slv-025-4597,t920:1 t240:2 t278:2 t523:3 t523:3 t468:4 t764:5 t860:6
slv-025-4750,t240:1 t468:3 t240:4 t926:5 t523:5 t523:6 t468:7
slv-025-5358,t860:0 t545:0 t905:1 t545:2
slv-025-5797,t739:1 t545:2 t391:3 t545:4
slv-025-9833,t670:2 t670:4 t486:5
slv-025-9902,t601:1 t601:2 t601:4
slv-025-9977,t460:1 t240:2 t523:3 t569:3 t523:4 t523:4 t468:5
slv-026-0907,t496:0 t391:0 t905:0
slv-026-1974,t920:1 t240:2 t278:2 t523:3 t523:3 t468:4 t764:5 t860:6
slv-026-2080,t460:1 t240:2 t523:3 t569:3 t523:4 t523:4 t468:5
slv-026-2245,t391:0 t545:2
slv-026-2436,t391:0 t736:1 t112:2 t545:3 t240:3 t523:4 t523:4 t581:5 t523:6 t468:6 t764:7
slv-026-3597,t788:1 t523:3 t523:3 t182:4
slv-026-3759,t448:0 t736:0 t112:1 t545:2 t523:3 t523:4 t468:4 t764:5 t885:6
slv-026-4911,t905:0 t545:0 t860:1 t545:2
slv-026-5023,t860:0 t545:0 t905:1 t545:2
slv-026-5693,t736:0 t693:1 t682:2 t523:3 t523:4 t182:4
slv-026-5898,t670:2 t670:4 t486:5
slv-026-6004,t601:1 t601:2 t601:4
slv-026-6216,t670:2 t670:4 t486:5
slv-026-6867,t391:1 t545:1 t739:3 t545:4
slv-026-6954,t670:2 t670:4 t486:5
slv-026-7748,t601:1 t601:3 t601:4
slv-026-7839,t670:2 t670:4 t486:5
slv-026-8513,t788:0 t523:2 t523:3 t581:4
slv-026-9091,t670:2 t486:4 t670:5 t670:6
slv-027-1053,t920:1 t240:2 t523:3 t523:4 t468:5 t860:6
slv-027-1208,t240:1 t926:1 t468:2 t240:3 t278:3 t523:3 t523:4 t468:5
slv-027-1597,t670:2 t670:4 t486:5
slv-027-1780,t926:1 t468:3
slv-027-2776,t788:1 t523:3 t523:3 t182:4
slv-027-3438,t670:2 t670:4 t486:5
slv-027-3908,t523:3 t182:4 t764:6 t860:7
slv-027-4134,t670:2 t670:4 t486:5
slv-027-4760,t920:1 t240:2 t278:2 t523:3 t523:3 t468:4 t764:5 t860:6
slv-027-5218,t788:1 t523:2 t523:3 t581:4
slv-027-6567,t523:1 t523:3 t182:3
slv-027-6718,t814:1 t290:3 t290:4 t814:4 t814:6
slv-027-7479,t920:1 t240:1 t278:2 t523:3 t468:3 t278:3 t278:4 t926:5 t468:6
slv-027-7514,t240:0 t523:2 t523:4 t468:5 t764:6 t860:7
slv-027-7577,t636:0 t885:0 t903:1 t860:3 t903:5
slv-027-7949,t391:0 t736:1 t112:3 t523:4 t523:5 t182:6 t764:6 t764:7 t903:7 t860:7
slv-027-8687,t670:2 t670:4 t486:5
slv-027-8893,t240:1 t523:2 t523:2 t569:3 t523:4 t523:4 t468:5
slv-027-8939,t860:0 t903:1 t860:1 t545:3
slv-027-9081,t920:1 t240:2 t278:2 t523:3 t523:3 t468:4 t764:5 t860:6
slv-027-9549,t670:2 t670:4 t486:5
slv-027-9757,t486:2 t486:4 t469:5 t636:5 t730:5 t523:6 t182:7
slv-028-0684,t670:2 t670:4 t486:5
slv-028-1223,t391:0 t736:1 t112:2 t545:3 t240:3 t523:4 t523:4 t581:5 t523:6 t468:6 t764:7
slv-028-1467,t377:1 t377:2 t377:4
slv-028-1849,t601:1 t601:2 t601:4
slv-028-2145,t670:5 t670:6 t486:7 t670:7
slv-028-2397,t739:1 t545:2 t391:3 t545:4
slv-028-3379,t926:1 t468:3
slv-028-6684,t920:1 t240:2 t278:2 t523:3 t523:3 t468:4 t764:5 t860:6
slv-028-7740,t486:2 t486:4 t469:5 t636:5 t730:5 t523:6 t182:7
slv-028-8089,t905:0 t545:1
slv-028-8384,t448:0 t240:0 t448:3 t468:4 t860:6
slv-028-9267,t391:0 t736:1 t112:2 t545:3 t240:3 t523:4 t523:4 t581:5 t523:6 t468:6 t764:7
slv-028-9959,t240:1 t926:3 t468:3 t240:4 t523:4 t468:5
slv-029-0078,t391:0 t860:0 t545:2
slv-029-0225,t391:0 t545:2 t670:4 t670:5 t486:6 t486:6 t670:7
slv-029-0561,t903:1 t860:2 t670:3 t601:3 t601:4 t670:5 t545:5 t843:5 t843:5 t670:6 t843:6
slv-029-1611,t693:1 t636:2 t693:3 t670:3 t843:4 t843:4 t601:5 t601:5
slv-029-2183,t788:0 t523:1 t523:2 t182:3
slv-029-2359,t693:1 t670:3 t670:4 t693:4 t636:5 t885:6 t860:6
slv-029-2762,t523:3 t182:4
slv-029-5323,t920:1 t240:2 t278:2 t523:3 t523:3 t468:4 t764:5 t860:6
slv-029-5494,t601:1 t601:2 t601:4
slv-029-6229,t670:2 t670:4 t486:5
slv-029-6386,t682:0 t240:2 t523:3 t523:3 t182:3 t885:3 t523:4 t468:4 t885:5
slv-029-7143,t486:1 t670:3 t670:4 t486:5 t486:6
slv-029-7390,t670:2 t670:4 t486:5
slv-029-7394,t240:1 t569:2 t860:5 t240:6 t523:7 t468:7
slv-029-7440,t636:0 t246:3 t460:4 t240:4 t523:5 t523:6 t468:6 t670:7 t670:7
slv-029-7866,t788:1 t523:2 t523:3 t581:4
slv-029-7912,t670:2 t670:4 t486:5
slv-030-0905,t670:2 t670:4 t486:5
slv-030-1459,t545:0 t391:1 t545:2 t904:3 t545:4
slv-030-2035,t920:1 t240:2 t523:2 t569:3 t523:4 t523:4 t468:5
slv-030-2312,t448:1 t240:2 t523:3 t523:4 t182:4 t764:5 t885:6
slv-030-3009,t523:0 t926:1 t926:2 t523:3 t468:3
slv-030-3702,t903:1 t860:2 t670:3 t601:3 t601:4 t670:5 t545:5 t843:5 t843:5 t670:6 t843:6
slv-030-3774,t670:2 t670:4 t486:5
slv-030-4739,t920:1 t240:2 t523:3 t523:4 t468:5 t860:6
slv-030-5066,t920:1 t240:2 t523:3 t523:4 t468:5 t860:6
slv-030-5284,t926:1 t468:3
slv-030-7718,t670:2 t670:4 t486:5
slv-030-8042,t448:0 t736:0 t112:1 t545:2 t523:3 t523:4 t468:4 t764:5 t885:6
slv-030-8468,t670:2 t670:4 t486:5
slv-030-8847,t904:0 t860:1 t545:2 t391:3 t545:4
slv-030-9072,t670:2 t670:4 t486:5
slv-030-9278,t670:2 t670:4 t486:5
slv-030-9594,t601:1 t601:3 t670:4 t843:5 t843:5 t579:6
slv-031-0030,t670:2 t670:4 t486:5
slv-031-0337,t670:2 t670:4 t486:5
slv-031-0393,t605:1 t240:3 t523:4 t523:5 t468:5 t860:6
slv-031-1427,t486:2 t486:4 t469:5 t636:5 t730:5 t523:6 t182:7
slv-031-1721,t920:1 t240:2 t278:2 t523:3 t523:3 t468:4 t764:5 t860:6
slv-031-1886,t460:1 t240:2 t926:3 t468:4
slv-031-2182,t448:1 t240:2 t523:3 t523:4 t182:4 t764:5 t885:6
slv-031-2738,t670:2 t670:4 t486:5
slv-031-3602,t167:1 t391:2 t545:3 t523:3 t240:4 t523:4 t523:5 t468:5
slv-031-3794,t670:2 t670:4 t486:5
slv-031-3941,t448:1 t240:2 t523:3 t523:4 t182:4 t764:5 t885:6
slv-031-5023,t448:1 t391:2 t736:3 t112:3 t545:4 t523:4 t523:5 t182:5 t523:6 t581:7
slv-031-5867,t670:2 t670:4 t486:5
slv-031-5963,t741:0 t670:1 t670:2 t396:3
slv-031-6022,t391:0 t736:1 t112:2 t545:3 t240:3 t523:4 t523:4 t581:5 t523:6 t468:6 t764:7
slv-031-6426,t670:2 t670:4 t486:5
slv-031-7099,t391:0 t545:1 t240:2 t523:3 t523:4
slv-031-7193,t905:0 t545:2
slv-031-7603,t736:0 t693:1 t636:1 t240:2 t523:3 t523:4 t182:5
slv-031-9008,t788:0 t523:2 t523:3 t581:4
slv-031-9458,t670:2 t670:4 t486:5
slv-032-0374,t670:2 t486:4 t670:5 t670:6
slv-032-0987,t523:1 t523:3 t581:3
slv-032-1938,t920:1 t240:2 t278:2 t523:3 t523:3 t468:4 t764:5 t860:6
slv-032-2352,t545:0 t240:1 t523:1 t240:2 t569:3 t523:3
slv-032-2619,t523:0 t926:1 t523:2 t523:3 t468:3
slv-032-2930,t788:1 t523:3 t523:3 t182:4
slv-032-2946,t391:0 t736:1 t112:2 t545:3 t240:3 t523:4 t523:5 t182:6 t764:6 t764:7
slv-032-3010,t670:2 t670:4 t486:5
slv-032-4005,t448:0 t240:1 t523:3 t523:3 t468:4 t764:5 t885:6
slv-032-5525,t460:1 t240:2 t523:3 t523:4 t569:4 t523:5 t468:5
slv-032-6989,t391:1 t545:1 t391:2 t860:3 t545:3 t240:3 t523:4 t468:5
slv-032-7529,t670:2 t670:4 t486:5
slv-032-7897,t670:2 t670:4 t486:5
slv-032-8408,t448:1 t240:2 t523:3 t523:4 t182:4 t764:5 t885:6
slv-032-8799,t631:3 t631:5 t631:6
slv-032-9604,t523:2 t523:3 t182:4
slv-032-9792,t670:2 t670:4 t486:5
slv-033-1335,t605:1 t240:2 t523:3 t523:3 t468:4 t764:5 t860:6
slv-033-1414,t860:0 t903:1 t860:1 t545:3
slv-033-1597,t396:0 t240:1 t523:2 t523:3 t182:3 t240:3 t926:4 t468:5
slv-033-2882,t739:1 t545:2 t391:3 t545:4
slv-033-3452,t670:2 t670:4 t486:5
slv-033-3843,t486:4 t670:6 t670:6 t486:7
slv-033-4415,t920:1 t240:2 t523:3 t523:4 t468:5 t860:6
slv-033-4454,t523:1 t523:3 t581:3
slv-033-4567,t926:1 t523:2 t523:3
slv-033-5101,t670:5 t670:6 t486:7 t670:7
slv-033-5229,t670:2 t670:4 t486:5
slv-033-5341,t670:2 t670:4 t486:5
slv-033-5461,t730:1 t240:2 t926:3 t926:4 t523:4 t468:5
slv-033-5916,t670:2 t670:4 t486:5
slv-033-6385,t448:0 t240:0 t448:3 t468:4 t860:6
slv-033-7170,t670:2 t670:4 t486:5
slv-033-7525,t167:1 t391:2 t545:3 t523:3 t240:4 t523:4 t523:5 t468:5
slv-033-7654,t523:0 t523:0 t926:2 t926:2 t523:3 t468:3
slv-033-8009,t605:0 t240:2 t523:3 t523:3 t468:4
slv-033-8991,t569:0 t569:0 t523:0 t569:2 t996:4
slv-033-9373,t670:2 t670:4 t486:5
slv-033-9920,t670:2 t670:4 t486:5
slv-034-0072,t448:0 t240:2 t523:3 t523:4 t468:5 t764:6 t860:7
slv-034-0852,t670:2 t670:4 t486:5
slv-034-1007,t396:0 t240:1 t926:2 t523:3 t523:3 t926:4 t468:5
slv-034-2448,t920:1 t240:1 t468:3 t926:3 t468:3 t523:4 t523:5 t468:5 t670:5
slv-034-2576,t788:1 t523:3 t523:3 t182:4
slv-034-2591,t460:1 t240:2 t926:3 t468:4
slv-034-3588,t240:1 t278:1 t240:2 t523:3 t523:3 t278:3 t278:4 t523:4 t468:5
slv-034-4068,t391:0 t545:1 t240:2 t523:3 t523:4
slv-034-4376,t460:1 t240:2 t926:3 t468:4
slv-034-4464,t903:0 t860:1 t545:2 t523:3 t523:4 t182:4
slv-034-4779,t670:5 t670:6 t486:7 t670:7
slv-034-6947,t926:1 t468:3
slv-034-7187,t545:1 t240:1 t926:2 t468:2 t240:3 t278:3 t523:4 t523:4 t468:5
slv-034-9831,t670:1 t601:3 t601:3 t670:4 t843:5 t843:5
slv-035-0409,t788:0 t523:2 t523:3 t581:4
slv-035-0704,t788:1 t523:3 t523:3 t182:4
slv-035-1149,t764:2 t670:5 t670:6 t486:6 t670:7
slv-035-1353,t601:1 t601:2 t601:4
slv-035-1626,t601:1 t601:2 t601:3
slv-035-2168,t788:1 t523:2 t523:3 t581:4
slv-035-2368,t396:0 t240:1 t523:2 t523:3 t182:3 t240:3 t926:4 t468:5
slv-035-2395,t670:2 t670:4 t486:5
slv-035-2723,t670:2 t486:4 t486:5 t670:5 t670:6
slv-035-4829,t240:1 t926:2 t523:3 t523:3 t182:4
slv-035-4858,t670:2 t670:4 t486:5
slv-035-5369,t523:1 t523:3 t182:3
slv-035-6787,t448:0 t545:1 t448:2 t240:3 t926:3 t468:4 t764:6
slv-035-6962,t903:1 t860:2 t670:3 t601:3 t601:4 t670:5 t545:5 t843:5 t843:5 t670:6 t843:6
slv-035-7758,t670:2 t670:4 t486:5
slv-035-8195,t523:1 t182:3 t885:4 t860:5
slv-035-8289,t693:1 t636:2 t693:3 t670:3 t843:4 t843:4 t601:5 t601:5
slv-035-8646,t240:1 t926:1 t468:2 t240:3 t278:3 t523:3 t523:4 t468:5
slv-035-9927,t391:0 t904:0 t545:1 t240:2 t523:2 t523:3 t182:4 t885:4 t860:5
slv-036-0803,t391:1 t736:2 t112:3 t545:3 t523:4 t240:4 t523:4 t523:5 t581:5 t885:6
slv-036-1560,t670:2 t670:4 t486:5
slv-036-1708,t670:5 t670:6 t486:7 t670:7
slv-036-2747,t670:2 t486:4 t486:5 t670:5 t670:6
slv-036-4001,t670:2 t670:4 t486:5
slv-036-4190,t377:1 t377:2
slv-036-4898,t523:0 t926:1 t926:2 t523:3 t468:4
slv-036-5230,t523:1 t523:3 t468:3
slv-036-5256,t693:1 t636:2 t693:3 t670:3 t843:4 t843:4 t601:5 t601:5
slv-036-6806,t920:1 t240:2 t278:2 t523:3 t523:3 t468:4 t764:5 t860:6
slv-036-7233,t523:3 t182:3
slv-036-7305,t240:1 t926:2 t468:3
slv-036-7610,t764:5 t670:6 t670:7 t486:7 t670:7
slv-036-7866,t240:0 t523:1 t569:2 t523:2 t523:3 t182:4
slv-036-8841,t670:2 t670:4 t486:5
slv-036-9322,t739:1 t545:2 t391:3 t545:4
slv-036-9465,t448:1 t240:2 t523:3 t523:4 t182:4 t764:5 t885:6
slv-037-1530,t670:2 t670:4 t486:5
slv-037-2430,t736:0 t693:1 t636:1 t240:2 t523:3 t523:4 t182:5
slv-037-3805,t391:0 t904:0 t545:1 t240:2 t523:2 t523:3 t182:4 t885:4 t860:5
slv-037-4577,t788:0 t523:1 t523:2 t182:3
slv-037-6219,t448:0 t545:1 t448:2 t240:3 t926:3 t468:4 t764:6
slv-037-7893,t682:0 t240:2 t523:3 t523:3 t182:3 t885:3 t523:4 t468:4 t885:5
slv-037-8046,t523:2 t523:3 t182:4
slv-037-9513,t636:0 t904:3 t885:4 t860:5
slv-037-9546,t670:2 t670:4 t486:5
slv-038-0684,t672:1 t523:2 t523:3 t581:4
slv-038-1326,t523:0 t182:2 t739:3
slv-038-2556,t670:2 t670:4 t486:5
slv-038-3680,t860:0 t545:0 t905:1 t545:2
slv-038-4674,t736:0 t112:0 t760:1 t545:3 t523:4 t523:5 t182:5 t523:6 t581:7
slv-038-4772,t670:2 t670:4 t486:5
slv-038-5109,t167:1 t391:2 t545:3 t523:3 t240:4 t523:4 t523:5 t468:5
slv-038-5628,t523:1 t523:3 t182:3
slv-038-6014,t788:1 t523:2 t523:3 t581:4
slv-038-6111,t860:0 t545:1 t391:2 t545:4
slv-038-6940,t670:2 t670:4 t486:5
slv-038-7330,t631:3 t631:4 t631:5 t631:6
slv-038-7512,t670:2 t486:4 t486:5 t670:5 t670:6
slv-038-7695,t903:1 t860:2 t670:3 t601:3 t601:4 t670:5 t545:5 t843:5 t843:5 t670:6 t843:6
slv-038-9362,t523:3 t182:4
slv-038-9454,t670:2 t670:4 t486:5
slv-038-9994,t788:1 t523:3 t523:3 t182:4
slv-039-0007,t670:2 t670:4 t486:5
slv-039-1078,t391:0 t545:2
slv-039-2119,t391:1 t545:1 t739:3 t545:4
slv-039-2380,t601:1 t601:3 t601:4
slv-039-3055,t814:0 t814:1 t290:2 t290:3 t785:4
slv-039-3441,t788:0 t523:2 t523:3 t581:4
slv-039-4011,t391:1 t736:2 t112:3 t545:3 t523:4 t240:4 t523:4 t523:5 t581:5 t885:6
slv-039-5409,t631:3 t631:5 t631:6
slv-039-5512,t460:1 t240:2 t926:3 t468:4
slv-039-6227,t486:2 t486:4 t469:5 t636:5 t730:5 t523:6 t182:7
slv-039-6712,t670:2 t670:4 t486:5
slv-039-8397,t523:0 t926:1 t523:2 t523:3 t468:3
slv-039-9728,t670:2 t670:4 t486:5
slv-040-1101,t741:1 t240:3 t926:3 t926:4 t468:5
slv-040-1426,t920:1 t240:2 t278:2 t523:3 t523:3 t468:4 t764:5 t860:6
slv-040-1552,t391:0 t904:0 t545:2
slv-040-1556,t167:1 t391:2 t545:3 t523:3 t240:4 t523:4 t523:5 t468:5
slv-040-1634,t670:2 t670:4 t486:5
slv-040-2704,t860:0 t545:2
slv-040-3589,t391:1 t545:1 t739:3 t545:4
slv-040-4300,t670:2 t486:4 t486:5 t670:5 t670:6
slv-040-4303,t240:1 t523:1 t523:3 t569:3 t523:4 t468:5
slv-040-4364,t240:2 t926:4 t523:5 t182:6 t523:6 t468:7 t670:7 t670:7
slv-040-4824,t670:2 t486:4 t486:5 t670:5 t670:6
slv-040-5268,t926:1 t523:2 t523:3
slv-040-5335,t670:2 t670:4 t486:5
slv-040-5901,t885:3 t860:4 t903:4 t860:5
slv-040-6362,t460:1 t240:2 t523:3 t523:3 t569:4 t523:5
slv-040-6570,t670:0 t670:3 t486:5
slv-040-7543,t926:0 t926:2 t523:3 t468:3
slv-040-7837,t396:0 t523:3 t523:4 t182:5
slv-040-7899,t167:1 t391:2 t904:3 t860:4 t545:5
slv-040-8222,t670:2 t670:4 t486:5
slv-040-8839,t240:1 t926:3 t926:4 t523:5 t523:5 t182:6 t240:6 t468:7
slv-040-9475,t920:1 t240:2 t278:2 t523:3 t523:3 t468:4 t764:5 t860:6
slv-040-9595,t636:0 t167:0 t496:1 t391:2 t545:3 t240:3 t523:4 t523:4 t468:5
slv-041-0241,t391:0 t736:1 t112:2 t545:3 t240:3 t523:4 t523:4 t581:5 t523:6 t468:6 t764:7
slv-041-0391,t523:1 t523:3 t182:3
slv-041-0545,t523:3 t182:3
slv-041-0740,t391:0 t736:1 t112:2 t545:3 t240:3 t523:4 t523:4 t581:5 t523:6 t468:6 t764:7
slv-041-2413,t167:1 t391:2 t545:3 t523:3 t240:4 t523:4 t523:5 t468:5
slv-041-2823,t240:0 t523:1 t523:2 t569:3 t523:3
slv-041-3696,t788:0 t523:2 t523:3 t581:4
slv-041-3968,t670:2 t670:4 t486:5
slv-041-4342,t411:1 t411:2 t411:3 t411:5 t411:6
slv-041-4344,t670:5 t670:6 t486:7 t670:7
slv-041-4712,t693:4 t636:5 t523:6 t523:6 t182:7
slv-041-7198,t736:0 t693:1 t682:2 t523:3 t523:4 t182:4
slv-041-7723,t739:1 t545:2 t391:3 t545:4
slv-041-8385,t693:1 t636:2 t693:3 t670:3 t843:4 t843:4 t601:5 t601:5
slv-041-9500,t670:2 t670:4 t486:5
slv-042-0191,t240:1 t468:3 t240:4 t926:5 t523:5 t523:6 t468:7
slv-042-1790,t460:1 t240:2 t523:3 t569:4 t523:5 t523:5 t468:6
slv-042-2717,t670:2 t670:4 t486:5
slv-042-3282,t670:2 t486:4 t486:5 t670:5 t670:6
slv-042-4048,t240:0 t523:1 t523:2 t926:3 t523:4
slv-042-4325,t670:0 t670:2 t486:3 t523:4 t523:6 t182:6
slv-042-4472,t601:1 t601:2 t601:4
slv-042-4907,t788:1 t523:3 t523:3 t581:5
slv-042-5799,t391:0 t860:0 t545:2
slv-042-6546,t764:2 t670:5 t670:6 t486:6 t670:7
slv-042-6592,t240:0 t523:0 t523:1 t926:2 t523:3 t468:4
slv-042-6871,t670:2 t670:4 t486:5
slv-042-7477,t670:2 t670:4 t486:5
slv-042-8470,t860:0 t545:2
slv-042-9311,t670:2 t670:4 t486:5
slv-042-9553,t460:1 t240:2 t523:3 t569:4 t523:5 t523:5 t468:6
slv-043-0129,t670:2 t670:4 t486:5
slv-043-0977,t736:0 t693:1 t636:1 t240:2 t523:3 t523:4 t182:5
slv-043-1626,t391:0 t448:0 t636:1 t240:2 t523:3 t523:4 t468:4 t764:5 t885:6
slv-043-1976,t920:1 t240:2 t523:3 t523:4 t468:5 t860:6
slv-043-2247,t670:2 t670:4 t486:5
slv-043-2837,t391:0 t545:1
slv-043-3216,t391:1 t904:2 t545:3 t391:3 t545:4 t860:4 t545:5
slv-043-3560,t670:2 t670:4 t486:5
slv-043-3617,t391:0 t736:1 t112:3 t523:4 t523:5 t182:6 t764:6 t764:7 t903:7 t860:7
slv-043-3898,t448:0 t240:0 t448:3 t468:4 t860:6
slv-043-5587,t545:1 t523:3 t182:4
slv-043-6443,t814:1 t290:3 t290:4 t814:4 t814:6
slv-043-7083,t788:1 t523:2 t523:3 t581:4
slv-043-7308,t523:1 t523:3 t182:3
slv-043-7672,t670:2 t670:4 t486:5
slv-043-9967,t579:1 t579:1 t843:3 t843:4
slv-044-0034,t903:1 t860:2 t670:3 t601:3 t601:4 t670:5 t545:5 t843:5 t843:5 t670:6 t843:6
slv-044-0518,t670:2 t670:4 t486:5
slv-044-0704,t240:0 t523:1 t523:2 t569:3 t523:4 t468:5
slv-044-0782,t391:0 t904:0 t860:0 t545:3
slv-044-0858,t693:1 t670:3 t670:4 t693:4 t636:5 t885:6 t860:6
slv-044-1554,t670:2 t670:4 t486:5
slv-044-1887,t670:2 t670:4 t486:5
slv-044-3482,t391:0 t736:1 t112:3 t523:4 t523:5 t182:6 t764:6 t764:7 t903:7 t860:7
slv-044-4147,t670:2 t670:4 t486:5
slv-044-5040,t377:1 t377:2 t377:4
slv-044-5335,t926:0 t926:1 t523:2 t523:3 t926:3
slv-044-9832,t670:2 t670:4 t486:5
slv-045-0743,t523:3 t182:5
slv-045-2293,t920:1 t240:2 t523:3 t523:4 t468:5 t860:6
slv-045-2639,t670:2 t670:4 t486:5
slv-045-3025,t670:2 t486:4 t486:5 t670:5 t670:6
slv-045-3750,t460:1 t240:2 t523:3 t523:3 t468:4 t569:4 t523:5 t569:6
slv-045-4316,t682:0 t240:2 t523:3 t523:3 t182:3 t885:3 t523:4 t468:4 t885:5
slv-045-4363,t670:2 t670:4 t486:5
slv-045-4937,t670:2 t670:4 t486:5
slv-045-5245,t693:1 t636:2 t693:3 t670:3 t843:4 t843:4 t601:5 t601:5
slv-045-5321,t670:2 t670:4 t486:5
slv-045-5388,t682:0 t240:2 t523:3 t523:3 t182:3 t885:3 t523:4 t468:4 t885:5
slv-045-7237,t536:1 t240:1 t926:2 t240:3 t468:4 t240:6 t569:7
slv-045-7552,t396:0 t240:1 t523:2 t523:3 t182:3 t240:3 t926:4 t468:5
slv-045-9735,t670:2 t670:4 t486:5
slv-046-0014,t764:2 t670:5 t670:6 t486:6 t670:7
slv-046-0305,t670:3 t670:5 t486:6
slv-046-1165,t860:0 t391:1 t860:2 t545:3
slv-046-1476,t764:2 t670:5 t670:6 t486:6 t670:7
slv-046-1589,t460:0 t240:1 t926:2 t240:2 t523:3
slv-046-1698,t670:2 t670:4 t486:5
slv-046-2385,t391:0 t904:0 t860:1 t545:3
slv-046-2987,t670:2 t670:4 t486:5
slv-046-4291,t448:2 t788:3 t523:4 t523:4 t569:5 t240:5 t926:5 t523:6 t581:6
slv-046-4798,t860:0 t903:1 t860:1 t545:3
slv-046-5553,t670:2 t486:4 t486:5 t670:5 t670:6
slv-046-6501,t670:2 t670:4 t486:5
slv-046-7557,t670:2 t486:4 t486:5 t670:5 t670:6
slv-046-7848,t240:1 t926:2 t926:3 t523:3 t926:4 t468:4
slv-046-8391,t920:1 t240:2 t278:2 t523:3 t523:3 t468:4 t764:5 t860:6
slv-046-8404,t358:1 t536:2 t240:3 t926:3 t468:5
slv-046-9191,t670:2 t486:4 t486:5 t670:5 t670:6
slv-047-0044,t670:2 t670:4 t486:5
slv-047-0374,t670:2 t670:4 t486:5
slv-047-2232,t905:0 t545:1 t523:2 t182:4
slv-047-3346,t240:1 t523:2 t523:2 t569:3 t523:4 t523:4 t468:5
slv-047-3567,t903:1 t860:2 t670:3 t601:3 t601:4 t670:5 t545:5 t843:5 t843:5 t670:6 t843:6
slv-047-3669,t448:0 t240:1 t926:2 t523:3 t523:3 t569:5
slv-047-4444,t670:2 t670:4 t486:5
slv-047-4518,t391:0 t736:1 t112:2 t545:3 t240:3 t523:4 t523:4 t581:5 t523:6 t468:6 t764:7
slv-047-5045,t601:1 t601:2 t601:4
slv-047-5258,t240:2 t926:4 t523:5 t182:6 t523:6 t468:7 t670:7 t670:7
slv-047-5535,t601:1 t601:2 t601:4
slv-047-6017,t670:0 t670:3 t486:5
slv-047-8169,t739:1 t545:2 t391:3 t545:4
slv-047-8368,t670:3 t670:5 t486:6
slv-047-8744,t391:0 t905:0
slv-047-9038,t670:2 t670:4 t486:5
slv-047-9093,t636:0 t904:3 t885:4 t860:5
slv-047-9340,t391:0 t904:0 t545:0 t860:1 t545:3
slv-048-0242,t860:0 t545:2
slv-048-0602,t523:3 t182:4 t764:6 t860:7
slv-048-1245,t670:2 t670:4 t486:5
slv-048-1709,t167:1 t391:2 t904:3 t860:3 t545:4 t240:4 t523:5
slv-048-1718,t904:0 t545:1 t240:2 t523:3 t523:4 t468:5 t764:6 t764:6 t860:7
slv-048-1879,t670:2 t670:4 t486:5
slv-048-1977,t670:2 t670:4 t486:5
slv-048-2718,t396:0 t240:1 t926:2 t391:2 t545:3 t240:3 t523:3 t523:4 t468:5
slv-048-3110,t760:0 t545:0 t523:2 t523:3 t182:4
slv-048-3528,t670:2 t670:4 t486:5
slv-048-3714,t788:1 t523:2 t523:3 t182:3
slv-048-3719,t486:2 t486:4 t469:5 t636:5 t730:5 t523:6 t182:7
slv-048-4346,t545:0 t523:2 t523:3 t182:4
slv-048-4795,t920:1 t240:2 t278:2 t523:3 t523:3 t468:4 t764:5 t860:6
slv-048-4810,t523:1 t523:4 t182:5 t764:6 t903:6 t860:7 t486:7 t670:7
slv-048-5290,t670:0 t670:3 t486:5
slv-048-7300,t670:2 t670:4 t486:5
slv-048-7742,t788:0 t523:2 t523:3 t581:4
slv-048-7986,t523:0 t926:1 t523:2 t523:3 t468:3
slv-049-0190,t240:1 t523:2 t523:2 t569:3 t523:4 t523:4 t468:5
slv-049-0918,t670:1 t601:3 t601:3 t670:4 t843:5 t843:5
slv-049-3083,t391:0 t736:1 t112:3 t523:4 t523:5 t182:6 t764:6 t764:7 t903:7 t860:7
slv-049-5529,t788:1 t523:2 t523:3 t581:4
slv-049-6441,t788:0 t523:2 t523:3 t581:4
slv-049-6457,t448:0 t240:1 t926:2 t523:3 t523:3 t569:5
slv-049-7678,t920:1 t240:1 t468:3 t926:3 t468:3 t523:4 t523:5 t468:5 t670:5
slv-049-7844,t991:1 t991:3 t814:4 t814:5 t631:6 t631:7
slv-049-7989,t167:1 t391:2 t545:3 t523:3 t240:4 t523:4 t523:5 t468:5
slv-049-8277,t460:1 t240:2 t926:3 t468:4
slv-049-8622,t523:0 t926:1 t523:2 t523:3 t468:3
slv-049-8866,t670:0 t670:2 t486:3 t523:4 t523:6 t182:6
slv-049-9784,t523:1 t523:3 t581:3
slv-049-9980,t670:2 t670:4 t486:5
slv-050-0236,t391:1 t545:1 t391:2 t860:3 t545:3 t240:3 t523:4 t468:5
slv-050-0845,t670:2 t670:4 t486:5
slv-050-1016,t670:2 t486:4 t486:5 t670:5 t670:6
slv-050-3459,t670:2 t670:4 t486:5
slv-050-4234,t670:2 t670:4 t486:5
slv-050-5136,t448:0 t736:0 t112:1 t545:2 t523:3 t523:4 t468:4 t764:5 t885:6
slv-050-5963,t631:3 t631:5 t631:6
slv-050-5964,t788:1 t523:2 t523:3 t581:4
slv-050-6091,t736:0 t693:1 t636:1 t240:2 t523:3 t523:4 t182:5
slv-050-7306,t460:1 t240:4 t523:5 t523:6 t468:6 t670:7 t670:7
slv-050-7410,t670:2 t670:4 t486:5
slv-050-7794,t670:2 t670:4 t486:5
slv-050-8025,t920:1 t240:2 t278:2 t523:3 t523:3 t468:4 t764:5 t860:6
slv-050-8740,t670:2 t670:4 t486:5
slv-050-9124,t460:1 t240:2 t523:3 t523:3 t569:4 t523:4 t468:5
slv-050-9956,t396:0 t240:1 t926:2 t523:3 t523:3 t926:4 t468:5
slv-051-0911,t920:1 t240:2 t278:2 t523:3 t523:3 t468:4 t764:5 t860:6
slv-051-2361,t536:1 t240:1 t926:2 t468:3
slv-051-4842,t788:0 t523:2 t523:3 t581:4
slv-051-5101,t788:0 t523:2 t523:3 t581:4
slv-051-5647,t391:0 t904:0 t545:2
slv-051-6667,t545:0 t391:1 t545:1 t240:2 t926:3 t926:3 t523:3 t523:4 t468:5
slv-051-6824,t601:1 t601:3 t670:4 t843:5 t843:5 t579:6
slv-051-7261,t240:1 t523:2 t523:2 t569:3 t523:4 t523:4 t468:5
slv-051-7741,t670:2 t670:4 t486:5
slv-051-8033,t670:2 t670:4 t486:5
slv-051-8280,t905:0 t545:1
slv-051-8657,t391:0 t860:0 t545:2
slv-051-9199,t788:0 t523:2 t523:3 t581:4
slv-051-9273,t167:1 t391:2 t545:3 t523:3 t240:4 t523:4 t523:5 t468:5
slv-051-9924,t670:2 t670:4 t486:5
slv-052-0968,t670:2 t670:4 t486:5
slv-052-1754,t903:5 t860:6 t764:6 t486:7 t486:7 t670:7 t486:7
slv-052-1900,t670:2 t670:4 t486:5
slv-052-2259,t523:1 t926:2 t926:3 t523:3 t468:4
slv-052-2885,t903:5 t860:6 t764:6 t486:7 t486:7 t670:7 t486:7
slv-052-3919,t920:3 t920:4 t920:5
slv-052-4602,t670:2 t670:4 t486:5
slv-052-4876,t240:1 t468:3 t240:4 t926:5 t523:5 t523:6 t468:7
slv-052-4959,t764:3 t764:6 t670:6 t670:7 t486:7 t670:7
slv-052-6060,t670:2 t670:4 t486:5
slv-052-6610,t670:2 t670:4 t486:5
slv-052-6736,t391:0 t736:1 t112:2 t545:3 t240:3 t523:4 t523:4 t581:5 t523:6 t468:6 t764:7
slv-052-7162,t460:1 t240:2 t523:3 t523:3 t569:4 t523:5
slv-052-7459,t736:0 t693:1 t636:1 t240:2 t523:3 t523:4 t182:5
slv-052-7789,t670:2 t670:4 t486:5
slv-052-8061,t523:0 t926:1 t523:2 t523:3 t468:4
slv-052-8533,t788:1 t523:3 t523:3 t581:5
slv-052-9772,t672:0 t523:1 t523:2 t182:3
slv-053-0028,t670:2 t670:4 t486:5
slv-053-0267,t616:1 t523:2 t523:3 t581:4 t523:4 t569:5
slv-053-0776,t788:1 t523:3 t523:3 t182:4
slv-053-1547,t391:0 t736:1 t112:2 t545:3 t240:3 t523:4 t523:4 t581:5 t523:6 t468:6 t764:7
slv-053-1827,t496:0 t860:1 t903:1 t860:2 t545:4
slv-053-1982,t670:2 t486:4 t486:5 t670:5 t670:6
slv-053-3082,t391:1 t545:1 t670:2 t545:3 t240:3 t926:4 t468:5 t764:6
slv-053-3106,t670:2 t670:4 t486:5
slv-053-3711,t670:2 t670:4 t486:5
slv-053-3840,t670:2 t670:4 t486:5
slv-053-4259,t670:2 t670:4 t486:5
slv-053-4407,t670:2 t670:4 t486:5
slv-053-4716,t391:0 t736:1 t112:2 t545:3 t240:3 t523:4 t523:4 t581:5 t523:6 t468:6 t764:7
slv-053-5004,t670:2 t670:4 t486:5
slv-053-6223,t460:1 t240:2 t523:2 t569:3 t523:3 t523:4 t468:5 t569:6
slv-053-7597,t788:1 t523:2 t523:3 t581:4
slv-053-7861,t764:2 t670:5 t670:6 t486:6 t670:7
slv-053-8111,t391:1 t736:2 t112:3 t545:3 t523:4 t240:4 t523:4 t523:5 t581:5 t885:6
slv-053-8559,t693:1 t636:2 t693:3 t670:3 t843:4 t843:4 t601:5 t601:5
slv-053-8964,t167:1 t391:2 t545:3 t523:3 t240:4 t523:4 t523:5 t468:5
slv-054-0744,t788:0 t523:2 t523:3 t581:4
slv-054-1573,t670:2 t670:4 t486:5
slv-054-1832,t523:1 t523:3 t468:4 t860:5 t523:6 t764:6 t860:7 t670:7
slv-054-2320,t396:0 t240:1 t926:2 t523:3 t523:3 t182:3 t926:4 t468:5
slv-054-2572,t636:0 t904:3 t885:4 t860:5
slv-054-2782,t670:2 t670:4 t486:5
slv-054-2797,t670:2 t670:4 t486:5
slv-054-3861,t670:2 t670:4 t486:5
slv-054-4174,t788:1 t523:2 t523:3 t581:4
slv-054-5686,t920:1 t240:2 t523:3 t523:4 t468:5 t860:6
slv-054-6958,t860:0 t670:5 t670:7
slv-054-7266,t670:2 t670:4 t486:5
slv-054-7357,t536:1 t240:1 t926:2 t468:3
slv-054-7358,t391:0 t904:0 t545:1 t240:2 t523:2 t523:3 t182:4 t885:4 t860:5
slv-054-8883,t670:0 t670:2 t486:3 t523:4 t523:6 t182:6
slv-054-9103,t391:1 t545:1 t391:2 t860:3 t545:3 t240:3 t523:4 t468:5
slv-054-9216,t448:0 t545:1 t448:2 t240:3 t926:3 t468:4 t764:6
slv-055-0311,t920:1 t240:2 t523:3 t523:4 t468:5 t860:6
slv-055-1003,t240:0 t926:1 t926:3 t468:4
slv-055-2571,t240:1 t523:1 t523:2 t926:3 t523:3 t468:4
slv-055-3766,t760:0 t670:1 t670:4 t486:6
slv-055-3770,t904:0 t545:0 t523:2 t523:3 t182:4
slv-055-3922,t448:0 t240:0 t448:3 t468:4 t860:6
slv-055-3993,t391:0 t545:1 t391:2 t860:3 t545:4
slv-055-4090,t391:0 t545:0 t523:2 t523:3 t182:4
slv-055-4217,t523:1 t523:3 t182:3
slv-055-4446,t391:0 t545:2
slv-055-4508,t670:2 t670:4 t486:5
slv-055-4641,t788:0 t523:2 t523:3 t581:4
slv-055-5245,t670:2 t670:4 t486:5
slv-055-5246,t460:1 t240:2 t523:3 t569:3 t523:4 t523:4 t468:5
slv-055-5378,t920:1 t240:2 t523:3 t523:4 t468:5 t860:6
slv-055-5397,t601:1 t601:2 t601:4
slv-055-5918,t926:1 t468:3
slv-055-6535,t670:2 t670:4 t486:5
slv-055-7202,t240:1 t926:1 t468:2 t240:3 t278:3 t523:3 t523:4 t468:5
slv-055-7594,t670:2 t670:4 t486:5
slv-055-7811,t860:1 t545:1 t739:2 t545:3 t391:3 t545:4
slv-055-8070,t920:1 t240:2 t523:3 t523:4 t468:5 t860:6
slv-055-8405,t788:0 t523:1 t523:2 t182:3
slv-055-8990,t788:1 t523:2 t523:3 t581:4
slv-055-9617,t523:1 t523:3 t581:3
slv-056-0030,t523:3 t182:4 t764:6 t860:7
slv-056-0157,t670:1 t670:2 t133:3 t741:3 t396:4 t636:4 t885:4 t860:5
slv-056-1047,t670:2 t670:4 t486:5
slv-056-1673,t670:2 t670:4 t486:5
slv-056-2155,t670:2 t670:4 t486:5
slv-056-2624,t670:5 t670:6 t486:7 t670:7
slv-056-2636,t555:4 t486:6
slv-056-2775,t670:2 t670:4 t486:5
slv-056-2898,t670:2 t486:4 t486:5 t670:5 t670:6
slv-056-2903,t670:2 t486:4 t486:5 t670:5 t670:6
slv-056-4379,t670:2 t670:4 t486:5
slv-056-5990,t391:0 t736:1 t112:3 t523:4 t523:5 t182:6 t764:6 t764:7 t903:7 t860:7
slv-056-6144,t693:1 t636:2 t693:3 t670:3 t843:4 t843:4 t601:5 t601:5
slv-056-6885,t167:1 t391:2 t545:3 t523:3 t240:4 t523:4 t523:5 t468:5
slv-056-7646,t670:2 t670:4 t486:5
slv-056-8577,t240:0 t926:1 t468:3 t523:3 t523:4 t468:5
slv-056-8770,t670:2 t670:4 t486:5
slv-056-8951,t670:2 t670:4 t486:5
slv-056-9722,t448:0 t240:0 t448:3 t468:4 t860:6
slv-056-9753,t682:0 t240:2 t523:3 t523:4 t182:5
slv-056-9779,t636:0 t167:0 t391:1 t496:2 t391:2 t545:3
slv-057-2500,t240:1 t926:1 t468:2 t240:3 t278:3 t523:3 t523:4 t468:5
slv-057-2733,t904:0 t860:0 t545:0 t391:1 t545:3
slv-057-3537,t240:1 t926:2 t468:3
slv-057-3755,t736:0 t693:1 t523:2 t523:3 t182:4
slv-057-6344,t240:1 t278:2 t523:3 t523:3 t468:4 t764:5 t885:5 t860:6
slv-057-6979,t670:2 t486:4 t486:5 t670:5 t670:6
slv-057-8162,t670:2 t670:4 t486:5
slv-057-8699,t523:1 t523:3 t581:3
slv-057-8744,t460:1 t240:1 t926:2 t569:3 t523:3 t523:4 t569:4
slv-057-9195,t448:1 t240:2 t523:3 t523:4 t182:4 t764:5 t885:6
slv-057-9626,t167:0 t391:1 t545:2 t240:3 t523:3 t523:4 t468:4
slv-058-0006,t670:2 t670:4 t486:5
slv-058-0591,t670:2 t670:4 t486:5
slv-058-1008,t676:1 t523:3 t569:4 t523:5 t523:6 t468:7
slv-058-1105,t670:2 t670:4 t486:5
slv-058-2936,t670:2 t486:4 t486:5 t670:5 t670:6
slv-058-3214,t672:1 t523:2 t523:3 t581:4
slv-058-4609,t670:2 t670:4 t486:5
slv-058-4762,t448:0 t240:0 t448:3 t468:4 t860:6
slv-058-5064,t240:1 t926:1 t468:2 t240:3 t278:3 t523:3 t523:4 t468:5
slv-058-5233,t670:1 t601:3 t601:3 t670:4 t843:5 t843:5
slv-058-7352,t670:2 t670:4 t486:5
slv-058-8650,t670:2 t670:4 t486:5
slv-058-8667,t240:1 t278:2 t523:3 t523:3 t468:4 t764:5 t885:5 t860:6
slv-058-8703,t460:1 t240:2 t926:3 t569:5 t569:6 t860:7
slv-058-8873,t670:2 t670:4 t486:5
slv-058-8944,t240:1 t523:1 t523:2 t569:3 t523:4 t468:5
slv-059-0344,t736:0 t693:1 t636:1 t240:2 t523:3 t523:4 t182:5
slv-059-0902,t670:2 t486:4 t670:5 t670:6
slv-059-1654,t760:0 t670:1 t670:4 t486:6
slv-059-1952,t693:1 t636:2 t693:3 t670:3 t843:4 t843:4 t601:5 t601:5
slv-059-2177,t693:1 t636:2 t693:3 t670:3 t843:4 t843:4 t601:5 t601:5
slv-059-2849,t670:0 t670:3 t486:5
slv-059-2937,t167:1 t391:2 t545:3 t523:3 t240:4 t523:4 t523:5 t468:5
slv-059-3489,t391:0 t736:1 t112:2 t545:3 t240:3 t523:4 t523:4 t581:5 t523:6 t468:6 t764:7
slv-059-3949,t730:1 t240:2 t926:3 t468:4 t523:4 t182:5
slv-059-4314,t788:1 t523:3 t523:3 t182:4
slv-059-5102,t601:1 t601:3 t601:4
slv-059-5295,t545:1 t240:2 t926:4 t926:4 t468:4 t670:4 t523:4 t523:6 t468:6 t764:6
slv-059-5428,t788:1 t523:3 t523:3 t182:4
slv-059-6479,t670:2 t670:4 t486:5
slv-059-7898,t670:2 t670:4 t486:5
slv-059-8655,t391:0 t545:1 t448:1 t240:1 t926:2 t523:3 t523:3 t182:4 t926:4 t468:5 t764:6
slv-059-8752,t904:4 t631:5 t128:6 t631:6 t631:7
slv-059-9682,t670:5 t670:6 t486:7 t670:7
slv-059-9913,t693:2 t636:4 t885:5 t860:6
slv-060-0585,t920:1 t240:2 t523:3 t523:4 t468:5 t860:6
slv-060-1125,t926:1 t926:1 t523:3 t926:3 t468:4
slv-060-1833,t448:1 t240:2 t523:3 t523:4 t182:4 t764:5 t885:6
slv-060-2237,t920:1 t240:2 t278:2 t523:3 t523:3 t468:4 t764:5 t860:6
slv-060-2544,t536:1 t240:1 t926:2 t468:3
slv-060-4495,t670:2 t670:4 t486:5
slv-060-4682,t670:2 t670:4 t486:5
slv-060-5389,t670:2 t670:4 t486:5
slv-060-6199,t670:2 t670:4 t486:5
slv-060-6529,t788:0 t523:2 t523:3 t581:4
slv-060-6941,t670:3 t670:5 t486:6
slv-060-6950,t448:2 t523:3 t182:4
slv-060-7143,t670:2 t486:4 t486:5 t670:5 t670:6
slv-060-8425,t579:1 t579:1 t843:3 t843:4
slv-060-8832,t240:1 t926:1 t468:2 t240:3 t278:3 t523:3 t523:4 t468:5
slv-060-8833,t112:1 t523:3 t523:4 t182:5 t523:5 t581:6
slv-060-9019,t764:5 t670:6 t670:7 t486:7 t670:7
slv-060-9854,t670:2 t670:4 t486:5
slv-061-0497,t523:2 t182:3 t885:4 t860:5
slv-061-0501,t670:2 t670:4 t486:5
slv-061-0553,t496:0 t391:0 t904:0 t545:3
slv-061-1318,t788:1 t523:2 t523:3 t581:4
slv-061-1796,t764:2 t670:5 t670:6 t486:6 t670:7
slv-061-2010,t670:2 t670:4 t486:5
slv-061-2601,t788:0 t523:2 t523:3 t581:4
slv-061-3072,t885:1 t860:4 t903:4 t860:5
slv-061-3448,t670:2 t670:4 t486:5
slv-061-5184,t670:2 t670:4 t486:5
slv-061-6091,t670:2 t670:4 t486:5
slv-061-6228,t240:4 t670:6 t885:7 t860:7 t670:7 t670:7 t523:7 t182:7
slv-061-6657,t739:1 t545:2 t391:3 t545:4
slv-061-6906,t309:2 t460:3 t240:3 t523:4 t569:4 t523:5 t523:5 t468:6
slv-061-6979,t670:2 t670:4 t486:5
slv-061-7071,t903:1 t860:2 t670:3 t601:3 t601:4 t670:5 t545:5 t843:5 t843:5 t670:6 t843:6
slv-061-9092,t448:0 t240:0 t448:3 t468:4 t860:6
slv-061-9717,t676:1 t523:3 t569:4 t523:5 t523:6 t468:7
slv-061-9814,t240:0 t926:2 t523:3 t523:4 t581:5
slv-062-0884,t523:1 t523:3 t182:3
slv-062-0904,t240:1 t523:1 t523:2 t569:3 t523:4 t468:5
slv-062-1621,t601:1 t601:2 t601:4
slv-062-1750,t240:1 t523:2
slv-062-1935,t536:1 t240:1 t926:2 t468:3
slv-062-2132,t670:2 t670:4 t486:5
slv-062-3040,t920:1 t240:2 t278:2 t523:3 t523:3 t468:4 t764:5 t860:6
slv-062-3854,t670:2 t670:4 t486:5
slv-062-4383,t788:1 t523:2 t523:3 t581:4
slv-062-4558,t926:1 t468:3
slv-062-5810,t448:0 t240:1 t926:2 t523:3 t523:3 t569:5
slv-062-6152,t396:0 t240:1 t523:2 t523:3 t182:3 t240:4 t926:4 t468:5
slv-062-6259,t920:1 t240:2 t278:2 t523:3 t523:3 t468:4 t764:5 t860:6
slv-062-6618,t486:4 t670:5 t670:6 t486:6 t523:7 t182:7
slv-062-6818,t670:2 t670:4 t486:5
slv-062-7739,t670:2 t670:4 t486:5
slv-062-8133,t240:1 t926:1 t523:2 t523:3 t569:4
slv-062-9362,t670:2 t670:4 t486:5
slv-062-9687,t739:1 t545:2 t391:3 t545:4
slv-062-9769,t391:0 t860:0 t545:2
slv-063-0129,t670:2 t670:4 t486:5
slv-063-0287,t670:2 t670:4 t636:5 t460:5 t240:6 t523:7 t523:7
slv-063-0872,t920:1 t240:2 t278:2 t523:3 t523:3 t468:4 t764:5 t860:6
slv-063-2874,t448:0 t240:0 t448:3 t468:4 t860:6
slv-063-3073,t523:2 t523:3 t182:4
slv-063-3901,t448:1 t240:2 t523:3 t523:4 t182:4 t764:5 t885:6
slv-063-4209,t448:1 t240:2 t523:3 t523:4 t182:4 t764:5 t885:6
slv-063-4314,t670:2 t670:4 t486:5
slv-063-5726,t670:2 t670:4 t486:5
slv-063-6565,t920:1 t240:2 t278:2 t523:3 t523:3 t468:4 t764:5 t860:6
slv-063-6791,t523:2 t523:3 t182:4
slv-063-7307,t460:1 t240:1 t926:2 t569:3 t523:3 t523:4 t569:4
slv-063-7835,t788:1 t523:3 t523:3 t182:4
slv-063-8699,t631:3 t631:4 t631:5 t631:6
slv-063-8781,t636:0 t736:1 t112:2 t545:2 t240:3 t523:3 t523:4 t581:4 t523:5 t468:7
slv-063-8948,t670:2 t486:4 t486:5 t670:5 t670:6
slv-063-9050,t670:2 t486:4 t486:5 t670:5 t670:6
slv-063-9434,t670:2 t486:4 t670:5 t670:6
slv-063-9488,t486:2 t486:4 t469:5 t636:5 t730:5 t523:6 t182:7
slv-063-9598,t670:2 t670:4 t486:5
slv-064-0404,t601:1 t601:2 t601:4
slv-064-1282,t903:1 t860:2 t670:3 t601:3 t601:4 t670:5 t545:5 t843:5 t843:5 t670:6 t843:6
slv-064-1770,t523:3 t182:5
slv-064-2469,t764:2 t670:5 t670:6 t486:6 t670:7
slv-064-3010,t670:2 t670:4 t486:5
slv-064-4563,t569:0 t523:1 t523:2 t926:3
slv-064-5019,t670:2 t670:4 t486:5
slv-064-6307,t926:1 t468:3
slv-064-6436,t670:2 t670:4 t486:5
slv-064-7072,t523:1 t523:3 t182:3
slv-064-9258,t736:0 t693:1 t636:1 t240:2 t523:3 t523:4 t182:5
slv-064-9572,t555:4 t486:6
slv-064-9619,t905:0 t545:1
slv-065-1165,t391:0 t736:1 t112:3 t523:4 t523:5 t182:6 t764:6 t764:7 t903:7 t860:7
slv-065-1466,t920:1 t240:2 t278:2 t523:3 t523:3 t468:4 t764:5 t860:6
slv-065-1584,t240:0 t523:1 t240:1 t926:2 t523:3
slv-065-2755,t829:0 t545:1
slv-065-2843,t167:1 t391:2 t545:3 t523:3 t240:4 t523:4 t523:5 t468:5
slv-065-3608,t670:2 t670:4 t486:5
slv-065-3756,t670:2 t670:4 t486:5
slv-065-4978,t693:1 t636:2 t693:3 t670:3 t843:4 t843:4 t601:5 t601:5
slv-065-5649,t672:1 t523:2 t523:3 t581:4
slv-065-5780,t670:2 t670:4 t486:5
slv-065-6690,t693:2 t636:4 t885:5 t860:6
slv-065-6934,t920:3 t920:4 t920:5
slv-065-7184,t920:1 t240:2 t523:3 t523:4 t468:5 t860:6
slv-065-7576,t391:0 t904:0 t860:0 t545:3
slv-065-8171,t636:0 t391:0 t545:1 t670:2 t670:3 t486:3 t240:3 t523:3 t523:3 t182:5
slv-065-8355,t670:5 t670:6 t486:7 t670:7
slv-065-8686,t670:2 t670:4 t486:5
slv-065-9420,t926:1 t468:3
slv-066-1622,t240:1 t926:2 t240:3 t468:6
slv-066-2420,t523:4 t182:6 t670:6 t670:7 t885:7 t860:7
slv-066-3100,t920:1 t240:2 t523:3 t523:4 t468:5 t860:6
slv-066-3123,t788:1 t523:2 t523:3 t581:4
slv-066-3291,t448:1 t240:2 t523:3 t523:4 t182:4 t764:5 t885:6
slv-066-3441,t829:0 t545:1
slv-066-4495,t523:1 t523:3 t468:4 t860:5 t523:6 t764:6 t860:7 t670:7
slv-066-5022,t670:2 t670:4 t486:5
slv-066-5786,t920:1 t240:2 t278:2 t523:3 t523:3 t468:4 t764:5 t860:6
slv-066-6036,t460:1 t240:2 t926:3 t468:4
slv-066-6060,t523:1 t523:3 t468:3
slv-066-7941,t788:1 t523:3 t523:3 t182:4
slv-066-8210,t670:2 t486:4 t486:5 t670:5 t670:6
slv-066-9726,t670:2 t670:4 t486:5
slv-067-0579,t240:1 t926:3 t926:4 t523:5 t523:5 t182:6 t240:6 t468:7
slv-067-0672,t670:2 t670:4 t486:5
slv-067-0996,t904:1 t670:4 t670:6 t693:6 t636:7
slv-067-1058,t391:0 t736:1 t112:2 t545:3 t240:3 t523:4 t523:4 t581:5 t523:6 t468:6 t764:7
slv-067-1583,t670:2 t670:4 t486:5
slv-067-1918,t670:2 t670:4 t486:5
slv-067-2159,t920:1 t240:2 t523:3 t523:4 t468:5 t860:6
slv-067-2734,t309:2 t460:3 t240:3 t523:4 t569:4 t523:5 t523:5 t468:6
slv-067-3735,t448:0 t240:1 t926:2 t523:3 t523:3 t569:5
slv-067-4087,t920:1 t240:2 t523:3 t523:4 t468:5 t860:6
slv-067-4168,t670:2 t670:4 t486:5
slv-067-4595,t739:0 t670:1 t670:3 t843:3 t843:4 t885:4 t860:5
slv-067-4882,t670:2 t670:4 t486:5
slv-067-4936,t486:2 t486:4 t469:5 t636:5 t730:5 t523:6 t182:7
slv-067-5875,t128:3 t128:4 t631:5 t631:5 t329:5 t329:6
slv-067-7305,t764:5 t670:6 t670:7 t486:7 t670:7
slv-067-7367,t240:1 t523:1 t523:2 t569:3 t523:4 t468:5
slv-067-7485,t885:0 t860:1 t545:2 t860:3 t391:3 t545:4
slv-067-8073,t920:1 t240:2 t278:2 t523:3 t523:3 t468:4 t764:5 t860:6
slv-067-8787,t788:1 t523:2 t523:3 t581:4
slv-067-9430,t670:2 t486:4 t486:5 t670:5 t670:6
slv-068-1355,t670:2 t670:4 t486:5
slv-068-1507,t616:2 t523:3 t523:4 t569:4
slv-068-1960,t670:2 t670:4 t486:5
slv-068-2180,t391:0 t545:1
slv-068-2939,t920:1 t240:2 t523:3 t523:4 t468:5 t860:6
slv-068-2979,t905:0 t545:1
slv-068-3258,t920:1 t240:2 t523:3 t523:4 t468:5 t860:6
slv-068-3458,t523:1 t523:3 t182:3
slv-068-5455,t448:2 t523:3 t182:4 t764:6
slv-068-6177,t167:1 t391:2 t904:3 t860:4 t545:5
slv-068-6537,t670:2 t486:4 t486:5 t670:5 t670:6
slv-068-7311,t670:3 t670:5 t486:6
slv-068-7527,t860:0 t545:2
slv-068-8129,t670:3 t670:5 t486:6
slv-068-8661,t605:1 t240:1 t523:2 t523:3 t468:3 t278:3 t278:4 t926:4 t468:5
slv-068-8819,t448:0 t240:0 t448:3 t468:4 t860:6
slv-068-8941,t391:0 t736:1 t112:2 t545:3 t240:3 t523:4 t523:4 t581:5 t523:6 t468:6 t764:7
slv-068-9174,t391:0 t904:0 t860:0 t391:1 t545:3
slv-068-9675,t391:0 t545:1 t448:1 t240:1 t926:2 t523:3 t523:3 t182:4 t926:4 t468:5 t764:6
slv-068-9722,t739:1 t545:2
slv-069-0832,t736:0 t693:1 t636:1 t240:2 t523:3 t523:4 t182:5
slv-069-0885,t523:0 t523:2 t468:3
slv-069-0896,t788:0 t523:2 t523:3 t581:4
slv-069-1160,t693:4 t636:5 t523:6 t523:6 t182:7
slv-069-1770,t309:2 t460:3 t240:3 t523:4 t569:4 t523:5 t523:5 t468:6
slv-069-2448,t523:3 t182:4 t764:6 t860:7
slv-069-3182,t920:1 t240:2 t278:2 t523:3 t523:3 t468:4 t764:5 t860:6
slv-069-3894,t920:1 t240:2 t523:3 t523:4 t468:5 t860:6
slv-069-5723,t523:2 t182:2
slv-069-6263,t672:1 t523:2 t523:3 t581:4
slv-069-8921,t920:1 t240:2 t278:2 t523:3 t523:3 t468:4 t764:5 t860:6
slv-070-1237,t670:2 t670:4 t486:5
slv-070-1789,t670:2 t670:4 t486:5
slv-070-1818,t788:1 t523:3 t523:3 t182:4
slv-070-3112,t670:2 t670:4 t486:5
slv-070-3776,t670:2 t670:4 t486:5
slv-070-4720,t670:2 t670:4 t486:5
slv-070-4861,t670:2 t670:4 t486:5
slv-070-5760,t670:5 t670:6 t486:7 t670:7
slv-070-5874,t396:0 t240:1 t926:2 t523:3 t523:3 t926:4 t468:5
slv-070-5878,t601:1 t601:2 t601:4
slv-070-6795,t523:2 t182:4 t885:5 t860:6 t670:7
slv-070-6824,t860:0 t670:5 t670:7
slv-070-7445,t920:1 t240:2 t278:2 t523:3 t523:3 t468:4 t764:5 t860:6
slv-070-7522,t601:0 t670:3 t670:4 t523:4 t523:5 t182:6
slv-070-7612,t670:2 t486:4 t486:5 t670:5 t670:6
slv-070-8176,t788:1 t523:2 t523:3 t581:4
slv-070-8269,t920:1 t240:2 t523:2 t569:3 t523:4 t523:4 t468:5
slv-070-8663,t601:1 t601:2 t601:4
slv-070-8942,t670:5 t670:6 t486:7 t670:7
slv-070-9802,t764:2 t670:5 t670:6 t486:6 t670:7
slv-070-9843,t920:1 t240:2 t278:2 t523:3 t523:3 t468:4 t764:5 t860:6
slv-071-0096,t764:5 t670:6 t670:7 t486:7 t670:7
slv-071-1279,t788:0 t523:2 t523:3 t581:4
slv-071-1612,t788:1 t523:3 t523:4 t581:5
slv-071-2430,t240:1 t523:1 t569:2 t523:3 t523:4
slv-071-2496,t903:1 t860:2 t670:3 t601:3 t601:4 t670:5 t545:5 t843:5 t843:5 t670:6 t843:6
slv-071-3361,t920:1 t240:2 t523:3 t523:4 t468:5 t860:6
slv-071-3432,t460:1 t240:2 t926:3 t468:4
slv-071-3552,t860:0 t391:1 t860:2 t545:3
slv-071-4333,t523:3 t182:3
slv-071-5141,t860:0 t545:2
slv-071-5142,t670:2 t670:4 t486:5
slv-071-6752,t903:1 t860:2 t670:3 t601:3 t601:4 t670:5 t545:5 t843:5 t843:5 t670:6 t843:6
slv-071-7881,t631:3 t631:5 t631:6
slv-071-7988,t676:1 t523:3 t569:4 t523:5 t523:6 t468:7
slv-071-8236,t788:1 t523:2 t523:3 t581:4
slv-071-8353,t601:1 t601:2 t601:4
slv-071-9045,t670:2 t670:4 t486:5
slv-071-9481,t605:1 t240:1 t523:2 t523:3 t468:3 t278:3 t278:4 t926:4 t468:5
slv-071-9922,t460:1 t240:2 t523:3 t523:3 t569:4 t523:4 t468:5
slv-071-9945,t670:2 t670:4 t486:5
slv-072-0118,t670:2 t670:4 t486:5
slv-072-0822,t764:2 t670:5 t670:6 t486:6 t670:7
slv-072-1491,t167:1 t391:2 t545:3 t523:3 t240:4 t523:4 t523:5 t468:5
slv-072-4382,t545:1 t391:2 t545:3 t739:4 t545:4
slv-072-4691,t670:2 t670:4 t486:5
slv-072-4820,t601:1 t601:2 t601:3
slv-072-5442,t788:1 t523:3 t523:3 t182:4
slv-072-7160,t764:5 t670:6 t670:7 t486:7 t670:7
slv-072-7391,t926:1 t468:3
slv-073-0042,t670:2 t670:4 t486:5
slv-073-0146,t601:1 t601:3 t601:4
slv-073-0631,t670:2 t670:4 t486:5
slv-073-1076,t905:0 t545:1
slv-073-3010,t636:0 t736:1 t112:2 t545:2 t240:3 t523:3 t523:4 t581:4 t523:5 t468:7
slv-073-3469,t670:2 t486:4 t486:5 t670:5 t670:6
slv-073-4376,t391:0 t545:1
slv-073-4572,t391:1 t736:2 t112:3 t545:3 t523:4 t240:4 t523:4 t523:5 t581:5 t885:6
slv-073-4604,t106:1 t106:3 t448:3 t240:3 t523:3 t523:4 t926:5 t926:6 t468:6 t764:7
slv-073-4796,t764:2 t670:5 t670:6 t486:6 t670:7
slv-073-4924,t523:0 t926:1 t523:2 t523:3 t468:4
slv-073-5994,t736:0 t693:1 t636:1 t240:2 t523:3 t523:4 t182:5
slv-073-6740,t545:0 t391:1 t545:4
slv-073-7355,t240:0 t926:2 t523:2 t523:3 t569:4 t996:4 t569:5
slv-073-9283,t788:0 t523:2 t523:3 t581:4
slv-074-0992,t670:2 t670:4 t486:5
slv-074-2319,t616:1 t523:2 t523:3 t569:4
slv-074-2322,t448:1 t240:2 t523:3 t523:4 t182:4 t764:5 t885:6
slv-074-3857,t760:0 t670:1 t670:4 t486:6
slv-074-4048,t523:2 t523:3 t182:4
slv-074-4427,t788:1 t523:3 t523:3 t182:4
slv-074-5385,t391:0 t545:1 t240:2 t523:3 t523:4
slv-074-6469,t920:1 t240:2 t523:2 t569:3 t523:4 t523:4 t468:5
slv-074-6761,t926:1 t468:3
slv-074-7290,t860:0 t545:2
slv-074-7780,t240:0 t523:1 t569:2 t523:3 t523:4 t468:5
slv-074-9405,t670:2 t670:4 t486:5
slv-075-0129,t329:5 t329:6 t631:6 t631:7
slv-075-0133,t788:1 t523:2 t523:3 t581:4
slv-075-0262,t920:1 t240:2 t278:2 t523:3 t523:3 t468:4 t764:5 t860:6
slv-075-0482,t920:3 t920:4 t920:5
slv-075-1347,t240:1 t569:2 t860:5 t240:6 t523:7 t468:7
slv-075-1571,t920:1 t240:2 t278:2 t523:3 t523:3 t468:4 t764:5 t860:6
slv-075-2013,t670:2 t670:4 t486:5
slv-075-2583,t670:2 t670:4 t486:5
slv-075-3113,t636:0 t904:3 t885:4 t860:5
slv-075-3777,t631:3 t631:5 t631:6
slv-075-6004,t670:2 t670:4 t486:5
slv-075-6394,t240:1 t523:1 t523:2 t569:3 t523:4 t468:5
slv-075-6506,t601:1 t601:2 t601:4
slv-075-6875,t739:1 t545:2 t391:3 t545:4
slv-075-7455,t860:0 t903:1 t860:1 t545:3
slv-075-7534,t670:2 t670:4 t486:5
slv-075-7827,t860:0 t545:1 t904:2 t545:3 t391:4 t545:4
slv-075-8354,t391:0 t448:0 t636:1 t240:2 t523:3 t523:4 t468:4 t764:5 t885:6
slv-075-8453,t885:1 t860:3 t523:4 t182:5
slv-075-8672,t391:0 t904:0 t545:0 t860:1 t545:3
slv-075-9209,t605:1 t240:1 t523:2 t523:3 t468:3 t240:4 t926:4 t468:5
slv-076-0780,t670:2 t670:4 t486:5
slv-076-1410,t860:0 t545:2
slv-076-1960,t885:1 t860:4 t903:4 t860:5
slv-076-2596,t545:0 t523:1 t523:2 t182:3
slv-076-2902,t764:3 t670:5 t670:6 t486:6 t670:7
slv-076-3213,t523:1 t523:3 t182:3
slv-076-3277,t670:2 t670:4 t486:5
slv-076-3375,t670:2 t670:4 t486:5
slv-076-4159,t670:2 t670:4 t486:5
slv-076-4423,t920:1 t240:2 t278:2 t523:3 t523:3 t468:4 t764:5 t860:6
slv-076-4672,t396:0 t240:1 t523:2 t523:3 t182:3 t240:3 t926:4 t468:5
slv-076-5685,t739:1 t545:2 t391:3 t545:4
slv-076-6041,t391:0 t736:1 t112:2 t545:3 t240:3 t523:4 t523:4 t581:5 t523:6 t468:6 t764:7
slv-076-6343,t523:3 t182:4 t764:6 t860:7
slv-076-6742,t523:1 t926:2 t926:3 t523:3 t468:4
slv-076-7396,t670:2 t670:4 t486:5
slv-076-8742,t904:5 t670:6 t885:7 t860:7 t670:7 t523:7 t182:7
slv-076-9104,t523:1 t523:3 t182:3
slv-076-9843,t670:2 t486:4 t486:5 t670:5 t670:6
slv-076-9968,t670:0 t670:3 t486:5
slv-077-0065,t670:2 t670:4 t486:5
slv-077-0097,t670:2 t670:4 t486:5
slv-077-0576,t926:0 t926:1 t523:3 t468:3
slv-077-0791,t670:2 t670:4 t486:5
slv-077-0947,t460:1 t240:1 t926:2 t569:3 t523:3 t523:4 t569:4
slv-077-1823,t670:2 t670:4 t486:5
slv-077-1838,t904:5 t693:6 t693:7 t670:7 t693:7 t636:7
slv-077-3021,t523:2 t523:3 t182:4
slv-077-3062,t670:2 t486:4 t486:5 t670:5 t670:6
slv-077-3589,t788:0 t523:2 t523:3 t581:4
slv-077-3962,t240:1 t926:3 t926:3 t468:4 t523:5 t523:5 t468:6
slv-077-5634,t670:2 t670:4 t486:5
slv-077-6063,t391:0 t736:1 t112:2 t545:3 t240:3 t523:4 t523:4 t581:5 t523:6 t468:6 t764:7
slv-077-6755,t460:2 t240:5 t523:6 t523:6 t468:7 t670:7 t670:7 t636:7
slv-077-7619,t670:2 t670:4 t486:5
slv-077-8436,t920:1 t240:2 t523:3 t523:4 t468:5 t860:6
slv-077-9562,t670:2 t670:4 t486:5
slv-077-9774,t636:1 t904:3 t885:4 t860:5
slv-077-9989,t904:0 t545:2 t670:3 t843:4 t523:5 t182:6
slv-078-1493,t636:0 t885:0 t636:1 t904:4 t860:5
slv-078-2915,t903:1 t860:2 t670:3 t601:3 t601:4 t670:5 t545:5 t843:5 t843:5 t670:6 t843:6
slv-078-3525,t523:1 t523:3 t182:3
slv-078-4723,t240:1 t926:1 t468:2 t240:3 t278:3 t523:3 t523:4 t468:5
slv-078-5328,t920:1 t240:2 t523:3 t523:4 t468:5 t860:6
slv-078-6232,t670:2 t670:4 t486:5
slv-078-6258,t764:2 t670:5 t670:6 t486:6 t670:7
slv-078-6623,t670:2 t486:4 t486:5 t670:5 t670:6
slv-078-7338,t736:0 t693:1 t636:1 t240:2 t523:3 t523:4 t182:5
slv-078-7905,t670:5 t670:6 t486:7 t670:7
slv-078-8051,t904:0 t545:0 t391:0 t545:1 t904:2 t860:3 t545:4
slv-078-8677,t448:0 t545:1 t448:2 t240:3 t926:3 t468:4 t764:6
slv-079-0390,t905:0 t545:1
slv-079-2283,t670:2 t670:4 t486:5
slv-079-2504,t448:1 t240:2 t523:3 t523:4 t182:4 t764:5 t885:6
slv-079-3131,t670:2 t670:4 t486:5
slv-079-3399,t670:2 t670:4 t486:5
slv-079-4146,t523:4 t182:6 t670:6 t670:7 t885:7 t860:7
slv-079-6153,t523:0 t926:1 t523:2 t523:3 t468:4
slv-079-6380,t391:0 t545:1 t545:2 t523:3 t523:4 t182:4
slv-079-7859,t523:2 t182:3
slv-079-8227,t670:2 t486:4 t486:5 t670:5 t670:6
slv-079-8750,t636:0 t167:0 t391:1 t496:2 t391:2 t545:3
slv-079-8831,t601:1 t601:3 t601:4
slv-079-8945,t545:1 t523:3 t523:3 t182:4
slv-079-9350,t448:0 t240:0 t448:3 t468:4 t860:6
slv-080-0094,t920:1 t240:2 t278:2 t523:3 t523:3 t468:4 t764:5 t860:6
slv-080-0340,t290:1 t785:3 t785:3 t814:4 t814:5
slv-080-1022,t240:0 t569:1 t523:2 t523:3 t569:4
slv-080-1580,t670:2 t670:4 t486:5
slv-080-1758,t486:2 t486:4 t469:5 t636:5 t730:5 t523:6 t182:7
slv-080-2974,t112:1 t523:3 t523:4 t182:5 t523:5 t581:6
slv-080-3996,t670:2 t670:4 t486:5
slv-080-4047,t670:1 t843:3 t843:4 t523:4 t182:7
slv-080-4326,t670:2 t670:4 t486:5
slv-080-4839,t523:1 t523:3 t182:3
slv-080-5113,t903:5 t860:6 t764:6 t486:7 t486:7 t670:7 t486:7
slv-080-5758,t670:1 t843:3 t843:4 t523:4 t182:7
slv-080-6626,t920:1 t240:2 t278:2 t523:3 t523:3 t468:4 t764:5 t860:6
slv-080-7364,t167:1 t391:2 t904:3 t860:4 t545:5
slv-080-9021,t670:2 t670:4 t486:5
slv-080-9431,t764:2 t670:5 t670:6 t486:6 t670:7
slv-081-0107,t670:2 t670:4 t486:5
slv-081-0925,t240:1 t926:1 t468:2 t240:3 t278:3 t523:3 t523:4 t468:5
slv-081-1014,t460:1 t240:2 t926:3 t468:4
slv-081-1369,t920:1 t240:2 t278:2 t523:3 t523:3 t468:4 t764:5 t860:6
slv-081-1647,t545:1 t523:2 t523:3 t182:4
slv-081-2563,t670:2 t486:4 t670:5 t670:6
slv-081-2568,t523:3 t182:3
slv-081-3605,t670:2 t670:4 t486:5
slv-081-5744,t885:2 t860:5 t903:6 t860:7
slv-081-6079,t396:0 t240:1 t926:2 t278:3 t523:3 t523:4 t468:4
slv-081-6380,t670:2 t670:4 t486:5
slv-081-6854,t448:1 t391:2 t736:3 t112:3 t545:4 t523:4 t523:5 t182:5 t523:6 t581:7
slv-081-6914,t693:4 t670:5 t670:6 t523:6 t182:7 t885:7 t860:7
slv-081-7319,t670:2 t670:4 t486:5
slv-081-7328,t842:5 t842:6
slv-081-7882,t920:1 t240:2 t523:3 t523:4 t468:5 t860:6
slv-081-8134,t920:1 t240:2 t278:2 t523:3 t523:3 t468:4 t764:5 t860:6
slv-081-8478,t885:0 t860:0
slv-081-9715,t391:0 t545:1 t391:4
slv-082-0023,t670:3 t670:5 t486:6
slv-082-1112,t829:2 t788:3 t523:4 t523:4 t581:5
slv-082-1510,t885:1 t860:3 t523:4 t182:5
slv-082-1661,t670:2 t670:4 t486:5
slv-082-2150,t676:1 t523:3 t569:4 t523:5 t523:6 t468:7
slv-082-3062,t670:2 t670:4 t486:5
slv-082-3406,t240:1 t926:3 t523:4 t468:5 t240:6 t468:7
slv-082-3675,t391:0 t904:0 t545:1 t240:2 t523:2 t523:3 t182:4 t885:4 t860:5
slv-082-3681,t920:1 t240:2 t278:2 t523:3 t523:3 t468:4 t764:5 t860:6
slv-082-3927,t926:1 t468:3
slv-082-3973,t523:2 t581:2
slv-082-4244,t460:1 t240:2 t926:3 t468:4
slv-082-6306,t920:1 t240:2 t278:2 t523:3 t523:3 t468:4 t764:5 t860:6
slv-082-6347,t391:0 t860:0 t391:0 t545:1
slv-082-6895,t448:1 t391:2 t736:3 t112:3 t545:4 t523:4 t523:5 t182:5 t523:6 t581:7
slv-082-7723,t670:2 t670:4 t486:5
slv-082-8254,t670:2 t670:4 t486:5
slv-082-9797,t670:2 t670:4 t486:5
slv-083-1257,t670:2 t670:4 t486:5
slv-083-1912,t788:1 t523:2 t523:3 t581:4
slv-083-2075,t739:1 t545:2 t391:3 t545:4
slv-083-3141,t391:0 t904:0 t545:2
slv-083-3265,t240:1 t926:3 t926:4 t523:5 t523:5 t182:6 t240:6 t468:7
slv-083-3676,t860:0 t545:1 t904:2 t545:3 t391:4 t545:4
slv-083-4200,t670:2 t670:4 t486:5
slv-083-4217,t739:1 t545:2 t391:3 t545:4
slv-083-4218,t636:0 t167:0 t391:1 t496:2 t391:2 t545:3
slv-083-5042,t670:5 t670:6 t486:7 t670:7
slv-083-5624,t788:1 t523:3 t523:3 t182:4
slv-083-6086,t764:2 t670:5 t670:6 t486:6 t670:7
slv-083-6552,t860:0 t545:2
slv-083-6660,t860:0 t903:1 t860:1 t545:3
slv-084-0025,t240:1 t926:2 t468:3
slv-084-1898,t670:2 t670:4 t486:5
slv-084-1979,t670:0 t670:3 t486:5
slv-084-2247,t860:0 t903:1 t860:1 t545:3
slv-084-2361,t788:1 t523:2 t523:3 t581:4
slv-084-3077,t670:2 t670:4 t486:5
slv-084-4348,t601:1 t601:2 t601:4
slv-084-5153,t460:1 t240:2 t523:3 t569:3 t523:4 t523:4 t468:5
slv-084-5649,t523:1 t523:3 t581:4
slv-084-7309,t670:2 t486:4 t486:5 t670:5 t670:6
slv-084-8093,t905:0 t545:1
slv-084-8679,t240:1 t278:2 t523:3 t523:3 t468:4 t764:5 t885:5 t860:6
slv-084-9298,t693:1 t636:2 t693:3 t670:3 t843:4 t843:4 t601:5 t601:5
slv-084-9442,t764:2 t670:5 t670:6 t486:6 t670:7
slv-084-9733,t460:0 t240:1 t926:2 t523:3 t523:4 t569:5
slv-085-0003,t814:1 t290:3 t290:4 t814:4 t814:6
slv-085-1448,t670:2 t670:4 t486:5
slv-085-2943,t579:1 t579:1 t843:3 t843:4
slv-085-3695,t920:1 t240:2 t523:3 t523:4 t468:5 t860:6
slv-085-3786,t670:2 t670:4 t486:5
slv-085-4596,t670:2 t670:4 t486:5
slv-085-5009,t670:2 t670:4 t486:5
slv-085-5088,t670:2 t670:4 t486:5
slv-085-5106,t788:0 t523:2 t523:3 t581:4
slv-085-5563,t860:0 t545:0 t905:1 t545:2
slv-085-5650,t523:2 t523:3 t581:4 t764:6
slv-085-6851,t670:2 t486:4 t486:5 t670:5 t670:6
slv-085-7614,t670:2 t670:4 t486:5
slv-085-8750,t739:1 t545:2 t391:3 t545:4
slv-085-9179,t670:2 t670:4 t486:5
slv-086-0028,t460:1 t240:2 t523:3 t569:4 t523:5 t523:5 t468:6
slv-086-0988,t391:0 t904:0 t860:0 t545:2
slv-086-1310,t240:1 t926:2 t240:3 t468:6
slv-086-1487,t391:0 t545:2
slv-086-2974,t601:1 t601:3 t601:4
slv-086-4651,t670:2 t670:4 t486:5
slv-086-4869,t523:3 t182:4 t764:6 t860:7
slv-086-4987,t391:0 t736:1 t112:2 t545:3 t240:3 t523:4 t523:4 t581:5 t523:6 t468:6 t764:7
slv-086-5033,t601:1 t601:2 t601:3
slv-086-6206,t739:1 t545:2 t391:3 t545:4
slv-086-6232,t391:0 t736:1 t112:2 t545:3 t240:3 t523:4 t523:4 t581:5 t523:6 t468:6 t764:7
slv-086-6280,t670:2 t670:4 t486:5
slv-086-8625,t670:2 t670:4 t486:5
slv-086-9639,t391:1 t545:1 t739:3 t545:4
slv-086-9749,t788:1 t523:2 t523:3 t581:4
slv-087-2089,t693:2 t636:4 t885:5 t860:6
slv-087-3107,t670:2 t670:4 t486:5
slv-087-3238,t670:2 t670:4 t486:5
slv-087-3262,t605:1 t240:2 t523:3 t523:3 t468:4 t764:5 t860:6
slv-087-3268,t396:0 t240:1 t523:2 t523:3 t182:3 t240:3 t926:4 t468:5
slv-087-3437,t670:2 t670:4 t486:5
slv-087-3951,t601:1 t601:2 t601:4
slv-087-3984,t545:0 t391:1 t545:1 t240:2 t926:3 t926:3 t523:3 t523:4 t468:5
slv-087-4288,t240:0 t523:1 t523:2 t926:3 t523:3 t468:4
slv-087-5142,t448:0 t240:0 t448:3 t468:4 t860:6
slv-087-5556,t601:1 t601:2 t601:3
slv-087-5693,t905:0 t545:1
slv-087-5936,t860:0 t670:5 t670:7
slv-087-6142,t904:5 t693:6 t693:7 t670:7 t693:7 t636:7
slv-087-6477,t460:1 t240:2 t523:2 t523:3 t569:3 t523:4 t468:5
slv-087-6734,t448:1 t240:2 t523:3 t523:4 t182:4 t764:5 t885:6
slv-087-6791,t764:2 t670:5 t670:6 t486:6 t670:7
slv-087-7909,t670:2 t670:4 t486:5
slv-087-8064,t391:0 t736:1 t112:2 t545:3 t240:3 t523:4 t523:4 t581:5 t523:6 t468:6 t764:7
slv-087-8251,t391:0 t736:1 t112:3 t523:4 t523:5 t182:6 t764:6 t764:7 t903:7 t860:7
slv-087-8337,t167:1 t391:2 t545:3 t523:3 t240:4 t523:4 t523:5 t468:5
slv-087-8763,t903:5 t860:6 t764:6 t486:7 t486:7 t670:7 t486:7
slv-087-9462,t739:1 t545:2 t391:3 t545:4
slv-088-1727,t636:0 t167:0 t496:1 t391:2 t545:2 t240:3 t523:4 t523:4 t182:5
slv-088-2585,t545:0 t523:2 t523:3 t182:4
slv-088-4030,t240:1 t926:1 t926:2 t523:3 t926:3 t468:5
slv-088-4054,t670:2 t670:4 t486:5
slv-088-4497,t670:2 t670:4 t486:5
slv-088-5637,t670:2 t486:4 t486:5 t670:5 t670:6
slv-088-8327,t764:2 t670:5 t670:6 t486:6 t670:7
slv-088-9420,t670:0 t670:3 t486:5
slv-088-9576,t670:1 t670:4 t486:5
slv-088-9582,t885:1 t860:4 t903:4 t860:5
slv-088-9768,t460:1 t240:2 t523:3 t569:4 t523:5 t523:5 t468:6
slv-089-0686,t670:2 t670:4 t486:5
slv-089-0911,t693:2 t636:4 t885:5 t860:6
slv-089-1648,t920:1 t240:2 t523:3 t523:4 t468:5 t860:6
slv-089-2658,t860:0 t391:1 t860:2 t545:3
slv-089-2749,t240:1 t926:1 t468:2 t240:3 t278:3 t523:3 t523:4 t468:5
slv-089-3381,t670:0 t670:3 t486:5
slv-089-3901,t523:1 t523:3 t182:3
slv-089-4562,t616:1 t523:2 t523:3 t581:4 t523:4 t569:5
slv-089-4894,t670:2 t670:4 t486:5
slv-089-4968,t670:2 t670:4 t486:5
slv-089-5917,t670:2 t670:4 t486:5
slv-089-6760,t920:1 t240:2 t523:2 t569:3 t523:4 t523:4 t468:5
slv-089-7385,t736:0 t693:1 t636:1 t240:2 t523:3 t523:4 t182:5
slv-089-7420,t920:1 t240:2 t523:3 t523:4 t468:5 t860:6
slv-089-7817,t460:1 t240:2 t523:3 t523:4 t569:4 t523:5 t468:5
slv-089-9149,t670:2 t670:4 t486:5
slv-089-9216,t391:0 t904:0 t545:2
slv-090-0304,t240:1 t926:2 t240:3 t468:6
slv-090-1481,t523:2 t523:3 t182:4
slv-090-1632,t670:2 t670:4 t486:5
slv-090-1852,t670:2 t670:4 t486:5
slv-090-1867,t670:2 t486:4 t486:5 t670:5 t670:6
slv-090-2071,t730:1 t240:2 t926:3 t926:4 t523:4 t468:5
slv-090-2359,t670:2 t486:4 t486:5 t670:5 t670:6
slv-090-2825,t460:0 t240:2 t523:3 t569:3 t523:4 t523:4 t468:5
slv-090-3580,t601:1 t601:2 t601:4
slv-090-3938,t693:2 t636:4 t885:5 t860:6
slv-090-4150,t670:2 t670:4 t486:5
slv-090-6031,t670:2 t670:4 t486:5
slv-090-6608,t486:2 t486:3 t670:5
slv-090-6613,t788:1 t523:2 t523:3 t581:4
slv-090-9050,t860:0 t903:1 t860:1 t545:3
slv-090-9212,t904:3 t631:5 t631:6 t631:6
slv-090-9427,t920:3 t920:4 t920:5
slv-090-9760,t523:1 t523:3 t581:3
slv-091-0178,t329:1 t329:3 t631:4 t631:5
slv-091-0700,t523:0 t926:1 t523:2 t523:3 t468:4
slv-091-1181,t523:3 t182:4 t764:6 t860:7
slv-091-2662,t926:0 t926:1 t523:2 t523:3 t926:3
slv-091-3871,t670:0 t670:2 t636:3 t167:4 t391:4 t904:5 t496:5 t391:5 t545:5
slv-091-4563,t670:2 t670:4 t486:5
slv-091-4720,t391:0 t736:1 t112:2 t545:3 t240:3 t523:4 t523:4 t581:5 t523:6 t468:6 t764:7
slv-091-4862,t736:0 t693:1 t682:2 t523:3 t523:4 t182:4
slv-091-4972,t920:1 t240:2 t278:2 t523:3 t523:3 t468:4 t764:5 t860:6
slv-091-5752,t682:0 t240:2 t523:3 t523:3 t182:3 t885:3 t523:4 t468:4 t885:5
slv-091-5791,t601:1 t601:3 t601:4
slv-091-6563,t670:2 t670:4 t486:5
slv-091-6689,t391:0 t545:1 t240:2 t523:3 t523:4
slv-091-7327,t670:2 t670:4 t486:5
slv-091-8213,t240:1 t523:3 t523:4 t468:5 t764:5 t860:7
slv-091-8375,t682:0 t240:2 t523:3 t523:3 t182:3 t885:3 t523:4 t468:4 t885:5
slv-091-8839,t460:1 t240:1 t523:2 t523:3 t569:3 t523:4 t468:5
slv-091-8944,t240:1 t278:2 t523:3 t523:3 t468:4 t764:5 t885:5 t860:6
slv-091-9139,t670:3 t670:5 t486:6
slv-092-1102,t670:2 t670:4 t486:5
slv-092-1353,t670:2 t670:4 t486:5
slv-092-1795,t167:1 t391:1 t904:2 t860:3 t545:3 t523:4 t523:4 t926:5
slv-092-2970,t991:0 t991:2 t631:4 t814:4 t814:5 t631:6 t631:7
slv-092-3527,t860:0 t670:5 t670:7
slv-092-3961,t391:0 t905:0 t860:0 t545:2
slv-092-4413,t670:2 t670:4 t486:5
slv-092-4452,t477:1 t477:3 t477:3 t477:4
slv-092-4541,t670:2 t670:4 t486:5
slv-092-4900,t670:0 t670:2 t486:3 t523:4 t523:6 t182:6
slv-092-5713,t523:1 t523:3 t468:3
slv-092-7709,t670:2 t670:4 t486:5
slv-092-8427,t240:0 t523:1 t569:2 t523:3 t523:4 t468:5
slv-092-8677,t788:1 t523:3 t523:3 t182:4
slv-092-8821,t682:0 t240:2 t523:3 t523:3 t182:3 t885:3 t523:4 t468:4 t885:5
slv-092-8833,t523:1 t523:3 t182:3
slv-092-9417,t788:0 t523:2 t523:3 t581:4
slv-093-1983,t670:2 t670:4 t486:5
slv-093-2056,t670:2 t670:4 t486:5
slv-093-2250,t670:2 t670:4 t486:5
slv-093-3218,t448:0 t240:1 t926:2 t523:3 t523:3 t569:5
slv-093-4047,t670:2 t670:4 t486:5
slv-093-4370,t670:0 t670:3 t486:5
slv-093-5271,t693:2 t636:4 t885:5 t860:6
slv-093-5386,t670:0 t670:2 t636:3 t167:4 t391:4 t904:5 t496:5 t391:5 t545:5
slv-093-5674,t670:2 t670:4 t486:5
slv-093-6040,t670:2 t670:4 t486:5
slv-093-6277,t448:0 t736:0 t112:1 t545:2 t523:3 t523:4 t468:4 t764:5 t885:6
slv-093-7815,t904:0 t545:1 t240:2 t523:3 t523:4 t468:5 t764:6 t764:6 t860:7
slv-093-9334,t829:0 t545:1
slv-093-9460,t920:1 t240:2 t523:3 t523:4 t468:5 t860:6
slv-093-9591,t788:0 t523:2 t523:3 t581:4
slv-094-0190,t670:0 t670:3 t486:5
slv-094-0722,t905:0 t545:1
slv-094-0844,t920:1 t240:2 t278:2 t523:3 t523:3 t468:4 t764:5 t860:6
slv-094-1487,t670:2 t670:4 t486:5
slv-094-1717,t920:1 t240:2 t523:2 t569:3 t523:4 t523:4 t468:5
slv-094-1815,t391:0 t736:1 t112:3 t523:4 t523:5 t182:6 t764:6 t764:7 t903:7 t860:7
slv-094-1977,t523:3 t182:4 t764:6 t860:7
slv-094-1980,t448:0 t240:1 t926:2 t926:3 t468:3 t764:4 t885:5 t860:6
slv-094-2503,t486:2 t486:4 t469:5 t636:5 t730:5 t523:6 t182:7
slv-094-3253,t764:5 t670:6 t670:7 t486:7 t670:7
slv-094-3665,t736:0 t636:1 t523:4 t523:5 t182:5 t486:6 t486:7
slv-094-3723,t670:2 t670:4 t486:5
slv-094-3889,t523:1 t523:3 t182:3
slv-094-4644,t391:0 t736:1 t112:2 t545:3 t240:3 t523:4 t523:4 t581:5 t523:6 t468:6 t764:7
slv-094-5035,t670:2 t670:4 t486:5
slv-094-7826,t670:2 t670:4 t486:5
slv-094-8899,t670:2 t670:4 t486:5
slv-094-8969,t486:2 t486:4 t469:5 t636:5 t730:5 t523:6 t182:7
slv-094-9286,t670:2 t670:4 t486:5
slv-095-0726,t670:2 t670:4 t486:5
slv-095-1330,t670:2 t486:4 t486:5 t670:5 t670:6
slv-095-1444,t448:0 t240:1 t523:2 t523:3 t468:4 t764:5 t885:6
slv-095-1643,t240:0 t523:1 t240:1 t569:2 t523:3 t523:4
slv-095-3845,t167:1 t391:2 t545:3 t523:3 t240:4 t523:4 t523:5 t468:5
slv-095-3996,t788:1 t523:2 t523:3 t581:4
slv-095-4011,t523:3 t182:4 t764:6 t860:7
slv-095-4902,t885:1 t860:3 t523:4 t182:5
slv-095-7169,t670:2 t670:4 t486:5
slv-095-8266,t926:0 t468:3 t885:5 t860:6 t903:6 t860:7
slv-095-8591,t605:1 t240:3 t523:4 t523:5 t468:5 t860:6
slv-095-8992,t693:1 t636:2 t693:3 t670:3 t843:4 t843:4 t601:5 t601:5
slv-095-9188,t391:0 t545:2
slv-095-9724,t670:2 t670:4 t486:5
slv-096-0530,t788:1 t523:2 t523:3 t581:4
slv-096-0841,t670:2 t670:4 t486:5
slv-096-1083,t905:0 t545:1
slv-096-1131,t112:1 t523:3 t523:4 t182:5 t523:5 t581:6
slv-096-2372,t636:0 t736:1 t112:2 t545:2 t240:3 t523:3 t523:4 t581:4 t523:5 t468:7
slv-096-2602,t920:1 t240:2 t278:2 t523:3 t523:3 t468:4 t764:5 t860:6
slv-096-2919,t670:2 t670:4 t486:5
slv-096-3137,t460:1 t240:2 t926:3 t468:4
slv-096-3452,t278:0 t523:0 t926:2 t926:2 t523:3 t468:4
slv-096-3564,t523:1 t523:3 t581:3
slv-096-4842,t788:1 t523:2 t523:3 t581:4
slv-096-5323,t128:3 t128:4 t631:5 t631:5 t329:5 t329:6
slv-096-5444,t670:2 t670:4 t486:5
slv-096-5652,t670:0 t670:2 t636:3 t167:4 t391:4 t904:5 t496:5 t391:5 t545:5
slv-096-6301,t904:0 t860:1 t391:1 t860:3 t545:4
slv-096-6463,t670:2 t670:4 t486:5
slv-096-6719,t240:1 t926:2 t468:3 t569:4 t468:5
slv-096-6721,t736:0 t693:1 t636:1 t240:2 t523:3 t523:4 t182:5
slv-096-7085,t670:2 t670:4 t486:5
slv-096-9126,t391:0 t545:1 t240:2 t523:3 t523:3 t182:4
slv-096-9333,t903:0 t860:0 t903:1
slv-096-9931,t601:1 t601:2 t601:4
slv-097-0303,t391:1 t545:2 t920:2 t240:3 t523:4 t523:5 t468:5 t764:6 t764:7
slv-097-0970,t601:1 t601:2 t601:4
slv-097-2048,t391:0 t545:2
slv-097-2909,t616:1 t523:2 t523:3 t569:4
slv-097-3071,t240:1 t278:2 t523:3 t523:3 t468:4 t764:5 t885:5 t860:6
slv-097-4081,t523:0 t926:1 t523:2 t523:3 t468:4
slv-097-4463,t670:2 t670:4 t486:5
slv-097-4685,t391:0 t736:1 t112:2 t545:3 t240:3 t523:4 t523:4 t581:5 t523:6 t468:6 t764:7
slv-097-6459,t545:1 t240:1 t926:2 t468:2 t240:3 t278:3 t523:4 t523:4 t468:5
slv-097-6706,t736:0 t693:1 t682:2 t523:3 t523:4 t182:4
slv-097-7380,t460:1 t240:1 t523:2 t569:3 t523:3 t523:4 t468:4 t569:5
slv-097-7838,t670:2 t670:4 t486:5
slv-097-8351,t670:2 t670:4 t486:5
slv-097-9159,t448:2 t112:3 t523:4 t523:5 t581:6
slv-097-9212,t448:0 t545:1 t448:2 t240:3 t926:3 t468:4 t764:6
slv-097-9462,t448:1 t240:2 t523:3 t523:4 t182:4 t764:5 t885:6
slv-097-9779,t670:2 t670:4 t486:5
slv-097-9822,t523:1 t182:3 t885:4 t860:4
slv-098-0059,t523:3 t182:4 t764:6 t860:7
slv-098-0097,t764:5 t670:6 t670:7 t486:7 t670:7
slv-098-0742,t736:0 t693:1 t682:2 t240:3 t523:3 t523:4
slv-098-1724,t904:3 t631:5 t631:6 t631:6
slv-098-2816,t601:1 t601:3 t601:4
slv-098-3334,t670:2 t670:4 t486:5
slv-098-3759,t860:0 t545:2
slv-098-6364,t860:0 t545:2
slv-098-6993,t391:0 t860:0 t545:2
slv-098-7347,t860:0 t545:2
slv-098-7761,t670:2 t670:4 t486:5
slv-098-8015,t670:2 t670:4 t486:5
slv-098-8080,t991:3 t631:5 t631:6 t631:7
slv-098-8387,t670:2 t670:4 t486:5
slv-098-8959,t391:0 t904:0 t545:1 t240:2 t523:2 t523:3 t182:4 t885:4 t860:5
slv-099-0109,t523:2 t182:4 t885:5 t860:6 t670:7
slv-099-0551,t670:2 t670:4 t486:5
slv-099-0719,t240:1 t926:3 t926:4 t523:5 t523:5 t182:6 t240:6 t468:7
slv-099-1011,t670:2 t670:4 t486:5
slv-099-1901,t240:0 t926:1 t926:3 t468:4
slv-099-2211,t670:2 t486:4 t486:5 t670:5 t670:6
slv-099-3997,t448:2 t523:3 t523:4 t182:5 t523:5 t581:6
slv-099-4485,t670:2 t670:4 t486:5
slv-099-5182,t523:1 t523:3 t581:3
slv-099-5674,t693:2 t636:4 t885:5 t860:6
slv-099-6291,t670:2 t670:4 t486:5
slv-099-6624,t676:1 t523:3 t569:4 t523:5 t523:6 t468:7
slv-099-6744,t670:2 t670:4 t486:5
slv-099-7040,t555:2 t486:4 t486:5
slv-099-8052,t693:1 t670:3 t670:4 t693:4 t636:5 t885:6 t860:6
slv-099-8819,t670:2 t670:4 t486:5
slv-099-9733,t391:0 t904:0 t860:0
slv-100-1939,t904:0 t545:2 t670:3 t843:4 t523:5 t182:6
slv-100-2019,t670:2 t486:4 t486:5 t670:5 t670:6
slv-100-2165,t670:2 t670:4 t486:5
slv-100-2589,t920:1 t240:2 t523:3 t523:4 t468:5 t860:6
slv-100-2608,t693:1 t636:2 t693:3 t670:3 t843:4 t843:4 t601:5 t601:5
slv-100-3463,t676:1 t523:3 t569:4 t523:5 t523:6 t468:7
slv-100-4629,t448:0 t736:0 t112:1 t545:2 t523:3 t523:4 t468:4 t764:5 t885:6
slv-100-8536,t240:1 t278:2 t523:3 t523:3 t468:4 t764:5 t885:5 t860:6
slv-100-9155,t240:1 t278:2 t523:3 t523:3 t468:4 t764:5 t885:5 t860:6
slv-101-0123,t391:0 t545:2
slv-101-0376,t670:2 t670:4 t486:5
slv-101-1190,t377:1 t377:2 t377:3
slv-101-1794,t631:3 t631:5 t631:6
slv-101-1984,t693:0 t670:4 t670:5 t182:6 t523:6 t523:6 t182:7
slv-101-2046,t240:1 t926:2 t240:3 t468:6
slv-101-2101,t448:0 t240:1 t926:2 t523:3 t523:3 t569:5
slv-101-2158,t636:0 t167:0 t496:1 t391:2 t545:2 t240:3 t523:4 t523:4 t182:5
slv-101-2530,t788:1 t523:2 t523:3 t581:4
slv-101-2668,t391:0 t545:1 t391:4
slv-101-2946,t670:2 t670:4 t486:5
slv-101-3552,t860:0 t670:5 t670:7
slv-101-3573,t460:1 t240:2 t926:3 t569:5 t569:6 t860:7
slv-101-3615,t788:1 t523:2 t523:3 t581:4
slv-101-3650,t788:0 t523:2 t523:3 t581:4
slv-101-4426,t903:1 t860:2 t670:3 t601:3 t601:4 t670:5 t545:5 t843:5 t843:5 t670:6 t843:6
slv-101-4552,t926:1 t468:3
slv-101-4755,t240:0 t926:1 t569:2 t996:2 t569:3 t523:3 t569:4
slv-101-4802,t670:2 t670:4 t486:5
slv-101-5108,t670:2 t670:4 t486:5
slv-101-5316,t240:0 t926:1 t523:2 t523:3 t581:3 t569:4 t523:4 t569:5
slv-101-5488,t920:1 t240:1 t468:3 t926:3 t468:3 t523:4 t523:5 t468:5 t670:5
slv-101-5796,t545:0 t391:1 t545:2 t904:3 t545:4
slv-101-6865,t240:0 t926:1 t523:2 t523:3 t581:3 t569:4 t523:4 t569:5
slv-101-6975,t693:1 t636:2 t693:3 t670:3 t843:4 t843:4 t601:5 t601:5
slv-101-7403,t240:1 t926:1 t468:2 t240:3 t278:3 t523:3 t523:4 t468:5
slv-101-7545,t788:5 t523:6 t523:7 t581:7
slv-101-8267,t670:2 t670:4 t486:5
slv-101-8608,t920:1 t240:2 t523:3 t523:4 t468:5 t860:6
slv-101-9120,t904:0 t545:2 t670:3 t843:4 t523:5 t182:6
slv-101-9312,t188:1 t188:3 t240:4 t926:5 t926:5 t523:6 t182:7
slv-102-0289,t391:0 t905:0
slv-102-0653,t670:2 t670:4 t486:5
slv-102-2310,t391:0 t545:1 t545:2 t523:3 t523:4 t182:4
slv-102-2495,t764:2 t670:5 t670:6 t486:6 t670:7
slv-102-4594,t920:1 t240:2 t278:2 t523:3 t523:3 t468:4 t764:5 t860:6
slv-102-5765,t112:1 t523:3 t523:4 t182:5 t523:5 t581:6
slv-102-6146,t391:0 t904:0 t545:2
slv-102-6388,t885:1 t860:3 t523:4 t182:5
slv-102-6584,t391:0 t545:1 t448:1 t240:1 t926:2 t523:3 t523:3 t182:4 t926:4 t468:5 t764:6
slv-102-6616,t448:0 t240:1 t523:2 t523:3 t468:3 t926:4 t468:5
slv-102-7855,t670:2 t670:4 t486:5
slv-102-8723,t448:0 t240:1 t523:2 t523:3 t468:3 t926:4 t468:5
slv-102-9620,t240:1 t926:2 t468:3
slv-103-2526,t788:1 t523:3 t523:3 t182:4
slv-103-3397,t670:2 t486:4 t486:5 t670:5 t670:6
slv-103-4612,t788:1 t523:2 t523:3 t581:4
slv-103-5360,t670:2 t670:4 t486:5
slv-103-5507,t788:1 t523:2 t523:3 t182:3
slv-103-6108,t670:2 t670:4 t486:5
slv-103-7097,t904:1 t670:4 t670:6 t693:6 t636:7
slv-103-9940,t670:2 t670:4 t486:5
slv-104-0365,t448:2 t788:3 t523:4 t523:4 t569:5 t240:5 t926:5 t523:6 t581:6
slv-104-2944,t670:2 t486:4 t486:5 t670:5 t670:6
slv-104-3739,t391:0 t736:1 t112:3 t523:4 t523:5 t182:6 t764:6 t764:7 t903:7 t860:7
slv-104-3883,t240:1 t926:1 t468:2 t240:3 t278:3 t523:3 t523:4 t468:5
slv-104-4188,t391:0 t904:0 t860:0 t545:2
slv-104-4328,t739:1 t545:2 t391:3 t545:4
slv-104-4356,t736:0 t693:1 t636:1 t240:2 t523:3 t523:4 t182:5
slv-104-5405,t670:2 t670:4 t486:5
slv-104-6097,t920:1 t240:2 t278:2 t523:3 t523:3 t468:4 t764:5 t860:6
slv-104-6561,t670:2 t670:4 t486:5
slv-104-6606,t670:2 t670:4 t486:5
slv-104-7634,t486:2 t486:4 t469:5 t636:5 t730:5 t523:6 t182:7
slv-104-8281,t486:2 t486:4 t469:5 t636:5 t730:5 t523:6 t182:7
slv-104-8777,t670:2 t670:4 t486:5
slv-104-8853,t605:1 t240:2 t523:3 t523:3 t468:4 t764:5 t860:6
slv-104-9266,t496:0 t391:0 t904:0 t545:2
slv-104-9870,t670:2 t670:4 t486:5
slv-105-0359,t545:1 t240:2 t926:4 t926:4 t468:4 t670:4 t523:4 t523:6 t468:6 t764:6
slv-105-2363,t670:2 t670:4 t486:5
slv-105-2519,t670:2 t670:4 t486:5
slv-105-2520,t788:0 t523:2 t523:3 t581:4
slv-105-3646,t448:1 t240:2 t523:3 t523:4 t182:4 t764:5 t885:6
slv-105-5306,t814:1 t290:3 t290:4 t814:4 t814:6
slv-105-5564,t240:1 t926:2 t240:3 t468:6
slv-105-5887,t329:3 t329:4 t904:5 t631:5 t631:6
slv-105-6912,t920:1 t240:2 t278:2 t523:3 t523:3 t468:4 t764:5 t860:6
slv-105-7085,t391:0 t736:1 t112:2 t545:3 t240:3 t523:4 t523:4 t581:5 t523:6 t468:6 t764:7
slv-105-7475,t240:1 t926:2 t468:3
slv-105-7587,t926:1 t523:3 t523:3 t468:3
slv-105-8548,t240:1 t926:1 t468:2 t240:3 t278:3 t523:3 t523:4 t468:5
slv-105-9473,t670:2 t486:4 t486:5 t670:5 t670:6
slv-105-9599,t670:3 t670:5 t486:6
slv-106-0529,t670:2 t670:4 t486:5
slv-106-0580,t670:2 t670:4 t486:5
slv-106-0672,t670:2 t670:4 t486:5
slv-106-0841,t523:0 t523:0 t926:2 t926:2 t523:3 t468:3
slv-106-1105,t636:0 t904:3 t885:4 t860:5
slv-106-2400,t448:0 t240:1 t926:2 t523:3 t523:3 t569:5
slv-106-3090,t926:1 t468:3
slv-106-3141,t486:2 t486:4 t469:5 t636:5 t730:5 t523:6 t182:7
slv-106-4410,t739:1 t545:2 t391:3 t545:4
slv-106-5625,t829:1 t523:1 t460:1 t240:2 t523:2 t523:3 t182:4
slv-106-6844,t920:1 t240:2 t523:3 t523:3 t569:4 t523:4 t468:5
slv-106-6971,t670:2 t486:4 t486:5 t670:5 t670:6
slv-106-9021,t631:3 t631:4 t631:5 t631:6
slv-107-1110,t693:1 t636:2 t693:3 t670:3 t843:4 t843:4 t601:5 t601:5
slv-107-1694,t904:0 t545:0 t391:1 t545:3
slv-107-2055,t448:0 t736:0 t112:1 t545:2 t523:3 t523:4 t468:4 t764:5 t885:6
slv-107-2183,t920:3 t920:4 t920:5
slv-107-2660,t460:1 t240:2 t926:3 t468:4
slv-107-3297,t670:2 t670:4 t486:5
slv-107-3358,t670:0 t670:3 t486:5
slv-107-3722,t240:1 t926:2 t468:3
slv-107-3949,t952:0 t860:0 t225:0
slv-107-4423,t670:2 t670:4 t486:5
slv-107-4444,t920:1 t240:2 t278:2 t523:3 t523:3 t468:4 t764:5 t860:6
slv-107-5876,t670:2 t670:4 t486:5
slv-107-5917,t739:1 t545:2 t391:3 t545:4
slv-107-6655,t601:1 t601:2 t601:4
slv-107-7537,t569:0 t523:1 t523:2 t926:3
slv-107-7714,t601:1 t601:2 t601:3
slv-107-7763,t391:1 t736:2 t112:3 t545:3 t523:4 t240:4 t523:4 t523:5 t581:5 t885:6
slv-107-8678,t905:0 t545:1
slv-107-9634,t670:2 t670:4 t486:5
slv-108-0087,t411:1 t411:2 t411:3 t411:5 t411:6
slv-108-2103,t523:3 t182:4 t764:6 t860:7
slv-108-2810,t885:0 t860:1 t903:3 t860:5
slv-108-3193,t616:1 t523:2 t523:3 t569:4
slv-108-5026,t788:0 t523:2 t523:3 t581:4
slv-108-5648,t920:3 t920:4 t920:5
slv-108-7183,t670:0 t670:2 t486:3 t523:4 t523:6 t182:6
slv-108-7420,t391:0 t904:0 t545:2
slv-108-8507,t739:1 t545:2 t391:3 t545:4
slv-108-8583,t396:0 t240:1 t926:2 t391:2 t545:3 t240:3 t523:3 t523:4 t468:5
slv-108-9182,t670:2 t670:4 t486:5
slv-108-9829,t240:1 t569:2 t860:5 t240:6 t523:7 t468:7
slv-109-0333,t391:1 t736:2 t112:3 t545:3 t523:4 t240:4 t523:4 t523:5 t581:5 t885:6
slv-109-1341,t670:2 t670:4 t486:5
slv-109-2977,t391:0 t905:0 t860:0 t545:2
slv-109-5792,t391:0 t904:0 t860:1 t545:1 t391:3 t545:4
slv-109-5860,t391:0 t904:0 t860:0 t545:2
slv-109-6551,t920:3 t920:4 t920:5
slv-109-6554,t670:5 t670:6 t486:7 t670:7
slv-109-6563,t631:3 t631:4 t631:5 t631:6
slv-109-7130,t523:1 t523:3 t581:4
slv-109-7371,t920:1 t240:2 t523:3 t523:3 t569:4 t523:4 t468:5
slv-109-7423,t736:0 t693:0 t682:1 t240:2 t523:3 t523:4 t182:4
slv-109-7434,t670:2 t670:4 t486:5
slv-109-7857,t448:2 t460:3 t240:4 t523:5 t569:5 t523:6 t468:6 t670:7
slv-109-8129,t920:1 t240:2 t278:2 t523:3 t523:3 t468:4 t764:5 t860:6
slv-109-8237,t601:1 t601:2 t601:3
slv-109-8483,t670:2 t670:4 t486:5
slv-109-8967,t240:1 t926:1 t468:2 t240:3 t278:3 t523:3 t523:4 t468:5
slv-109-9020,t601:1 t601:3 t601:4
slv-109-9193,t670:2 t670:4 t486:5
slv-109-9978,t904:0 t860:0 t545:0 t391:1 t545:3
slv-110-0743,t670:2 t670:4 t486:5
slv-110-0780,t670:2 t670:4 t486:5
slv-110-1318,t601:1 t601:2 t601:4
slv-110-2259,t682:0 t240:2 t523:3 t523:3 t182:3 t885:3 t523:4 t468:4 t885:5
slv-110-4478,t448:0 t240:0 t448:3 t468:4 t860:6
slv-110-4915,t903:1 t860:2 t670:3 t601:3 t601:4 t670:5 t545:5 t843:5 t843:5 t670:6 t843:6
slv-110-4997,t670:2 t486:4 t486:5 t670:5 t670:6
slv-110-5116,t167:1 t391:2 t904:3 t860:4 t545:5
slv-110-5909,t670:2 t486:4 t486:5 t670:5 t670:6
slv-110-6378,t496:0 t391:0 t904:0 t545:3
slv-110-6896,t579:1 t579:1 t843:3 t843:4
slv-110-7054,t486:2 t486:4 t469:5 t636:5 t730:5 t523:6 t182:7
slv-110-7174,t448:0 t636:2 t523:3 t523:5 t182:6
slv-110-9235,t670:2 t670:4 t486:5
slv-110-9469,t670:2 t670:4 t486:5
slv-111-0030,t920:1 t240:2 t278:2 t523:3 t523:3 t468:4 t764:5 t860:6
slv-111-0493,t670:2 t670:4 t486:5
slv-111-0506,t682:0 t240:2 t523:3 t523:3 t182:3 t885:3 t523:4 t468:4 t885:5
slv-111-1223,t670:2 t670:4 t486:5
slv-111-3150,t448:0 t240:1 t926:2 t926:3 t468:3 t764:4 t885:5 t860:6
slv-111-3260,t579:1 t843:2 t843:3 t579:4 t579:5
slv-111-3295,t670:0 t670:2 t486:3 t523:4 t523:6 t182:6
slv-111-3804,t391:0 t736:1 t112:3 t523:4 t523:5 t182:6 t764:6 t764:7 t903:7 t860:7
slv-111-4235,t579:1 t843:2 t843:3 t579:4 t579:5
slv-111-4301,t903:5 t860:6 t764:6 t486:7 t486:7 t670:7 t486:7
slv-111-5200,t460:1 t240:2 t523:3 t523:4 t569:4 t523:5 t468:5
slv-111-6547,t670:2 t670:4 t486:5
slv-111-7172,t905:0 t545:2
slv-111-8082,t555:4 t486:6
slv-111-8320,t920:1 t240:2 t523:3 t523:4 t468:5 t860:6
slv-112-0815,t926:1 t468:3
slv-112-1099,t920:1 t240:2 t523:3 t523:4 t468:5 t860:6
slv-112-1131,t240:1 t523:2 t523:3 t468:4
slv-112-1247,t670:2 t670:4 t486:5
slv-112-2781,t926:1 t468:3
slv-112-3910,t670:2 t486:4 t486:5 t670:5 t670:6
slv-112-3967,t693:1 t636:2 t693:3 t670:3 t843:4 t843:4 t601:5 t601:5
slv-112-4179,t377:1 t377:2 t377:4
slv-112-4483,t903:1 t860:2 t670:3 t601:3 t601:4 t670:5 t545:5 t843:5 t843:5 t670:6 t843:6
slv-112-4841,t460:0 t545:1 t240:1 t523:2 t523:3 t569:4 t523:4 t468:5
slv-112-6873,t670:2 t670:4 t486:5
slv-112-9081,t670:2 t670:4 t486:5
slv-112-9135,t670:2 t486:4 t486:5 t670:5 t670:6
slv-113-0910,t920:1 t240:2 t523:3 t523:4 t468:5 t860:6
slv-113-0978,t631:3 t631:5 t631:6
slv-113-1400,t788:1 t523:3 t523:3 t182:4
slv-113-1724,t391:0 t905:0 t860:0 t545:2
slv-113-2309,t391:0 t545:1 t240:2 t523:3 t523:4
slv-113-2839,t240:1 t523:2 t523:3 t468:3 t996:3 t569:5
slv-113-3545,t460:1 t240:2 t926:3 t468:4
slv-113-3919,t736:0 t693:1 t636:1 t240:2 t523:3 t523:4 t182:5
slv-113-5136,t670:2 t670:4 t486:5
slv-113-6250,t167:1 t391:2 t545:3 t523:3 t240:4 t523:4 t523:5 t468:5
slv-113-6629,t920:1 t240:2 t468:4 t670:5 t670:6 t920:6 t468:6 t860:7 t220:7
slv-113-7031,t926:0 t926:1 t523:2 t523:3 t926:3
slv-113-7114,t991:0 t814:3 t814:4 t631:5 t631:6 t631:7
slv-113-8659,t693:1 t670:3 t670:4 t693:4 t636:5 t885:6 t860:6
slv-113-9476,t240:1 t926:2 t468:3
slv-113-9657,t601:1 t601:2 t601:3
slv-114-0560,t670:2 t670:4 t486:5
slv-114-0636,t391:1 t545:1 t391:2 t860:3 t545:3 t240:3 t523:4 t468:5
slv-114-1339,t601:1 t601:3 t601:4
slv-114-2426,t920:1 t240:2 t523:3 t523:4 t468:5 t860:6
slv-114-2465,t670:2 t486:4 t486:5 t670:5 t670:6
slv-114-2616,t904:4 t631:5 t128:6 t631:6 t631:7
slv-114-2768,t670:2 t486:4 t670:5 t670:6
slv-114-3619,t670:1 t670:2 t133:3 t741:3 t396:4 t636:4 t885:4 t860:5
slv-114-3684,t788:1 t523:2 t523:3 t581:4
slv-114-3857,t448:1 t240:2 t523:3 t523:4 t182:4 t764:5 t885:6
slv-114-4068,t670:2 t670:4 t486:5
slv-114-5611,t391:0 t904:0 t860:0 t545:2
slv-114-5744,t536:1 t240:1 t926:2 t468:3
slv-114-7690,t670:2 t670:4 t486:5
slv-114-7702,t670:2 t670:4 t486:5
slv-114-7769,t670:2 t670:4 t486:5
slv-114-8111,t926:2 t523:4 t523:5 t182:6
slv-114-8231,t670:2 t670:4 t486:5
slv-114-8502,t788:1 t523:2 t523:3 t581:4
slv-114-9303,t636:0 t736:1 t112:2 t545:2 t240:3 t523:3 t523:4 t581:4 t523:5 t468:7
slv-114-9549,t676:1 t523:3 t569:4 t523:5 t523:6 t468:7
slv-114-9586,t391:0 t545:1 t240:2 t523:3 t523:4
slv-115-0657,t885:0 t860:1 t903:3 t860:4
slv-115-1597,t391:0 t860:0 t391:0 t545:1
slv-115-1734,t764:5 t670:6 t670:7 t486:7 t670:7
slv-115-1863,t670:2 t670:4 t486:5
slv-115-1954,t670:2 t670:4 t486:5
slv-115-2831,t670:2 t670:4 t486:5
slv-115-3147,t991:3 t631:5 t631:6 t631:7
slv-115-3263,t920:3 t920:4 t920:5
slv-115-3452,t670:2 t670:4 t486:5
slv-115-3989,t496:0 t391:0 t904:0 t545:2
slv-115-4541,t860:0 t391:1 t860:2 t545:3
slv-115-5828,t448:0 t240:1 t926:3 t926:4 t523:5 t182:6
slv-115-6060,t920:1 t240:2 t278:2 t523:3 t523:3 t468:4 t764:5 t860:6
slv-115-6148,t904:4 t631:5 t128:6 t631:6 t631:7
slv-115-6542,t616:1 t523:2 t523:3 t581:4 t523:4 t569:5
slv-115-7270,t670:2 t670:4 t486:5
slv-115-7352,t905:0 t545:0 t860:1 t545:2
slv-115-7594,t903:1 t860:2 t670:3 t601:3 t601:4 t670:5 t545:5 t843:5 t843:5 t670:6 t843:6
slv-115-7653,t670:2 t670:4 t486:5
slv-115-8047,t991:0 t814:3 t814:4 t631:5 t631:6 t631:7
slv-115-8693,t523:1 t523:3 t468:3 t764:6
slv-115-9891,t601:1 t601:2 t601:4
slv-116-0929,t920:1 t240:2 t278:2 t523:3 t523:3 t468:4 t764:5 t860:6
slv-116-1216,t670:2 t670:4 t486:5
slv-116-2581,t569:0 t764:1 t903:5 t860:6 t569:7 t670:7 t670:7
slv-116-2752,t391:0 t904:0 t545:1 t240:2 t523:2 t523:3 t182:4 t885:4 t860:5
slv-116-3034,t920:1 t240:2 t523:3 t523:4 t468:5 t860:6
slv-116-3309,t391:0 t904:0 t545:1 t240:2 t523:2 t523:3 t182:4 t885:4 t860:5
slv-116-3978,t391:0 t904:0 t860:0 t391:1 t545:3
slv-116-4109,t523:3 t182:4
slv-116-4410,t672:1 t523:2 t523:3 t581:4
slv-116-4449,t788:0 t523:2 t523:3 t581:4
slv-116-4750,t670:2 t670:4 t486:5
slv-116-5620,t905:0 t545:1
slv-116-6394,t448:0 t240:0 t448:3 t468:4 t860:6
slv-116-7505,t448:0 t240:1 t926:3 t926:4 t523:5 t182:6
slv-116-7796,t460:1 t240:2 t523:2 t523:3 t569:3 t523:4 t468:5
slv-116-7937,t885:1 t860:2 t903:3 t860:5
slv-116-8482,t636:2 t904:4 t545:4 t391:5 t545:5
slv-116-9472,t670:2 t670:4 t486:5
slv-116-9502,t240:1 t523:2
slv-116-9759,t545:1 t670:2 t523:3 t523:4 t581:5 t764:5 t885:6
slv-116-9853,t240:1 t926:2 t523:3 t523:3 t569:4
slv-117-0321,t670:2 t670:4 t486:5
slv-117-0590,t788:1 t523:2 t523:3 t581:4
slv-117-0836,t920:1 t240:2 t523:3 t523:4 t468:5 t860:6
slv-117-1637,t240:1 t926:1 t468:2 t240:3 t278:3 t523:3 t523:4 t468:5
slv-117-2217,t764:5 t670:6 t670:7 t486:7 t670:7
slv-117-2285,t670:2 t670:4 t486:5
slv-117-2753,t842:5 t842:6
slv-117-3014,t788:0 t523:2 t523:3 t581:4
slv-117-3216,t670:2 t670:4 t486:5
slv-117-3487,t605:1 t240:2 t523:3 t523:3 t468:4 t764:5 t860:6
slv-117-4302,t693:4 t670:5 t670:6 t523:6 t182:7 t885:7 t860:7
slv-117-5142,t920:1 t240:2 t278:2 t523:3 t523:3 t468:4 t764:5 t860:6
slv-117-5446,t904:0 t545:1 t240:2 t523:3 t523:4 t468:5 t764:6 t764:6 t860:7
slv-117-5872,t523:1 t523:3 t182:3
slv-117-5924,t523:0 t523:0 t926:2 t926:2 t523:3 t468:3
slv-117-6259,t764:5 t670:6 t670:7 t486:7 t670:7
slv-117-6854,t670:2 t670:4 t486:5
slv-117-7511,t605:1 t240:3 t523:4 t523:5 t468:5 t860:6
slv-117-7659,t670:2 t486:4 t486:5 t670:5 t670:6
slv-117-8126,t670:2 t486:4 t486:5 t670:5 t670:6
slv-117-8160,t631:3 t631:5 t631:6
slv-117-8879,t670:2 t670:4 t486:5
slv-117-8911,t545:1 t240:1 t926:2 t468:2 t240:3 t278:3 t523:4 t523:4 t468:5
slv-117-9187,t240:1 t523:1 t523:2 t926:3 t523:3 t468:4
slv-118-0418,t788:0 t523:2 t523:3 t581:4
slv-118-0564,t788:1 t523:2 t523:3 t581:4
slv-118-1036,t391:0 t545:1
slv-118-1152,t448:2 t523:3 t523:4 t182:5 t523:5 t581:6
slv-118-1927,t788:0 t523:2 t523:3 t581:4
slv-118-2214,t788:1 t523:2 t523:3 t581:4
slv-118-2443,t240:0 t523:1 t240:1 t569:2 t523:3 t523:4
slv-118-2748,t670:2 t670:4 t486:5
slv-118-2954,t920:1 t240:2 t278:2 t523:3 t523:3 t468:4 t764:5 t860:6
slv-118-4050,t391:1 t545:1 t391:2 t860:3 t545:3 t240:3 t523:4 t468:5
slv-118-4116,t636:0 t246:3 t460:4 t240:4 t523:5 t523:6 t468:6 t670:7 t670:7
slv-118-5243,t460:1 t240:2 t523:3 t569:4 t523:5 t523:5 t468:6
slv-118-6267,t523:1 t523:3 t182:3
slv-118-6395,t693:1 t636:2 t693:3 t670:3 t843:4 t843:4 t601:5 t601:5
slv-118-6479,t670:2 t670:4 t486:5
slv-118-6731,t523:0 t523:2 t468:3
slv-118-6943,t926:1 t926:3 t523:5 t468:6 t670:7
slv-118-7088,t391:0 t545:2
slv-118-7132,t396:0 t240:1 t523:2 t523:3 t182:3 t240:4 t926:4 t468:5
slv-118-7310,t670:2 t670:4 t486:5
slv-118-7751,t636:0 t736:1 t112:2 t545:2 t240:3 t523:3 t523:4 t581:4 t523:5 t468:7
slv-118-7935,t391:0 t545:1
slv-118-8606,t486:2 t486:4 t469:5 t636:5 t730:5 t523:6 t182:7
slv-118-9049,t240:1 t278:2 t523:3 t523:3 t468:4 t764:5 t885:5 t860:6
slv-118-9080,t670:2 t670:4 t486:5
slv-118-9518,t670:2 t670:4 t486:5
slv-119-0564,t670:2 t670:4 t486:5
slv-119-1577,t460:1 t240:2 t523:3 t523:3 t569:4 t523:4 t468:5
slv-119-2155,t391:0 t448:0 t636:1 t240:2 t523:3 t523:4 t468:5
slv-119-2242,t736:0 t693:1 t636:1 t240:2 t523:3 t523:4 t182:5
slv-119-2296,t670:2 t670:4 t486:5
slv-119-2469,t829:0 t545:1
slv-119-3073,t788:0 t523:2 t523:3 t581:4
slv-119-3472,t636:1 t904:3 t885:4 t860:5
slv-119-3892,t329:3 t329:4 t904:5 t631:5 t631:6
slv-119-4115,t764:2 t670:5 t670:6 t486:6 t670:7
slv-119-4492,t670:2 t670:4 t486:5
slv-119-4637,t240:0 t523:1 t569:2 t523:3 t523:3 t468:4
slv-119-4860,t523:0 t523:0 t926:2 t926:2 t523:3 t468:3
slv-119-4965,t670:2 t670:4 t486:5
slv-119-5250,t460:1 t240:2 t523:3 t569:3 t523:4 t523:4 t468:5 t569:6
slv-119-5443,t240:1 t523:2 t523:2 t569:3 t523:4 t523:4 t468:5
slv-119-5470,t739:1 t545:2 t391:3 t545:4
slv-119-5606,t814:1 t290:3 t290:4 t814:4 t814:6
slv-119-5858,t601:1 t601:2 t601:4
slv-119-6439,t670:2 t670:4 t486:5
slv-119-6530,t670:2 t670:4 t486:5
slv-119-6954,t391:0 t736:1 t112:2 t545:3 t240:3 t523:4 t523:4 t581:5 t523:6 t468:6 t764:7
slv-119-7281,t448:0 t240:1 t523:2 t523:3 t468:3 t926:4 t468:5
slv-119-7978,t636:0 t904:3 t885:4 t860:5
slv-119-8574,t167:1 t391:2 t904:2 t545:3
slv-119-8967,t920:1 t240:2 t278:2 t523:3 t523:3 t468:4 t764:5 t860:6
slv-119-9104,t788:1 t523:2 t523:3 t581:4
slv-120-0092,t486:3 t670:5 t670:6
slv-120-0239,t616:1 t523:2 t523:3 t569:4
slv-120-0302,t670:2 t670:4 t486:5
slv-120-1981,t670:5 t670:6 t486:7 t670:7
slv-120-2122,t523:3 t182:4
slv-120-2261,t278:1 t278:2 t926:3 t926:4 t468:5
slv-120-4089,t860:0 t545:3
slv-120-4901,t112:2 t523:2 t182:2 t730:3 t240:3 t926:4 t926:4 t468:6
slv-120-5073,t670:2 t670:4 t486:5
slv-120-6649,t523:1 t523:3 t182:3
slv-120-6978,t736:0 t693:1 t636:1 t240:2 t523:3 t523:4 t182:5
slv-120-7079,t926:2 t523:4 t523:5 t182:6
slv-120-8271,t736:0 t693:1 t682:2 t523:3 t523:4 t182:4
slv-120-8817,t486:4 t670:6 t670:6 t486:7
slv-120-9116,t920:1 t240:2 t278:2 t523:3 t523:3 t468:4 t764:5 t860:6
slv-120-9407,t920:1 t240:2 t523:3 t523:4 t468:5 t860:6
slv-120-9654,t670:2 t670:4 t486:5
slv-120-9800,t670:2 t670:4 t486:5
slv-120-9956,t905:0 t545:1
slv-121-2644,t601:1 t601:3 t601:4
slv-121-2657,t670:2 t670:4 t486:5
slv-121-2887,t670:2 t670:4 t486:5
slv-121-3572,t920:3 t920:4 t920:5
slv-121-3634,t736:0 t693:1 t523:2 t523:3 t182:4
slv-121-4038,t670:5 t670:6 t486:7 t670:7
slv-121-4294,t391:0 t860:0 t545:2
slv-121-5608,t670:2 t670:4 t486:5
slv-121-5720,t601:1 t601:3 t601:4
slv-121-5810,t670:2 t670:4 t486:5
slv-121-6109,t670:2 t670:4 t486:5
slv-121-6831,t788:0 t523:2 t523:3 t581:4
slv-121-7087,t670:2 t670:4 t486:5
slv-121-7368,t670:2 t670:4 t486:5
slv-121-7370,t523:1 t926:1 t523:2 t523:3 t468:4
slv-121-7773,t486:1 t486:3 t670:4 t670:5 t486:6
slv-121-7850,t240:1 t926:2 t240:3 t468:6
slv-121-8235,t167:0 t391:1 t545:2 t240:3 t523:3 t523:4 t468:4
slv-121-8565,t240:1 t926:1 t468:2 t240:3 t278:3 t523:3 t523:4 t468:5
slv-121-8805,t670:2 t486:4 t486:5 t670:5 t670:6
slv-121-8950,t670:2 t670:4 t486:5
slv-121-9050,t605:1 t240:1 t523:2 t523:3 t468:3 t240:4 t926:4 t468:5
slv-121-9765,t523:1 t523:3 t581:3
slv-122-0763,t670:2 t670:4 t486:5
slv-122-1352,t448:1 t240:3 t523:5 t468:6 t670:6 t670:7 t860:7 t220:7
slv-122-1682,t448:1 t240:3 t523:4 t523:5 t468:6 t764:6 t860:7
slv-122-1790,t670:2 t670:4 t486:5
slv-122-2527,t670:2 t670:4 t486:5
slv-122-3188,t670:2 t670:4 t486:5
slv-122-3199,t736:0 t693:1 t636:1 t240:2 t523:3 t523:4 t182:5
slv-122-4416,t448:0 t240:1 t523:2 t523:3 t468:3 t926:4 t468:5
slv-122-4543,t391:0 t736:1 t112:2 t545:3 t240:3 t523:4 t523:4 t581:5 t523:6 t468:6 t764:7
slv-122-4883,t460:1 t240:2 t926:3 t468:4
slv-122-5718,t391:0 t448:0 t636:1 t240:2 t523:3 t523:4 t468:4 t764:5 t885:6
slv-122-6135,t905:0 t545:0 t860:1 t545:2
slv-122-6256,t920:1 t240:2 t523:3 t523:4 t468:5 t860:6
slv-122-6624,t670:2 t670:4 t486:5
slv-122-8746,t670:2 t670:4 t486:5
slv-122-8965,t448:0 t240:1 t523:2 t523:3 t468:4 t764:5 t885:6
slv-122-9271,t670:2 t670:4 t486:5
slv-122-9766,t682:0 t240:2 t523:3 t523:3 t182:3 t885:3 t523:4 t468:4 t885:5
slv-122-9842,t460:1 t240:1 t926:2 t569:3 t523:3 t523:4 t569:4
slv-123-0259,t903:1 t860:2 t670:3 t601:3 t601:4 t670:5 t545:5 t843:5 t843:5 t670:6 t843:6
slv-123-0282,t523:1 t523:3 t581:3
slv-123-0419,t460:1 t240:2 t926:3 t468:4
slv-123-0801,t601:1 t601:2 t601:4
slv-123-1087,t601:1 t601:2 t601:4
slv-123-1104,t391:0 t545:1 t240:2 t523:3 t523:3 t182:4
slv-123-1655,t920:1 t240:2 t523:2 t569:3 t523:4 t523:4 t468:5
slv-123-1939,t601:1 t601:2 t601:4
slv-123-2161,t670:2 t670:4 t486:5
slv-123-3614,t670:2 t486:4 t486:5 t670:5 t670:6
slv-123-3923,t448:1 t240:2 t523:3 t523:4 t182:4 t764:5 t885:6
slv-123-5160,t601:1 t601:2 t601:4
slv-123-5686,t536:1 t240:1 t926:2 t468:3
slv-123-5829,t670:2 t670:4 t486:5
slv-123-5900,t903:5 t860:6 t764:6 t486:7 t486:7 t670:7 t486:7
slv-123-6136,t920:1 t240:2 t278:2 t523:3 t523:3 t468:4 t764:5 t860:6
slv-123-7191,t670:2 t670:4 t486:5
slv-123-9984,t788:1 t523:2 t523:3 t182:3
slv-123-9988,t167:1 t391:2 t545:3 t523:3 t240:4 t523:4 t523:5 t468:5
slv-124-1234,t670:2 t670:4 t486:5
slv-124-1760,t670:2 t670:4 t486:5
slv-124-2066,t739:1 t545:2 t391:3 t545:4
slv-124-2188,t601:1 t601:2 t601:4
slv-124-2328,t448:0 t468:3 t764:5 t860:6
slv-124-2661,t788:0 t523:2 t523:3 t581:4
slv-124-3433,t670:2 t670:4 t486:5
slv-124-3566,t670:2 t486:4 t486:5 t670:5 t670:6
slv-124-3876,t920:1 t240:2 t523:3 t523:4 t468:5 t860:6
slv-124-3981,t601:1 t601:3 t601:4
slv-124-4515,t920:1 t240:2 t523:4 t523:4 t468:5 t860:7
slv-124-4522,t670:2 t486:4 t486:5 t670:5 t670:6
slv-124-4534,t460:1 t240:2 t926:3 t468:4
slv-124-4713,t670:2 t670:4 t486:5
slv-124-5531,t760:0 t670:1 t670:4 t486:6
slv-124-5687,t788:1 t523:2 t523:3 t581:4
slv-124-5760,t670:2 t486:4 t486:5 t670:5 t670:6
slv-124-5781,t739:1 t545:2 t391:3 t545:4
slv-124-6132,t579:1 t843:2 t843:3 t579:4 t579:5
slv-124-6348,t670:2 t486:4 t486:5 t670:5 t670:6
slv-124-6488,t670:2 t486:4 t486:5 t670:5 t670:6
slv-124-6583,t670:2 t670:4 t486:5
slv-124-6650,t523:0 t240:0 t926:2 t523:3 t523:3 t926:4 t468:4
slv-124-7764,t601:1 t601:2 t601:3
slv-124-7884,t605:1 t240:3 t523:4 t523:5 t468:5 t860:6
slv-124-8724,t631:3 t631:4 t631:5 t631:6
slv-125-0102,t788:0 t523:2 t523:3 t581:4
slv-125-0335,t448:1 t240:2 t523:3 t523:4 t182:4 t764:5 t885:6
slv-125-0832,t670:2 t670:4 t486:5
slv-125-0988,t904:4 t631:5 t128:6 t631:6 t631:7
slv-125-1367,t329:3 t329:4 t904:5 t631:5 t631:6
slv-125-1936,t764:5 t670:6 t670:7 t486:7 t670:7
slv-125-2527,t240:1 t926:2 t468:3 t569:4 t468:5
slv-125-2814,t920:1 t240:2 t278:2 t523:3 t523:3 t468:4 t764:5 t860:6
slv-125-2853,t920:1 t240:2 t523:3 t523:4 t468:5 t860:6
slv-125-3032,t523:1 t523:5 t182:6 t764:6 t486:7 t670:7 t486:7 t486:7
slv-125-3189,t486:2 t486:4 t469:5 t636:5 t730:5 t523:6 t182:7
slv-125-3198,t670:2 t670:4 t486:5
slv-125-3742,t448:1 t240:2 t523:3 t523:4 t182:4 t764:5 t885:6
slv-125-4243,t670:2 t670:4 t486:5
slv-125-5901,t920:1 t240:2 t278:2 t523:3 t523:3 t468:4 t764:5 t860:6
slv-125-6315,t391:0 t545:2
slv-125-6651,t391:0 t904:0 t545:1 t240:2 t523:2 t523:3 t182:4 t885:4 t860:5
slv-125-8596,t905:0 t545:1
slv-125-9363,t670:2 t670:4 t486:5
slv-125-9656,t523:1 t523:3 t182:3
slv-125-9804,t788:1 t523:3 t523:3 t182:4
slv-125-9980,t860:0 t545:1 t391:2 t545:3
slv-126-0787,t240:0 t569:1 t523:2 t523:3 t569:4
slv-126-2189,t670:2 t670:4 t486:5
slv-126-2471,t670:2 t670:4 t486:5
slv-126-3588,t926:1 t926:2 t523:3 t926:4 t693:5 t636:6
slv-126-3668,t396:0 t240:1 t523:2 t523:3 t182:3 t240:4 t926:4 t468:5
slv-126-5236,t391:0 t860:0 t545:2
slv-126-5296,t920:1 t240:2 t278:2 t523:3 t523:3 t468:4 t764:5 t860:6
slv-126-6155,t555:4 t486:6
slv-126-6591,t670:2 t670:4 t486:5
slv-126-6968,t391:0 t904:0 t860:0 t545:2
slv-126-7182,t670:2 t670:4 t486:5
slv-126-7864,t920:1 t240:2 t278:2 t523:3 t523:3 t468:4 t764:5 t860:6
slv-126-8033,t788:1 t523:2 t523:3 t182:3
slv-126-8553,t523:3 t182:4
slv-127-0005,t601:1 t601:2 t601:4
slv-127-0158,t693:1 t636:2 t693:3 t670:3 t843:4 t843:4 t601:5 t601:5
slv-127-0173,t670:2 t486:4 t486:5 t670:5 t670:6
slv-127-0402,t670:2 t670:4 t486:5
slv-127-1044,t693:1 t636:2 t693:3 t670:3 t843:4 t843:4 t601:5 t601:5
slv-127-1062,t736:0 t112:0 t760:1 t545:3 t523:4 t523:5 t182:5 t523:6 t581:7
slv-127-1467,t448:0 t545:1 t448:2 t240:3 t926:3 t468:4 t764:6
slv-127-1498,t920:1 t240:2 t523:3 t569:5 t523:6 t468:7 t670:7
slv-127-2603,t601:1 t601:2 t601:4
slv-127-4504,t240:1 t468:3 t240:4 t926:5 t523:5 t523:6 t468:7
slv-127-4518,t920:1 t240:2 t278:2 t523:3 t523:3 t468:4 t764:5 t860:6
slv-127-5827,t670:0 t670:3 t486:5
slv-127-5885,t460:1 t240:2 t523:2 t569:3 t523:3 t523:4 t468:5 t569:6
slv-127-7042,t730:1 t240:2 t926:3 t926:4 t523:4 t468:5
slv-127-7737,t670:2 t670:4 t486:5
slv-127-7753,t636:0 t885:0 t636:1 t904:4 t860:5
slv-128-0374,t636:0 t167:0 t496:1 t391:2 t545:3 t240:3 t523:4 t523:4 t468:5
slv-128-0706,t788:1 t523:2 t523:3 t581:4
slv-128-0946,t240:1 t468:3 t240:4 t926:5 t523:5 t523:6 t468:7
slv-128-1212,t670:2 t670:4 t486:5
slv-128-1473,t460:0 t240:1 t926:2 t523:3 t523:4 t569:5
slv-128-2645,t670:0 t670:3 t486:5
slv-128-3261,t601:1 t601:2 t601:3
slv-128-4094,t920:1 t240:2 t278:2 t523:3 t523:3 t468:4 t764:5 t860:6
slv-128-4729,t739:1 t545:2 t391:3 t545:4
slv-128-5505,t391:0 t545:2
slv-128-5545,t601:1 t601:2 t601:4
slv-128-6040,t448:0 t240:1 t926:2 t523:3 t523:3 t569:5
slv-128-6647,t391:0 t904:0 t860:0 t545:3
slv-128-6734,t616:1 t523:2 t523:3 t569:4
slv-128-7391,t860:0 t391:1 t860:2 t545:4
slv-128-7453,t670:2 t670:4 t486:5
slv-128-8809,t860:0 t545:1 t391:2 t545:4
slv-128-9491,t905:0 t545:1
slv-129-1016,t670:2 t670:4 t486:5
slv-129-1911,t920:1 t240:2 t523:3 t523:4 t468:5 t860:6
slv-129-3836,t240:1 t926:1 t468:2 t240:3 t278:3 t523:3 t523:4 t468:5
slv-129-4508,t670:2 t670:4 t486:5
slv-129-6787,t523:3 t182:5
slv-129-6930,t670:2 t670:4 t486:5
slv-129-6937,t460:1 t240:2 t523:3 t523:4 t569:5 t523:6 t468:7
slv-129-6978,t670:2 t670:4 t486:5
slv-129-9014,t167:1 t391:2 t545:3 t523:3 t240:4 t523:4 t523:5 t468:5
slv-129-9288,t904:0 t545:2 t670:3 t843:4 t523:5 t182:6
slv-129-9713,t601:1 t601:3 t601:4
slv-130-0018,t240:0 t569:1 t523:2 t523:3 t569:4
slv-130-0166,t605:1 t240:1 t523:2 t523:3 t468:3 t240:4 t926:4 t468:5
slv-130-2052,t240:0 t523:1 t523:2 t926:3 t523:3 t468:4
slv-130-2377,t545:1 t523:3 t523:4 t182:6
slv-130-2379,t391:0 t904:0 t545:1 t240:2 t523:2 t523:3 t182:4 t885:4 t860:5
slv-130-4189,t670:2 t670:4 t486:5
slv-130-4794,t240:2 t926:4 t523:5 t182:6 t523:6 t468:7 t670:7 t670:7
slv-130-5145,t601:1 t601:2 t601:4
slv-130-5216,t545:1 t391:2 t545:3 t739:4 t545:4
slv-130-5243,t601:1 t601:2 t601:4
slv-130-5729,t601:1 t601:2 t601:4
slv-130-6069,t460:1 t240:2 t926:3 t468:4
slv-130-6248,t670:2 t486:4 t486:5 t670:5 t670:6
slv-130-6775,t903:1 t860:2 t670:3 t601:3 t601:4 t670:5 t545:5 t843:5 t843:5 t670:6 t843:6
slv-130-8135,t670:2 t670:4 t486:5
slv-130-9081,t670:2 t670:4 t486:5
slv-130-9208,t240:1 t926:2 t468:3
slv-131-0488,t920:1 t240:2 t523:3 t523:4 t468:5 t860:6
slv-131-0492,t693:2 t636:4 t885:5 t860:6
slv-131-0937,t670:2 t670:4 t486:5
slv-131-2138,t391:0 t736:1 t112:2 t545:3 t240:3 t523:4 t523:4 t581:5 t523:6 t468:6 t764:7
slv-131-2443,t670:2 t670:4 t486:5
slv-131-2899,t926:1 t523:1 t569:2 t523:3 t523:3 t468:3
slv-131-3204,t601:1 t601:2 t601:4
slv-131-4769,t903:1 t860:2 t670:3 t601:3 t601:4 t670:5 t545:5 t843:5 t843:5 t670:6 t843:6
slv-131-5084,t903:5 t860:6 t764:6 t486:7 t486:7 t670:7 t486:7
slv-131-7731,t448:1 t240:2 t523:3 t523:4 t182:4 t764:5 t885:6
slv-131-8145,t391:1 t736:2 t112:3 t545:3 t523:4 t240:4 t523:4 t523:5 t581:5 t885:6
slv-131-8898,t601:1 t601:2 t601:4
slv-131-9108,t860:0 t670:5 t670:7
slv-132-0105,t391:0 t736:1 t112:2 t545:3 t240:3 t523:4 t523:4 t581:5 t523:6 t468:6 t764:7
slv-132-0497,t448:5 t920:5 t391:6 t448:6 t240:6 t523:7
slv-132-1336,t523:1 t523:3 t468:3 t764:6
slv-132-1856,t240:1 t278:2 t523:3 t523:3 t468:4 t764:5 t885:5 t860:6
slv-132-2303,t670:2 t670:4 t486:5
slv-132-2475,t240:2 t926:4 t523:5 t182:6 t523:6 t468:7 t670:7 t670:7
slv-132-4076,t240:0 t523:1 t926:2 t523:3 t468:3
slv-132-4622,t486:4 t670:6 t670:6 t486:7
slv-132-4931,t555:4 t486:6
slv-132-4968,t670:2 t670:4 t486:5
slv-132-5492,t391:0 t904:0 t860:1 t545:3
slv-132-5583,t523:0 t523:2 t468:3
slv-132-7127,t670:2 t670:4 t486:5
slv-132-9694,t523:1 t523:3 t581:3
slv-132-9756,t764:5 t670:6 t670:7 t486:7 t670:7
slv-132-9947,t920:1 t240:2 t523:3 t523:4 t468:5 t860:6
slv-133-0179,t670:2 t670:4 t486:5
slv-133-0677,t885:2 t860:5 t903:6 t860:7
slv-133-0981,t860:0 t903:1 t860:1 t545:3
slv-133-1218,t670:2 t670:4 t486:5
slv-133-2477,t391:0 t448:0 t636:1 t240:2 t523:3 t523:4 t468:4 t764:5 t885:6
slv-133-2507,t670:2 t670:4 t486:5
slv-133-2775,t240:1 t523:1 t523:2 t926:3 t523:3 t468:4
slv-133-3189,t670:2 t486:4 t486:5 t670:5 t670:6
slv-133-4014,t670:2 t486:4 t486:5 t670:5 t670:6
slv-133-4131,t448:0 t240:1 t523:2 t523:3 t468:3 t926:4 t468:5
slv-133-5243,t788:1 t523:3 t523:3 t182:4
slv-133-5662,t396:0 t240:1 t926:2 t523:3 t523:3 t926:4 t468:5
slv-133-5901,t693:1 t636:2 t693:3 t670:3 t843:4 t843:4 t601:5 t601:5
slv-133-6615,t601:1 t601:2 t601:3
slv-133-6941,t653:1 t903:1 t860:2 t545:4
slv-133-7323,t670:2 t670:4 t486:5
slv-133-7477,t670:2 t670:4 t486:5
slv-133-7651,t670:2 t670:4 t486:5
slv-133-8900,t670:2 t670:4 t486:5
slv-133-9265,t112:1 t523:3 t523:4 t182:5 t523:6 t581:6
slv-134-0246,t670:2 t670:4 t486:5
slv-134-0317,t903:1 t860:2 t670:3 t601:3 t601:4 t670:5 t545:5 t843:5 t843:5 t670:6 t843:6
slv-134-0803,t670:2 t670:4 t486:5
slv-134-1146,t670:2 t670:4 t486:5
slv-134-1654,t240:1 t926:2 t468:3
slv-134-2605,t240:1 t926:2 t523:3 t523:3 t182:4
slv-134-3089,t391:0 t545:3 t523:4 t523:5 t182:5 t486:6 t670:6 t670:7
slv-134-3278,t167:1 t391:1 t904:2 t545:3
slv-134-3401,t670:2 t670:4 t486:5
slv-134-3546,t670:2 t670:4 t486:5
slv-134-4278,t920:3 t920:4 t920:5
slv-134-4583,t460:1 t240:2 t523:3 t523:4 t569:5 t523:5 t468:6
slv-134-5618,t670:2 t670:4 t486:5
slv-134-6030,t693:2 t636:4 t885:5 t860:6
slv-134-6794,t523:3 t182:4 t764:6 t860:7
slv-134-7123,t523:1 t523:3 t581:4
slv-134-7312,t309:2 t460:3 t240:3 t523:4 t569:4 t523:5 t523:5 t468:6
slv-134-7349,t523:1 t523:3 t182:3
slv-134-7435,t670:2 t670:4 t486:5
slv-134-7932,t240:0 t523:1 t569:2 t523:3 t523:4 t468:5
slv-134-9092,t523:0 t182:2 t885:3 t860:4
slv-134-9296,t601:1 t601:2 t601:4
slv-134-9684,t448:1 t523:2 t523:3 t182:3 t240:4 t926:4 t926:5 t523:5 t581:6
slv-134-9848,t920:1 t240:2 t523:3 t523:4 t468:5 t860:6
slv-134-9867,t920:1 t240:2 t278:2 t523:3 t523:3 t468:4 t764:5 t860:6
slv-135-0503,t670:2 t670:4 t486:5
slv-135-0881,t240:0 t523:1 t926:2 t523:3 t468:3
slv-135-1231,t885:1 t860:3 t523:4 t182:5
slv-135-1528,t486:2 t486:4 t469:5 t636:5 t730:5 t523:6 t182:7
slv-135-2670,t486:4 t670:6 t670:6 t486:7
slv-135-3231,t739:1 t545:2 t391:3 t545:4
slv-135-5433,t670:2 t670:4 t486:5
slv-135-6379,t788:1 t523:2 t523:3 t581:4
slv-135-7669,t523:1 t523:3 t581:3
slv-135-8327,t670:2 t670:4 t486:5
slv-136-0116,t601:1 t601:2 t601:4
slv-136-0171,t670:2 t670:4 t486:5
slv-136-0300,t904:0 t545:0 t523:2 t523:3 t182:4
slv-136-0865,t670:2 t670:4 t486:5
slv-136-1203,t460:1 t240:2 t523:3 t523:3 t569:4 t523:4 t523:5 t468:6
slv-136-1541,t391:0 t904:0 t545:2
slv-136-1690,t636:0 t167:0 t496:1 t391:2 t545:3 t240:3 t523:4 t523:4 t468:5
slv-136-2098,t523:3 t182:4 t764:6 t860:7
slv-136-2143,t448:1 t240:2 t523:3 t523:4 t182:4 t764:5 t885:6
slv-136-2973,t736:0 t693:1 t682:2 t523:3 t523:4 t182:4
slv-136-3539,t736:0 t486:1 t486:3 t670:3 t523:4 t523:5 t182:6
slv-136-3924,t860:0 t545:2
slv-136-4457,t391:0 t905:0 t860:0 t545:2
slv-136-4543,t670:2 t670:4 t486:5
slv-136-4669,t670:2 t670:4 t486:5
slv-136-4878,t991:3 t631:5 t631:6 t631:7
slv-136-5059,t670:2 t670:4 t486:5
slv-136-5742,t240:1 t468:3 t240:4 t926:5 t523:5 t523:6 t468:7
slv-136-6170,t829:2 t788:3 t523:4 t523:4 t581:5
slv-136-6532,t670:2 t486:4 t486:5 t670:5 t670:6
slv-136-6903,t486:2 t486:4 t469:5 t636:5 t730:5 t523:6 t182:7
slv-136-8284,t448:1 t240:2 t523:3 t523:4 t182:4 t764:5 t885:6
slv-136-8324,t601:1 t601:2 t601:4
slv-136-8700,t920:1 t240:2 t278:2 t523:3 t523:3 t468:4 t764:5 t860:6
slv-136-8888,t670:2 t670:4 t486:5
slv-137-1099,t670:2 t670:4 t486:5
slv-137-1147,t670:2 t486:4 t486:5 t670:5 t670:6
slv-137-2343,t905:0 t545:1
slv-137-2527,t391:0 t904:0 t860:0 t545:2
slv-137-3183,t636:0 t736:1 t112:2 t545:2 t240:3 t523:3 t523:4 t581:4 t523:5 t468:7
slv-137-3587,t730:1 t240:2 t926:3 t926:4 t523:4 t468:5
slv-137-4397,t391:0 t904:0 t860:0 t545:2
slv-137-4463,t460:1 t240:2 t523:3 t523:4 t569:4 t523:5 t468:5
slv-137-5614,t448:0 t240:0 t523:3 t523:4 t581:5 t523:6 t182:7
slv-137-6022,t536:1 t240:1 t926:2 t240:3 t468:4 t240:6 t569:7
slv-137-6109,t670:2 t486:4 t486:5 t670:5 t670:6
slv-137-7302,t670:2 t670:4 t486:5
slv-137-7457,t693:4 t670:5 t670:6 t523:6 t182:7 t885:7 t860:7
slv-137-7985,t682:0 t240:2 t523:3 t523:3 t182:3 t885:3 t523:4 t468:4 t885:5
slv-137-8040,t579:1 t579:1 t843:3 t843:4
slv-137-8610,t920:1 t240:2 t278:2 t523:3 t523:3 t468:4 t764:5 t860:6
slv-137-8673,t460:1 t240:3 t523:4 t523:5 t468:6
slv-137-9541,t391:0 t736:1 t112:2 t545:3 t240:3 t523:4 t523:4 t581:5 t523:6 t468:6 t764:7
slv-137-9966,t523:1 t523:3 t581:3
slv-138-0017,t670:2 t670:4 t486:5
slv-138-0207,t240:1 t523:1 t523:2 t926:3 t523:3 t468:4
slv-138-0327,t670:2 t670:4 t486:5
slv-138-0628,t670:2 t670:4 t486:5
slv-138-0740,t670:2 t670:4 t486:5
slv-138-0850,t670:2 t486:4 t670:5 t670:6
slv-138-1051,t670:2 t670:4 t486:5
slv-138-1178,t670:0 t670:3 t486:5
slv-138-1757,t460:1 t240:1 t926:2 t569:3 t523:3 t523:4 t569:4
slv-138-1824,t693:1 t636:2 t693:3 t670:3 t843:4 t843:4 t601:5 t601:5
slv-138-2003,t523:4 t182:6 t670:6 t670:7 t885:7 t860:7
slv-138-2333,t860:0 t545:2
slv-138-2851,t601:0 t601:2 t377:3 t377:4
slv-138-3165,t523:0 t926:1 t926:2 t523:3 t468:3
slv-138-4299,t605:1 t240:3 t523:4 t523:5 t468:5 t860:6
slv-138-4419,t448:0 t240:0 t448:3 t468:4 t860:6
slv-138-5225,t653:1 t903:1 t860:2 t545:4
slv-138-5609,t670:2 t670:4 t486:5
slv-138-5630,t670:2 t670:4 t486:5
slv-138-5696,t670:2 t670:4 t486:5
slv-138-6131,t920:1 t240:2 t278:2 t523:3 t523:3 t468:4 t764:5 t860:6
slv-138-6649,t670:2 t670:4 t486:5
slv-138-7763,t670:0 t670:3 t486:5
slv-138-9254,t670:2 t670:4 t486:5
slv-139-0750,t579:1 t579:1 t843:3 t843:4
slv-139-1329,t788:0 t523:2 t523:3 t581:4
slv-139-1342,t240:1 t926:3 t926:4 t523:5 t523:5 t182:6 t240:6 t468:7
slv-139-1764,t670:2 t670:4 t486:5
slv-139-1808,t240:1 t926:1 t468:2 t240:3 t278:3 t523:3 t523:4 t468:5
slv-139-2595,t670:2 t670:4 t486:5
slv-139-2764,t670:2 t670:4 t486:5
slv-139-2856,t764:2 t670:5 t670:6 t486:6 t670:7
slv-139-3433,t240:1 t523:2 t523:3 t468:4
slv-139-3698,t920:1 t240:2 t523:3 t523:4 t468:5 t860:6
slv-139-5398,t788:1 t523:2 t523:3 t581:4
slv-139-5679,t920:1 t240:2 t278:2 t523:3 t523:3 t468:4 t764:5 t860:6
slv-139-6327,t581:0 t569:1 t240:2 t926:3 t569:3 t996:4 t569:5 t569:6
slv-139-6649,t920:1 t240:2 t523:3 t523:4 t468:5 t860:6
slv-139-6729,t460:1 t240:2 t523:3 t569:4 t523:5 t523:5 t468:6
slv-139-7481,t736:0 t693:1 t636:1 t240:2 t523:3 t523:4 t182:5
slv-139-9063,t460:1 t240:1 t926:2 t569:3 t523:3 t523:4 t569:4
slv-140-0344,t670:2 t486:4 t486:5 t670:5 t670:6
slv-140-0376,t788:0 t523:2 t523:3 t581:4
slv-140-1614,t486:2 t486:4 t469:5 t636:5 t730:5 t523:6 t182:7
slv-140-1671,t240:0 t523:1 t523:3 t468:4 t764:5 t860:7
slv-140-1676,t903:0 t860:0 t903:1
slv-140-2197,t788:0 t523:2 t523:3 t581:4
slv-140-2721,t448:0 t545:1 t448:2 t240:3 t926:3 t468:4 t764:6
slv-140-3929,t601:1 t601:2 t601:4
slv-140-4118,t523:3 t182:5
slv-140-4737,t920:1 t240:2 t523:3 t523:3 t569:4 t523:4 t468:5
slv-140-5353,t167:1 t391:1 t904:2 t545:3
slv-140-6173,t670:2 t670:4 t486:5
slv-140-6707,t670:2 t670:4 t486:5
slv-140-6851,t240:1 t926:1 t468:2 t240:3 t278:3 t523:3 t523:4 t468:5
slv-140-7230,t358:1 t240:2 t926:3 t468:3 t569:5
slv-140-7512,t693:1 t636:2 t693:3 t670:3 t843:4 t843:4 t601:5 t601:5
slv-140-7599,t670:1 t601:3 t601:3 t670:4 t843:5 t843:5
slv-140-7940,t636:0 t167:0 t496:1 t391:2 t545:3 t240:3 t523:4 t523:4 t468:5
slv-140-8444,t670:2 t670:4 t486:5
slv-140-9365,t670:2 t670:4 t486:5
slv-140-9658,t693:2 t636:4 t885:5 t860:6
slv-140-9940,t670:2 t670:4 t486:5
slv-141-0143,t670:2 t486:4 t486:5 t670:5 t670:6
slv-141-1855,t670:2 t670:4 t486:5
slv-141-2400,t788:1 t523:2 t523:3 t581:4
slv-141-3267,t486:2 t486:4 t469:5 t636:5 t730:5 t523:6 t182:7
slv-141-3370,t788:1 t523:3 t523:3 t182:4
slv-141-4882,t448:1 t240:2 t523:3 t523:4 t182:4 t764:5 t885:6
slv-141-6185,t601:1 t601:2 t601:4
slv-141-8367,t167:1 t391:2 t545:3 t523:3 t240:4 t523:4 t523:5 t468:5
slv-141-9173,t448:1 t240:2 t523:3 t523:4 t182:4 t764:5 t885:6
slv-141-9245,t240:1 t523:2 t523:3 t468:3 t996:3 t569:5
slv-141-9722,t460:1 t240:2 t926:3 t468:4
slv-142-0830,t670:2 t670:4 t486:5
slv-142-1683,t601:1 t670:2 t843:3 t843:4 t601:5 t601:5
slv-142-1852,t670:2 t670:4 t486:5
slv-142-2599,t860:0 t670:5 t670:7
slv-142-3401,t670:2 t670:4 t486:5
slv-142-6252,t670:2 t486:4 t486:5 t670:5 t670:6
slv-142-6294,t736:0 t486:1 t486:3 t670:3 t523:4 t523:5 t182:6
slv-142-7290,t396:0 t240:1 t523:2 t523:3 t182:3 t240:4 t926:4 t468:5
slv-142-7385,t903:0 t860:1 t885:1 t860:3 t903:4
slv-142-7560,t240:1 t926:2 t523:3 t523:3 t926:4 t468:4
slv-142-7578,t523:1 t182:3 t885:4 t860:5
slv-142-8024,t636:0 t885:0 t636:1 t904:4 t860:5
slv-142-9286,t920:1 t240:2 t523:3 t569:5 t523:6 t468:7 t670:7
slv-143-0063,t605:1 t240:3 t523:4 t523:5 t468:5 t860:6
slv-143-0326,t391:0 t736:1 t112:3 t523:4 t523:5 t182:6 t764:6 t764:7 t903:7 t860:7
slv-143-0360,t601:1 t601:2 t601:4
slv-143-1801,t670:2 t670:4 t486:5
slv-143-3139,t448:0 t545:1 t523:3 t523:4 t182:5
slv-143-3515,t601:1 t601:2 t601:4
slv-143-5363,t670:2 t670:4 t486:5
slv-143-5760,t486:4 t670:5 t670:6 t486:6 t523:7 t182:7
slv-143-6151,t670:2 t670:4 t486:5
slv-143-7290,t693:1 t636:2 t693:3 t670:3 t843:4 t843:4 t601:5 t601:5
slv-143-7979,t670:2 t486:4 t486:5 t670:5 t670:6
slv-143-8327,t670:0 t670:3 t486:5
slv-143-8522,t903:5 t860:6 t220:6 t670:7 t670:7
slv-143-8555,t523:0 t926:1 t523:2 t523:3 t468:3
slv-143-9699,t670:2 t670:4 t486:5
slv-143-9849,t545:1 t523:2 t523:3 t182:4
slv-144-0269,t920:1 t240:2 t278:2 t523:3 t523:3 t468:4 t764:5 t860:6
slv-144-0910,t920:1 t240:2 t278:2 t523:3 t523:3 t468:4 t764:5 t860:6
slv-144-1097,t240:1 t278:2 t523:3 t523:3 t468:4 t764:5 t885:5 t860:6
slv-144-1226,t601:1 t601:2 t601:4
slv-144-1959,t167:0 t391:1 t545:2 t240:3 t523:3 t523:4 t468:4
slv-144-2040,t396:0 t523:3 t523:4 t182:5
slv-144-2524,t670:2 t670:4 t486:5
slv-144-2571,t167:1 t391:2 t545:3 t523:3 t240:4 t523:4 t523:5 t468:5
slv-144-2846,t860:5 t670:7 t670:7 t904:7
slv-144-2902,t676:1 t523:3 t569:4 t523:5 t523:6 t468:7
slv-144-3997,t693:1 t636:2 t693:3 t670:3 t843:4 t843:4 t601:5 t601:5
slv-144-6316,t670:2 t486:4 t670:5 t670:6
slv-144-6491,t670:2 t670:4 t486:5
slv-144-6618,t860:0 t545:2
slv-144-6821,t788:1 t523:3 t523:3 t182:4
slv-144-7350,t788:0 t523:2 t523:3 t581:4
slv-144-7610,t240:1 t926:1 t468:2 t240:3 t278:3 t523:3 t523:4 t468:5
slv-144-8943,t240:1 t468:3 t240:4 t926:5 t523:5 t523:6 t468:7
slv-145-0278,t739:1 t545:2 t391:3 t545:4
slv-145-0625,t670:2 t670:4 t486:5
slv-145-1472,t670:2 t670:4 t486:5
slv-145-1478,t920:1 t240:2 t523:3 t523:4 t468:5 t860:6
slv-145-1546,t670:5 t670:6 t486:7 t670:7
slv-145-2648,t670:2 t670:4 t486:5
slv-145-2846,t486:2 t486:4 t469:5 t636:5 t730:5 t523:6 t182:7
slv-145-2921,t904:1 t670:4 t670:6 t693:6 t636:7
slv-145-3482,t290:1 t290:2 t785:3 t785:3 t814:4 t814:5 t785:6
slv-145-5413,t788:0 t523:2 t523:3 t581:4
slv-145-5444,t396:0 t240:1 t523:2 t523:3 t182:3 t240:4 t926:4 t468:5
slv-145-5654,t670:2 t670:4 t486:5
slv-145-5683,t240:1 t926:2 t468:3 t240:4 t468:4 t523:5 t523:5 t182:6
slv-145-6796,t460:1 t240:2 t926:3 t468:4
slv-145-7009,t670:2 t670:4 t486:5
slv-145-7390,t240:0 t569:1 t523:2 t523:3 t569:4
slv-145-7871,t670:2 t670:4 t486:5
slv-145-8515,t448:0 t240:1 t926:2 t468:3 t523:3 t523:4 t468:5 t764:6
slv-145-8912,t885:1 t860:3 t523:4 t182:5
slv-145-9296,t920:1 t240:2 t523:3 t523:4 t468:5 t860:6
slv-145-9315,t670:2 t670:4 t486:5
slv-145-9691,t670:0 t670:3 t486:5
slv-146-2188,t860:0 t545:0 t391:1 t545:3
slv-146-3523,t670:2 t486:4 t486:5 t670:5 t670:6
slv-146-5259,t523:1 t523:3 t182:3
slv-146-5484,t670:2 t670:4 t486:5
slv-146-6525,t523:0 t926:1 t523:2 t523:3 t468:3
slv-146-7291,t460:1 t240:4 t523:5 t523:6 t468:6 t670:7 t670:7
slv-146-8504,t670:2 t486:4 t486:5 t670:5 t670:6
slv-146-8579,t601:1 t601:3 t601:4
slv-147-0096,t523:2 t523:3 t182:4
slv-147-0297,t106:1 t106:2 t240:3 t926:4 t926:4 t468:5 t670:5 t670:6 t903:6 t860:7
slv-147-0318,t605:1 t240:3 t523:4 t523:5 t468:5 t860:6
slv-147-0357,t670:2 t670:4 t486:5
slv-147-3141,t670:2 t670:4 t486:5
slv-147-3528,t670:2 t486:4 t486:5 t670:5 t670:6
slv-147-3850,t670:2 t670:4 t486:5
slv-147-3891,t670:2 t670:4 t486:5
slv-147-4030,t788:1 t523:2 t523:3 t581:4
slv-147-4429,t391:0 t545:2
slv-147-5373,t926:1 t468:3
slv-147-5935,t631:3 t631:5 t631:6
slv-147-6447,t391:0 t736:1 t112:2 t545:3 t240:3 t523:4 t523:4 t581:5 t523:6 t468:6 t764:7
slv-147-7660,t670:2 t670:4 t486:5
slv-147-8078,t601:1 t601:2 t601:4
slv-147-8197,t903:5 t860:6 t764:6 t486:7 t486:7 t670:7 t486:7
slv-147-9478,t739:1 t545:2 t391:3 t545:4
slv-148-0106,t605:1 t240:3 t523:4 t523:5 t468:5 t860:6
slv-148-0796,t670:2 t670:4 t486:5
slv-148-0803,t670:2 t486:4 t486:5 t670:5 t670:6
slv-148-0872,t670:5 t670:6 t486:7 t670:7
slv-148-1240,t670:2 t670:4 t486:5
slv-148-1426,t653:0 t903:2 t860:4 t391:4 t545:5 t670:6 t670:6
slv-148-2614,t920:1 t240:2 t278:2 t523:3 t523:3 t468:4 t764:5 t860:6
slv-148-3524,t670:2 t670:4 t486:5
slv-148-3787,t448:0 t545:0 t448:3 t240:5 t523:6 t523:7 t182:7
slv-148-4196,t920:1 t240:2 t278:2 t523:3 t523:3 t468:4 t764:5 t860:6
slv-148-4301,t670:2 t486:4 t486:5 t670:5 t670:6
slv-148-5489,t309:2 t460:3 t240:3 t523:4 t569:4 t523:5 t523:5 t468:6
slv-148-6053,t670:2 t486:4 t486:5 t670:5 t670:6
slv-148-6406,t631:3 t631:4 t631:5 t631:6
slv-148-6990,t545:0 t391:1 t545:1 t240:2 t926:3 t926:3 t523:3 t523:4 t468:5
slv-148-7126,t636:0 t167:1 t240:1 t926:2 t523:3 t523:4 t926:5
slv-148-7487,t739:1 t545:2 t391:3 t545:4
slv-148-7901,t240:1 t926:1 t523:2 t523:3 t182:3 t926:4 t926:4 t468:5
slv-148-7912,t486:2 t486:4 t469:5 t636:5 t730:5 t523:6 t182:7
slv-148-8007,t605:1 t240:1 t523:2 t523:3 t468:3 t278:3 t278:4 t926:4 t468:5
slv-148-8303,t670:2 t670:4 t486:5
slv-148-9349,t991:0 t991:2 t631:4 t814:4 t814:5 t631:6 t631:7
slv-148-9821,t448:0 t240:1 t523:2 t523:3 t468:3 t926:4 t468:5
slv-149-0006,t391:0 t736:1 t112:2 t545:3 t240:3 t523:4 t523:4 t581:5 t523:6 t468:6 t764:7
slv-149-0015,t536:1 t240:1 t926:2 t468:3
slv-149-0812,t631:3 t631:5 t631:6
slv-149-1235,t605:1 t240:3 t523:4 t523:5 t468:5 t860:6
slv-149-1968,t523:2 t523:3 t182:4
slv-149-2348,t523:6 t182:7 t670:7 t182:7 t885:7 t860:7
slv-149-2406,t545:1 t670:2 t523:3 t523:4 t581:5 t764:5 t885:6
slv-149-3341,t670:2 t670:4 t486:5
slv-149-3403,t391:0 t904:0 t545:1 t240:2 t523:2 t523:3 t182:4 t885:4 t860:5
slv-149-3729,t670:2 t670:4 t486:5
slv-149-5223,t523:1 t523:3 t468:3
slv-149-6030,t523:0 t926:1 t523:2 t523:3 t468:4
slv-149-7315,t788:1 t523:3 t523:3 t182:4
slv-149-8719,t904:1 t545:3 t523:4 t523:4 t182:6
slv-149-9347,t616:1 t523:2 t523:3 t569:4
slv-150-0002,t860:0 t545:2
slv-150-0081,t920:1 t240:2 t278:2 t523:3 t523:3 t468:4 t764:5 t860:6
slv-150-0204,t920:1 t240:2 t278:2 t523:3 t523:3 t468:4 t764:5 t860:6
slv-150-0282,t601:1 t601:2 t601:4
slv-150-0308,t496:0 t391:0 t904:0 t545:2
slv-150-1479,t188:1 t188:3 t240:4 t926:5 t926:5 t523:6 t182:7
slv-150-1498,t240:1 t926:2 t468:3
slv-150-1664,t670:0 t670:3 t486:5
slv-150-1704,t670:2 t486:4 t486:5 t670:5 t670:6
slv-150-3254,t670:2 t670:4 t486:5
slv-150-3336,t693:1 t636:2 t693:3 t670:3 t843:4 t843:4 t601:5 t601:5
slv-150-4326,t448:1 t240:2 t523:3 t523:4 t182:4 t764:5 t885:6
slv-150-4359,t670:5 t670:6 t486:7 t670:7
slv-150-5170,t448:1 t240:2 t523:3 t523:4 t182:4 t764:5 t885:6
slv-150-7898,t860:0 t545:2
slv-150-8526,t670:2 t670:4 t486:5
slv-150-9107,t670:2 t670:4 t486:5
slv-150-9793,t739:1 t545:2 t391:3 t545:4
slv-151-3226,t545:1 t240:2 t926:4 t926:4 t468:4 t670:4 t523:4 t523:6 t468:6 t764:6
slv-151-4816,t240:0 t926:1 t926:3 t468:4
slv-151-5734,t448:0 t240:1 t523:2 t523:3 t182:3 t523:4 t468:5
slv-151-5879,t670:2 t670:4 t486:5
slv-151-6031,t670:2 t670:4 t486:5
slv-151-6211,t670:2 t670:4 t486:5
slv-151-6845,t788:1 t523:3 t523:3 t581:5
slv-151-7019,t736:0 t486:1 t486:3 t670:3 t523:4 t523:5 t182:6
slv-151-7349,t391:0 t860:0 t545:2
slv-151-7500,t523:3 t182:3
slv-151-7694,t391:0 t736:1 t112:2 t545:3 t240:3 t523:4 t523:4 t581:5 t523:6 t468:6 t764:7
slv-151-8056,t670:2 t670:4 t486:5
slv-151-8422,t460:1 t240:2 t523:3 t569:3 t523:4 t523:4 t468:5
slv-151-9397,t903:5 t860:6 t764:6 t486:7 t486:7 t670:7 t486:7
slv-151-9635,t631:3 t631:4 t631:5 t631:6
slv-151-9678,t860:0 t670:5 t670:7
slv-152-0176,t460:1 t240:2 t926:3 t468:4
slv-152-0826,t240:1 t926:1 t468:2 t240:3 t278:3 t523:3 t523:4 t468:5
slv-152-1228,t569:0 t523:1 t523:2 t926:3
slv-152-1233,t730:1 t240:2 t926:3 t926:4 t523:4 t468:5
slv-152-1247,t788:0 t523:2 t523:3 t581:4
slv-152-1475,t670:2 t670:4 t486:5
slv-152-2032,t391:0 t545:1 t545:2 t523:3 t523:4 t182:4
slv-152-2447,t601:1 t601:2 t601:3
slv-152-3114,t670:2 t670:4 t486:5
slv-152-3749,t391:0 t904:0 t545:0 t860:1 t545:3
slv-152-3820,t736:0 t486:1 t486:3 t670:3 t523:4 t523:5 t182:6
slv-152-4048,t670:2 t670:4 t486:5
slv-152-5876,t670:2 t670:4 t486:5
slv-152-6188,t240:2 t926:4 t523:5 t182:6 t523:6 t468:7 t670:7 t670:7
slv-152-6322,t448:1 t240:2 t523:3 t523:4 t182:4 t764:5 t885:6
slv-152-6555,t460:1 t240:2 t523:3 t569:3 t523:4 t523:4 t468:5
slv-152-6720,t920:1 t240:2 t523:3 t523:3 t569:4 t523:4 t468:5
slv-152-7862,t676:1 t523:3 t569:4 t523:5 t523:6 t468:7
slv-152-8508,t764:5 t670:6 t670:7 t486:7 t670:7
slv-152-8823,t764:2 t670:5 t670:6 t486:6 t670:7
slv-152-9574,t905:0 t545:1
slv-152-9583,t536:1 t240:1 t926:2 t468:3
slv-152-9607,t391:0 t545:1 t545:2 t523:3 t523:4 t182:4
slv-152-9785,t670:2 t670:4 t486:5
slv-152-9833,t670:2 t670:4 t486:5
slv-153-0031,t670:2 t670:4 t486:5
slv-153-0285,t391:0 t736:1 t112:2 t545:3 t240:3 t523:4 t523:4 t581:5 t523:6 t468:6 t764:7
slv-153-2056,t670:2 t670:4 t486:5
slv-153-2713,t460:1 t240:2 t523:3 t569:3 t523:4 t523:4 t468:5
slv-153-3055,t391:0 t448:0 t240:1 t523:2
slv-153-3552,t460:1 t240:1 t926:2 t569:3 t523:3 t523:4 t569:4
slv-153-3571,t545:0 t523:1 t523:2 t182:3
slv-153-5161,t860:0 t545:2
slv-153-6233,t523:1 t523:3 t182:3
slv-153-7597,t240:1 t926:2 t523:3 t523:4 t569:5
slv-153-7691,t670:2 t670:4 t486:5
slv-153-8331,t682:0 t240:2 t523:3 t523:3 t182:3 t885:3 t523:4 t468:4 t885:5
slv-153-8358,t670:2 t670:4 t486:5
slv-153-8694,t788:1 t523:2 t523:3 t581:4
slv-154-0476,t523:3 t182:3
slv-154-1314,t670:5 t670:6 t486:7 t670:7
slv-154-1905,t670:2 t670:4 t486:5
slv-154-2115,t523:0 t926:1 t523:2 t523:3 t468:3
slv-154-2825,t240:1 t278:2 t523:3 t523:3 t468:4 t764:5 t885:5 t860:6
slv-154-2921,t391:0 t545:1 t391:4
slv-154-6153,t448:0 t240:2 t523:4 t523:5 t468:6 t764:7 t860:7
slv-154-6291,t670:2 t670:4 t486:5
slv-154-6764,t904:3 t631:5 t631:6 t631:6
slv-154-7534,t391:0 t545:1 t240:2 t523:3 t523:3 t182:4 t523:5 t468:6
slv-154-8390,t670:2 t670:4 t486:5
slv-154-8444,t920:1 t240:2 t523:3 t523:4 t468:5 t860:6
slv-154-9271,t670:2 t486:4 t486:5 t670:5 t670:6
slv-154-9638,t460:1 t240:2 t523:2 t569:3 t523:4 t523:4 t468:5
slv-155-1367,t904:0 t545:1 t240:2 t523:3 t523:4 t468:5 t764:6 t764:6 t860:7
slv-155-1577,t391:0 t736:1 t112:3 t523:4 t523:5 t182:6 t764:6 t764:7 t903:7 t860:7
slv-155-1692,t240:2 t926:4 t926:5 t523:6 t523:6 t182:7
slv-155-1874,t636:0 t885:0 t636:1 t904:4 t860:5
slv-155-2021,t670:2 t670:4 t486:5
slv-155-2558,t670:2 t670:4 t486:5
slv-155-4894,t670:5 t670:6 t486:7 t670:7
slv-155-5168,t448:4 t788:5 t523:6 t523:6 t581:7
slv-155-5243,t670:2 t670:4 t486:5
slv-155-5952,t920:1 t240:2 t278:2 t523:3 t523:3 t468:4 t764:5 t860:6
slv-155-6624,t670:2 t670:4 t486:5
slv-155-6795,t860:0 t545:2
slv-155-7093,t920:1 t240:2 t278:2 t523:3 t523:3 t468:4 t764:5 t860:6
slv-155-7342,t523:3 t182:4 t764:6 t860:7
slv-155-8514,t636:0 t904:3 t885:4 t860:5
slv-155-8700,t391:0 t736:1 t112:2 t545:3 t240:3 t523:4 t523:4 t581:5 t523:6 t468:6 t764:7
slv-155-8846,t670:2 t670:4 t486:5
slv-155-9600,t486:2 t486:4 t469:5 t636:5 t730:5 t523:6 t182:7
slv-155-9856,t670:2 t670:4 t486:5
slv-156-0510,t920:1 t240:2 t523:3 t523:4 t468:5 t860:6
slv-156-0536,t460:1 t240:2 t926:3 t468:4
slv-156-1192,t167:1 t391:2 t545:3 t523:3 t240:4 t523:4 t523:5 t468:5
slv-156-2288,t670:2 t670:4 t486:5
slv-156-2718,t601:1 t601:2 t601:4
slv-156-3008,t448:1 t240:2 t523:3 t523:4 t182:4 t764:5 t885:6
slv-156-3063,t670:2 t670:4 t486:5
slv-156-3300,t496:0 t860:1 t903:1 t860:2 t545:4
slv-156-4875,t167:1 t391:2 t545:3 t523:3 t240:4 t523:4 t523:5 t468:5
slv-156-7570,t106:1 t106:2 t240:3 t926:4 t926:4 t468:5 t670:5 t670:6 t903:6 t860:7
slv-156-7677,t569:0 t764:1 t903:5 t860:6 t569:7 t670:7 t670:7
slv-156-8916,t240:0 t569:1 t240:2 t523:3
slv-156-9255,t885:0 t860:0 t903:0 t860:2
slv-156-9343,t764:2 t670:5 t670:6 t486:6 t670:7
slv-156-9402,t616:1 t523:2 t523:3 t569:4
slv-157-1865,t920:1 t240:2 t278:2 t523:3 t523:3 t468:4 t764:5 t860:6
slv-157-2150,t670:2 t670:4 t486:5
slv-157-3774,t764:2 t670:5 t670:6 t486:6 t670:7
slv-157-4047,t523:2 t523:4 t182:5 t885:5 t860:6
slv-157-4471,t903:1 t860:2 t670:3 t601:3 t601:4 t670:5 t545:5 t843:5 t843:5 t670:6 t843:6
slv-157-4834,t523:3 t182:4
slv-157-4878,t739:1 t545:2 t391:3 t545:4
slv-157-4949,t693:2 t636:4 t885:5 t860:6
slv-157-5464,t523:4 t182:6 t670:6 t670:7 t885:7 t860:7
slv-157-6099,t391:0 t904:0 t860:1 t545:3
slv-157-6589,t653:1 t885:3 t860:4 t903:5 t860:6
slv-157-7935,t601:1 t601:2 t601:4
slv-157-7974,t460:1 t240:2 t926:3 t468:4
slv-157-8481,t788:1 t523:2 t523:3 t581:4
slv-157-8655,t167:1 t391:1 t904:2 t391:3 t545:4
slv-157-9995,t670:2 t670:4 t486:5
slv-158-0410,t920:1 t240:2 t523:3 t523:4 t468:5 t860:6
slv-158-1710,t670:2 t670:4 t486:5
slv-158-1819,t670:2 t670:4 t486:5
slv-158-2440,t448:0 t240:0 t448:3 t468:4 t860:6
slv-158-2617,t670:2 t486:4 t486:5 t670:5 t670:6
slv-158-3189,t601:1 t601:2 t601:4
slv-158-3317,t605:1 t240:1 t523:2 t523:3 t468:3 t278:3 t278:4 t926:4 t468:5
slv-158-3430,t240:0 t926:1 t523:2 t523:3 t581:3 t569:4 t523:4 t569:5
slv-158-3978,t167:1 t391:2 t545:3 t523:3 t240:4 t523:4 t523:5 t468:5
slv-158-4056,t739:1 t545:2 t391:3 t545:4
slv-158-5633,t670:2 t670:4 t486:5
slv-158-5734,t926:2 t523:4 t523:5 t182:6
slv-158-6007,t670:3 t670:5 t486:6
slv-158-6214,t523:3 t182:3
slv-158-6522,t682:0 t240:2 t523:3 t523:3 t182:3 t885:3 t523:4 t468:4 t885:5
slv-158-6822,t605:1 t240:3 t523:4 t523:5 t468:5 t860:6
slv-158-7821,t670:2 t670:4 t486:5
slv-158-8446,t448:0 t240:0 t448:3 t468:4 t860:6
slv-159-0009,t736:0 t636:1 t523:4 t523:5 t182:5 t486:6 t486:7
slv-159-0047,t764:2 t670:5 t670:6 t486:6 t670:7
slv-159-0773,t391:0 t545:0 t904:1 t860:2 t545:3 t739:3 t545:4
slv-159-1605,t167:1 t391:1 t904:2 t860:3 t545:3 t523:4 t523:4 t926:5
slv-159-2143,t676:1 t523:3 t569:4 t523:5 t523:6 t468:7
slv-159-2181,t616:1 t523:2 t523:3 t581:4
slv-159-2406,t670:2 t670:4 t636:5 t460:5 t240:6 t523:7 t523:7
slv-159-2670,t920:1 t240:2 t278:2 t523:3 t523:3 t468:4 t764:5 t860:6
slv-159-2976,t670:2 t486:4 t486:5 t670:5 t670:6
slv-159-2977,t920:1 t240:2 t523:3 t523:4 t468:5 t860:6
slv-159-3553,t579:1 t579:1 t843:3 t843:4
slv-159-4162,t391:0 t905:0 t860:0 t545:2
slv-159-5895,t926:0 t926:1 t523:3 t468:3
slv-159-5925,t693:1 t636:2 t693:3 t670:3 t843:4 t843:4 t601:5 t601:5
slv-159-6138,t670:2 t670:4 t486:5
slv-159-6733,t920:1 t240:2 t278:2 t523:3 t523:3 t468:4 t764:5 t860:6
slv-159-7306,t670:2 t670:4 t486:5
slv-159-8085,t788:0 t523:2 t523:3 t581:4
slv-159-9141,t460:1 t240:2 t523:3 t523:3 t569:4 t523:4 t468:5
slv-159-9474,t670:2 t670:4 t486:5
slv-160-0162,t670:1 t843:3 t843:4 t523:4 t182:7
slv-160-0657,t167:0 t391:1 t545:2
slv-160-0783,t730:1 t240:2 t926:3 t926:4 t523:4 t468:5
slv-160-1698,t670:2 t670:4 t486:5
slv-160-1755,t736:0 t693:1 t636:1 t240:2 t523:3 t523:4 t182:5
slv-160-2161,t860:0 t545:2
slv-160-2336,t670:2 t670:4 t486:5
slv-160-2674,t670:2 t670:4 t486:5
slv-160-2696,t240:1 t468:3 t240:4 t926:5 t523:5 t523:6 t468:7
slv-160-3439,t920:1 t240:2 t523:2 t569:3 t523:4 t523:4 t468:5
slv-160-3499,t788:0 t523:2 t523:3 t581:4
slv-160-3603,t631:3 t631:5 t631:6
slv-160-3690,t829:2 t788:3 t523:4 t523:4 t581:5
slv-160-3991,t188:1 t188:3 t240:4 t926:5 t926:5 t523:6 t182:7
slv-160-4549,t448:1 t240:2 t523:3 t523:4 t182:4 t764:5 t885:6
slv-160-4874,t670:2 t670:4 t486:5
slv-160-4991,t391:0 t545:2
slv-160-6800,t814:1 t814:4 t631:5 t631:6 t631:6
slv-160-6802,t920:1 t240:2 t278:2 t523:3 t523:3 t468:4 t764:5 t860:6
slv-160-8320,t486:4 t670:6 t670:6 t486:7
slv-160-8444,t670:2 t670:4 t486:5
slv-160-8859,t736:0 t693:1 t636:1 t240:2 t523:3 t523:4 t182:5
slv-160-8873,t670:2 t670:4 t486:5
slv-160-9156,t460:1 t240:4 t523:5 t523:6 t468:6 t670:7 t670:7
slv-161-0427,t670:2 t670:4 t486:5
slv-161-0856,t670:2 t486:4 t486:5 t670:5 t670:6
slv-161-3824,t788:0 t523:2 t523:3 t581:4
slv-161-7086,t764:2 t670:5 t670:6 t486:6 t670:7
slv-161-8270,t670:2 t486:4 t486:5 t670:5 t670:6
slv-161-8680,t670:2 t670:4 t486:5
slv-161-8969,t670:0 t670:3 t486:5
slv-161-9106,t670:2 t670:4 t486:5
slv-161-9181,t523:1 t523:3 t182:3
slv-162-0243,t670:2 t670:4 t486:5
slv-162-0737,t523:2 t523:3 t581:4 t764:6
slv-162-1758,t788:1 t523:3 t523:3 t182:4
slv-162-1795,t545:1 t240:2 t926:4 t926:4 t468:4 t670:4 t523:4 t523:6 t468:6 t764:6
slv-162-1905,t391:1 t545:1 t739:3 t545:4
slv-162-2834,t670:2 t670:4 t486:5
slv-162-3141,t670:2 t670:4 t486:5
slv-162-3704,t523:1 t523:3 t468:3 t764:6
slv-162-3957,t670:2 t670:4 t486:5
slv-162-4652,t670:2 t670:4 t486:5
slv-162-4827,t670:2 t670:4 t486:5
slv-162-4895,t920:1 t240:2 t523:3 t523:4 t468:5 t860:6
slv-162-5285,t523:1 t523:3 t182:3
slv-162-6374,t240:1 t278:2 t523:3 t523:3 t468:4 t764:5 t885:5 t860:6
slv-162-6762,t670:1 t843:3 t843:4 t523:4 t182:7
slv-162-8002,t523:0 t523:0 t926:2 t926:2 t523:3 t468:3
slv-162-9008,t240:1 t926:1 t468:2 t240:3 t278:3 t523:3 t523:4 t468:5
slv-162-9549,t670:2 t670:4 t486:5
slv-163-0402,t670:2 t486:4 t670:5 t670:6
slv-163-0895,t670:2 t670:4 t486:5
slv-163-2927,t670:2 t486:4 t486:5 t670:5 t670:6
slv-163-4112,t240:1 t523:1 t523:2 t569:3 t523:4 t468:5
slv-163-4352,t391:0 t545:1
slv-163-4478,t240:1 t523:1 t523:3 t569:3 t523:4 t468:5
slv-163-5503,t926:1 t468:3
slv-163-6118,t616:1 t523:2 t523:3 t569:4
slv-163-6626,t523:0 t523:2 t468:3
slv-163-8149,t903:5 t860:6 t764:6 t486:7 t486:7 t670:7 t486:7
slv-163-9845,t523:0 t182:2 t670:4 t670:6
slv-163-9924,t670:2 t670:4 t486:5
slv-164-0054,t448:0 t240:2 t523:4 t523:5 t468:6 t764:7 t860:7
slv-164-0394,t391:1 t736:2 t112:3 t545:3 t523:4 t240:4 t523:4 t523:5 t581:5 t885:6
slv-164-0796,t920:1 t240:2 t523:3 t523:4 t468:5 t860:6
slv-164-0853,t920:1 t240:2 t523:2 t569:3 t523:4 t523:4 t468:5
slv-164-2271,t448:4 t788:5 t523:6 t523:6 t581:7
slv-164-2871,t670:2 t486:4 t486:5 t670:5 t670:6
slv-164-3531,t167:1 t391:2 t545:3 t523:3 t240:4 t523:4 t523:5 t468:5
slv-164-4272,t920:1 t240:2 t523:3 t523:4 t468:5 t860:6
slv-164-4328,t448:1 t240:2 t523:3 t523:4 t182:4 t764:5 t885:6
slv-164-5137,t460:1 t240:1 t926:2 t569:3 t523:3 t523:4 t569:4
slv-164-7560,t670:2 t670:4 t486:5
slv-164-7676,t240:0 t523:1 t240:1 t926:2 t523:3
slv-164-8543,t670:2 t486:4 t486:5 t670:5 t670:6
slv-164-9231,t905:0 t545:1
slv-165-0248,t460:1 t240:2 t523:3 t569:4 t523:5 t523:5 t468:6
slv-165-0653,t240:1 t523:2 t523:2 t569:3 t523:4 t523:4 t468:5
slv-165-1419,t670:2 t670:4 t486:5
slv-165-2166,t240:1 t926:2 t468:4 t904:7
slv-165-3264,t601:1 t601:2 t601:4
slv-165-3351,t905:0 t545:1
slv-165-4592,t653:1 t903:1 t860:2 t545:4
slv-165-5803,t736:0 t693:1 t682:2 t523:3 t523:4 t182:4
slv-165-6062,t920:1 t240:2 t278:2 t523:3 t523:3 t468:4 t764:5 t860:6
slv-165-6583,t448:0 t736:0 t112:1 t545:2 t523:3 t523:4 t468:4 t764:5 t885:6
slv-165-6598,t460:1 t240:1 t926:2 t569:3 t523:3 t523:4 t569:4
slv-165-8194,t579:1 t579:1 t843:3 t843:4
slv-165-8803,t460:1 t240:2 t926:3 t468:4
slv-165-9921,t240:1 t926:2 t240:3 t468:6
slv-166-0416,t391:0 t904:0 t860:0 t545:3
slv-166-0701,t920:1 t240:2 t278:2 t523:3 t523:3 t468:4 t764:5 t860:6
slv-166-1224,t579:1 t579:1 t843:3 t843:4
slv-166-1340,t670:2 t486:4 t486:5 t670:5 t670:6
slv-166-1908,t391:0 t904:0 t860:0 t545:2
slv-166-2423,t460:1 t240:2 t523:2 t569:3 t523:3 t523:4 t468:5 t569:6
slv-166-3008,t460:0 t240:1 t926:2 t523:3 t523:4 t569:5
slv-166-3036,t555:1 t486:3 t523:4 t523:5 t182:7
slv-166-4943,t460:1 t240:2 t926:3 t468:4
slv-166-5280,t460:1 t240:2 t523:3 t523:3 t569:4 t523:4 t523:5 t468:6
slv-166-6145,t670:2 t670:4 t486:5
slv-166-8295,t523:3 t182:3
slv-166-8567,t670:2 t670:4 t486:5
slv-166-9032,t670:2 t670:4 t486:5
slv-166-9279,t391:0 t904:0 t545:1 t240:2 t523:2 t523:3 t182:4 t885:4 t860:5
slv-166-9876,t240:1 t468:3 t240:4 t926:5 t523:5 t523:6 t468:7
slv-167-0528,t670:2 t670:4 t486:5
slv-167-1645,t460:1 t240:2 t523:3 t523:3 t569:4 t523:4 t468:5
slv-167-2864,t391:0 t905:0 t860:0 t545:2
slv-167-2956,t670:2 t670:4 t486:5
slv-167-3495,t670:2 t670:4 t486:5
slv-167-6437,t240:1 t926:2 t468:3
slv-167-6701,t601:1 t601:2 t601:3
slv-167-7699,t693:1 t636:2 t693:3 t670:3 t843:4 t843:4 t601:5 t601:5
slv-167-8231,t920:3 t920:4 t920:5
slv-167-9532,t670:2 t486:4 t486:5 t670:5 t670:6
slv-168-0133,t860:0 t545:2
slv-168-0249,t670:2 t670:4 t486:5
slv-168-0288,t670:2 t670:4 t486:5
slv-168-0313,t670:2 t486:4 t670:5 t670:6
slv-168-0498,t391:0 t904:0 t860:0 t545:2
slv-168-0819,t240:1 t926:2 t240:3 t468:6
slv-168-1094,t670:2 t670:4 t486:5
slv-168-2170,t545:1 t240:1 t926:2 t468:2 t240:3 t278:3 t523:4 t523:4 t468:5
slv-168-2385,t764:2 t670:5 t670:6 t486:6 t670:7
slv-168-2651,t741:0 t670:1 t670:2 t396:3
slv-168-3435,t670:2 t670:4 t486:5
slv-168-4446,t920:3 t920:4 t920:5
slv-168-6258,t240:1 t926:3 t468:3 t240:4 t523:4 t468:5
slv-168-6336,t670:2 t670:4 t486:5
slv-168-6656,t486:2 t486:4 t469:5 t636:5 t730:5 t523:6 t182:7
slv-168-7387,t670:2 t670:4 t486:5
slv-168-7505,t670:2 t670:4 t486:5
slv-168-8100,t240:1 t926:2 t926:3 t523:3 t926:4 t468:4
slv-168-8292,t670:2 t670:4 t486:5
slv-168-9520,t670:2 t670:4 t486:5
slv-168-9982,t605:1 t240:3 t523:4 t523:5 t468:5 t860:6
slv-169-0791,t670:2 t670:4 t486:5
slv-169-0907,t460:1 t240:2 t523:3 t569:3 t523:4 t523:4 t468:5
slv-169-1428,t670:2 t670:4 t486:5
slv-169-1550,t885:1 t860:3 t523:4 t182:5
slv-169-2967,t555:1 t486:3 t523:4 t523:5 t182:7
slv-169-3822,t391:1 t545:2 t240:3 t523:4 t523:5 t569:5 t523:6 t468:7
slv-169-4301,t920:1 t240:2 t523:3 t523:4 t468:5 t860:6
slv-169-5611,t670:0 t670:3 t486:5
slv-169-7588,t128:3 t128:4 t631:5 t631:5 t329:5 t329:6
slv-169-7719,t670:2 t670:4 t486:5
slv-169-7983,t764:2 t670:5 t670:6 t486:6 t670:7
slv-169-8222,t670:2 t670:4 t486:5
slv-169-8513,t788:1 t523:2 t523:3 t581:4
slv-169-8572,t460:1 t240:2 t523:3 t523:4 t569:4 t523:5 t468:5
slv-169-9517,t764:5 t670:6 t670:7 t486:7 t670:7
slv-169-9542,t536:1 t240:1 t926:2 t468:3
slv-170-0378,t112:1 t523:3 t523:4 t182:5 t523:5 t581:6
slv-170-1270,t523:1 t523:3 t468:3
slv-170-1847,t670:2 t670:4 t486:5
slv-170-1993,t670:2 t670:4 t486:5
slv-170-3352,t736:0 t693:1 t636:1 t240:2 t523:3 t523:4 t182:5
slv-170-4051,t670:2 t670:4 t486:5
slv-170-4637,t920:3 t920:4 t920:5
slv-170-4659,t601:1 t601:2 t601:4
slv-170-4710,t460:1 t240:2 t523:2 t569:3 t523:3 t523:4 t468:5 t569:6
slv-170-5293,t391:0 t448:0 t240:1 t926:2 t926:3 t523:4 t468:5
slv-170-5505,t905:0 t545:1
slv-170-6065,t670:2 t670:4 t486:5
slv-170-6662,t693:4 t636:5 t523:6 t523:6 t182:7
slv-170-6713,t920:1 t240:2 t278:2 t523:3 t523:3 t468:4 t764:5 t860:6
slv-170-6715,t920:1 t240:2 t278:2 t523:3 t523:3 t468:4 t764:5 t860:6
slv-170-6838,t670:2 t670:4 t486:5
slv-170-7527,t167:1 t391:2 t545:3 t523:3 t240:4 t523:4 t523:5 t468:5
slv-170-8024,t730:1 t240:2 t926:3 t926:4 t468:5
slv-170-9076,t391:0 t545:1 t240:1 t523:2
slv-170-9109,t391:0 t860:0 t391:0 t545:1
slv-170-9197,t693:1 t670:3 t670:4 t693:4 t636:5 t885:6 t860:6
slv-170-9886,t670:2 t670:4 t486:5
slv-171-0354,t670:2 t670:4 t486:5
slv-171-0833,t670:2 t670:4 t486:5
slv-171-1912,t682:0 t240:2 t523:3 t523:3 t182:3 t885:3 t523:4 t468:4 t885:5
slv-171-2012,t764:2 t670:5 t670:6 t486:6 t670:7
slv-171-2016,t670:2 t486:4 t670:5 t670:6
slv-171-2766,t920:1 t240:2 t523:3 t523:4 t468:5 t860:6
slv-171-3098,t605:1 t240:1 t523:2 t523:3 t468:3 t278:3 t278:4 t926:4 t468:5
slv-171-4553,t788:1 t523:3 t523:3 t182:4
slv-171-4728,t670:2 t670:4 t486:5
slv-171-7029,t240:0 t523:1 t523:2 t926:3 t523:3 t581:4
slv-171-8452,t670:2 t670:4 t486:5
slv-171-9415,t670:2 t670:4 t486:5
slv-171-9699,t670:2 t670:4 t486:5
slv-171-9829,t670:2 t670:4 t486:5
slv-172-1460,t309:0 t904:0 t569:0 t860:0
slv-172-2379,t920:1 t240:2 t523:3 t569:5 t523:6 t468:7 t670:7
slv-172-3939,t670:2 t486:4 t670:5 t670:6
slv-172-3960,t788:1 t523:2 t523:3 t581:4
slv-172-4405,t670:2 t670:4 t486:5
slv-172-4884,t670:2 t670:4 t486:5
slv-172-5399,t670:2 t670:4 t486:5
slv-172-5627,t545:0 t523:1 t523:2 t182:3
slv-172-5926,t904:0 t545:1 t240:2 t523:3 t523:4 t468:5 t764:6 t764:6 t860:7
slv-172-6156,t523:1 t523:2 t182:3
slv-172-8445,t670:2 t670:4 t486:5
slv-172-8478,t636:0 t167:0 t496:1 t391:2 t545:2 t240:3 t523:4 t523:4 t182:5
slv-172-8658,t814:1 t290:3 t290:4 t814:4 t814:6
slv-172-9183,t460:1 t240:1 t926:2 t569:3 t523:3 t523:4 t569:4
slv-173-2069,t670:2 t670:4 t486:5
slv-173-2910,t670:2 t670:4 t486:5
slv-173-3345,t672:0 t523:1 t523:2 t182:3
slv-173-3684,t670:2 t670:4 t486:5
slv-173-4542,t460:1 t240:4 t523:5 t523:6 t468:6 t670:7 t670:7
slv-173-5496,t391:1 t545:1 t391:2 t860:3 t545:3 t240:3 t523:4 t468:5
slv-173-5922,t448:0 t240:0 t468:1 t523:3 t523:4 t468:4 t670:5 t670:5 t764:6 t903:6 t860:7
slv-173-6374,t391:0 t736:1 t112:2 t545:3 t240:3 t523:4 t523:4 t581:5 t523:6 t468:6 t764:7
slv-173-9792,t391:0 t545:2
slv-174-0889,t760:0 t670:1 t670:4 t486:6
slv-174-1441,t391:0 t545:1 t240:2 t523:3 t523:3 t926:3 t468:4
slv-174-1966,t905:0 t545:1
slv-174-2000,t670:2 t670:4 t486:5
slv-174-2775,t536:1 t240:1 t926:3 t468:7
slv-174-3961,t670:2 t670:4 t486:5
slv-174-4029,t788:0 t523:2 t523:3 t581:4
slv-174-4392,t788:1 t523:2 t523:3 t581:4
slv-174-4420,t391:0 t545:1
slv-174-5003,t920:1 t240:2 t523:2 t569:3 t523:4 t523:4 t468:5
slv-174-5890,t523:1 t523:3 t182:3
slv-174-6283,t670:2 t670:4 t486:5
slv-174-6854,t670:2 t670:4 t486:5
slv-174-7524,t736:0 t693:1 t682:2 t240:3 t523:3 t523:4
slv-174-7943,t788:1 t523:2 t523:3 t581:4
slv-174-9142,t448:1 t240:2 t523:3 t523:4 t182:4 t764:5 t885:6
slv-174-9369,t670:2 t670:4 t486:5
slv-174-9735,t670:2 t670:4 t486:5
slv-174-9956,t496:0 t904:0 t496:0 t391:0 t904:1 t545:2 t523:3
slv-175-0218,t167:1 t391:2 t545:3 t523:3 t240:4 t523:4 t523:5 t468:5
slv-175-0668,t670:2 t670:4 t486:5
slv-175-2857,t670:2 t670:4 t486:5
slv-175-3866,t788:1 t523:2 t523:3 t581:4
slv-175-4015,t670:2 t670:4 t486:5
slv-175-4111,t240:1 t926:1 t468:2 t240:3 t278:3 t523:3 t523:4 t468:5
slv-175-4982,t904:0 t860:0 t391:0 t860:1 t545:3
slv-175-6835,t670:2 t486:4 t486:5 t670:5 t670:6
slv-175-7297,t670:2 t670:4 t486:5
slv-175-7516,t391:0 t448:0 t636:1 t240:2 t523:3 t523:4 t468:4 t764:5 t885:6
slv-175-8606,t920:3 t920:4 t920:5
slv-175-9083,t496:0 t391:0 t905:0
slv-175-9381,t920:1 t240:2 t523:3 t523:4 t468:5 t860:6
slv-175-9802,t391:0 t736:1 t112:2 t545:3 t240:3 t523:4 t523:4 t581:5 t523:6 t468:6 t764:7
slv-176-0072,t670:2 t670:4 t486:5
slv-176-0107,t682:0 t240:2 t523:3 t523:3 t182:3 t885:3 t523:4 t468:4 t885:5
slv-176-0606,t920:1 t240:2 t523:3 t523:4 t468:5 t860:6
slv-176-1038,t523:5 t182:7 t670:7 t182:7 t885:7 t860:7
slv-176-1251,t670:0 t670:3 t486:5
slv-176-1393,t670:2 t670:4 t486:5
slv-176-1706,t391:0 t905:0 t860:0 t545:2
slv-176-1993,t920:1 t240:2 t278:2 t523:3 t523:3 t468:4 t764:5 t860:6
slv-176-2460,t670:2 t486:4 t486:5 t670:5 t670:6
slv-176-2961,t670:2 t670:4 t486:5
slv-176-3024,t670:2 t670:4 t486:5
slv-176-3896,t391:0 t545:1 t448:1 t240:1 t926:2 t523:3 t523:3 t182:4 t926:4 t468:5 t764:6
slv-176-5334,t653:1 t903:1 t860:2 t545:4
slv-176-5476,t391:0 t860:0 t391:0 t545:1
slv-176-5565,t670:2 t670:4 t486:5
slv-176-5786,t693:1 t636:2 t693:3 t670:3 t843:4 t843:4 t601:5 t601:5
slv-176-6382,t391:0 t904:0 t545:0 t860:1 t545:3
slv-176-6532,t448:1 t391:2 t736:3 t112:3 t545:4 t523:4 t523:5 t182:5 t523:6 t581:7
slv-176-6782,t788:0 t523:2 t523:3 t581:4
slv-176-6930,t670:2 t670:4 t486:5
slv-176-6944,t842:5 t842:6
slv-176-9193,t670:4 t885:6 t860:6 t903:7 t860:7
slv-176-9620,t670:2 t670:4 t486:5
slv-177-1591,t670:2 t670:4 t486:5
slv-177-4160,t670:2 t670:4 t486:5
slv-177-4199,t396:0 t240:1 t926:2 t523:3 t523:3 t926:4 t468:5
slv-177-4611,t693:1 t636:2 t693:3 t670:3 t843:4 t843:4 t601:5 t601:5
slv-177-4662,t670:2 t670:4 t486:5
slv-177-5042,t670:2 t486:4 t670:5 t670:6
slv-177-5631,t616:1 t523:2 t523:3 t581:4 t523:4 t569:5
slv-177-5656,t670:2 t486:4 t486:5 t670:5 t670:6
slv-177-5808,t788:1 t523:2 t523:3 t581:4
slv-177-5859,t764:2 t670:5 t670:6 t486:6 t670:7
slv-177-6973,t240:1 t926:3 t468:3 t240:4 t523:4 t468:5
slv-177-7513,t670:2 t670:4 t486:5
slv-177-7722,t670:2 t670:4 t486:5
slv-177-7749,t653:0 t903:2 t860:4 t391:4 t545:5 t670:6 t670:6
slv-177-7947,t739:0 t545:1 t240:2 t926:3 t523:3 t523:4 t182:4
slv-177-8584,t670:2 t670:4 t486:5
slv-177-8859,t788:1 t523:2 t523:3 t581:4
slv-178-0092,t670:2 t670:4 t486:5
slv-178-1917,t523:3 t182:4 t764:6 t860:7
slv-178-3037,t391:0 t448:0 t636:1 t240:2 t523:3 t523:4 t468:5
slv-178-3124,t670:2 t670:4 t486:5
slv-178-3810,t391:0 t904:0 t545:1 t240:2 t523:2 t523:3 t182:4 t885:4 t860:5
slv-178-4303,t579:1 t579:2 t843:3 t843:4 t579:5
slv-178-4379,t496:0 t391:0 t904:0 t545:2
slv-178-4801,t670:2 t670:4 t486:5
slv-178-5711,t523:0 t926:1 t523:2 t523:3 t468:4
slv-178-5993,t391:0 t545:1 t240:2 t523:3 t523:4
slv-178-6856,t904:0 t860:0 t545:3
slv-178-6944,t682:0 t240:2 t523:3 t523:3 t182:3 t885:3 t523:4 t468:4 t885:5
slv-178-7889,t670:2 t670:4 t486:5
slv-178-8548,t601:1 t601:2 t601:4
slv-178-8578,t693:1 t636:2 t693:3 t670:3 t843:4 t843:4 t601:5 t601:5
slv-178-9797,t601:1 t601:2 t601:4
slv-179-1979,t240:1 t926:2 t523:3 t523:3 t569:4
slv-179-2809,t391:0 t904:0 t860:0 t545:2
slv-179-3602,t396:0 t240:1 t926:2 t523:3 t523:3 t926:4 t468:5
slv-179-3863,t670:2 t670:4 t486:5
slv-179-3890,t670:2 t670:4 t486:5
slv-179-4521,t670:2 t670:4 t486:5
slv-179-5444,t636:0 t736:1 t112:2 t545:2 t240:3 t523:3 t523:4 t581:4 t523:5 t468:7
slv-179-8744,t396:0 t240:1 t523:2 t523:3 t182:3 t240:4 t926:4 t468:5
slv-179-8832,t926:1 t468:3
slv-179-9035,t829:0 t545:1
slv-179-9185,t616:1 t523:2 t523:3 t581:4 t523:4 t569:5
slv-179-9967,t788:0 t523:2 t523:3 t581:4
slv-180-0075,t670:2 t670:4 t486:5
slv-180-0226,t396:0 t240:1 t523:2 t523:3 t182:3 t240:4 t926:4 t468:5
slv-180-0594,t903:1 t860:2 t670:3 t601:3 t601:4 t670:5 t545:5 t843:5 t843:5 t670:6 t843:6
slv-180-0697,t523:1 t523:3 t468:4 t860:5 t523:6 t764:6 t860:7 t670:7
slv-180-1107,t693:4 t636:5 t523:6 t523:6 t182:7
slv-180-1883,t309:2 t460:3 t240:3 t523:4 t569:4 t523:5 t523:5 t468:6
slv-180-1980,t616:2 t523:3 t523:4 t569:4
slv-180-4200,t601:1 t601:2 t601:4
slv-180-4505,t391:0 t905:0
slv-180-4751,t112:1 t523:3 t523:4 t182:5
slv-180-5229,t670:2 t670:4 t486:5
slv-180-5839,t670:2 t670:4 t486:5
slv-180-7358,t536:1 t240:2 t926:2 t468:3 t460:4 t240:6 t569:7
slv-180-7627,t601:1 t601:2 t601:4
slv-180-8337,t788:1 t523:2 t523:3 t581:4
slv-180-8424,t670:2 t670:4 t486:5
slv-180-8833,t523:5 t182:6 t670:7 t885:7 t860:7 t670:7 t182:7
slv-180-9659,t391:0 t736:1 t112:2 t545:3 t240:3 t523:4 t523:4 t581:5 t523:6 t468:6 t764:7
slv-181-0152,t391:0 t904:0 t545:0 t860:1 t545:3
slv-181-0532,t240:2 t926:4 t523:5 t182:6 t523:6 t468:7 t670:7 t670:7
slv-181-1283,t670:2 t486:4 t486:5 t670:5 t670:6
slv-181-1351,t670:2 t670:4 t486:5
slv-181-1432,t545:1 t240:2 t926:4 t926:4 t468:4 t670:4 t523:4 t523:6 t468:6 t764:6
slv-181-3426,t391:1 t736:2 t112:3 t545:3 t523:4 t240:4 t523:4 t523:5 t581:5 t885:6
slv-181-3528,t920:1 t240:2 t523:3 t523:4 t468:5 t860:6
slv-181-4111,t739:1 t545:2
slv-181-4422,t670:0 t670:3 t486:5
slv-181-5197,t693:2 t636:4 t885:5 t860:6
slv-181-5854,t788:1 t523:2 t523:3 t581:4
slv-181-5877,t448:0 t240:1 t926:2 t523:3 t523:3 t569:5
slv-181-6180,t670:2 t670:4 t486:5
slv-181-7076,t860:0 t545:1 t391:2 t545:4
slv-181-7349,t739:1 t545:2 t391:3 t545:4
slv-181-7600,t670:2 t670:4 t486:5
slv-181-7806,t860:0 t545:1 t391:2 t545:4
slv-181-8206,t920:1 t240:2 t523:3 t523:4 t468:5 t860:6
slv-181-8713,t788:1 t523:3 t523:3 t182:4
slv-182-0641,t670:2 t670:4 t486:5
slv-182-3457,t693:1 t636:2 t693:3 t670:3 t843:4 t843:4 t601:5 t601:5
slv-182-4218,t396:0 t240:1 t523:2 t523:3 t182:3 t240:4 t926:4 t468:5
slv-182-4255,t670:2 t486:4 t486:5 t670:5 t670:6
slv-182-4690,t670:2 t670:4 t486:5
slv-182-5227,t920:3 t920:4 t920:5
slv-182-6213,t670:0 t670:3 t486:5
slv-182-6328,t536:1 t240:1 t926:2 t468:3
slv-182-7597,t920:1 t240:1 t468:3 t926:3 t468:3 t523:4 t523:5 t468:5 t670:5
slv-182-7751,t448:0 t240:1 t523:2 t523:3 t182:3 t523:4 t468:5
slv-182-7878,t670:2 t670:4 t486:5
slv-182-8213,t523:1 t523:3 t182:3
slv-182-8282,t920:1 t240:2 t278:2 t523:3 t523:3 t468:4 t764:5 t860:6
slv-182-8622,t670:2 t670:4 t486:5
slv-182-8623,t670:5 t670:6 t486:7 t670:7
slv-182-9418,t240:1 t926:1 t468:2 t240:3 t278:3 t523:3 t523:4 t468:5
slv-182-9519,t670:2 t670:4 t486:5
slv-182-9633,t460:1 t240:2 t926:3 t468:4
slv-183-2063,t764:2 t670:5 t670:6 t486:6 t670:7
slv-183-2400,t240:0 t523:2 t523:3 t468:4
slv-183-2625,t905:0 t545:0 t860:1 t545:2
slv-183-3430,t670:2 t670:4 t486:5
slv-183-4029,t670:2 t670:4 t486:5
slv-183-4520,t670:2 t670:4 t486:5
slv-183-4891,t788:0 t523:1 t523:2 t182:3
slv-183-4943,t920:1 t240:2 t278:2 t523:3 t523:3 t468:4 t764:5 t860:6
slv-183-4978,t670:2 t670:4 t486:5
slv-183-5542,t670:2 t486:4 t486:5 t670:5 t670:6
slv-183-6459,t788:1 t523:3 t523:3 t182:4
slv-183-8609,t523:2 t182:3
slv-183-8837,t240:1 t523:1 t523:2 t182:3
slv-183-9129,t391:1 t545:1 t670:2 t545:3 t240:3 t926:4 t468:5 t764:6
slv-183-9660,t523:3 t182:4
slv-183-9682,t920:3 t920:4 t920:5
slv-184-0070,t730:1 t240:2 t926:3 t926:4 t523:4 t468:5
slv-184-1103,t670:2 t486:4 t486:5 t670:5 t670:6
slv-184-1413,t904:5 t693:6 t693:7 t670:7 t693:7 t636:7
slv-184-1635,t670:2 t670:4 t486:5
slv-184-2316,t670:2 t670:4 t486:5
slv-184-2405,t926:1 t468:3
slv-184-6130,t905:0 t545:0 t860:1 t545:2
slv-184-6179,t860:5 t670:7 t670:7 t904:7
slv-184-7271,t240:1 t926:3 t926:4 t523:5 t523:5 t182:6 t240:6 t468:7
slv-184-8631,t448:1 t240:2 t523:3 t523:4 t182:4 t764:5 t885:6
slv-184-8916,t448:1 t240:3 t523:5 t468:6 t670:6 t670:7 t860:7 t220:7
slv-185-0700,t391:0 t904:0 t240:1 t926:2 t926:3 t523:4
slv-185-1280,t670:2 t670:4 t486:5
slv-185-1505,t536:1 t240:1 t926:2 t468:3
slv-185-1565,t670:2 t486:4 t670:5 t670:6
slv-185-2807,t636:0 t885:0 t903:1 t860:3 t903:5
slv-185-3424,t670:2 t670:4 t486:5
slv-185-3537,t670:2 t670:4 t486:5
slv-185-3720,t670:2 t670:4 t486:5
slv-185-4315,t670:2 t486:4 t486:5 t670:5 t670:6
slv-185-4406,t920:1 t240:2 t278:2 t523:3 t523:3 t468:4 t764:5 t860:6
slv-185-4681,t631:3 t631:5 t631:6
slv-185-5057,t460:1 t240:2 t926:3 t468:4
slv-185-6090,t670:2 t670:4 t486:5
slv-185-6147,t636:0 t904:3 t885:4 t860:5
slv-185-6311,t670:2 t670:4 t486:5
slv-185-6477,t905:0 t545:1
slv-185-6619,t391:0 t448:1 t460:2 t240:4 t523:5 t523:5 t468:6
slv-185-6756,t904:0 t545:1 t240:2 t523:3 t523:4 t468:5 t764:6 t764:6 t860:7
slv-185-7577,t523:0 t569:2 t523:3 t523:4 t468:5
slv-185-7762,t460:1 t240:1 t926:2 t569:3 t523:3 t523:4 t569:4
slv-185-8446,t814:1 t290:3 t290:4 t814:4 t814:6
slv-185-8748,t670:2 t670:4 t486:5
slv-186-0135,t670:2 t486:4 t486:5 t670:5 t670:6
slv-186-0609,t670:2 t670:4 t486:5
slv-186-0620,t448:1 t240:2 t523:3 t523:4 t182:4 t764:5 t885:6
slv-186-0968,t523:0 t523:2 t468:2
slv-186-1006,t240:0 t926:1 t523:2 t523:3 t581:3 t569:4 t523:4 t569:5
slv-186-1236,t670:2 t670:4 t486:5
slv-186-1307,t736:0 t486:1 t486:3 t670:3 t523:4 t523:5 t182:6
slv-186-1565,t523:1 t523:3 t468:4 t860:5 t523:6 t764:6 t860:7 t670:7
slv-186-2209,t920:1 t240:2 t523:3 t523:4 t468:5 t860:6
slv-186-2221,t670:2 t486:4 t486:5 t670:5 t670:6
slv-186-3061,t736:0 t486:1 t486:3 t670:3 t523:4 t523:5 t182:6
slv-186-6625,t240:1 t926:3 t926:4 t523:5 t523:5 t182:6 t240:6 t468:7
slv-186-7103,t601:1 t601:2 t601:4
slv-186-7374,t358:1 t536:2 t240:3 t926:3 t468:5
slv-186-7815,t240:1 t468:3 t240:4 t926:5 t523:5 t523:6 t468:7
slv-186-8063,t167:1 t391:2 t904:3 t860:4 t545:5
slv-186-8761,t764:3 t764:6 t670:6 t670:7 t486:7 t670:7
slv-186-9156,t670:3 t670:5 t486:6
slv-186-9443,t460:1 t240:2 t926:3 t468:4
slv-187-1055,t523:1 t926:2 t926:3 t523:3 t468:4
slv-187-1401,t920:1 t240:2 t523:3 t523:4 t468:5 t860:6
slv-187-1945,t631:3 t631:4 t631:5 t631:6
slv-187-2752,t636:0 t885:0 t903:1 t860:3 t903:5
slv-187-2915,t670:2 t670:4 t486:5
slv-187-3711,t391:0 t736:1 t112:2 t545:3 t240:3 t523:4 t523:4 t581:5 t523:6 t468:6 t764:7
slv-187-4175,t920:1 t240:2 t523:3 t523:4 t468:5 t860:6
slv-187-4642,t670:0 t670:3 t486:5
slv-187-6271,t670:2 t670:4 t486:5
slv-187-7647,t905:0 t545:1
slv-187-7734,t555:1 t486:3 t523:4 t523:5 t182:7
slv-187-8392,t523:1 t523:3 t182:3
slv-187-8710,t240:1 t523:2 t523:2 t569:3 t523:4 t523:4 t468:5
slv-187-8756,t523:0 t926:1 t523:2 t523:3 t468:3
slv-187-9101,t920:1 t240:2 t278:2 t523:3 t523:3 t468:4 t764:5 t860:6
slv-187-9181,t240:1 t926:2 t468:3 t240:4 t468:4 t523:5 t523:5 t182:6
slv-187-9898,t377:1 t377:2 t377:3 t377:4
slv-188-0042,t682:0 t240:2 t523:3 t523:3 t182:3 t885:3 t523:4 t468:4 t885:5
slv-188-0914,t920:1 t240:3 t926:4 t468:5 t670:5 t670:6 t523:6 t468:6
slv-188-1748,t448:0 t240:0 t448:3 t468:4 t860:6
slv-188-1940,t764:2 t670:5 t670:6 t486:6 t670:7
slv-188-2647,t920:1 t240:2 t523:2 t569:3 t523:4 t523:4 t468:5
slv-188-2897,t636:0 t736:1 t523:3 t240:4 t523:5 t523:5 t182:6 t764:7
slv-188-3746,t670:2 t670:4 t636:5 t460:5 t240:6 t523:7 t523:7
slv-188-6023,t670:2 t670:4 t486:5
slv-188-6253,t693:1 t636:2 t693:3 t670:3 t843:4 t843:4 t601:5 t601:5
slv-188-8217,t569:0 t523:1 t523:2 t926:3
slv-188-8416,t670:2 t670:4 t486:5
slv-188-8670,t670:2 t670:4 t486:5
slv-188-9005,t670:1 t843:3 t843:4 t523:4 t182:7
slv-188-9766,t523:1 t523:3 t468:4 t860:5 t523:6 t764:6 t860:7 t670:7
slv-189-0373,t741:0 t240:1 t523:2 t523:3 t468:4
slv-189-0578,t920:1 t240:2 t523:3 t569:5 t523:6 t468:7 t670:7
slv-189-1479,t167:1 t391:2 t545:3 t523:3 t240:4 t523:4 t523:5 t468:5
slv-189-2465,t448:0 t240:1 t523:2 t523:3 t468:3 t926:4 t468:5
slv-189-2673,t788:1 t523:2 t523:3 t581:4
slv-189-3391,t448:0 t240:1 t523:4 t182:6 t670:7 t182:7
slv-189-4215,t636:0 t885:0 t860:0 t545:2 t240:2 t926:3 t523:4 t468:4
slv-189-4505,t905:0 t545:1
slv-189-5304,t736:0 t486:1 t486:3 t670:3 t523:4 t523:5 t182:6
slv-189-5989,t670:2 t670:4 t486:5
slv-189-6029,t670:0 t670:3 t486:5
slv-189-7205,t860:0 t670:0 t486:4 t670:5
slv-189-7628,t788:1 t523:2 t523:3 t581:4
slv-189-7922,t670:2 t670:4 t486:5
slv-189-8943,t523:3 t182:4
slv-189-9452,t764:5 t670:6 t670:7 t486:7 t670:7
slv-189-9757,t788:0 t523:2 t523:3 t581:4
slv-189-9820,t904:5 t693:6 t693:7 t670:7 t693:7 t636:7
slv-190-0641,t460:1 t240:2 t523:2 t523:3 t569:3 t523:4 t468:5
slv-190-1759,t605:1 t240:3 t523:4 t523:5 t468:5 t860:6
slv-190-1899,t903:5 t860:6 t764:6 t486:7 t486:7 t670:7 t486:7
slv-190-2215,t670:2 t670:4 t486:5
slv-190-2533,t545:0 t391:1 t545:4
slv-190-3880,t920:1 t240:2 t523:3 t523:4 t468:5 t860:6
slv-190-4321,t693:1 t636:2 t693:3 t670:3 t843:4 t843:4 t601:5 t601:5
slv-190-5080,t523:1 t523:3 t182:3
slv-190-6155,t670:2 t670:4 t486:5
slv-190-6239,t167:1 t391:1 t904:2 t391:3 t545:4
slv-190-8665,t496:0 t391:0 t905:0
slv-190-8755,t523:3 t182:4 t764:6 t860:7
slv-190-9371,t903:1 t860:2 t670:3 t601:3 t601:4 t670:5 t545:5 t843:5 t843:5 t670:6 t843:6
slv-191-0084,t670:2 t670:4 t486:5
slv-191-1341,t523:1 t523:3 t468:3 t764:6
slv-191-1808,t358:1 t536:2 t240:3 t926:3 t468:5
slv-191-1934,t670:2 t670:4 t486:5
slv-191-1958,t920:1 t240:2 t523:3 t523:4 t468:5 t860:6
slv-191-2765,t391:1 t736:2 t112:3 t545:3 t523:4 t240:4 t523:4 t523:5 t581:5 t885:6
slv-191-3586,t545:0 t523:1 t523:2 t182:3
slv-191-4116,t448:1 t523:3 t523:3 t182:4
slv-191-4291,t788:0 t523:2 t523:3 t581:4
slv-191-4348,t670:2 t670:4 t486:5
slv-191-4553,t523:1 t523:3 t468:3
slv-191-4849,t579:1 t579:2 t843:3 t843:4 t579:5
slv-191-5296,t411:1 t411:2 t411:3 t411:5 t411:6
slv-191-5315,t448:4 t788:5 t523:6 t523:6 t581:7
slv-191-5921,t670:2 t670:4 t486:5
slv-191-6783,t240:2 t926:4 t523:5 t182:6 t523:6 t468:7 t670:7 t670:7
slv-191-7289,t670:2 t670:4 t486:5
slv-191-8216,t391:0 t545:1 t545:2 t523:3 t523:4 t182:4
slv-191-8507,t670:0 t670:2 t486:3 t523:4 t523:6 t182:6
slv-191-8609,t670:2 t670:4 t486:5
slv-191-9018,t569:0 t860:0 t664:0
slv-191-9739,t788:0 t523:2 t523:3 t581:4
slv-192-0226,t670:2 t670:4 t486:5
slv-192-1158,t904:3 t631:5 t631:6 t631:6
slv-192-1287,t601:1 t601:2 t601:4
slv-192-1340,t764:5 t670:6 t670:7 t486:7 t670:7
slv-192-1521,t460:0 t240:1 t926:2 t240:2 t523:3
slv-192-1667,t903:1 t860:2 t670:3 t601:3 t601:4 t670:5 t545:5 t843:5 t843:5 t670:6 t843:6
slv-192-1677,t391:1 t545:1 t739:3 t545:4
slv-192-4909,t605:0 t240:2 t523:3 t523:3 t468:4
slv-192-5365,t569:0 t523:1 t523:2 t926:3
slv-192-5574,t764:5 t670:6 t670:7 t486:7 t670:7
slv-192-6073,t670:2 t670:4 t486:5
slv-192-6539,t396:0 t240:1 t926:2 t523:3 t523:3 t926:4 t468:5
slv-192-7124,t903:1 t860:2 t670:3 t601:3 t601:4 t670:5 t545:5 t843:5 t843:5 t670:6 t843:6
slv-192-7265,t391:0 t545:2
slv-192-8766,t920:3 t920:4 t920:5
slv-192-8891,t764:3 t670:5 t670:6 t486:6 t670:7
slv-193-0571,t788:1 t523:2 t523:3 t581:4
slv-193-0622,t601:1 t601:2 t601:4
slv-193-0768,t555:1 t486:3 t523:4 t523:5 t182:7
slv-193-1185,t788:1 t523:2 t523:3 t581:4
slv-193-2168,t240:1 t468:3 t240:4 t926:5 t523:5 t523:6 t468:7
slv-193-2245,t920:1 t240:2 t523:3 t523:4 t468:5 t860:6
slv-193-2799,t670:0 t670:3 t486:5
slv-193-3317,t523:3 t182:4 t764:6 t860:7
slv-193-3320,t460:1 t240:2 t523:2 t523:3 t569:3 t523:4 t468:5
slv-193-3461,t764:2 t670:5 t670:6 t486:6 t670:7
slv-193-3500,t670:2 t670:4 t486:5
slv-193-3595,t670:2 t670:4 t486:5
slv-193-3899,t601:1 t601:2 t601:3
slv-193-3928,t605:1 t240:3 t523:4 t523:5 t468:5 t860:6
slv-193-4545,t920:1 t240:2 t278:2 t523:3 t523:3 t468:4 t764:5 t860:6
slv-193-6183,t764:2 t670:5 t670:6 t486:6 t670:7
slv-193-6512,t736:0 t693:1 t636:1 t240:2 t523:3 t523:4 t182:5
slv-193-6579,t448:1 t240:2 t523:3 t523:4 t182:4 t764:5 t885:6
slv-193-6640,t579:1 t579:1 t843:3 t843:4
slv-193-6720,t920:1 t240:2 t278:2 t523:3 t523:3 t468:4 t764:5 t860:6
slv-193-7661,t670:2 t670:4 t486:5
slv-193-8345,t391:1 t904:2 t545:3 t391:3 t545:4 t860:4 t545:5
slv-193-9786,t240:1 t926:3 t523:4 t468:5 t240:6 t468:7
slv-194-0173,t523:1 t182:3 t885:4 t860:4
slv-194-0174,t920:1 t240:2 t278:2 t523:3 t523:3 t468:4 t764:5 t860:6
slv-194-0240,t167:1 t391:2 t545:3 t523:3 t240:4 t523:4 t523:5 t468:5
slv-194-0317,t926:0 t926:1 t523:3 t926:3 t468:3
slv-194-0333,t670:2 t670:4 t486:5
slv-194-0522,t486:1 t486:3 t670:4 t670:5
slv-194-0541,t670:2 t670:4 t486:5
slv-194-0952,t885:1 t860:2 t903:3 t860:5
slv-194-1431,t523:1 t523:3 t182:3
slv-194-1436,t904:4 t631:5 t128:6 t631:6 t631:7
slv-194-2018,t926:0 t926:1 t523:2 t523:3 t926:3
slv-194-2229,t670:2 t670:4 t486:5
slv-194-2307,t670:2 t670:4 t486:5
slv-194-2639,t601:1 t601:3
slv-194-3607,t670:2 t486:4 t486:5 t670:5 t670:6
slv-194-4094,t670:2 t670:4 t486:5
slv-194-4226,t788:1 t523:3 t523:3 t468:4
slv-194-4891,t920:1 t240:2 t278:2 t523:3 t523:3 t468:4 t764:5 t860:6
slv-194-4893,t670:2 t670:4 t486:5
slv-194-5140,t788:1 t523:2 t523:3 t581:4
slv-194-5641,t460:1 t240:2 t523:3 t523:3 t569:4 t523:4 t468:5
slv-194-5756,t920:1 t240:2 t278:2 t523:3 t523:3 t468:4 t764:5 t860:6
slv-194-6127,t240:1 t926:2 t926:3 t523:3 t926:4 t468:4
slv-194-7064,t523:0 t926:1 t523:2 t523:3 t468:3
slv-194-7244,t670:2 t670:4 t486:5
slv-194-7289,t670:2 t670:4 t486:5
slv-194-8204,t860:0 t391:1 t860:2 t545:3
slv-194-8405,t920:1 t240:2 t278:2 t523:3 t523:3 t468:4 t764:5 t860:6
slv-195-0746,t670:2 t486:4 t486:5 t670:5 t670:6
slv-195-0761,t670:2 t670:4 t486:5
slv-195-2449,t670:2 t670:4 t486:5
slv-195-2656,t496:0 t391:0 t905:0
slv-195-3450,t693:1 t636:2 t693:3 t670:3 t843:4 t843:4 t601:5 t601:5
slv-195-4308,t670:2 t486:4 t486:5 t670:5 t670:6
slv-195-6413,t670:2 t670:4 t486:5
slv-195-7226,t448:0 t545:1 t448:2 t240:3 t926:3 t468:4 t764:6
slv-195-9082,t920:1 t240:2 t523:3 t523:4 t468:5 t860:6
slv-196-1096,t672:1 t523:2 t523:3 t581:4
slv-196-1461,t670:2 t670:4 t486:5
slv-196-1643,t903:5 t860:6 t764:6 t486:7 t486:7 t670:7 t486:7
slv-196-1896,t523:1 t523:3 t182:3
slv-196-2045,t920:1 t240:2 t278:2 t523:3 t523:3 t468:4 t764:5 t860:6
slv-196-2162,t739:1 t545:2 t391:3 t545:4
slv-196-2458,t788:1 t523:2 t523:3 t581:4
slv-196-3412,t788:1 t523:3 t523:3 t182:4
slv-196-4295,t616:2 t523:3 t523:4 t569:4
slv-196-5534,t670:2 t486:4 t486:5 t670:5 t670:6
slv-196-5901,t670:2 t670:4 t486:5
slv-196-5959,t523:1 t523:3 t468:3 t764:6
slv-196-8072,t670:2 t670:4 t486:5
slv-196-8358,t920:1 t240:2 t523:3 t523:4 t468:5 t860:6
slv-196-9924,t670:2 t670:4 t486:5
slv-197-0189,t670:2 t670:4 t486:5
slv-197-0672,t670:2 t670:4 t486:5
slv-197-4093,t860:0 t545:2
slv-197-4766,t920:1 t240:2 t523:3 t523:4 t468:5 t860:6
slv-197-4948,t605:1 t240:2 t523:3 t523:3 t468:4 t764:5 t860:6
slv-197-6205,t670:2 t670:4 t486:5
slv-197-6387,t448:1 t523:3 t523:3 t182:4
slv-197-6959,t523:2 t523:3 t182:4
slv-197-9146,t860:0 t545:2
slv-197-9169,t739:1 t545:2
slv-197-9777,t736:0 t486:1 t486:3 t670:3 t523:4 t523:5 t182:6
slv-198-0047,t904:0 t860:0 t545:1
slv-198-0890,t788:0 t523:2 t523:3 t581:4
slv-198-0945,t240:0 t926:2 t523:3 t523:4 t581:5
slv-198-1375,t670:2 t670:4 t486:5
slv-198-1464,t920:1 t240:2 t523:2 t569:3 t523:4 t523:4 t468:5
slv-198-2489,t240:1 t926:1 t468:2 t240:3 t278:3 t523:3 t523:4 t468:5
slv-198-2827,t670:2 t486:4 t486:5 t670:5 t670:6
slv-198-2886,t670:2 t670:4 t486:5
slv-198-4338,t885:1 t860:3 t523:4 t182:5
slv-198-5004,t460:1 t240:2 t523:3 t523:4 t569:4 t523:5 t468:5
slv-198-5153,t991:0 t814:3 t814:4 t631:5 t631:6 t631:7
slv-198-5857,t920:1 t240:2 t278:2 t523:3 t523:3 t468:4 t764:5 t860:6
slv-198-6251,t396:0 t240:1 t523:2 t523:3 t182:3 t240:4 t926:4 t468:5
slv-198-6399,t788:0 t523:2 t523:3 t581:4
slv-198-6709,t739:1 t545:2
slv-198-7231,t670:2 t486:4 t486:5 t670:5 t670:6
slv-198-8645,t920:1 t240:2 t523:3 t523:4 t468:5 t860:6
slv-198-9273,t920:1 t240:2 t523:3 t569:5 t523:6 t468:7 t670:7
slv-198-9659,t486:3 t670:5 t670:6
slv-199-1750,t460:1 t240:2 t926:3 t468:4
slv-199-2110,t670:2 t486:4 t486:5 t670:5 t670:6
slv-199-2449,t240:1 t523:2 t523:3 t468:4
slv-199-2913,t601:1 t601:2 t601:3
slv-199-2996,t167:1 t391:2 t545:3 t523:3 t240:4 t523:4 t523:5 t468:5
slv-199-3379,t631:3 t631:5 t631:6
slv-199-3533,t670:2 t670:4 t486:5
slv-199-4387,t670:2 t670:4 t486:5
slv-199-5190,t670:2 t670:4 t486:5
slv-199-5192,t240:0 t569:1 t523:2 t523:3 t569:4
slv-199-5201,t240:1 t926:1 t468:2 t240:3 t278:3 t523:3 t523:4 t468:5
slv-199-6763,t788:0 t523:1 t523:2 t182:3
slv-199-6789,t670:2 t670:4 t486:5
slv-199-7039,t240:0 t523:1 t569:2 t523:3 t523:4
slv-199-8907,t670:2 t670:4 t486:5
slv-199-8950,t636:0 t736:1 t523:3 t240:4 t523:5 t523:5 t182:6 t764:7
slv-199-9151,t788:1 t523:3 t523:3 t182:4
slv-200-0482,t739:1 t545:2 t391:3 t545:4
slv-200-1738,t670:2 t670:4 t486:5
slv-200-2916,t601:1 t601:2 t601:4
slv-200-4381,t670:2 t670:4 t486:5
slv-200-4545,t601:1 t601:2 t601:4
slv-200-4809,t391:0 t736:1 t112:2 t545:3 t240:3 t523:4 t523:4 t581:5 t523:6 t468:6 t764:7
slv-200-5670,t523:3 t182:4 t764:6 t860:7
slv-200-5922,t112:1 t523:3 t523:4 t182:5 t523:6 t581:6
slv-200-6255,t240:1 t523:1 t523:2 t569:3 t523:4 t468:5
slv-200-7030,t788:0 t523:2 t523:3 t581:4
slv-200-7872,t670:2 t670:4 t486:5
slv-200-8378,t764:5 t670:6 t670:7 t486:7 t670:7
slv-200-9660,t448:0 t240:1 t926:2 t523:3 t523:3 t569:5
slv-201-0096,t601:1 t601:2 t601:4
slv-201-1184,t670:2 t670:4 t486:5
slv-201-1324,t730:1 t240:2 t926:3 t926:4 t523:4 t468:5
slv-201-1547,t167:1 t391:2 t545:3 t523:3 t240:4 t523:4 t523:5 t468:5
slv-201-1782,t670:2 t486:4 t486:5 t670:5 t670:6
slv-201-1894,t920:1 t240:2 t523:3 t523:4 t468:5 t860:6
slv-201-2043,t670:2 t670:4 t486:5
slv-201-2775,t358:1 t240:2 t926:3 t468:3 t569:5
slv-201-3594,t860:0 t903:1 t860:1 t545:3
slv-201-3755,t670:2 t670:4 t486:5
slv-201-3829,t920:1 t240:2 t278:2 t523:3 t523:3 t468:4 t764:5 t860:6
slv-201-4665,t601:1 t601:3 t601:4
slv-201-6979,t903:5 t860:6 t764:6 t486:7 t486:7 t670:7 t486:7
slv-201-7204,t670:2 t670:4 t486:5
slv-201-8206,t670:2 t670:4 t486:5
slv-201-8449,t523:1 t523:3 t581:3
slv-201-9139,t670:2 t486:4 t486:5 t670:5 t670:6
slv-201-9709,t523:0 t926:1 t523:2 t523:3 t468:3
slv-202-0780,t670:2 t670:4 t486:5
slv-202-1727,t788:0 t523:2 t523:3 t581:4
slv-202-3127,t991:0 t814:3 t814:4 t631:5 t631:6 t631:7
slv-202-3135,t523:3 t182:4 t764:6 t860:7
slv-202-3348,t240:1 t926:1 t468:2 t240:3 t278:3 t523:3 t523:4 t468:5
slv-202-4087,t523:3 t182:4 t764:6 t860:7
slv-202-5255,t670:2 t670:4 t486:5
slv-202-6460,t670:2 t670:4 t486:5
slv-202-7205,t523:3 t182:4
slv-202-7877,t396:0 t523:3 t523:3 t182:4
slv-202-8283,t670:2 t670:4 t486:5
slv-202-8863,t240:0 t569:0 t240:1 t926:2
slv-202-8908,t670:5 t670:6 t486:7 t670:7
slv-202-9822,t670:2 t670:4 t486:5
slv-203-0752,t523:1 t523:3 t581:3
slv-203-1570,t676:1 t523:3 t569:4 t523:5 t523:6 t468:7
slv-203-1650,t670:2 t670:4 t486:5
slv-203-2530,t240:1 t926:3 t523:4 t468:5 t240:6 t468:7
slv-203-2733,t486:2 t486:4 t469:5 t636:5 t730:5 t523:6 t182:7
slv-203-2991,t670:2 t670:4 t486:5
slv-203-3197,t448:0 t240:1 t926:2 t523:3 t523:3 t569:5
slv-203-4277,t670:2 t670:4 t486:5
slv-203-4523,t523:3 t182:4
slv-203-4715,t240:1 t926:3 t926:4 t523:5 t523:5 t182:6 t240:6 t468:7
slv-203-5226,t670:2 t670:4 t486:5
slv-203-5321,t670:2 t670:4 t486:5
slv-203-5521,t670:2 t486:4 t486:5 t670:5 t670:6
slv-203-6118,t240:1 t523:1 t523:2 t926:3 t523:3 t468:4
slv-203-7444,t391:0 t736:1 t112:2 t545:3 t240:3 t523:4 t523:4 t581:5 t523:6 t468:6 t764:7
slv-203-7507,t920:1 t240:2 t523:3 t523:4 t468:5 t860:6
slv-203-7705,t788:1 t523:2 t523:3 t581:4
slv-203-7836,t636:0 t167:0 t496:1 t391:2 t545:3 t240:3 t523:4 t523:4 t468:5
slv-203-7921,t682:0 t240:2 t523:3 t523:3 t182:3 t885:3 t523:4 t468:4 t885:5
slv-204-2693,t391:0 t736:1 t112:3 t523:4 t523:5 t182:6 t764:6 t764:7 t903:7 t860:7
slv-204-2896,t920:1 t240:2 t278:2 t523:3 t523:3 t468:4 t764:5 t860:6
slv-204-3083,t523:0 t926:1 t523:2 t523:3 t468:3
slv-204-5695,t670:2 t486:4 t486:5 t670:5 t670:6
slv-204-6191,t240:1 t523:1 t523:3 t569:3 t523:4 t468:5
slv-204-6347,t860:0 t545:2
slv-204-6808,t670:2 t670:4 t486:5
slv-204-7084,t693:1 t670:3 t670:4 t693:4 t636:5 t885:6 t860:6
slv-204-7394,t545:1 t240:2 t926:4 t926:4 t468:4 t670:4 t523:4 t523:6 t468:6 t764:6
slv-204-7851,t579:1 t843:2 t843:3 t579:4 t579:5
slv-204-7899,t788:1 t523:2 t523:3 t581:4
slv-204-8244,t670:2 t670:4 t486:5
slv-204-8466,t448:0 t240:1 t926:2 t468:3 t523:3 t523:4 t468:5 t764:6
slv-204-8837,t448:0 t240:0 t448:3 t468:4 t860:6
slv-204-9791,t601:1 t601:2 t601:4
slv-205-0094,t636:0 t167:0 t496:1 t391:2 t545:3 t240:3 t523:4 t523:4 t468:5
slv-205-0354,t670:2 t670:4 t486:5
slv-205-0600,t391:0 t860:0 t545:2
slv-205-1271,t670:2 t670:4 t486:5
slv-205-1452,t616:2 t523:3 t523:4 t569:4
slv-205-4350,t860:0 t545:0 t905:1 t545:2
slv-205-4390,t903:1 t860:2 t670:3 t601:3 t601:4 t670:5 t545:5 t843:5 t843:5 t670:6 t843:6
slv-205-4597,t396:0 t240:1 t523:2 t523:3 t182:3 t240:4 t926:4 t468:5
slv-205-4857,t670:1 t843:3 t843:4 t523:4 t182:7
slv-205-5208,t670:2 t670:4 t486:5
slv-205-5285,t693:1 t636:2 t693:3 t670:3 t843:4 t843:4 t601:5 t601:5
slv-205-5317,t788:0 t523:2 t523:3 t581:4
slv-205-5519,t885:0 t860:1 t903:3 t860:5
slv-205-9026,t920:1 t240:2 t523:3 t523:4 t468:5 t860:6
slv-205-9057,t167:1 t391:2 t904:3 t860:4 t545:5
slv-205-9289,t693:1 t670:3 t670:4 t693:4 t636:5 t885:6 t860:6
slv-205-9982,t693:2 t636:4 t885:5 t860:6
slv-206-1460,t605:1 t240:2 t523:3 t523:3 t468:4 t764:5 t860:6
slv-206-1861,t920:1 t240:2 t523:3 t523:4 t468:5 t860:6
slv-206-2388,t523:6 t182:7 t670:7 t182:7 t885:7 t860:7
slv-206-2435,t920:1 t240:2 t278:2 t523:3 t523:3 t468:4 t764:5 t860:6
slv-206-2698,t636:0 t391:0 t545:1 t670:2 t670:3 t486:3 t240:3 t523:3 t523:3 t182:5
slv-206-4695,t670:2 t486:4 t486:5 t670:5 t670:6
slv-206-5423,t670:2 t670:4 t486:5
slv-206-5665,t670:2 t670:4 t486:5
slv-206-5953,t676:1 t523:3 t569:4 t523:5 t523:6 t468:7
slv-206-5966,t448:0 t545:1 t448:2 t240:3 t926:3 t468:4 t764:6
slv-206-6388,t601:1 t601:2 t601:3
slv-206-7133,t788:1 t523:3 t523:3 t182:4
slv-206-7426,t523:3 t182:3
slv-206-7490,t670:2 t670:4 t486:5
slv-206-7678,t764:3 t764:6 t670:6 t670:7 t486:7 t670:7
slv-206-8076,t903:0 t860:0 t903:1
slv-206-8359,t920:1 t240:2 t523:3 t569:5 t523:6 t468:7 t670:7
slv-206-8780,t788:0 t523:2 t523:3 t581:4
slv-206-9000,t860:0 t545:2
slv-206-9578,t829:2 t788:3 t523:4 t523:4 t581:5
slv-207-0163,t670:2 t486:4 t486:5 t670:5 t670:6
slv-207-0491,t167:0 t391:1 t545:2
slv-207-0941,t670:2 t486:4 t486:5 t670:5 t670:6
slv-207-1375,t739:1 t545:2 t391:3 t545:4
slv-207-1514,t670:2 t670:4 t486:5
slv-207-1736,t448:1 t391:2 t736:3 t112:3 t545:4 t523:4 t523:5 t182:5 t523:6 t581:7
slv-207-2740,t670:2 t670:4 t486:5
slv-207-2817,t670:2 t670:4 t486:5
slv-207-3044,t905:0 t545:1
slv-207-3255,t605:1 t240:2 t523:3 t523:3 t468:4 t764:5 t860:6
slv-207-3264,t523:1 t523:3 t182:3
slv-207-4220,t240:1 t278:1 t240:2 t523:3 t523:3 t278:3 t278:4 t523:4 t468:5
slv-207-4267,t670:3 t670:5 t486:6
slv-207-4305,t764:2 t670:5 t670:6 t486:6 t670:7
slv-207-5884,t920:1 t240:2 t278:2 t523:3 t523:3 t468:4 t764:5 t860:6
slv-207-5934,t670:2 t670:4 t486:5
slv-207-6413,t496:0 t391:0 t904:0 t545:2
slv-207-7693,t601:1 t601:3 t601:4
slv-207-7801,t670:2 t670:4 t486:5
slv-207-8332,t739:1 t545:2 t391:3 t545:4
slv-207-9354,t670:2 t670:4 t486:5
slv-207-9376,t670:2 t670:4 t486:5
slv-207-9793,t670:2 t670:4 t486:5
slv-208-0139,t926:1 t468:3
slv-208-0383,t920:1 t240:2 t278:2 t523:3 t523:3 t468:4 t764:5 t860:6
slv-208-0525,t460:0 t240:1 t926:2 t523:3 t523:4 t569:5
slv-208-0670,t788:0 t523:2 t523:3 t581:4
slv-208-0783,t736:0 t693:1 t636:1 t240:2 t523:3 t523:4 t182:5
slv-208-1685,t788:1 t523:3 t523:4 t581:6
slv-208-2028,t460:1 t240:2 t523:3 t523:3 t182:4
slv-208-3572,t670:2 t670:4 t486:5
slv-208-3825,t842:5 t842:6
slv-208-4313,t739:1 t545:2 t391:3 t545:4
slv-208-4903,t601:1 t601:2 t601:3
slv-208-4932,t460:1 t240:2 t523:3 t569:3 t523:4 t523:4 t468:5
slv-208-5685,t391:0 t545:1
slv-208-7079,t460:1 t240:1 t523:2 t569:3 t523:3 t523:4 t468:4 t569:5
slv-208-7118,t670:0 t670:2 t636:3 t167:4 t391:4 t904:5 t496:5 t391:5 t545:5
slv-208-8293,t605:1 t240:1 t523:2 t523:3 t468:3 t278:3 t278:4 t926:4 t468:5
slv-208-9763,t670:3 t670:5 t486:6
slv-209-0277,t358:1 t536:2 t240:3 t926:3 t468:5
slv-209-1576,t670:2 t670:4 t486:5
slv-209-1580,t785:0 t814:2 t814:3 t785:4 t785:5
slv-209-3273,t670:2 t670:4 t486:5
slv-209-3781,t240:1 t278:2 t523:3 t523:3 t468:4 t764:5 t885:5 t860:6
slv-209-3808,t240:1 t523:2 t523:2 t569:3 t523:4 t523:4 t468:5
slv-209-4437,t920:1 t240:2 t523:3 t523:4 t468:5 t860:6
slv-209-4450,t670:2 t670:4 t486:5
slv-209-5244,t920:1 t240:2 t523:3 t523:4 t468:5 t860:6
slv-209-5538,t670:2 t670:4 t486:5
slv-209-6161,t240:2 t926:4 t926:5 t523:5 t182:6 t240:6 t468:7
slv-209-6803,t448:2 t523:3 t523:4 t182:5 t523:5 t581:6
slv-209-7139,t545:0 t240:1 t569:2 t523:4 t240:5 t523:6 t468:7
slv-209-7713,t636:0 t167:0 t496:1 t391:2 t545:3 t240:3 t523:4 t523:4 t468:5
slv-209-8160,t523:0 t523:0 t926:2 t926:2 t523:3 t468:3
slv-209-9380,t636:0 t167:0 t496:1 t391:2 t545:2 t240:3 t523:4 t523:4 t182:5
slv-210-0073,t788:1 t523:2 t523:3 t581:4
slv-210-1004,t670:2 t486:4 t486:5 t670:5 t670:6
slv-210-1048,t670:2 t670:4 t486:5
slv-210-1127,t391:0 t904:0 t860:0 t545:3
slv-210-1633,t736:0 t693:1 t636:1 t240:2 t523:3 t523:4 t182:5
slv-210-2267,t448:1 t240:3 t523:5 t468:6 t670:6 t670:7 t860:7 t220:7
slv-210-2469,t240:1 t926:1 t468:2 t240:3 t278:3 t523:3 t523:4 t468:5
slv-210-2686,t920:1 t240:2 t523:3 t523:4 t468:5 t860:6
slv-210-2997,t670:2 t670:4 t486:5
slv-210-3173,t396:0 t240:1 t926:2 t523:3 t523:3 t926:4 t468:5
slv-210-3894,t670:2 t670:4 t486:5
slv-210-4359,t670:2 t670:4 t486:5
slv-210-5488,t788:1 t523:2 t523:3 t581:4
slv-210-5576,t739:1 t545:2 t391:3 t545:4
slv-210-6000,t545:0 t391:1 t545:2 t904:3 t545:4
slv-210-6765,t240:1 t926:2 t240:3 t468:6
slv-210-7593,t601:1 t601:3 t601:4
slv-210-7766,t903:5 t860:6 t764:6 t486:7 t486:7 t670:7 t486:7
slv-210-7875,t670:2 t670:4 t486:5
slv-210-8140,t391:0 t904:0 t545:1 t240:2 t523:2 t523:3 t182:4 t885:4 t860:5
slv-211-0361,t670:2 t670:4 t486:5
slv-211-1056,t636:0 t736:1 t112:2 t545:2 t240:3 t523:3 t523:4 t581:4 t523:5 t468:7
slv-211-1816,t523:0 t523:2 t468:3
slv-211-2546,t601:0 t601:2 t377:3 t377:4
slv-211-4747,t240:0 t523:1 t523:2 t926:3 t523:3 t581:4
slv-211-4764,t240:0 t926:1 t926:3 t468:4
slv-211-5600,t569:0 t523:1 t523:2 t926:3
slv-211-5689,t670:2 t670:4 t486:5
slv-211-5933,t460:0 t240:1 t926:2 t523:3 t523:4 t569:5
slv-211-6137,t920:1 t240:2 t278:2 t523:3 t523:3 t468:4 t764:5 t860:6
slv-211-7897,t329:1 t329:3 t631:4 t631:5
slv-211-7961,t904:5 t670:6 t885:7 t860:7 t670:7 t523:7 t182:7
slv-211-8195,t814:1 t814:4 t631:5 t631:6 t631:6
slv-211-8271,t391:0 t545:2
slv-211-9811,t240:1 t278:2 t523:3 t523:3 t468:4 t764:5 t885:5 t860:6
slv-212-0757,t670:2 t670:4 t486:5
slv-212-0869,t486:2 t486:4 t469:5 t636:5 t730:5 t523:6 t182:7
slv-212-0925,t788:1 t523:3 t523:3 t182:4
slv-212-2599,t460:1 t240:2 t523:2 t569:3 t523:4 t523:4 t468:5
slv-212-3064,t920:1 t240:2 t278:2 t523:3 t523:3 t468:4 t764:5 t860:6
slv-212-5184,t920:1 t240:2 t523:2 t569:3 t523:4 t523:4 t468:5
slv-212-5817,t670:2 t670:4 t486:5
slv-212-5959,t670:2 t486:4 t486:5 t670:5 t670:6
slv-212-6841,t523:3 t182:4
slv-212-6917,t670:2 t486:4 t486:5 t670:5 t670:6
slv-212-7349,t523:3 t182:4
slv-212-7624,t920:1 t240:2 t278:2 t523:3 t523:3 t468:4 t764:5 t860:6
slv-212-8712,t670:2 t670:4 t486:5
slv-212-9322,t601:1 t601:2 t601:4
slv-213-0125,t682:0 t240:2 t523:3 t523:3 t182:3 t885:3 t523:4 t468:4 t885:5
slv-213-1265,t788:0 t523:2 t523:3 t581:4
slv-213-4190,t396:0 t240:1 t523:2 t523:3 t182:3 t240:4 t926:4 t468:5
slv-213-4755,t460:1 t240:2 t926:3 t468:4
slv-213-5196,t670:2 t670:4 t486:5
slv-213-6234,t670:2 t670:4 t486:5
slv-213-6626,t670:5 t670:6 t486:7 t670:7
slv-213-6745,t670:2 t486:4 t486:5 t670:5 t670:6
slv-213-7583,t670:2 t670:4 t486:5
slv-213-7934,t670:2 t486:4 t486:5 t670:5 t670:6
slv-213-8127,t764:5 t670:6 t670:7 t486:7 t670:7
slv-213-8205,t240:1 t523:2 t523:3 t468:4
slv-214-0401,t496:0 t860:1 t903:1 t860:2 t545:4
slv-214-0517,t670:2 t670:4 t486:5
slv-214-1285,t391:0 t545:1
slv-214-1459,t106:2 t631:3 t631:5
slv-214-1674,t885:1 t860:3 t670:5 t670:6
slv-214-2400,t391:0 t904:0 t545:1 t240:2 t523:2 t523:3 t182:4 t885:4 t860:5
slv-214-2601,t860:0 t903:1 t860:1 t545:3
slv-214-3448,t396:0 t240:1 t926:2 t523:3 t523:3 t926:4 t468:5
slv-214-3577,t920:1 t240:2 t523:3 t523:4 t468:5 t860:6
slv-214-3629,t920:1 t240:2 t278:2 t523:3 t523:3 t468:4 t764:5 t860:6
slv-214-4585,t536:1 t240:1 t926:2 t468:3
slv-214-5616,t905:0 t545:0 t860:1 t545:2
slv-214-5989,t605:0 t240:2 t523:3 t523:3 t468:4
slv-214-6502,t496:0 t391:0 t905:0
slv-214-6758,t670:2 t670:4 t486:5
slv-214-7283,t240:1 t523:2 t523:2 t569:3 t523:4 t523:4 t468:5
slv-214-7713,t636:0 t885:0 t636:1 t904:4 t860:5
slv-214-7782,t920:1 t240:2 t523:3 t523:4 t468:5 t860:6
slv-214-7900,t885:1 t860:3 t523:4 t182:5
slv-214-8737,t460:0 t240:2 t523:3 t569:5 t860:6 t569:7 t523:7 t468:7
slv-214-8936,t670:2 t670:4 t486:5
slv-214-9284,t736:0 t486:1 t486:3 t670:3 t523:4 t523:5 t182:6
slv-214-9339,t391:0 t905:0 t860:0 t545:2
slv-214-9885,t670:2 t670:4 t486:5
slv-215-0690,t128:3 t128:4 t631:5 t631:5 t329:5 t329:6
slv-215-1063,t448:1 t240:3 t523:5 t468:6 t670:6 t670:7 t860:7 t220:7
slv-215-1562,t905:0 t545:0 t860:1 t545:2
slv-215-1847,t764:5 t670:6 t670:7 t486:7 t670:7
slv-215-1971,t391:1 t545:1 t391:2 t860:3 t545:3 t240:3 t523:4 t468:5
slv-215-3496,t670:2 t670:4 t486:5
slv-215-3850,t788:0 t523:2 t523:3 t581:4
slv-215-5597,t460:1 t240:3 t523:4 t569:5 t860:6 t670:6 t670:7 t523:7 t468:7
slv-215-6301,t670:2 t486:4 t486:5 t670:5 t670:6
slv-215-6674,t676:1 t523:3 t569:4 t523:5 t523:6 t468:7
slv-215-6902,t460:1 t240:4 t523:5 t523:6 t468:6 t670:7 t670:7
slv-215-7194,t460:0 t240:2 t523:3 t569:3 t523:4 t523:4 t468:5
slv-215-7455,t905:0 t545:1
slv-215-7461,t240:0 t523:2 t523:3 t468:4
slv-216-0038,t903:0 t860:1 t885:1 t860:3 t903:4
slv-216-0525,t682:0 t240:2 t523:3 t523:3 t182:3 t885:3 t523:4 t468:4 t885:5
slv-216-1325,t670:2 t670:4 t486:5
slv-216-3004,t903:1 t860:2 t670:3 t601:3 t601:4 t670:5 t545:5 t843:5 t843:5 t670:6 t843:6
slv-216-4322,t670:2 t670:4 t486:5
slv-216-4692,t240:1 t926:2 t468:3
slv-216-4806,t736:0 t693:1 t636:1 t240:2 t523:3 t523:4 t182:5
slv-216-5055,t670:2 t486:4 t486:5 t670:5 t670:6
slv-216-5375,t926:2 t523:4 t523:5 t182:6
slv-216-5421,t670:2 t670:4 t486:5
slv-216-6055,t523:1 t523:3 t468:3 t764:6
slv-216-6805,t920:1 t240:2 t523:3 t523:4 t468:5 t860:6
slv-216-7182,t670:2 t670:4 t486:5
slv-216-8494,t904:1 t670:4 t670:6 t693:6 t636:7
slv-216-9221,t926:2 t523:4 t523:5 t182:6
slv-217-0613,t240:1 t523:1 t523:2 t569:3 t523:4 t468:5
slv-217-0626,t670:2 t670:4 t486:5
slv-217-0772,t631:3 t631:5 t631:6
slv-217-3487,t486:3 t670:5 t670:6
slv-217-3618,t670:2 t670:4 t486:5
slv-217-3624,t670:2 t670:4 t486:5
slv-217-4245,t920:3 t920:4 t920:5
slv-217-4644,t788:1 t523:3 t523:3 t182:4
slv-217-6247,t128:3 t128:4 t631:5
slv-217-6248,t601:1 t601:2 t601:4
slv-217-6472,t670:2 t670:4 t486:5
slv-217-7117,t601:1 t601:2 t601:4
slv-217-8362,t460:1 t240:4 t523:5 t523:6 t468:6 t670:7 t670:7
slv-218-1890,t523:2 t523:3 t182:4
slv-218-2220,t601:1 t601:2 t601:4
slv-218-2221,t670:2 t670:4 t486:5
slv-218-2259,t391:0 t904:0 t885:1 t860:4
slv-218-2447,t670:2 t486:4 t486:5 t670:5 t670:6
slv-218-2773,t736:0 t486:1 t486:3 t670:3 t523:4 t523:5 t182:6
slv-218-3051,t788:0 t523:2 t523:3 t581:4
slv-218-3283,t636:0 t736:1 t112:2 t545:2 t240:3 t523:3 t523:4 t581:4 t523:5 t468:7
slv-218-3438,t448:1 t240:2 t523:3 t523:4 t182:4 t764:5 t885:6
slv-218-3456,t601:0 t670:3 t670:4 t523:4 t523:5 t182:6
slv-218-3990,t448:0 t545:0 t523:1 t182:2 t240:3 t523:3 t523:4 t468:5
slv-218-4302,t536:1 t240:2 t926:3 t468:3 t569:3 t569:4 t996:5 t569:6 t926:7
slv-218-4414,t670:2 t670:4 t486:5
slv-218-5678,t523:1 t523:3 t468:3 t764:6
slv-218-5741,t670:2 t670:4 t486:5
slv-218-7675,t460:1 t240:1 t926:2 t569:3 t523:3 t523:4 t569:4
slv-218-9509,t904:0 t860:1 t545:2 t391:3 t545:4
slv-219-0614,t903:1 t860:2 t670:3 t601:3 t601:4 t670:5 t545:5 t843:5 t843:5 t670:6 t843:6
slv-219-0659,t860:0 t670:5 t670:7
slv-219-1880,t991:0 t991:2 t631:4 t814:4 t814:5 t631:6 t631:7
slv-219-2870,t670:2 t670:4 t486:5
slv-219-3356,t920:1 t240:2 t523:3 t523:4 t468:5 t860:6
slv-219-3739,t670:2 t670:4 t486:5
slv-219-4061,t739:1 t545:2 t391:3 t545:4
slv-219-4641,t601:1 t601:2 t601:4
slv-219-5626,t523:1 t523:3 t581:3
slv-219-5778,t460:1 t240:2 t523:3 t569:4 t523:5 t523:5 t468:6
slv-219-6425,t670:2 t670:4 t486:5
slv-219-6969,t670:2 t670:4 t486:5
slv-219-7125,t903:1 t860:2 t670:3 t601:3 t601:4 t670:5 t545:5 t843:5 t843:5 t670:6 t843:6
slv-219-7258,t788:1 t523:2 t523:3 t581:4
slv-219-7678,t670:0 t670:3 t486:5
slv-219-7732,t860:0 t545:2
slv-219-8232,t905:0 t545:1
slv-219-8901,t920:1 t240:1 t278:2 t523:3 t468:3 t278:3 t278:4 t926:5 t468:6
slv-219-9560,t905:0 t545:1
slv-220-0377,t240:1 t926:2 t523:3 t523:4 t468:5 t670:5 t523:5 t926:6 t468:6 t764:7
slv-220-0585,t920:1 t240:2 t278:2 t523:3 t523:3 t468:4 t764:5 t860:6
slv-220-0587,t739:1 t545:2 t391:3 t545:4
slv-220-2538,t926:2 t523:4 t523:5 t182:6
slv-220-3077,t670:2 t670:4 t486:5
slv-220-3081,t670:2 t670:4 t486:5
slv-220-3947,t920:1 t240:2 t523:3 t523:4 t468:5 t860:6
slv-220-4801,t920:1 t240:2 t278:2 t523:3 t523:3 t468:4 t764:5 t860:6
slv-220-5875,t670:2 t670:4 t486:5
slv-220-6800,t240:1 t569:2 t860:5 t240:6 t523:7 t468:7
slv-220-7591,t601:1 t601:3 t601:4
slv-220-7954,t411:1 t411:2 t411:3 t411:5 t411:5 t411:6
slv-220-8820,t523:3 t182:4
slv-220-9352,t523:1 t523:3 t468:4 t860:5 t523:6 t764:6 t860:7 t670:7
slv-220-9486,t670:2 t670:4 t486:5
slv-220-9754,t396:0 t240:1 t523:2 t523:3 t182:3 t240:4 t926:4 t468:5
slv-221-0825,t670:2 t670:4 t486:5
slv-221-1220,t670:2 t670:4 t486:5
slv-221-1246,t670:2 t670:4 t486:5
slv-221-2167,t670:0 t670:3 t486:5
slv-221-4792,t448:1 t240:2 t523:3 t523:4 t182:4 t764:5 t885:6
slv-221-5028,t391:0 t860:0 t545:2
slv-221-5073,t920:1 t240:2 t523:2 t569:3 t523:4 t523:4 t468:5
slv-221-5133,t460:1 t240:2 t523:3 t569:3 t523:4 t523:4 t468:5
slv-221-5783,t920:1 t240:2 t278:2 t523:3 t523:3 t468:4 t764:5 t860:6
slv-221-6298,t903:0 t860:1 t496:1 t391:3 t545:4
slv-221-9154,t670:2 t670:4 t486:5
slv-221-9198,t601:1 t601:3 t601:4
slv-221-9452,t952:0 t860:0 t225:0
slv-221-9711,t670:2 t670:4 t486:5
slv-222-1224,t670:0 t670:3 t486:5
slv-222-2122,t764:5 t670:6 t670:7 t486:7 t670:7
slv-222-2530,t670:2 t670:4 t486:5
slv-222-3389,t670:2 t670:4 t486:5
slv-222-3927,t670:2 t670:4 t486:5
slv-222-4303,t860:0 t545:1 t739:2 t545:4
slv-222-5168,t460:1 t240:2 t523:3 t569:3 t523:4 t523:4 t468:5
slv-222-5968,t486:2 t486:4 t469:5 t636:5 t730:5 t523:6 t182:7
slv-222-8622,t670:2 t670:4 t486:5
slv-222-9690,t764:5 t670:6 t670:7 t486:7 t670:7
slv-223-0942,t670:2 t670:4 t486:5
slv-223-1639,t670:2 t670:4 t486:5
slv-223-2545,t653:0 t996:1 t569:2 t885:3 t860:4
slv-223-3158,t920:1 t240:2 t278:2 t523:3 t523:3 t468:4 t764:5 t860:6
slv-223-3235,t920:1 t240:2 t278:2 t523:3 t523:3 t468:4 t764:5 t860:6
slv-223-3309,t670:2 t670:4 t486:5
slv-223-3630,t448:1 t240:2 t523:3 t523:4 t182:4 t764:5 t885:6
slv-223-5377,t903:1 t860:2 t670:3 t601:3 t601:4 t670:5 t545:5 t843:5 t843:5 t670:6 t843:6
slv-223-5904,t670:0 t670:2 t486:3 t523:4 t523:6 t182:6
slv-223-5935,t670:3 t670:5 t486:6
slv-223-7446,t601:1 t601:2 t601:3
slv-223-8339,t670:2 t670:4 t486:5
slv-223-9720,t523:0 t926:1 t523:2 t523:3 t468:4
slv-224-0785,t670:2 t670:4 t486:5
slv-224-0849,t128:3 t128:4 t631:5 t631:5 t329:5 t329:6
slv-224-1253,t636:0 t736:1 t112:2 t545:2 t240:3 t523:3 t523:4 t581:4 t523:5 t468:7
slv-224-2315,t730:1 t240:2 t926:3 t468:4 t523:4 t182:5
slv-224-3561,t391:0 t904:0 t860:0 t545:2
slv-224-4198,t496:0 t391:0 t904:0 t545:3
slv-224-5165,t670:2 t670:4 t486:5
slv-224-5535,t670:2 t670:4 t486:5
slv-224-8745,t670:2 t670:4 t486:5
slv-224-9084,t788:0 t523:2 t523:3 t581:4
slv-224-9407,t670:2 t670:4 t486:5
slv-225-0559,t670:2 t670:4 t486:5
slv-225-1244,t736:0 t693:1 t523:2 t523:3 t182:4
slv-225-2208,t920:1 t240:2 t278:2 t523:3 t523:3 t468:4 t764:5 t860:6
slv-225-3367,t764:5 t670:6 t670:7 t486:7 t670:7
slv-225-3767,t991:0 t991:2 t631:4 t814:4 t814:5 t631:6 t631:7
slv-225-5037,t396:0 t240:1 t926:2 t468:3 t523:3 t523:4 t182:5
slv-225-5065,t670:2 t486:4 t486:5 t670:5 t670:6
slv-225-5954,t920:1 t240:2 t278:2 t523:3 t523:3 t468:4 t764:5 t860:6
slv-225-5958,t523:1 t523:3 t468:3 t764:6
slv-225-7295,t814:1 t814:4 t631:5 t631:6 t631:6
slv-225-7381,t670:2 t670:4 t486:5
slv-225-7392,t670:2 t670:4 t486:5
slv-225-8468,t926:1 t468:3
slv-225-8590,t920:1 t240:2 t523:3 t523:4 t468:5 t860:6
slv-225-9722,t670:2 t486:4 t486:5 t670:5 t670:6
slv-226-1733,t486:2 t486:4 t469:5 t636:5 t730:5 t523:6 t182:7
slv-226-2369,t903:0 t860:2 t670:3 t601:4 t601:5 t670:5 t843:6
slv-226-2740,t601:1 t601:2 t601:4
slv-226-2744,t670:2 t670:4 t486:5
slv-226-3269,t240:1 t468:3 t240:4 t926:5 t523:5 t523:6 t468:7
slv-226-3984,t670:2 t670:4 t486:5
slv-226-4194,t670:2 t670:4 t486:5
slv-226-5166,t860:0 t545:2
slv-226-5698,t736:0 t693:1 t636:1 t240:2 t523:3 t523:4 t182:5
slv-226-6070,t920:3 t920:4 t920:5
slv-226-6697,t448:1 t240:2 t523:3 t523:4 t182:4 t764:5 t885:6
slv-226-7055,t670:2 t670:4 t486:5
slv-226-7217,t788:0 t523:2 t523:3 t581:4
slv-226-7963,t670:2 t670:4 t486:5
slv-226-8034,t496:0 t391:1 t545:3
slv-226-8326,t670:2 t670:4 t486:5
slv-226-8388,t670:2 t670:4 t486:5
slv-226-8627,t926:0 t926:1 t523:3 t468:3
slv-226-8711,t486:3 t670:5 t670:6
slv-226-9348,t396:0 t605:1 t240:2 t926:2 t523:3 t523:3 t468:4 t885:4 t860:6
slv-227-1061,t670:2 t486:4 t486:5 t670:5 t670:6
slv-227-1193,t670:5 t670:6 t486:7 t670:7
slv-227-2417,t670:2 t670:4 t486:5
slv-227-2766,t926:0 t926:1 t523:3 t468:3
slv-227-3175,t240:1 t926:1 t468:2 t240:3 t278:3 t523:3 t523:4 t468:5
slv-227-3443,t240:1 t926:2 t240:3 t468:6
slv-227-4281,t905:0 t545:0 t860:1 t545:2
slv-227-4755,t670:2 t670:4 t486:5
slv-227-6250,t396:0 t240:1 t926:2 t523:3 t523:3 t926:4 t468:5
slv-227-6667,t460:1 t240:2 t926:3 t468:4
slv-227-6777,t670:2 t486:4 t486:5 t670:5 t670:6
slv-227-7293,t736:0 t693:1 t636:1 t240:2 t523:3 t523:4 t182:5
slv-227-7400,t391:0 t545:1 t448:1 t240:1 t926:2 t523:3 t523:3 t182:4 t926:4 t468:5 t764:6
slv-227-7663,t448:0 t545:1 t523:3 t523:4 t182:5
slv-227-7665,t670:2 t486:4 t486:5 t670:5 t670:6
slv-227-9027,t670:2 t670:4 t486:5
slv-227-9071,t730:1 t240:2 t926:3 t926:4 t523:4 t468:5
slv-227-9654,t670:2 t670:4 t486:5
slv-227-9668,t670:3 t670:5 t486:6
slv-227-9682,t670:2 t670:4 t486:5
slv-228-0739,t601:1 t601:2 t601:4
slv-228-0912,t885:1 t860:3 t523:4 t182:5
slv-228-3136,t460:1 t240:2 t523:3 t523:3 t569:4 t523:4 t468:5
slv-228-3434,t396:0 t240:1 t523:2 t523:3 t182:3 t240:4 t926:4 t468:5
slv-228-4423,t920:1 t240:2 t278:2 t523:3 t523:3 t468:4 t764:5 t860:6
slv-228-4760,t670:2 t670:4 t486:5
slv-228-6243,t670:2 t486:4 t486:5 t670:5 t670:6
slv-229-0502,t764:3 t670:5 t670:6 t486:6 t670:7
slv-229-0986,t240:0 t926:1 t523:2 t523:3 t581:3 t569:4 t523:4 t569:5
slv-229-1044,t788:1 t523:2 t523:3 t182:3
slv-229-1279,t391:0 t905:0 t904:0 t860:0 t545:1 t391:2 t545:4
slv-229-1431,t670:2 t486:4 t486:5 t670:5 t670:6
slv-229-1480,t670:2 t670:4 t486:5
slv-229-1882,t904:0 t860:0 t545:0 t391:1 t545:3
slv-229-1891,t240:2 t926:4 t523:5 t182:6 t523:6 t468:7 t670:7 t670:7
slv-229-2124,t920:3 t920:4 t920:5
slv-229-3306,t670:2 t670:4 t486:5
slv-229-3641,t920:1 t240:2 t278:2 t523:3 t523:3 t468:4 t764:5 t860:6
slv-229-3688,t636:0 t167:0 t496:1 t391:2 t545:3 t240:3 t523:4 t523:4 t468:5
slv-229-3913,t764:2 t670:5 t670:6 t486:6 t670:7
slv-229-4199,t240:1 t278:1 t240:2 t523:3 t523:3 t278:3 t278:4 t523:4 t468:5
slv-229-5252,t788:0 t523:2 t523:3 t581:4
slv-229-6756,t579:1 t579:1 t843:3 t843:4
slv-229-7336,t670:2 t670:4 t486:5
slv-229-8793,t903:0 t860:1 t885:1 t860:3 t903:4
slv-229-8805,t240:1 t926:1 t468:2 t240:3 t278:3 t523:3 t523:4 t468:5
slv-230-1865,t903:5 t860:6 t764:6 t486:7 t486:7 t670:7 t486:7
slv-230-2060,t240:1 t926:1 t468:2 t240:3 t278:3 t523:3 t523:4 t468:5
slv-230-2205,t670:2 t670:4 t486:5
slv-230-2228,t167:1 t391:2 t545:3 t523:3 t240:4 t523:4 t523:5 t468:5
slv-230-3646,t601:1 t601:2 t601:4
slv-230-3746,t693:1 t636:2 t693:3 t670:3 t843:4 t843:4 t601:5 t601:5
slv-230-4108,t670:2 t486:4 t486:5 t670:5 t670:6
slv-230-4304,t391:0 t904:0 t545:1 t240:2 t523:2 t523:3 t182:4 t885:4 t860:5
slv-230-5178,t670:2 t670:4 t486:5
slv-230-5205,t860:0 t545:0 t905:1 t545:2
slv-230-7092,t631:3 t631:4 t631:5 t631:6
slv-230-8289,t672:1 t523:2 t523:3 t581:4
slv-230-9292,t670:2 t670:4 t486:5
slv-230-9857,t448:0 t736:0 t112:1 t545:2 t523:3 t523:4 t468:4 t764:5 t885:6
slv-231-0617,t448:0 t545:1 t448:2 t240:3 t926:3 t468:4 t764:6
slv-231-1065,t486:2 t486:4 t469:5 t636:5 t730:5 t523:6 t182:7
slv-231-1516,t920:1 t240:2 t523:3 t523:4 t468:5 t860:6
slv-231-4065,t670:2 t486:4 t486:5 t670:5 t670:6
slv-231-5139,t523:1 t523:3 t182:3
slv-231-5852,t670:2 t670:4 t486:5
slv-231-6379,t904:5 t693:6 t693:7 t670:7 t693:7 t636:7
slv-231-6906,t739:0 t545:1 t240:2 t926:2 t523:3 t523:3 t926:4
slv-231-6967,t670:2 t670:4 t486:5
slv-231-7306,t448:1 t523:3 t523:3 t182:4
slv-231-7404,t920:1 t240:2 t523:2 t569:3 t523:4 t523:4 t468:5
slv-231-8824,t829:2 t788:3 t523:4 t523:4 t581:5
slv-231-9066,t788:0 t523:2 t523:3 t581:4
slv-231-9132,t736:0 t693:1 t682:2 t523:3 t523:4 t182:4
slv-231-9324,t670:5 t670:6 t486:7 t670:7
slv-231-9378,t486:2 t486:4 t469:5 t636:5 t730:5 t523:6 t182:7
slv-232-0225,t486:2 t486:4 t469:5 t636:5 t730:5 t523:6 t182:7
slv-232-0863,t693:1 t670:3 t670:4 t693:4 t636:5 t885:6 t860:6
slv-232-1116,t448:0 t240:0 t926:3 t448:4 t523:5 t523:6 t468:7
slv-232-1251,t523:4 t182:6 t670:6 t670:7 t885:7 t860:7
slv-232-2450,t631:3 t631:4 t631:5 t631:6
slv-232-2541,t739:1 t545:1 t860:2 t545:3 t391:3 t545:4
slv-232-2841,t788:1 t523:2 t523:3 t581:4
slv-232-4132,t736:0 t112:0 t760:1 t545:3 t523:4 t523:5 t182:5 t523:6 t581:7
slv-232-4143,t396:0 t240:1 t926:2 t523:3 t523:3 t926:4 t468:5
slv-232-4446,t670:2 t486:4 t486:5 t670:5 t670:6
slv-232-5543,t240:2 t926:4 t926:5 t523:6 t523:6 t182:7
slv-232-5655,t616:1 t523:2 t523:3 t569:4
slv-232-6061,t496:0 t391:0 t905:0
slv-232-6192,t670:2 t670:4 t486:5
slv-232-7039,t601:1 t601:2 t601:4
slv-232-7582,t670:2 t670:4 t486:5
slv-232-7994,t788:0 t523:2 t523:3 t581:4
slv-232-8057,t739:1 t545:2 t391:3 t545:4
slv-232-8291,t670:2 t670:4 t486:5
slv-232-8392,t616:1 t523:2 t523:3 t581:4 t523:4 t569:5
slv-233-0211,t788:0 t523:2 t523:3 t581:4
slv-233-1067,t523:3 t182:4
slv-233-1248,t377:1 t377:3
slv-233-2368,t240:0 t523:2 t523:3 t468:4
slv-233-3261,t391:0 t904:0 t545:2
slv-233-4422,t860:0 t670:5 t670:7
slv-233-4853,t106:1 t106:2 t240:3 t926:4 t926:4 t468:5 t670:5 t670:6 t903:6 t860:7
slv-233-5237,t523:0 t523:0 t926:2 t926:2 t523:3 t468:3
slv-233-5722,t523:1 t523:3 t468:3
slv-233-6746,t601:1 t601:2 t601:3
slv-233-7098,t788:1 t523:2 t523:3 t581:4
slv-233-7521,t545:1 t240:2 t926:4 t926:4 t468:4 t670:4 t523:4 t523:6 t468:6 t764:6
slv-233-8798,t167:1 t391:2 t545:3 t523:3 t240:4 t523:4 t523:5 t468:5
slv-233-9058,t885:1 t860:4 t903:4 t860:5
slv-233-9627,t693:2 t636:4 t885:5 t860:6
slv-234-0401,t670:2 t670:4 t486:5
slv-234-0757,t670:2 t670:4 t486:5
slv-234-1734,t860:0 t670:5 t670:7
slv-234-1821,t920:1 t240:2 t523:3 t523:4 t468:5 t860:6
slv-234-2058,t240:0 t926:1 t523:2 t523:3 t581:3 t569:4 t523:4 t569:5
slv-234-2620,t536:1 t240:1 t926:3 t468:7
slv-234-3517,t920:1 t240:2 t278:2 t523:3 t523:3 t468:4 t764:5 t860:6
slv-234-4896,t670:2 t486:4 t486:5 t670:5 t670:6
slv-234-5305,t240:1 t926:1 t523:2 t523:3 t569:4
slv-234-5488,t486:2 t486:4 t469:5 t636:5 t730:5 t523:6 t182:7
slv-234-5513,t569:0 t523:1 t523:1 t926:3
slv-234-5514,t601:1 t601:2 t601:4
slv-234-6456,t920:1 t240:2 t278:2 t523:3 t523:3 t468:4 t764:5 t860:6
slv-234-6650,t670:5 t670:6 t486:7 t670:7
slv-234-7169,t736:0 t693:1 t682:2 t240:3 t523:3 t523:4
slv-234-7231,t670:2 t670:4 t486:5
slv-234-7668,t601:1 t601:2 t601:4
slv-234-7931,t920:1 t240:2 t523:3 t523:4 t468:5 t860:6
slv-234-8459,t670:2 t486:4 t486:5 t670:5 t670:6
slv-234-9109,t903:0 t860:2 t670:3 t601:4 t601:5 t670:5 t843:6
slv-234-9348,t788:1 t523:2 t523:3 t581:4
slv-234-9657,t670:3 t670:5 t486:6
slv-234-9681,t636:0 t885:0 t636:1 t904:4 t860:5
slv-234-9841,t885:0 t860:1 t903:3 t860:5
slv-235-0288,t460:1 t240:2 t523:3 t523:3 t569:4 t523:5
slv-235-0299,t670:2 t670:4 t486:5
slv-235-0944,t788:1 t523:2 t523:3 t581:4
slv-235-1046,t670:2 t486:4 t486:5 t670:5 t670:6
slv-235-1102,t788:0 t523:2 t523:3 t581:4
slv-235-1221,t579:1 t579:1 t843:3 t843:4
slv-235-1310,t670:2 t670:4 t486:5
slv-235-1769,t670:2 t670:4 t486:5
slv-235-2017,t670:2 t670:4 t486:5
slv-235-2112,t391:0 t736:1 t112:3 t523:4 t523:5 t182:6 t764:6 t764:7 t903:7 t860:7
slv-235-2992,t391:0 t736:1 t112:2 t545:3 t240:3 t523:4 t523:4 t581:5 t523:6 t468:6 t764:7
slv-235-2997,t788:0 t523:1 t523:2 t182:3
slv-235-4088,t920:3 t920:4 t920:5
slv-235-5343,t670:2 t670:4 t486:5
slv-235-6669,t670:2 t670:4 t486:5
slv-235-7410,t240:1 t523:2 t523:2 t569:3 t523:4 t523:4 t468:5
slv-235-8198,t904:0 t860:0 t904:0 t545:2
slv-235-8865,t579:1 t843:2 t843:3 t579:4 t579:5
slv-235-9084,t788:1 t523:3 t523:3 t182:4
slv-235-9306,t523:0 t182:2 t670:4 t670:6
slv-236-0041,t631:3 t631:5 t631:6
slv-236-0252,t460:1 t240:4 t523:5 t523:6 t468:6 t670:7 t670:7
slv-236-0525,t391:0 t905:0 t860:0 t545:2
slv-236-1481,t670:2 t670:4 t486:5
slv-236-2479,t920:1 t240:2 t523:3 t523:4 t468:5 t860:6
slv-236-2740,t670:2 t670:4 t486:5
slv-236-3512,t788:1 t523:2 t523:3 t581:4
slv-236-4748,t670:2 t670:4 t486:5
slv-236-5182,t670:2 t670:4 t486:5
slv-236-6299,t741:1 t240:3 t926:3 t926:4 t468:5
slv-236-6360,t448:0 t240:0 t448:3 t468:4 t860:6
slv-236-6522,t448:0 t240:1 t926:2 t926:3 t468:3 t764:4 t885:5 t860:6
slv-236-6695,t670:2 t670:4 t486:5
slv-236-7229,t391:0 t545:1 t240:2 t523:3 t523:3 t926:3 t468:4
slv-236-8182,t788:0 t523:2 t523:3 t581:4
slv-236-9915,t601:1 t601:2 t601:4
slv-237-0198,t601:1 t601:2 t601:4
slv-237-0449,t545:1 t240:2 t926:4 t926:4 t468:4 t670:4 t523:4 t523:6 t468:6 t764:6
slv-237-0619,t448:0 t468:3 t764:5 t860:6
slv-237-1500,t670:2 t670:4 t486:5
slv-237-2337,t672:1 t523:2 t523:3 t581:4
slv-237-3171,t920:1 t240:2 t523:3 t523:4 t468:5 t860:6
slv-237-3384,t460:1 t240:2 t523:3 t523:3 t569:4 t523:4 t523:5 t468:6
slv-237-4929,t670:2 t670:4 t486:5
slv-237-6714,t167:1 t391:1 t904:2 t545:3
slv-237-6949,t670:2 t670:4 t486:5
slv-237-7478,t670:1 t843:3 t843:4 t523:4 t182:7
slv-237-8186,t670:2 t670:4 t486:5
slv-237-9026,t670:2 t670:4 t486:5
slv-237-9131,t693:4 t636:5 t523:6 t523:6 t182:7
slv-238-1200,t240:0 t523:1 t569:2 t523:3 t523:4 t468:5
slv-238-1891,t788:0 t523:2 t523:3 t581:4
slv-238-1989,t460:1 t240:2 t523:3 t523:4 t569:5 t523:6 t468:7
slv-238-2132,t670:2 t670:4 t486:5
slv-238-2534,t788:1 t523:3 t523:3 t182:4
slv-238-2957,t670:2 t670:4 t486:5
slv-238-3078,t670:2 t486:4 t486:5 t670:5 t670:6
slv-238-3592,t920:1 t240:2 t523:2 t569:3 t523:4 t523:4 t468:5
slv-238-3617,t788:1 t523:2 t523:3 t581:4
slv-238-4511,t920:1 t240:2 t278:2 t523:3 t523:3 t468:4 t764:5 t860:6
slv-238-4594,t905:0 t545:1
slv-238-5903,t693:1 t636:2 t693:3 t670:3 t843:4 t843:4 t601:5 t601:5
slv-238-5925,t670:2 t670:4 t486:5
slv-238-5962,t670:2 t670:4 t486:5
slv-238-7853,t448:0 t240:2 t523:5 t468:6 t860:7
slv-238-8093,t167:1 t391:2 t545:3 t523:3 t240:4 t523:4 t523:5 t468:5
slv-238-8207,t670:2 t670:4 t486:5
slv-238-8701,t670:2 t670:4 t486:5
slv-238-9845,t670:2 t670:4 t486:5
slv-239-0032,t926:1 t468:3
slv-239-1111,t904:0 t860:0 t545:0 t391:1 t545:3
slv-239-1761,t460:2 t240:5 t523:6 t523:6 t468:7 t670:7 t670:7 t636:7
slv-239-1900,t670:2 t486:4 t486:5 t670:5 t670:6
slv-239-2617,t605:0 t240:2 t523:3 t523:3 t468:4
slv-239-3051,t391:0 t545:1 t448:1 t240:1 t926:2 t523:3 t523:3 t182:4 t926:4 t468:5 t764:6
slv-239-3465,t240:1 t926:1 t468:2 t240:3 t278:3 t523:3 t523:4 t468:5
slv-239-3484,t920:1 t240:2 t523:3 t523:4 t468:5 t860:6
slv-239-4384,t926:1 t523:3 t523:3 t468:3
slv-239-4891,t904:0 t545:2 t670:3 t843:4 t523:5 t182:6
slv-239-6136,t670:2 t670:4 t486:5
slv-239-6286,t240:1 t926:2 t468:3 t240:4 t468:4 t523:5 t523:5 t182:6
slv-239-8005,t920:1 t240:2 t523:3 t523:4 t468:5 t860:6
slv-239-8322,t391:1 t545:2 t860:3 t545:4
slv-239-8866,t670:2 t670:4 t486:5
slv-239-9145,t601:1 t601:2 t601:3
slv-239-9685,t920:1 t240:2 t523:3 t523:4 t468:5 t860:6
slv-240-0685,t788:0 t523:2 t523:3 t581:4
slv-240-1246,t391:0 t736:1 t112:3 t523:4 t523:5 t182:6 t764:6 t764:7 t903:7 t860:7
slv-240-1410,t670:2 t670:4 t486:5
slv-240-2047,t670:2 t670:4 t486:5
slv-240-2422,t167:1 t391:1 t496:2 t391:3 t545:3 t523:4 t523:4 t182:5
slv-240-3124,t448:1 t240:2 t523:3 t523:4 t182:4 t764:5 t885:6
slv-240-3370,t739:1 t545:2 t391:3 t545:4
slv-240-3619,t240:1 t523:1 t523:3 t569:3 t523:4 t468:5
slv-240-4263,t682:0 t240:2 t523:3 t523:4 t182:5
slv-240-4865,t167:1 t391:2 t545:3 t523:3 t240:4 t523:4 t523:5 t468:5
slv-240-4953,t739:1 t545:2 t391:3 t545:4
slv-240-6916,t842:5 t842:6
slv-240-8542,t523:3 t182:4 t764:6 t860:7
slv-240-9549,t523:0 t182:2 t885:3 t860:4
slv-240-9679,t670:2 t670:4 t486:5
slv-241-1464,t448:0 t240:1 t926:2 t523:3 t523:3 t569:5
slv-241-1506,t448:0 t240:1 t926:2 t523:3 t523:3 t569:5
slv-241-2761,t670:2 t670:4 t486:5
slv-241-2769,t885:1 t860:4 t903:4 t860:5
slv-241-3901,t670:2 t670:4 t486:5
slv-241-4603,t920:1 t240:2 t278:2 t523:3 t523:3 t468:4 t764:5 t860:6
slv-241-4926,t739:1 t545:2 t391:3 t545:4
slv-241-5388,t240:1 t523:2 t523:3 t468:3 t996:3 t569:5
slv-241-5821,t670:2 t670:4 t486:5
slv-241-6442,t736:0 t693:0 t682:1 t523:3 t523:4 t182:4
slv-241-6724,t920:3 t920:4 t920:5
slv-241-6980,t788:1 t523:2 t523:3 t581:4
slv-241-8145,t460:1 t240:2 t926:3 t468:4
slv-241-8549,t920:1 t240:2 t523:3 t523:4 t468:5 t860:6
slv-242-0532,t240:1 t926:1 t468:2 t240:3 t278:3 t523:3 t523:4 t468:5
slv-242-0581,t601:1 t601:3 t601:4
slv-242-1161,t670:2 t670:4 t486:5
slv-242-1767,t885:0 t860:0 t904:7
slv-242-1818,t391:0 t736:1 t112:2 t545:3 t240:3 t523:4 t523:4 t581:5 t523:6 t468:6 t764:7
slv-242-1968,t905:0 t545:1
slv-242-2414,t391:0 t545:1 t240:2 t523:3 t523:4
slv-242-2948,t903:1 t860:2 t670:3 t601:3 t601:4 t670:5 t545:5 t843:5 t843:5 t670:6 t843:6
slv-242-3124,t605:1 t240:2 t523:3 t523:3 t468:4 t764:5 t860:6
slv-242-3191,t905:0 t545:1
slv-242-3421,t670:2 t670:4 t486:5
slv-242-3605,t670:2 t670:4 t486:5
slv-242-3730,t391:0 t904:0 t860:0 t545:2
slv-242-4394,t670:2 t486:4 t486:5 t670:5 t670:6
slv-242-4890,t448:1 t240:2 t523:3 t523:4 t182:4 t764:5 t885:6
slv-242-5907,t670:2 t486:4 t486:5 t670:5 t670:6
slv-242-6180,t523:0 t926:1 t523:2 t523:3 t468:3
slv-242-7705,t736:0 t693:0 t682:1 t523:3 t523:4 t182:4
slv-242-8176,t670:0 t670:3 t486:5
slv-242-8204,t523:2 t523:3 t182:4
slv-242-9000,t736:0 t693:1 t636:1 t240:2 t523:3 t523:4 t182:5
slv-243-0034,t788:0 t523:2 t523:3 t581:4
slv-243-0648,t860:0 t545:2
slv-243-0700,t448:0 t240:1 t926:2 t523:3 t523:3 t569:5
slv-243-2011,t670:2 t670:4 t486:5
slv-243-2061,t391:1 t736:2 t112:3 t545:3 t523:4 t240:4 t523:4 t523:5 t581:5 t885:6
slv-243-3020,t764:2 t670:5 t670:6 t486:6 t670:7
slv-243-4177,t240:1 t468:3 t240:4 t926:5 t523:5 t523:6 t468:7
slv-243-4185,t920:3 t920:4 t920:5
slv-243-4371,t920:1 t240:2 t523:3 t523:4 t468:5 t860:6
slv-243-4421,t670:2 t670:4 t486:5
slv-243-7664,t905:0 t545:0 t860:1 t545:2
slv-243-9231,t670:2 t670:4 t486:5
slv-243-9913,t670:2 t670:4 t486:5
slv-244-0006,t545:1 t670:2 t523:3 t523:4 t581:5 t764:5 t885:6
slv-244-0316,t903:1 t860:2 t670:3 t601:3 t601:4 t670:5 t545:5 t843:5 t843:5 t670:6 t843:6
slv-244-1768,t240:0 t523:1 t523:3 t468:4 t764:5 t670:6 t670:7
slv-244-1770,t670:2 t670:4 t486:5
slv-244-2120,t670:2 t670:4 t486:5
slv-244-2322,t670:1 t670:2 t133:3 t741:3 t396:4 t636:4 t885:4 t860:5
slv-244-2441,t670:2 t670:4 t486:5
slv-244-4332,t788:1 t523:2 t523:3 t581:4
slv-244-4363,t920:1 t240:2 t278:2 t523:3 t523:3 t468:4 t764:5 t860:6
slv-244-5128,t670:2 t670:4 t486:5
slv-244-5304,t569:0 t523:1 t523:2 t926:3
slv-244-5592,t670:2 t670:4 t486:5
slv-244-5630,t523:0 t182:2 t885:3 t860:4
slv-244-5899,t601:1 t601:2 t601:4
slv-244-6081,t926:0 t926:1 t523:2 t523:3 t926:3
slv-244-6192,t670:2 t670:4 t486:5
slv-244-6475,t523:1 t523:3 t182:3
slv-244-6513,t920:1 t240:2 t278:2 t523:3 t523:3 t468:4 t764:5 t860:6
slv-244-8004,t240:1 t926:1 t468:2 t240:3 t278:3 t523:3 t523:4 t468:5
slv-244-8865,t496:0 t391:0 t904:0 t545:3
slv-244-8888,t670:2 t670:4 t486:5
slv-245-0850,t670:2 t486:4 t486:5 t670:5 t670:6
slv-245-0969,t739:1 t545:2 t391:3 t545:4
slv-245-1066,t905:0 t545:1
slv-245-1980,t545:0 t460:1 t240:1 t523:2 t569:3 t523:4 t523:4 t468:5
slv-245-2210,t903:1 t860:2 t670:3 t601:3 t601:4 t670:5 t545:5 t843:5 t843:5 t670:6 t843:6
slv-245-2216,t601:1 t670:2 t843:3 t843:4 t601:5 t601:5
slv-245-2392,t670:2 t670:4 t486:5
slv-245-3749,t920:1 t240:2 t278:2 t523:3 t523:3 t468:4 t764:5 t860:6
slv-245-5429,t670:2 t670:4 t486:5
slv-245-5461,t670:2 t486:4 t486:5 t670:5 t670:6
slv-245-5561,t693:1 t636:2 t693:3 t670:3 t843:4 t843:4 t601:5 t601:5
slv-245-8890,t391:0 t736:1 t112:2 t545:3 t240:3 t523:4 t523:4 t581:5 t523:6 t468:6 t764:7
slv-245-9469,t523:3 t182:4 t764:6 t860:7
slv-245-9610,t523:3 t182:4
slv-245-9636,t391:0 t736:1 t112:2 t545:3 t240:3 t523:4 t523:4 t581:5 t523:6 t468:6 t764:7
slv-246-0038,t693:1 t670:3 t670:4 t693:4 t636:5 t885:6 t860:6
slv-246-1629,t391:0 t736:1 t112:2 t545:3 t240:3 t523:4 t523:4 t581:5 t523:6 t468:6 t764:7
slv-246-1965,t788:1 t523:3 t523:3 t182:4
slv-246-2209,t920:1 t240:2 t278:2 t523:3 t523:3 t468:4 t764:5 t860:6
slv-246-2424,t670:2 t670:4 t486:5
slv-246-2689,t616:1 t523:2 t523:3 t569:4
slv-246-3461,t396:0 t523:2 t523:3 t182:4
slv-246-3492,t391:0 t545:2
slv-246-3493,t670:2 t670:4 t486:5
slv-246-4062,t448:1 t240:2 t523:3 t523:4 t182:4 t764:5 t885:6
slv-246-5853,t523:1 t523:3 t182:3
slv-246-6141,t670:2 t486:4 t486:5 t670:5 t670:6
slv-246-6448,t670:2 t670:4 t486:5
slv-246-6552,t920:1 t240:2 t523:3 t523:4 t468:5 t860:6
slv-246-6853,t920:1 t240:1 t278:2 t523:3 t468:3 t278:3 t278:4 t926:5 t468:6
slv-246-6933,t448:0 t240:1 t926:2 t926:3 t468:3 t764:4 t885:5 t860:6
slv-246-7239,t670:2 t670:4 t486:5
slv-246-9047,t670:2 t486:4 t486:5 t670:5 t670:6
slv-246-9503,t670:2 t670:4 t486:5
slv-246-9708,t523:0 t523:2 t468:3
slv-247-1388,t926:1 t926:2 t523:3 t926:4 t693:5 t636:6
slv-247-1836,t905:0 t545:1
slv-247-1847,t670:2 t486:4 t486:5 t670:5 t670:6
slv-247-2069,t788:0 t523:3 t523:3 t182:4
slv-247-2459,t670:2 t670:4 t486:5
slv-247-2792,t240:1 t926:1 t468:2 t240:3 t278:3 t523:3 t523:4 t468:5
slv-247-2812,t523:3 t182:4 t764:6 t860:7
slv-247-3174,t670:2 t486:4 t486:5 t670:5 t670:6
slv-247-3415,t240:1 t926:1 t468:2 t240:3 t278:3 t523:3 t523:4 t468:5
slv-247-3774,t601:1 t601:2 t601:4
slv-247-3997,t905:0 t545:0 t860:1 t545:2
slv-247-4033,t693:1 t636:2 t693:3 t670:3 t843:4 t843:4 t601:5 t601:5
slv-247-5297,t920:1 t240:1 t468:3 t926:3 t468:3 t523:4 t523:5 t468:5 t670:5
slv-247-5907,t545:0 t240:1 t523:1 t240:2 t569:3 t523:3
slv-247-6153,t391:1 t545:1 t391:2 t860:3 t545:3 t240:3 t523:4 t468:5
slv-247-6269,t670:2 t670:4 t486:5
slv-247-6270,t391:0 t545:1
slv-247-7051,t926:1 t468:3
slv-247-7453,t523:0 t569:1 t523:2 t523:3 t581:3 t569:3 t996:4 t569:5
slv-247-7808,t920:1 t240:2 t523:3 t569:5 t523:6 t468:7 t670:7
slv-247-8095,t788:1 t523:3 t523:3 t182:4
slv-247-9972,t240:1 t926:2 t523:3 t523:3 t569:4
slv-248-0054,t391:0 t545:1 t391:4
slv-248-0806,t391:0 t905:0 t860:0 t545:2
slv-248-2012,t601:1 t601:2 t601:4
slv-248-3763,t670:2 t670:4 t486:5
slv-248-4275,t903:5 t860:6 t764:6 t486:7 t486:7 t670:7 t486:7
slv-248-5347,t240:1 t468:3 t240:4 t926:5 t523:5 t523:6 t468:7
slv-248-6761,t926:1 t468:3
slv-248-6824,t670:2 t670:4 t486:5
slv-248-7628,t670:2 t670:4 t486:5
slv-248-7974,t240:1 t523:2 t523:3 t468:4
slv-248-8036,t391:0 t736:1 t112:2 t545:3 t240:3 t523:4 t523:4 t581:5 t523:6 t468:6 t764:7
slv-248-8581,t460:1 t240:2 t926:3 t468:4
slv-248-8962,t670:2 t670:4 t486:5
slv-249-0355,t636:0 t167:0 t496:1 t391:2 t545:2 t240:3 t523:4 t523:4 t182:5
slv-249-0933,t670:2 t670:4 t486:5
slv-249-1337,t329:2 t329:4
slv-249-1569,t601:1 t601:3 t601:4
slv-249-1680,t396:0 t240:1 t926:2 t468:3 t523:3 t523:4 t468:5
slv-249-1974,t670:2 t670:4 t486:5
slv-249-2046,t523:0 t523:0 t926:2 t926:2 t523:3 t468:3
slv-249-3348,t736:0 t693:1 t523:2 t523:3 t182:4
slv-249-3353,t460:1 t240:2 t523:3 t569:3 t523:4 t523:4 t468:5
slv-249-4070,t670:2 t670:4 t486:5
slv-249-4532,t167:1 t391:2 t545:3 t523:3 t240:4 t523:4 t523:5 t468:5
slv-249-6074,t764:2 t670:5 t670:6 t486:6 t670:7
slv-249-6359,t920:1 t240:2 t278:2 t523:3 t523:3 t468:4 t764:5 t860:6
slv-249-6725,t670:2 t670:4 t486:5
slv-249-6918,t670:5 t670:6 t486:7 t670:7
slv-249-7052,t448:0 t240:1 t523:2 t523:3 t468:3 t926:4 t468:5
slv-249-7324,t601:1 t601:2 t601:4
slv-249-8431,t391:1 t736:2 t112:3 t545:3 t523:4 t240:4 t523:4 t523:5 t581:5 t885:6
slv-249-8593,t693:0 t636:0 t885:2 t860:4
slv-249-8611,t904:0 t545:1 t240:2 t523:3 t523:4 t468:5 t764:6 t764:6 t860:7
slv-249-9408,t460:1 t240:2 t523:3 t569:4 t523:5 t523:5 t468:6
slv-249-9415,t391:1 t736:2 t112:3 t545:3 t523:4 t240:4 t523:4 t523:5 t581:5 t885:6
slv-249-9923,t670:2 t670:4 t486:5
slv-249-9970,t309:2 t460:3 t240:3 t523:4 t569:4 t523:5 t523:5 t468:6
slv-250-0393,t523:3 t182:4 t764:6 t860:7
slv-250-0900,t240:1 t926:1 t468:2 t240:3 t278:3 t523:3 t523:4 t468:5
slv-250-1253,t601:1 t601:2 t601:4
slv-250-1457,t670:2 t670:4 t486:5
slv-250-2134,t860:0 t545:2
slv-250-2328,t523:1 t523:3 t182:3
slv-250-2877,t631:3 t631:5 t631:6
slv-250-2916,t920:1 t240:2 t523:3 t523:4 t468:5 t860:6
slv-250-2930,t860:0 t545:2
slv-250-2943,t670:2 t670:4 t486:5
slv-250-3767,t391:0 t545:1 t240:2 t523:3 t523:3 t926:3 t468:4
slv-250-4516,t736:0 t693:1 t636:1 t240:2 t523:3 t523:4 t182:5
slv-250-5142,t670:2 t670:4 t486:5
slv-250-5613,t555:1 t486:3 t523:4 t523:5 t182:7
slv-250-5898,t670:2 t670:4 t486:5
slv-250-6387,t736:0 t693:1 t636:1 t240:2 t523:3 t523:4 t182:5
slv-250-9744,t670:0 t670:2 t486:3 t523:4 t523:6 t182:6
slv-251-0141,t670:2 t670:4 t486:5
slv-251-1457,t670:2 t670:4 t486:5
slv-251-1508,t670:2 t670:4 t486:5
slv-251-4090,t605:0 t240:2 t523:3 t523:3 t468:4
slv-251-4470,t670:2 t670:4 t486:5
slv-251-4808,t670:2 t670:4 t486:5
slv-251-5012,t631:3 t631:5 t631:6
slv-251-6320,t448:2 t112:3 t523:4 t523:5 t581:6
slv-251-7017,t670:2 t670:4 t486:5
slv-251-8036,t693:1 t636:2 t693:3 t670:3 t843:4 t843:4 t601:5 t601:5
slv-251-8932,t760:0 t670:1 t670:4 t486:6
slv-251-9272,t601:1 t601:2 t601:4
slv-252-0119,t448:1 t240:2 t523:3 t523:4 t182:4 t764:5 t885:6
slv-252-0170,t905:0 t545:1
slv-252-1368,t670:2 t670:4 t486:5
slv-252-2089,t926:1 t468:3
slv-252-3218,t112:1 t523:3 t523:4 t182:5 t523:5 t581:6
slv-252-5265,t905:0 t545:1
slv-252-5914,t920:1 t240:2 t278:2 t523:3 t523:3 t468:4 t764:5 t860:6
slv-252-6112,t693:1 t670:3 t670:4 t693:4 t636:5 t885:6 t860:6
slv-252-6181,t240:0 t926:1 t523:2 t523:3 t581:3 t569:4 t523:4 t569:5
slv-252-6221,t523:0 t926:1 t523:2 t523:3 t468:4
slv-252-6333,t670:2 t670:4 t486:5
slv-252-7378,t829:0 t545:1
slv-252-7733,t167:1 t391:2 t545:3 t523:3 t240:4 t523:4 t523:5 t468:5
slv-252-8470,t636:0 t167:0 t496:1 t391:2 t545:2 t240:3 t523:4 t523:4 t182:5
slv-252-8850,t670:2 t670:4 t486:5
slv-252-9609,t523:5 t182:7 t670:7 t182:7 t885:7 t860:7
slv-252-9638,t670:2 t670:4 t486:5
slv-252-9663,t670:2 t670:4 t486:5
slv-253-1461,t670:0 t670:3 t486:5
slv-253-2270,t523:1 t523:3 t581:3
slv-253-3479,t905:0 t545:1
slv-253-3592,t670:2 t670:4 t486:5
slv-253-4052,t128:3 t128:4 t631:5 t631:5 t329:5 t329:6
slv-253-4925,t670:2 t670:4 t486:5
slv-253-5738,t670:2 t670:4 t486:5
slv-253-6034,t788:0 t523:2 t523:3 t581:4
slv-253-8089,t670:2 t670:4 t486:5
slv-253-9105,t670:2 t670:4 t486:5
slv-253-9182,t670:2 t670:4 t486:5
slv-253-9517,t167:1 t391:2 t904:3 t860:4 t545:5
slv-254-0064,t631:3 t631:5 t631:6
slv-254-0823,t788:1 t523:2 t523:3 t581:4
slv-254-1091,t670:2 t670:4 t486:5
slv-254-1180,t460:1 t240:1 t926:2 t569:3 t523:3 t523:4 t569:4
slv-254-1560,t670:0 t670:3 t486:5
slv-254-2145,t788:1 t523:2 t523:3 t581:4
slv-254-2203,t926:1 t468:3
slv-254-2987,t670:2 t670:4 t486:5
slv-254-3865,t670:2 t670:4 t486:5
slv-254-4102,t670:2 t670:4 t486:5
slv-254-5378,t920:1 t240:2 t523:3 t523:4 t468:5 t860:6
slv-254-5662,t448:0 t240:1 t523:3 t523:3 t468:4 t764:5 t885:6 t860:6
slv-254-7552,t167:1 t391:1 t496:2 t391:3 t545:3 t523:4 t523:4 t182:5
slv-254-7592,t920:1 t240:2 t278:2 t523:3 t523:3 t468:4 t764:5 t860:6
slv-254-9640,t670:2 t670:4 t486:5
slv-255-0159,t670:2 t670:4 t486:5
slv-255-0552,t730:1 t240:2 t926:3 t926:4 t523:4 t468:5
slv-255-0654,t926:1 t468:3
slv-255-1070,t460:0 t240:1 t926:2 t240:2 t523:3
slv-255-2462,t920:1 t240:2 t278:2 t523:3 t523:3 t468:4 t764:5 t860:6
slv-255-3291,t167:1 t391:2 t904:3 t860:3 t545:4 t240:4 t523:5
slv-255-4531,t903:1 t860:2 t670:3 t601:3 t601:4 t670:5 t545:5 t843:5 t843:5 t670:6 t843:6
slv-255-4694,t240:1 t926:3 t926:4 t523:5 t523:5 t182:6 t240:6 t468:7
slv-255-5059,t670:2 t670:4 t486:5
slv-255-7956,t670:2 t670:4 t486:5
slv-255-8257,t670:0 t670:3 t486:5
slv-255-8518,t448:0 t240:0 t448:3 t468:4 t860:6
slv-255-9007,t670:1 t670:2 t133:3 t741:3 t396:4 t636:4 t885:4 t860:5
slv-255-9232,t601:1 t601:2 t601:3
slv-255-9769,t764:5 t670:6 t670:7 t486:7 t670:7
slv-255-9945,t926:1 t468:3
slv-256-0222,t486:2 t486:4 t469:5 t636:5 t730:5 t523:6 t182:7
slv-256-1270,t904:0 t545:2 t670:3 t843:4 t523:5 t182:6
slv-256-1614,t920:1 t240:2 t523:3 t523:4 t468:5 t860:6
slv-256-1948,t670:2 t670:4 t486:5
slv-256-2618,t670:2 t670:4 t486:5
slv-256-3139,t670:2 t670:4 t486:5
slv-256-4003,t670:2 t486:4 t486:5 t670:5 t670:6
slv-256-4153,t523:0 t182:2 t885:3 t860:4
slv-256-4903,t670:2 t670:4 t486:5
slv-256-4939,t788:0 t523:2 t523:3 t581:4
slv-256-5270,t670:2 t670:4 t486:5
slv-256-5455,t670:2 t670:4 t486:5
slv-256-6071,t240:0 t926:2 t523:3 t523:4 t581:5
slv-256-6910,t670:2 t670:4 t486:5
slv-256-6937,t670:2 t670:4 t486:5
slv-256-7742,t391:0 t545:1 t391:4
slv-256-9492,t842:5 t842:6
slv-256-9593,t448:0 t240:1 t926:2 t926:3 t468:3 t764:4 t885:5 t860:6
slv-256-9884,t670:2 t670:4 t486:5
slv-257-0951,t496:0 t391:0 t904:0 t885:1 t860:3
slv-257-1073,t670:2 t670:4 t486:5
slv-257-1103,t391:0 t448:0 t240:1 t926:2 t468:3 t523:3 t468:5
slv-257-1411,t903:5 t860:6 t764:6 t486:7 t486:7 t670:7 t486:7
slv-257-1449,t536:1 t240:1 t926:2 t468:3
slv-257-1639,t670:2 t486:4 t486:5 t670:5 t670:6
slv-257-1732,t391:0 t904:0 t860:0 t391:1 t545:3
slv-257-1994,t670:2 t670:4 t486:5
slv-257-2080,t601:1 t601:3 t601:4
slv-257-2734,t670:2 t670:4 t486:5
slv-257-3718,t448:0 t240:1 t926:2 t523:3 t523:3 t569:5
slv-257-4087,t670:2 t670:4 t486:5
slv-257-6079,t885:3 t860:4 t903:4 t860:5
slv-257-6531,t785:0 t814:2 t814:3 t785:4 t785:5
slv-257-6620,t670:2 t670:4 t486:5
slv-257-6842,t545:0 t240:1 t569:2 t523:4 t240:5 t523:6 t468:7
slv-257-6911,t523:0 t523:0 t926:2 t926:2 t523:3 t468:3
slv-257-7723,t523:2 t523:3 t182:4
slv-257-8169,t523:1 t926:1 t523:2 t523:3 t468:4
slv-257-9547,t391:0 t545:2
slv-257-9635,t670:2 t670:4 t486:5
slv-257-9819,t579:1 t579:2 t843:3 t843:4 t579:5
slv-257-9899,t670:2 t670:4 t486:5
slv-257-9978,t670:2 t670:4 t486:5
slv-258-0071,t760:0 t670:1 t670:4 t486:6
slv-258-0187,t605:1 t240:1 t523:2 t523:3 t468:3 t278:3 t278:4 t926:4 t468:5
slv-258-0421,t523:6 t182:7 t670:7 t182:7 t885:7 t860:7
slv-258-1174,t486:4 t670:5 t670:6 t486:6 t523:7 t182:7
slv-258-2188,t670:2 t670:4 t486:5
slv-258-2335,t788:1 t523:2 t523:3 t581:4
slv-258-2454,t672:1 t523:2 t523:3 t581:4
slv-258-2815,t523:1 t523:3 t182:3
slv-258-2976,t240:0 t523:1 t240:2 t926:2 t240:3 t569:3 t523:4 t523:5
slv-258-3023,t670:0 t670:3 t486:5
slv-258-3303,t670:0 t670:3 t486:5
slv-258-3472,t496:0 t391:0 t905:0
slv-258-3827,t396:0 t240:1 t523:2 t523:3 t182:3 t240:4 t926:4 t468:5
slv-258-4694,t309:2 t460:3 t240:3 t523:4 t569:4 t523:5 t523:5 t468:6
slv-258-5073,t448:0 t545:1 t448:2 t240:3 t926:3 t468:4 t764:6
slv-258-5190,t536:1 t240:1 t926:2 t468:3
slv-258-5321,t670:2 t670:4 t486:5
slv-258-5549,t448:0 t636:2 t523:3 t523:5 t182:6
slv-258-6205,t167:1 t391:2 t545:3 t523:3 t240:4 t523:4 t523:5 t468:5
slv-258-6416,t670:2 t670:4 t486:5
slv-258-7294,t670:2 t670:4 t486:5
slv-258-7656,t486:2 t486:4 t469:5 t636:5 t730:5 t523:6 t182:7
slv-258-9592,t391:0 t905:0
slv-259-1019,t391:1 t545:1 t670:2 t545:3 t240:3 t926:4 t468:5 t764:6
slv-259-1758,t391:0 t545:1 t523:2 t182:3
slv-259-1817,t920:1 t240:2 t278:2 t523:3 t523:3 t468:4 t764:5 t860:6
slv-259-2419,t545:1 t240:2 t926:4 t926:4 t468:4 t670:4 t523:4 t523:6 t468:6 t764:6
slv-259-2990,t920:1 t240:2 t523:4 t523:4 t468:5 t860:7
slv-259-3017,t904:3 t904:5 t670:6 t670:7 t693:7 t636:7
slv-259-3328,t391:0 t545:1
slv-259-3920,t670:0 t670:3 t486:5
slv-259-4203,t670:2 t670:4 t486:5
slv-259-4490,t448:0 t240:1 t926:2 t926:3 t468:3 t764:4 t885:5 t860:6
slv-259-5293,t670:2 t670:4 t486:5
slv-259-5501,t523:1 t523:3 t182:3
slv-259-5868,t670:2 t670:4 t486:5
slv-259-6423,t636:0 t736:1 t112:2 t545:2 t240:3 t523:3 t523:4 t581:4 t523:5 t468:7
slv-259-6861,t240:1 t468:3 t240:4 t926:5 t523:5 t523:6 t468:7
slv-259-6982,t601:1 t601:2 t601:4
slv-259-7054,t448:1 t240:2 t523:3 t523:4 t182:4 t764:5 t885:6
slv-259-7325,t860:0 t391:1 t860:2 t545:3
slv-259-9076,t240:1 t926:1 t468:2 t240:3 t278:3 t523:3 t523:4 t468:5
slv-259-9265,t670:2 t670:4 t486:5
slv-259-9353,t670:2 t670:4 t486:5
slv-259-9387,t240:0 t569:1 t523:2 t523:3 t569:4
slv-259-9439,t670:2 t670:4 t486:5
slv-259-9579,t670:2 t670:4 t486:5
slv-259-9902,t460:1 t240:2 t523:3 t523:3 t569:4 t523:4 t523:5 t468:6
slv-260-0259,t601:1 t601:2 t601:3
slv-260-0447,t523:1 t523:3 t468:3
slv-260-0521,t920:1 t240:2 t278:2 t523:3 t523:3 t468:4 t764:5 t860:6
slv-260-1965,t670:2 t670:4 t486:5
slv-260-2042,t536:1 t240:1 t926:2 t468:3
slv-260-2680,t240:1 t569:2 t860:5 t240:6 t523:7 t468:7
slv-260-3205,t903:1 t860:2 t670:3 t601:3 t601:4 t670:5 t545:5 t843:5 t843:5 t670:6 t843:6
slv-260-3377,t903:1 t860:2 t670:3 t601:3 t601:4 t670:5 t545:5 t843:5 t843:5 t670:6 t843:6
slv-260-4072,t601:1 t601:2 t601:4
slv-260-4361,t904:0 t545:1 t240:2 t523:3 t523:4 t468:5 t764:6 t764:6 t860:7
slv-260-4751,t730:1 t240:2 t926:3 t926:4 t523:4 t468:5
slv-260-5384,t926:1 t523:2 t523:3
slv-260-6608,t693:1 t636:2 t693:3 t670:3 t843:4 t843:4 t601:5 t601:5
slv-260-6990,t448:1 t240:2 t523:3 t523:4 t182:4 t764:5 t885:6
slv-260-7171,t670:2 t670:4 t486:5
slv-260-7270,t670:2 t670:4 t486:5
slv-260-7344,t391:0 t736:1 t112:2 t545:3 t240:3 t523:4 t523:4 t581:5 t523:6 t468:6 t764:7
slv-260-8257,t605:0 t240:2 t523:3 t523:3 t468:4
slv-260-8942,t448:1 t240:2 t523:3 t523:4 t182:4 t764:5 t885:6
slv-260-9135,t764:2 t670:5 t670:6 t486:6 t670:7
slv-260-9853,t460:1 t240:4 t523:5 t523:6 t468:6 t670:7 t670:7
slv-261-0745,t991:3 t631:5 t631:6 t631:7
slv-261-1392,t885:1 t860:3 t670:4 t670:5 t843:6
slv-261-1810,t240:2 t523:3 t523:4 t182:4 t764:6 t764:6 t636:7 t903:7 t860:7
slv-261-1815,t391:0 t736:1 t112:2 t545:3 t240:3 t523:4 t523:4 t581:5 t523:6 t468:6 t764:7
slv-261-1862,t670:2 t670:4 t486:5
slv-261-2016,t670:2 t670:4 t486:5
slv-261-2031,t736:0 t486:1 t486:3 t670:3 t523:4 t523:5 t182:6
slv-261-2721,t670:2 t670:4 t486:5
slv-261-4090,t391:0 t904:0 t860:0 t545:2
slv-261-4717,t693:1 t636:2 t693:3 t670:3 t843:4 t843:4 t601:5 t601:5
slv-261-5072,t670:5 t670:6 t486:7 t670:7
slv-261-5163,t788:1 t523:2 t523:3 t581:4
slv-261-5369,t240:1 t926:2 t523:3 t523:3 t182:4
slv-261-6639,t904:0 t545:2 t670:3 t843:4 t523:5 t182:6
slv-261-6932,t670:0 t670:3 t486:5
slv-261-7454,t670:2 t670:4 t486:5
slv-261-8388,t764:2 t670:5 t670:6 t486:6 t670:7
slv-261-8983,t670:2 t670:4 t486:5
slv-262-1007,t670:2 t486:4 t486:5 t670:5 t670:6
slv-262-1071,t860:0 t670:5 t670:7
slv-262-1606,t391:0 t904:0 t860:0
slv-262-1982,t920:1 t240:2 t523:3 t523:4 t468:5 t860:6
slv-262-2216,t391:0 t736:1 t112:2 t545:3 t240:3 t523:4 t523:4 t581:5 t523:6 t468:6 t764:7
slv-262-2566,t670:2 t670:4 t486:5
slv-262-2764,t605:1 t240:2 t523:3 t523:3 t468:4 t764:5 t860:6
slv-262-2850,t670:2 t670:4 t486:5
slv-262-3273,t670:2 t486:4 t670:5 t670:6
slv-262-3515,t631:3 t631:5 t631:6
slv-262-4381,t448:1 t240:2 t523:3 t523:4 t182:4 t764:5 t885:6
slv-262-4956,t167:1 t391:2 t545:3 t523:3 t240:4 t523:4 t523:5 t468:5
slv-262-5948,t739:1 t545:2
slv-262-6429,t670:2 t486:4 t486:5 t670:5 t670:6
slv-262-6609,t670:2 t670:4 t486:5
slv-262-6835,t523:1 t523:3 t182:3
slv-262-6878,t391:1 t545:1 t739:3 t545:4
slv-262-7103,t448:0 t636:2 t523:3 t523:5 t182:6
slv-262-8085,t860:0 t545:1 t545:2 t523:3 t182:4
slv-263-0499,t670:2 t670:4 t486:5
slv-263-2479,t460:1 t240:4 t523:5 t523:6 t468:6 t670:7 t670:7
slv-263-2635,t736:0 t240:1 t523:3 t523:4 t182:4
slv-263-2782,t926:1 t468:3
slv-263-3049,t636:0 t167:0 t496:1 t391:2 t545:3 t240:3 t523:4 t523:4 t468:5
slv-263-3151,t693:1 t636:2 t693:3 t670:3 t843:4 t843:4 t601:5 t601:5
slv-263-3615,t682:0 t240:2 t523:3 t523:3 t182:3 t885:3 t523:4 t468:4 t885:5
slv-263-4173,t670:2 t670:4 t486:5
slv-263-4349,t905:0 t545:1 t523:2 t182:4
slv-263-4411,t605:1 t240:3 t523:4 t523:5 t468:5 t860:6
slv-263-6660,t616:1 t523:2 t523:3 t569:4
slv-263-7964,t670:2 t670:4 t486:5
slv-263-9718,t391:0 t736:1 t112:2 t545:3 t240:3 t523:4 t523:4 t581:5 t523:6 t468:6 t764:7
slv-263-9919,t523:3 t182:4 t764:6 t860:7
slv-264-0363,t636:0 t885:0 t636:1 t904:4 t860:5
slv-264-0506,t670:2 t670:4 t486:5
slv-264-1140,t601:1 t601:2 t601:3
slv-264-1407,t670:3 t670:5 t486:6
slv-264-1532,t788:1 t523:2 t523:3 t581:4
slv-264-2359,t523:1 t523:3 t182:3
slv-264-2862,t788:1 t523:2 t523:3 t581:4
slv-264-3133,t991:3 t631:5 t631:6 t631:7
slv-264-3597,t391:0 t905:0
slv-264-3782,t905:0 t545:0 t860:1 t545:2
slv-264-4000,t616:1 t523:2 t523:3 t569:4
slv-264-4240,t670:2 t670:4 t486:5
slv-264-5286,t391:0 t904:0 t860:1 t545:3
slv-264-5491,t523:3 t182:3 t764:7
slv-264-7825,t523:2 t523:3 t182:4
slv-264-8152,t903:1 t860:2 t670:3 t601:3 t601:4 t670:5 t545:5 t843:5 t843:5 t670:6 t843:6
slv-264-8437,t670:2 t670:4 t486:5
slv-264-8471,t523:2 t523:3 t182:4
slv-264-8770,t905:0 t545:1
slv-264-8886,t523:1 t523:3 t468:3
slv-264-9083,t788:0 t523:2 t523:3 t581:4
slv-264-9278,t523:1 t523:3 t468:3
slv-264-9879,t569:0 t523:1 t523:2 t926:3
slv-264-9986,t670:2 t670:4 t486:5
slv-265-1278,t739:1 t545:2 t391:3 t545:4
slv-265-1285,t545:1 t240:2 t926:4 t926:4 t468:4 t670:4 t523:4 t523:6 t468:6 t764:6
slv-265-1831,t920:1 t240:2 t278:2 t523:3 t523:3 t468:4 t764:5 t860:6
slv-265-2434,t460:0 t240:2 t523:3 t569:3 t523:4 t523:4 t468:5
slv-265-3839,t523:3 t182:4
slv-265-3852,t670:2 t670:4 t486:5
slv-265-6141,t670:1 t843:3 t843:4 t523:4 t182:7
slv-265-6401,t670:2 t670:4 t486:5
slv-265-6866,t670:2 t670:4 t486:5
slv-265-7794,t601:1 t601:2 t601:4
slv-265-8533,t670:2 t486:4 t486:5 t670:5 t670:6
slv-266-1497,t240:1 t926:1 t468:2 t240:3 t278:3 t523:3 t523:4 t468:5
slv-266-1712,t523:0 t182:2 t885:3 t860:4
slv-266-1893,t670:2 t670:4 t486:5
slv-266-2634,t486:2 t486:4 t469:5 t636:5 t730:5 t523:6 t182:7
slv-266-2922,t860:0 t545:2
slv-266-3891,t670:2 t670:4 t486:5
slv-266-3930,t670:2 t670:4 t486:5
slv-266-3933,t240:1 t926:2 t240:3 t468:6
slv-266-4739,t670:2 t670:4 t486:5
slv-266-5761,t670:2 t670:4 t486:5
slv-266-6166,t670:2 t670:4 t486:5
slv-266-6708,t670:2 t670:4 t486:5
slv-266-6862,t693:1 t670:3 t670:4 t693:4 t636:5 t885:6 t860:6
slv-266-6922,t555:4 t486:6
slv-266-7082,t670:3 t670:5 t486:6
slv-266-7195,t448:0 t240:1 t523:2 t523:3 t182:3 t523:4 t468:5
slv-266-7474,t555:4 t486:6
slv-266-7650,t903:1 t860:2 t670:3 t601:3 t601:4 t670:5 t545:5 t843:5 t843:5 t670:6 t843:6
slv-266-8525,t788:1 t523:2 t523:3 t581:4
slv-266-8726,t411:1 t411:2 t411:3 t411:5 t411:5 t411:6
slv-267-0181,t670:2 t670:4 t486:5
slv-267-0205,t905:0 t545:1
slv-267-0554,t240:0 t926:1 t523:2 t523:3 t581:3 t569:4 t523:4 t569:5
slv-267-1690,t391:0 t448:0 t636:1 t240:2 t523:3 t523:4 t468:4 t764:5 t885:6
slv-267-2008,t670:2 t670:4 t486:5
slv-267-2214,t764:5 t670:6 t670:7 t486:7 t670:7
slv-267-2983,t496:0 t391:0 t905:0
slv-267-4341,t670:2 t486:4 t486:5 t670:5 t670:6
slv-267-5314,t670:2 t670:4 t486:5
slv-267-5855,t460:1 t240:2 t523:3 t569:4 t523:5 t523:5 t468:6
slv-267-6415,t739:1 t545:2 t391:3 t545:4
slv-267-6789,t448:0 t240:1 t926:2 t523:3 t523:3 t569:5
slv-267-6818,t920:1 t240:2 t523:3 t569:5 t523:6 t468:7 t670:7
slv-267-6878,t670:2 t670:4 t486:5
slv-267-7044,t391:0 t904:0 t860:0 t545:3
slv-268-0436,t523:1 t523:3 t581:3
slv-268-1803,t670:2 t670:4 t486:5
slv-268-2192,t764:2 t670:5 t670:6 t486:6 t670:7
slv-268-2843,t128:3 t128:4 t631:5 t631:5 t329:5 t329:6
slv-268-2939,t167:1 t391:1 t904:2 t860:3 t545:3 t523:4 t523:4 t926:5
slv-268-4469,t106:1 t106:3 t448:3 t240:3 t523:3 t523:4 t926:5 t926:6 t468:6 t764:7
slv-268-4784,t926:0 t926:2 t468:3
slv-268-5712,t240:1 t523:1 t523:3 t569:3 t523:4 t468:5
slv-268-5717,t920:1 t240:2 t523:3 t523:4 t468:5 t860:6
slv-268-5974,t670:2 t670:4 t486:5
slv-268-6481,t670:3 t670:5 t486:6
slv-268-7942,t764:2 t670:5 t670:6 t486:6 t670:7
slv-268-8514,t167:1 t391:1 t904:2 t391:3 t545:4
slv-268-8876,t920:1 t240:2 t278:2 t523:3 t523:3 t468:4 t764:5 t860:6
slv-268-9277,t460:1 t240:2 t926:3 t468:4
slv-269-0050,t670:2 t486:4 t486:5 t670:5 t670:6
slv-269-0353,t391:0 t545:2
slv-269-1414,t860:0 t545:2
slv-269-1558,t569:0 t764:1 t903:5 t860:6 t569:7 t670:7 t670:7
slv-269-2210,t670:2 t670:4 t486:5
slv-269-3362,t670:2 t486:4 t670:5 t670:6
slv-269-3643,t670:2 t670:4 t486:5
slv-269-4496,t605:1 t240:1 t523:2 t523:3 t468:3 t240:4 t926:4 t468:5
slv-269-4635,t523:1 t523:3 t468:3 t764:6
slv-269-4724,t240:0 t523:1 t523:2 t569:3 t523:3
slv-269-5304,t670:2 t670:4 t486:5
slv-269-6707,t788:0 t523:2 t523:3 t581:4
slv-269-6849,t670:2 t670:4 t486:5
slv-269-7424,t579:1 t843:2 t843:3 t579:4 t579:5
slv-269-8501,t693:1 t636:2 t693:3 t670:3 t843:4 t843:4 t601:5 t601:5
slv-269-8532,t670:2 t670:4 t486:5
slv-269-8863,t240:1 t926:2 t468:3 t240:4 t468:4 t523:5 t523:5 t182:6
slv-269-9292,t670:2 t670:4 t486:5
slv-269-9538,t670:5 t670:6 t486:7 t670:7
slv-270-0712,t920:1 t240:2 t278:2 t523:3 t523:3 t468:4 t764:5 t860:6
slv-270-1468,t670:2 t670:4 t486:5
slv-270-2010,t670:2 t670:4 t486:5
slv-270-2565,t167:1 t391:1 t904:2 t860:3 t545:3 t523:4 t523:4 t926:5
slv-270-3465,t670:0 t670:3 t486:5
slv-270-4542,t545:1 t240:2 t926:4 t926:4 t468:4 t670:4 t523:4 t523:6 t468:6 t764:6
slv-270-5391,t670:5 t670:6 t486:7 t670:7
slv-270-5452,t920:1 t240:2 t278:2 t523:3 t523:3 t468:4 t764:5 t860:6
slv-270-7997,t788:0 t523:2 t523:3 t581:4
slv-270-8385,t670:2 t670:4 t486:5
slv-271-0274,t788:1 t523:3 t523:3 t182:4
slv-271-2664,t788:0 t523:2 t523:3 t581:4
slv-271-2795,t905:0 t545:1
slv-271-5326,t631:3 t631:5 t631:6
slv-271-5463,t670:2 t670:4 t486:5
slv-271-6354,t670:2 t670:4 t486:5
slv-271-6942,t670:2 t670:4 t486:5
slv-271-7190,t670:2 t670:4 t486:5
slv-271-7731,t905:0 t545:0 t860:1 t545:2
slv-271-8381,t736:0 t693:1 t636:1 t240:2 t523:3 t523:4 t182:5
slv-271-9668,t460:1 t240:2 t926:3 t468:4
slv-271-9883,t523:1 t523:3 t581:4
slv-271-9961,t670:2 t670:4 t486:5
slv-272-0044,t764:2 t670:5 t670:6 t486:6 t670:7
slv-272-1338,t670:2 t670:4 t486:5
slv-272-2623,t240:1 t468:3 t240:4 t926:5 t523:5 t523:6 t468:7
slv-272-2792,t569:0 t569:0 t523:0 t569:2 t996:4
slv-272-3120,t730:1 t240:2 t926:3 t468:4 t523:4 t182:5
slv-272-3179,t736:0 t636:1 t523:4 t523:5 t182:5 t486:6 t486:7
slv-272-3294,t240:0 t523:1 t569:2 t523:3 t523:3 t468:4
slv-272-3483,t670:2 t670:4 t486:5
slv-272-3974,t670:2 t670:4 t486:5
slv-272-5172,t860:0 t391:1 t860:2 t545:3
slv-272-5604,t670:2 t670:4 t486:5
slv-272-6299,t788:0 t523:2 t523:3 t581:4
slv-272-6540,t523:0 t523:0 t926:2 t926:2 t523:3 t468:3
slv-272-6574,t240:0 t926:1 t523:2 t523:3 t581:3 t569:4 t523:4 t569:5
slv-272-7532,t670:2 t670:4 t486:5
slv-272-8923,t904:5 t693:6 t693:7 t670:7 t693:7 t636:7
slv-272-9346,t736:0 t693:1 t682:2 t240:3 t523:3 t523:4
slv-273-0305,t741:0 t670:1 t670:2 t396:3
slv-273-1434,t788:0 t523:2 t523:3 t581:4
slv-273-2142,t448:0 t240:1 t523:2 t523:3 t468:3 t926:4 t468:5
slv-273-2152,t555:1 t486:3 t523:4 t523:5 t182:7
slv-273-2579,t486:2 t486:4 t469:5 t636:5 t730:5 t523:6 t182:7
slv-273-2946,t523:2 t523:3 t581:4 t764:6
slv-273-3067,t920:1 t240:2 t278:2 t523:3 t523:3 t468:4 t764:5 t860:6
slv-273-3513,t788:0 t523:2 t523:3 t581:4
slv-273-6247,t240:0 t569:1 t240:2 t523:3
slv-273-6561,t448:0 t240:1 t523:2 t523:3 t182:3 t523:4 t468:5
slv-273-6660,t693:1 t670:3 t670:4 t693:4 t636:5 t885:6 t860:6
slv-273-8755,t536:1 t240:1 t926:3 t468:7
slv-273-8767,t523:2 t523:3 t182:4
slv-273-8922,t670:2 t670:4 t486:5
slv-273-9251,t240:0 t523:1 t569:2 t523:3 t523:4 t468:4
slv-273-9319,t926:1 t926:2 t523:3 t926:4 t693:5 t636:6
slv-274-0044,t670:0 t670:2 t636:3 t167:4 t391:4 t904:5 t496:5 t391:5 t545:5
slv-274-0304,t920:1 t240:2 t278:2 t523:3 t523:3 t468:4 t764:5 t860:6
slv-274-0413,t670:5 t670:6 t486:7 t670:7
slv-274-0678,t670:2 t486:4 t486:5 t670:5 t670:6
slv-274-1050,t670:2 t670:4 t486:5
slv-274-1274,t670:2 t670:4 t486:5
slv-274-1498,t670:2 t670:4 t486:5
slv-274-2127,t601:1 t601:2 t601:4
slv-274-3577,t670:2 t670:4 t486:5
slv-274-3816,t764:2 t670:5 t670:6 t486:6 t670:7
slv-274-3824,t496:1 t860:2 t545:3
slv-274-4162,t670:0 t670:3 t486:5
slv-274-4206,t885:1 t860:3 t523:4 t182:5
slv-274-4272,t391:0 t736:1 t112:3 t523:4 t523:5 t182:6 t764:6 t764:7 t903:7 t860:7
slv-274-4727,t448:1 t240:3 t523:5 t468:6 t670:6 t670:7 t860:7 t220:7
slv-274-5515,t670:2 t486:4 t486:5 t670:5 t670:6
slv-274-5602,t670:2 t486:4 t670:5 t670:6
slv-274-5617,t926:1 t468:3
slv-274-7294,t240:1 t468:3 t240:4 t926:5 t523:5 t523:6 t468:7
slv-274-7430,t670:2 t670:4 t486:5
slv-274-7438,t920:1 t240:2 t523:3 t523:4 t468:5 t860:6
slv-274-7680,t396:0 t240:1 t523:2 t523:3 t182:3 t240:4 t926:4 t468:5
slv-274-7681,t670:2 t670:4 t486:5
slv-274-7831,t240:1 t523:2 t523:2 t569:3 t523:4 t523:4 t468:5
slv-274-7872,t601:1 t601:3 t601:4
slv-274-9804,t670:2 t670:4 t486:5
slv-275-0759,t682:0 t240:2 t523:3 t523:3 t182:3 t885:3 t523:4 t468:4 t885:5
slv-275-0887,t920:1 t240:2 t278:2 t523:3 t523:3 t468:4 t764:5 t860:6
slv-275-1467,t991:0 t814:3 t814:4 t631:5 t631:6 t631:7
slv-275-1500,t545:1 t670:2 t523:3 t523:4 t581:5 t764:5 t885:6
slv-275-2389,t903:1 t860:2 t670:3 t601:3 t601:4 t670:5 t545:5 t843:5 t843:5 t670:6 t843:6
slv-275-3625,t579:1 t579:1 t843:3 t843:4
slv-275-4464,t741:1 t240:3 t926:3 t926:4 t468:5
slv-275-4695,t240:1 t926:1 t523:3 t523:3
slv-275-6016,t523:1 t523:3 t182:3
slv-275-6067,t788:1 t523:2 t523:3 t581:4
slv-275-6865,t460:1 t240:3 t523:4 t569:5 t860:6 t670:6 t670:7 t523:7 t468:7
slv-275-7800,t616:2 t523:3 t523:4 t569:4
slv-275-8874,t670:2 t486:4 t486:5 t670:5 t670:6
slv-275-9159,t670:2 t670:4 t486:5
slv-276-0039,t670:2 t670:4 t486:5
slv-276-0460,t788:0 t523:1 t523:2 t182:3
slv-276-1667,t764:2 t670:5 t670:6 t486:6 t670:7
slv-276-2427,t448:0 t545:0 t523:1 t182:2 t240:3 t523:3 t523:4 t468:5
slv-276-2727,t788:1 t523:3 t523:3 t182:4
slv-276-3992,t391:0 t736:1 t112:2 t545:3 t240:3 t523:4 t523:4 t581:5 t523:6 t468:6 t764:7
slv-276-4068,t601:1 t601:2 t601:4
slv-276-5776,t670:2 t670:4 t486:5
slv-276-5828,t601:1 t601:2 t601:4
slv-276-6617,t670:2 t670:4 t486:5
slv-276-8635,t545:1 t670:2 t523:3 t523:4 t581:5 t764:5 t885:6
slv-277-1172,t920:1 t240:2 t523:3 t523:4 t468:5 t860:6
slv-277-1659,t920:1 t240:2 t523:3 t523:4 t468:5 t860:6
slv-277-2596,t523:3 t182:4
slv-277-3162,t739:1 t545:1 t860:2 t545:3 t391:3 t545:4
slv-277-3584,t903:1 t860:2 t670:3 t601:3 t601:4 t670:5 t545:5 t843:5 t843:5 t670:6 t843:6
slv-277-3789,t523:3 t182:4 t764:6 t860:7
slv-277-4391,t670:2 t670:4 t486:5
slv-277-5307,t736:0 t693:0 t682:1 t523:3 t523:4 t182:4
slv-277-6000,t569:0 t523:1 t523:2 t926:3
slv-277-6523,t670:2 t670:4 t486:5
slv-277-7453,t448:1 t240:3 t523:5 t468:6 t670:6 t670:7 t860:7 t220:7
slv-277-8547,t920:3 t920:4 t920:5
slv-277-8887,t739:0 t670:1 t670:3 t843:3 t843:4 t885:4 t860:5
slv-277-9113,t903:0 t860:1 t885:1 t860:3 t903:4
slv-278-3715,t670:2 t670:4 t486:5
slv-278-4160,t670:2 t670:4 t486:5
slv-278-4811,t240:1 t926:1 t468:2 t240:3 t278:3 t523:3 t523:4 t468:5
slv-278-5038,t579:1 t579:1 t843:3 t843:4
slv-278-5125,t670:2 t670:4 t486:5
slv-278-5693,t670:2 t670:4 t486:5
slv-278-5800,t926:1 t468:3
slv-278-7110,t920:1 t240:2 t523:3 t523:4 t468:5 t860:6
slv-278-8087,t739:1 t545:2 t391:3 t545:4
slv-278-8298,t670:2 t670:4 t486:5
slv-278-8752,t670:2 t670:4 t486:5
slv-278-8837,t920:1 t240:2 t278:2 t523:3 t523:3 t468:4 t764:5 t860:6
slv-278-9560,t167:1 t391:1 t904:2 t545:3
slv-278-9674,t636:0 t885:0 t636:1 t904:4 t860:5
slv-278-9833,t693:1 t636:2 t693:3 t670:3 t843:4 t843:4 t601:5 t601:5
slv-279-0632,t670:2 t670:4 t486:5
slv-279-0654,t905:0 t545:0 t860:1 t545:2
slv-279-0700,t739:0 t545:1 t240:2 t926:3 t523:3 t523:4 t182:4
slv-279-4062,t448:0 t240:1 t926:2 t523:3 t523:3 t569:5
slv-279-4122,t693:1 t636:2 t693:3 t670:3 t843:4 t843:4 t601:5 t601:5
slv-279-4422,t736:0 t112:0 t760:1 t545:3 t523:4 t523:5 t182:5 t523:6 t581:7
slv-279-4483,t693:4 t636:5 t523:6 t523:6 t182:7
slv-279-4660,t693:1 t636:2 t693:3 t670:3 t843:4 t843:4 t601:5 t601:5
slv-279-4746,t460:2 t240:3 t523:4 t523:4 t569:5 t523:5 t468:6
slv-279-4867,t829:0 t545:1
slv-279-5068,t631:3 t631:5 t631:6
slv-279-6302,t920:1 t240:2 t278:2 t523:3 t523:3 t468:4 t764:5 t860:6
slv-279-7751,t736:0 t486:1 t486:3 t670:3 t523:4 t523:5 t182:6
slv-279-7756,t545:0 t523:2 t523:3 t182:4
slv-279-7791,t523:1 t523:3 t468:3 t764:6
slv-279-7974,t391:0 t736:1 t112:2 t545:3 t240:3 t523:4 t523:4 t581:5 t523:6 t468:6 t764:7
slv-279-8598,t670:2 t670:4 t486:5
slv-279-9312,t920:1 t240:2 t523:3 t523:4 t468:5 t860:6
slv-279-9970,t693:1 t636:2 t693:3 t670:3 t843:4 t843:4 t601:5 t601:5
slv-280-0396,t523:0 t926:1 t523:2 t523:3 t468:3
slv-280-0834,t903:1 t860:2 t670:3 t601:3 t601:4 t670:5 t545:5 t843:5 t843:5 t670:6 t843:6
slv-280-1080,t523:4 t523:5 t182:6 t885:7 t860:7
slv-280-2407,t670:2 t670:4 t486:5
slv-280-2452,t448:0 t240:1 t523:2 t523:3 t468:3 t926:4 t468:5
slv-280-2710,t391:0 t545:1
slv-280-2862,t391:0 t736:1 t112:2 t545:3 t240:3 t523:4 t523:4 t581:5 t523:6 t468:6 t764:7
slv-280-3277,t391:0 t904:0 t545:2
slv-280-3348,t670:2 t670:4 t486:5
slv-280-3683,t460:1 t240:2 t926:3 t468:4
slv-280-4866,t496:0 t391:0 t905:0
slv-280-6880,t670:2 t670:4 t486:5
slv-280-7138,t670:2 t670:4 t486:5
slv-280-7457,t672:1 t523:2 t523:3 t581:4
slv-280-7500,t601:1 t601:2 t601:4
slv-280-8737,t904:0 t545:1 t240:2 t523:3 t523:4 t468:5 t764:6 t764:6 t860:7
slv-280-8881,t636:0 t885:0 t903:1 t860:3 t903:5
slv-280-9080,t240:3 t926:5 t926:5 t523:6 t523:6 t468:7
slv-280-9147,t860:0 t670:5 t670:7
slv-280-9232,t885:0 t860:0
slv-280-9798,t670:2 t670:4 t486:5
slv-281-1023,t736:0 t693:1 t636:1 t240:2 t523:3 t523:4 t182:5
slv-281-1034,t920:1 t240:2 t278:2 t523:3 t523:3 t468:4 t764:5 t860:6
slv-281-1264,t672:1 t523:2 t523:3 t581:4
slv-281-1927,t460:1 t240:2 t926:3 t468:4
slv-281-2731,t448:1 t240:2 t523:3 t523:4 t182:4 t764:5 t885:6
slv-281-2935,t636:0 t885:0 t636:1 t904:4 t860:5
slv-281-3881,t736:0 t693:1 t636:1 t240:2 t523:3 t523:4 t182:5
slv-281-5416,t601:1 t601:2 t601:4
slv-281-6780,t523:3 t182:4 t764:6 t860:7
slv-281-7239,t788:0 t523:2 t523:3 t581:4
slv-281-7506,t693:1 t636:2 t693:3 t670:3 t843:4 t843:4 t601:5 t601:5
slv-281-7874,t391:0 t860:1 t545:1 t391:2 t545:3
slv-281-8117,t631:3 t631:4 t631:5 t631:6
slv-281-8449,t814:1 t290:3 t290:4 t814:4 t814:6
slv-281-8867,t670:2 t670:4 t486:5
slv-282-0055,t391:0 t904:0 t545:1 t240:2 t523:2 t523:3 t182:4 t885:4 t860:5
slv-282-0767,t670:2 t670:4 t486:5
slv-282-1659,t670:2 t670:4 t486:5
slv-282-2212,t670:2 t670:4 t486:5
slv-282-2658,t670:2 t670:4 t486:5
slv-282-2715,t391:0 t545:1
slv-282-3627,t523:0 t926:1 t523:2 t523:3 t468:3
slv-282-3629,t670:2 t670:4 t486:5
slv-282-3806,t240:0 t926:1 t278:1 t523:2 t523:3 t926:3 t468:4
slv-282-3897,t601:1 t601:3 t601:4
slv-282-4815,t240:1 t523:1 t523:3 t569:3 t523:4 t468:5
slv-282-5154,t920:1 t240:2 t523:3 t523:4 t468:5 t860:6
slv-282-5376,t358:1 t240:2 t926:3 t468:3 t569:5
slv-282-6211,t991:3 t631:5 t631:6 t631:7
slv-282-6702,t523:3 t468:5 t523:6 t182:7 t670:7 t670:7 t885:7 t860:7
slv-282-8192,t670:2 t670:4 t486:5
slv-282-9050,t670:2 t670:4 t486:5
slv-282-9172,t240:1 t926:3 t523:4 t468:5 t240:6 t468:7
slv-283-0012,t860:0 t903:1 t860:1 t545:3
slv-283-1475,t545:1 t240:1 t278:2 t523:3 t523:3 t468:4 t764:5 t885:5 t860:6
slv-283-1701,t693:1 t636:2 t693:3 t670:3 t843:4 t843:4 t601:5 t601:5
slv-283-2051,t601:1 t601:3 t670:4 t843:5 t843:5 t579:6
slv-283-3298,t730:1 t240:2 t926:3 t468:4 t523:4 t182:5
slv-283-3949,t601:1 t601:2 t601:4
slv-283-4898,t739:1 t545:2 t391:3 t545:4
slv-283-5621,t240:1 t926:2 t468:3
slv-283-5947,t920:1 t240:2 t523:3 t523:4 t468:5 t860:6
slv-283-6015,t448:0 t240:1 t523:2 t523:3 t468:3 t926:4 t468:5
slv-283-6605,t905:0 t545:2
slv-283-6783,t670:2 t670:4 t486:5
slv-283-9455,t903:0 t860:1 t885:1 t860:3 t903:4
slv-283-9459,t693:2 t636:4 t885:5 t860:6
slv-284-0388,t788:1 t523:2 t523:3 t581:4
slv-284-1185,t926:1 t468:3
slv-284-1365,t448:1 t240:2 t523:3 t523:4 t182:4 t764:5 t885:6
slv-284-1846,t670:0 t670:3 t486:5
slv-284-1874,t601:1 t601:2 t601:4
slv-284-3880,t670:2 t670:4 t486:5
slv-284-5204,t523:3 t182:4 t764:6 t860:7
slv-284-5423,t523:0 t523:2 t468:3
slv-284-5872,t601:1 t601:2 t601:4
slv-284-6514,t736:0 t693:1 t682:2 t240:3 t523:3 t523:4
slv-284-6686,t903:5 t860:6 t764:6 t486:7 t486:7 t670:7 t486:7
slv-284-7280,t926:1 t523:2 t523:3
slv-284-8245,t842:5 t842:6
slv-284-8510,t240:1 t926:2 t468:3 t885:3 t860:4 t903:4 t860:6
slv-284-8941,t676:1 t523:3 t569:4 t523:5 t523:6 t468:7
slv-284-9171,t391:0 t736:1 t112:3 t523:4 t523:5 t182:6 t764:6 t764:7 t903:7 t860:7
slv-284-9483,t904:0 t545:0 t391:1 t545:3
slv-284-9598,t523:1 t523:3 t182:3
slv-285-0611,t670:2 t670:4 t486:5
slv-285-0938,t693:1 t636:3 t885:4 t860:5
slv-285-1472,t545:0 t391:1 t545:1 t240:2 t523:3 t523:4
slv-285-1982,t309:2 t460:3 t240:3 t523:4 t569:4 t523:5 t523:5 t468:6
slv-285-2019,t739:1 t545:2 t391:3 t545:4
slv-285-4299,t788:1 t523:2 t523:3 t581:4
slv-285-4651,t670:2 t670:4 t486:5
slv-285-5087,t670:2 t670:4 t486:5
slv-285-5124,t860:0 t391:1 t860:2 t545:3
slv-285-5254,t670:3 t670:5 t486:6
slv-285-6154,t739:1 t545:2 t391:3 t545:4
slv-285-6298,t670:2 t670:4 t486:5
slv-285-7734,t523:0 t926:1 t523:2 t523:3 t468:3
slv-285-7761,t167:1 t391:2 t545:3 t523:3 t240:4 t523:4 t523:5 t468:5
slv-285-9210,t920:1 t240:2 t278:2 t523:3 t523:3 t468:4 t764:5 t860:6
slv-285-9414,t670:2 t670:4 t486:5
slv-286-0334,t523:3 t182:4 t764:6 t860:7
slv-286-0698,t788:1 t523:3 t523:3 t182:4
slv-286-0833,t920:1 t240:2 t278:2 t523:3 t523:3 t468:4 t764:5 t860:6
slv-286-0905,t860:0 t545:2
slv-286-1140,t788:1 t523:2 t523:3 t581:4
slv-286-1303,t670:2 t670:4 t486:5
slv-286-3054,t240:0 t523:1 t523:2 t569:3 t523:4 t468:5
slv-286-3731,t448:0 t240:0 t448:3 t468:4 t860:6
slv-286-5252,t670:2 t670:4 t486:5
slv-286-5666,t391:0 t860:0 t391:0 t545:1
slv-286-5713,t736:0 t486:1 t486:3 t670:3 t523:4 t523:5 t182:6
slv-286-5951,t903:0 t860:1 t496:1 t391:3 t545:4
slv-286-7575,t920:1 t240:2 t523:3 t523:4 t468:5 t860:6
slv-286-8196,t670:2 t670:4 t486:5
slv-286-9489,t601:1 t601:3
slv-286-9898,t601:1 t601:2 t601:4
slv-287-1905,t670:2 t670:4 t486:5
slv-287-2035,t240:1 t926:1 t468:2 t240:3 t278:3 t523:3 t523:4 t468:5
slv-287-2247,t920:1 t240:2 t278:2 t523:3 t523:3 t468:4 t764:5 t860:6
slv-287-2304,t106:1 t106:2 t106:3 t631:3 t631:5
slv-287-2633,t905:0 t545:1
slv-287-4098,t920:3 t920:4 t920:5
slv-287-4422,t860:0 t545:2
slv-287-5178,t670:2 t670:4 t486:5
slv-287-5179,t920:3 t920:4 t920:5
slv-287-5210,t670:2 t486:4 t486:5 t670:5 t670:6
slv-287-6804,t448:0 t240:0 t448:3 t468:4 t860:6
slv-287-7206,t240:1 t468:3 t240:4 t926:5 t523:5 t523:6 t468:7
slv-287-7324,t670:2 t670:4 t486:5
slv-287-8813,t240:1 t926:1 t468:2 t240:3 t278:3 t523:3 t523:4 t468:5
slv-287-9501,t905:0 t545:1
slv-288-0353,t523:1 t523:3 t182:3
slv-288-0472,t739:1 t545:2 t391:3 t545:4
slv-288-1047,t670:2 t670:4 t486:5
slv-288-1138,t920:1 t240:2 t278:2 t523:3 t523:3 t468:4 t764:5 t860:6
slv-288-1156,t601:1 t601:3 t601:4
slv-288-1203,t920:1 t240:2 t278:2 t523:3 t523:3 t468:4 t764:5 t860:6
slv-288-1824,t240:1 t926:3 t926:3 t523:4 t926:4 t468:5
slv-288-2223,t391:0 t736:1 t112:2 t545:3 t240:3 t523:4 t523:4 t581:5 t523:6 t468:6 t764:7
slv-288-2861,t670:2 t670:4 t486:5
slv-288-3355,t670:2 t670:4 t486:5
slv-288-3878,t460:1 t240:2 t926:3 t468:4
slv-288-4635,t167:1 t391:2 t545:3 t523:3 t240:4 t523:4 t523:5 t468:5
slv-288-7362,t240:1 t926:1 t468:2 t240:3 t278:3 t523:3 t523:4 t468:5
slv-288-8624,t670:1 t670:2 t133:3 t741:3 t396:4 t636:4 t885:4 t860:5
slv-288-9450,t670:2 t670:4 t486:5
slv-289-0205,t788:0 t523:2 t523:3 t581:4
slv-289-0383,t670:2 t670:4 t486:5
slv-289-0733,t448:1 t240:3 t523:5 t468:6 t670:6 t670:7 t860:7 t220:7
slv-289-0931,t693:1 t636:2 t693:3 t670:3 t843:4 t843:4 t601:5 t601:5
slv-289-1204,t920:3 t920:4 t920:5
slv-289-1905,t670:2 t670:4 t486:5
slv-289-2233,t391:0 t904:0 t860:1 t545:1 t391:3 t545:4
slv-289-3428,t391:1 t545:1 t739:2 t545:3
slv-289-4973,t693:4 t670:5 t670:6 t523:6 t182:7 t885:7 t860:7
slv-289-5080,t920:1 t240:2 t278:2 t523:3 t523:3 t468:4 t764:5 t860:6
slv-289-5706,t391:0 t545:1 t240:2 t523:3 t523:3 t182:4
slv-289-5748,t670:2 t486:4 t486:5 t670:5 t670:6
slv-289-6434,t741:0 t670:1 t670:2 t396:3
slv-289-6733,t670:2 t670:4 t486:5
slv-289-7822,t860:0 t391:1 t860:2 t545:4
slv-289-8232,t730:1 t240:2 t926:3 t926:4 t523:4 t468:5
slv-289-9306,t670:2 t670:4 t486:5
slv-290-0013,t903:1 t860:2 t670:3 t601:3 t601:4 t670:5 t545:5 t843:5 t843:5 t670:6 t843:6
slv-290-0086,t601:1 t601:2 t601:4
slv-290-0622,t496:0 t391:0 t904:0 t545:3
slv-290-1065,t601:1 t601:2 t601:4
slv-290-2788,t448:0 t240:3 t523:4 t523:5 t764:5 t860:7
slv-290-2901,t670:2 t670:4 t486:5
slv-290-3882,t601:1 t670:2 t843:3 t843:4 t601:5 t601:5
slv-290-4075,t670:2 t486:4 t486:5 t670:5 t670:6
slv-290-4754,t670:2 t670:4 t486:5
slv-290-5140,t903:5 t860:6 t764:6 t486:7 t486:7 t670:7 t486:7
slv-290-5850,t920:1 t240:2 t523:3 t523:4 t468:5 t860:6
slv-290-6168,t601:1 t601:3 t601:4
slv-290-6729,t391:0 t905:0
slv-290-6911,t391:0 t904:0 t860:0 t545:2
slv-290-7426,t736:0 t693:1 t636:1 t240:2 t523:3 t523:4 t182:5
slv-290-7440,t788:1 t523:3 t523:3 t182:4
slv-290-8056,t605:1 t240:1 t523:2 t523:3 t468:3 t240:4 t926:4 t468:5
slv-290-8252,t670:2 t670:4 t486:5
slv-290-8321,t788:1 t523:3 t523:3 t182:4
slv-290-8495,t670:2 t670:4 t486:5
slv-290-8673,t670:0 t670:3 t486:5
slv-290-9175,t460:1 t240:2 t926:3 t468:4
slv-291-1565,t240:0 t926:2 t468:3 t523:3 t468:5
slv-291-2835,t670:2 t670:4 t486:5
slv-291-3150,t523:3 t182:4 t764:6 t860:7
slv-291-4414,t860:0 t545:2
slv-291-4965,t920:1 t240:2 t523:3 t523:4 t468:5 t860:6
slv-291-5040,t486:2 t486:4 t469:5 t636:5 t730:5 t523:6 t182:7
slv-291-5385,t240:1 t523:2 t523:2 t569:3 t523:4 t523:4 t468:5
slv-291-6540,t903:1 t860:2 t670:3 t601:3 t601:4 t670:5 t545:5 t843:5 t843:5 t670:6 t843:6
slv-291-6590,t240:1 t926:2 t240:3 t468:6
slv-291-6878,t601:1 t601:2 t601:4
slv-291-6896,t523:1 t523:3 t182:3
slv-291-7600,t523:1 t523:3 t581:3
slv-291-9030,t670:2 t670:4 t486:5
slv-292-1270,t523:0 t926:1 t523:2 t523:3 t468:4
slv-292-2010,t920:1 t240:2 t278:2 t523:3 t523:3 t468:4 t764:5 t860:6
slv-292-3181,t605:1 t240:3 t523:4 t523:5 t468:5 t860:6
slv-292-4095,t670:2 t670:4 t486:5
slv-292-4243,t670:2 t486:4 t486:5 t670:5 t670:6
slv-292-5111,t545:1 t523:3 t182:4 t523:5 t581:6
slv-292-5429,t486:2 t486:4 t469:5 t636:5 t730:5 t523:6 t182:7
slv-292-6927,t670:2 t670:4 t486:5
slv-292-7097,t523:1 t523:3 t581:3
slv-292-7312,t240:1 t926:3 t468:3 t240:4 t523:4 t468:5
slv-292-7488,t920:1 t240:2 t523:3 t523:4 t468:5 t860:6
slv-292-8073,t460:1 t240:2 t926:3 t468:4
slv-292-8830,t240:0 t523:1 t240:1 t569:2 t523:3 t523:4
slv-292-9187,t523:1 t523:3 t182:3
slv-293-0317,t920:1 t240:2 t278:2 t523:3 t523:3 t468:4 t764:5 t860:6
slv-293-0604,t391:0 t545:1
slv-293-0750,t670:1 t843:3 t843:4 t523:4 t182:7
slv-293-0919,t545:1 t391:2 t545:3 t739:4 t545:4
slv-293-1845,t460:2 t240:3 t523:4 t523:4 t569:5 t523:5 t468:6
slv-293-1861,t636:0 t167:1 t391:2 t904:3 t860:4 t545:4
slv-293-2047,t290:1 t290:2 t785:3 t785:3 t814:4 t814:5 t785:6
slv-293-3409,t670:2 t486:4 t486:5 t670:5 t670:6
slv-293-3889,t670:2 t670:4 t486:5
slv-293-4607,t788:0 t523:2 t523:3 t581:4
slv-293-4948,t448:1 t240:3 t523:5 t468:6 t670:6 t670:7 t860:7 t220:7
slv-293-4966,t391:0 t904:1 t885:3 t860:4
slv-293-7090,t240:0 t523:1 t569:2 t523:3 t523:4 t468:5
slv-293-7093,t601:0 t670:3 t670:4 t523:4 t523:5 t182:6
slv-293-7221,t670:2 t670:4 t486:5
slv-293-7989,t670:2 t486:4 t486:5 t670:5 t670:6
slv-293-9101,t391:1 t736:2 t112:3 t545:3 t523:4 t240:4 t523:4 t523:5 t581:5 t885:6
slv-293-9689,t670:2 t670:4 t486:5
slv-293-9983,t920:1 t240:2 t523:3 t523:4 t468:5 t860:6
slv-294-0013,t545:1 t240:2 t926:4 t926:4 t468:4 t670:4 t523:4 t523:6 t468:6 t764:6
slv-294-0632,t601:1 t601:2 t601:4
slv-294-0718,t788:1 t523:3 t523:3 t182:4
slv-294-1430,t693:1 t636:2 t693:3 t670:3 t843:4 t843:4 t601:5 t601:5
slv-294-1839,t601:1 t601:2 t601:4
slv-294-1908,t670:2 t670:4 t486:5
slv-294-1980,t670:2 t670:4 t486:5
slv-294-2396,t309:2 t460:3 t240:3 t523:4 t569:4 t523:5 t523:5 t468:6
slv-294-2652,t670:2 t670:4 t486:5
slv-294-3208,t788:1 t523:2 t523:3 t581:4
slv-294-3773,t377:1 t377:2 t377:3
slv-294-4338,t240:0 t926:2 t926:3 t523:3 t468:5
slv-294-4433,t860:0 t545:1 t545:2 t523:3 t182:4
slv-294-4543,t616:1 t523:2 t523:3 t581:4 t523:4 t569:5
slv-294-5151,t167:1 t391:2 t496:2 t391:3 t545:3 t523:4 t240:4 t523:4 t523:5 t468:5
slv-294-5792,t240:1 t926:3 t926:3 t468:4 t523:5 t523:5 t468:6
slv-294-5895,t693:4 t670:5 t670:6 t523:6 t182:7 t885:7 t860:7
slv-294-6047,t240:1 t926:1 t468:2 t240:3 t278:3 t523:3 t523:4 t468:5
slv-294-6520,t240:1 t569:2 t860:5 t240:6 t523:7 t468:7
slv-294-7272,t523:0 t926:1 t523:2 t523:3 t468:3
slv-294-7425,t396:0 t240:1 t926:2 t523:3 t523:3 t926:4 t468:5
slv-294-8552,t920:1 t240:2 t523:2 t569:3 t523:4 t523:4 t468:5
slv-294-9078,t670:2 t486:4 t486:5 t670:5 t670:6
slv-294-9367,t448:0 t240:1 t926:2 t523:3 t523:3 t569:5
slv-294-9751,t904:5 t693:6 t693:7 t670:7 t693:7 t636:7
slv-295-3721,t636:0 t736:1 t112:2 t545:2 t240:3 t523:3 t523:4 t581:4 t523:5 t468:7
slv-295-4018,t391:0 t736:1 t112:3 t523:4 t523:5 t182:6 t764:6 t764:7 t903:7 t860:7
slv-295-5056,t636:0 t167:0 t496:1 t391:2 t545:3 t240:3 t523:4 t523:4 t468:5
slv-295-5387,t411:1 t411:2 t411:3 t411:5 t411:6
slv-295-6210,t670:2 t670:4 t486:5
slv-295-7196,t693:1 t636:2 t693:3 t670:3 t843:4 t843:4 t601:5 t601:5
slv-295-7215,t670:2 t670:4 t486:5
slv-295-7378,t670:1 t843:3 t843:4 t523:4 t182:7
slv-295-8120,t523:0 t926:1 t523:2 t523:3 t468:4
slv-295-8539,t693:1 t636:2 t693:3 t670:3 t843:4 t843:4 t601:5 t601:5
slv-295-8879,t693:2 t636:4 t885:5 t860:6
slv-296-0485,t741:2 t240:2 t926:3 t926:4 t468:5
slv-296-0639,t391:1 t736:2 t112:3 t545:3 t523:4 t240:4 t523:4 t523:5 t581:5 t885:6
slv-296-1653,t670:2 t670:4 t486:5
slv-296-1868,t920:1 t240:2 t523:3 t523:4 t468:5 t860:6
slv-296-2712,t885:1 t860:2 t903:3 t860:5
slv-296-3455,t240:1 t926:1 t468:2 t240:3 t278:3 t523:3 t523:4 t468:5
slv-296-4090,t448:1 t391:2 t736:3 t112:3 t545:4 t523:4 t523:5 t182:5 t523:6 t581:7
slv-296-5787,t788:0 t523:2 t523:3 t581:4
slv-296-5833,t167:1 t391:2 t904:3 t860:4 t545:5
slv-296-5883,t240:1 t926:1 t468:2 t240:3 t278:3 t523:3 t523:4 t468:5
slv-296-5902,t486:2 t486:4 t469:5 t636:5 t730:5 t523:6 t182:7
slv-296-6899,t788:1 t523:2 t523:3 t581:4
slv-296-6968,t460:0 t240:1 t523:2 t569:3 t523:4 t523:4
slv-296-7025,t670:2 t486:4 t486:5 t670:5 t670:6
slv-296-7421,t391:0 t736:1 t112:2 t545:3 t240:3 t523:4 t523:4 t581:5 t523:6 t468:6 t764:7
slv-296-7712,t905:0 t545:0 t860:1 t545:2
slv-296-8164,t670:2 t670:4 t486:5
slv-296-8365,t523:3 t182:3
slv-296-9234,t860:0 t391:1 t860:2 t545:3
slv-296-9618,t670:2 t670:4 t486:5
slv-296-9797,t670:2 t670:4 t486:5
slv-296-9840,t579:1 t579:1 t843:3 t843:4
slv-297-0730,t523:0 t569:1 t569:2 t523:3 t523:4 t468:5
slv-297-1750,t670:2 t486:4 t486:5 t670:5 t670:6
slv-297-3328,t460:1 t240:2 t926:3 t468:4
slv-297-3725,t601:1 t601:2 t601:3
slv-297-5183,t670:2 t670:4 t486:5
slv-297-5665,t670:2 t670:4 t486:5
slv-297-5758,t920:1 t240:2 t278:2 t523:3 t523:3 t468:4 t764:5 t860:6
slv-297-6293,t523:0 t523:2 t468:3
slv-297-6372,t670:2 t670:4 t486:5
slv-297-6821,t112:1 t523:3 t523:4 t182:5 t523:5 t581:6
slv-297-7990,t448:1 t240:2 t523:3 t523:4 t182:4 t764:5 t885:6
slv-297-8926,t670:2 t670:4 t486:5
slv-297-9056,t601:1 t601:2 t601:4
slv-297-9276,t486:1 t486:3 t670:4 t670:5 t486:6
slv-298-0186,t240:0 t523:1 t523:2 t926:3 t523:3 t581:4
slv-298-0862,t670:2 t670:4 t486:5
slv-298-1004,t670:2 t670:4 t486:5
slv-298-1585,t670:2 t486:4 t486:5 t670:5 t670:6
slv-298-2175,t739:1 t545:2 t391:3 t545:4
slv-298-2490,t523:1 t523:3 t581:3
slv-298-2502,t391:0 t545:1 t545:2 t523:3 t523:4 t182:4
slv-298-4784,t601:1 t601:2 t601:3
slv-298-5963,t860:0 t391:1 t860:2 t545:3
slv-298-6377,t460:1 t240:2 t523:3 t569:4 t523:5 t523:5 t468:6
slv-298-6454,t240:0 t523:1 t240:2 t926:2 t240:3 t569:3 t523:4 t523:5
slv-298-7128,t448:1 t240:2 t523:3 t523:4 t182:4 t764:5 t885:6
slv-298-7302,t601:1 t601:2 t601:4
slv-298-7686,t991:3 t631:5 t631:6 t631:7
slv-298-7944,t670:2 t486:4 t486:5 t670:5 t670:6
slv-298-8389,t920:1 t240:2 t523:3 t523:4 t468:5 t860:6
slv-299-0520,t601:1 t601:2 t601:4
slv-299-1046,t460:1 t240:2 t523:3 t569:4 t523:5 t523:5 t468:6
slv-299-1327,t670:2 t670:4 t486:5
slv-299-1963,t860:0 t545:1 t904:2 t545:3 t391:4 t545:4
slv-299-2219,t240:1 t926:2 t468:4 t904:7
slv-299-2225,t631:3 t631:5 t631:6
slv-299-2254,t391:0 t736:1 t112:2 t545:3 t240:3 t523:4 t523:4 t581:5 t523:6 t468:6 t764:7
slv-299-4195,t358:1 t536:2 t240:3 t926:3 t468:5
slv-299-4967,t448:1 t240:2 t523:3 t523:4 t182:4 t764:5 t885:6
slv-299-6010,t920:1 t240:2 t523:3 t523:4 t468:5 t860:6
slv-299-6525,t240:2 t926:4 t523:5 t182:6 t523:6 t468:7 t670:7 t670:7
slv-299-7650,t391:0 t545:1 t240:2 t523:3 t523:4
slv-299-7910,t448:1 t240:2 t523:3 t523:4 t182:4 t764:5 t885:6
slv-299-8820,t926:0 t926:1 t523:2 t523:3 t926:3
slv-299-9412,t240:0 t523:2 t523:3 t468:4
slv-299-9454,t523:0 t926:1 t523:2 t523:3 t468:3
slv-300-1399,t523:0 t523:0 t926:2 t926:2 t523:3 t468:3
slv-300-2633,t605:1 t240:1 t523:2 t523:3 t468:3 t278:3 t278:4 t926:4 t468:5
slv-300-3064,t670:0 t670:3 t486:5
slv-300-3903,t460:0 t240:2 t523:3 t569:3 t523:4 t523:4 t468:5
slv-300-4048,t670:2 t670:4 t486:5
slv-300-4612,t788:1 t523:2 t523:3 t581:4
slv-300-4886,t788:0 t523:2 t523:3 t581:4
slv-300-5417,t460:1 t240:2 t523:3 t569:4 t523:5 t523:5 t468:6
slv-300-6064,t764:5 t670:6 t670:7 t486:7 t670:7
slv-300-6503,t788:1 t523:2 t523:3 t581:4
slv-300-6504,t920:1 t240:2 t278:2 t523:3 t523:3 t468:4 t764:5 t860:6
slv-300-6560,t860:0 t903:1 t860:1 t545:3
slv-300-6807,t920:1 t240:2 t278:2 t523:3 t523:3 t468:4 t764:5 t860:6
slv-300-8683,t670:2 t670:4 t486:5
slv-300-8847,t636:0 t246:3 t460:4 t240:4 t523:5 t523:6 t468:6 t670:7 t670:7
slv-300-9651,t670:2 t670:4 t486:5
slv-300-9850,t670:2 t670:4 t486:5
slv-301-0500,t829:2 t788:3 t523:4 t523:4 t581:5
slv-301-0602,t814:1 t814:4 t631:5 t631:6 t631:6
slv-301-0707,t670:2 t670:4 t486:5
slv-301-1427,t391:0 t904:0 t545:1 t240:2 t523:2 t523:3 t182:4 t885:4 t860:5
slv-301-1726,t523:1 t523:3 t468:3 t764:6
slv-301-1765,t523:1 t523:3 t182:3
slv-301-3391,t788:0 t523:2 t523:3 t581:4
slv-301-3496,t616:1 t523:2 t523:3 t569:4
slv-301-3564,t926:1 t468:3
slv-301-3844,t605:1 t240:1 t523:2 t523:3 t468:3 t240:4 t926:4 t468:5
slv-301-4297,t391:0 t736:1 t112:2 t545:3 t240:3 t523:4 t523:4 t581:5 t523:6 t468:6 t764:7
slv-301-5533,t739:0 t670:1 t670:3 t843:3 t843:4 t885:4 t860:5
slv-301-5990,t670:2 t670:4 t486:5
slv-301-6161,t631:3 t631:5 t631:6
slv-301-6266,t460:1 t240:1 t523:2 t569:3 t523:3 t523:4
slv-301-6798,t670:2 t670:4 t486:5
slv-301-8819,t448:0 t240:1 t926:2 t523:3 t523:3 t569:5
slv-301-9389,t904:3 t631:5 t631:6 t631:6
slv-302-0012,t672:0 t523:1 t523:2 t182:3
slv-302-2073,t920:1 t240:2 t278:2 t523:3 t523:3 t468:4 t764:5 t860:6
slv-302-2593,t920:3 t920:4 t920:5
slv-302-2807,t486:2 t486:4 t469:5 t636:5 t730:5 t523:6 t182:7
slv-302-3328,t730:1 t240:2 t926:3 t468:4 t523:4 t182:5
slv-302-3721,t240:1 t926:1 t468:2 t240:3 t278:3 t523:3 t523:4 t468:5
slv-302-4277,t523:2 t523:3 t182:4
slv-302-4865,t670:2 t670:4 t486:5
slv-302-5415,t788:0 t523:3 t523:3 t182:4
slv-302-5805,t653:1 t903:1 t860:2 t545:4
slv-302-7082,t106:1 t106:2 t240:3 t926:4 t926:4 t468:5 t670:5 t670:6 t903:6 t860:7
slv-302-7257,t240:1 t926:1 t468:2 t240:3 t278:3 t523:3 t523:4 t468:5
slv-302-7385,t926:1 t523:3 t523:3 t468:3
slv-302-7912,t693:4 t670:5 t670:6 t523:6 t182:7 t885:7 t860:7
slv-302-9067,t670:2 t670:4 t486:5
slv-302-9617,t523:0 t926:1 t926:2 t523:3 t468:4
slv-303-0038,t601:1 t601:2 t601:4
slv-303-0525,t920:1 t240:2 t278:2 t523:3 t523:3 t468:4 t764:5 t860:6
slv-303-1145,t670:2 t670:4 t486:5
slv-303-1204,t486:2 t486:4 t469:5 t636:5 t730:5 t523:6 t182:7
slv-303-2398,t240:0 t569:1 t240:2 t523:3
slv-303-2411,t885:0 t860:1 t545:2 t391:3 t545:5
slv-303-2458,t670:2 t670:4 t486:5
slv-303-3053,t555:1 t486:3 t523:4 t523:5 t182:7
slv-303-3096,t903:5 t860:6 t764:6 t486:7 t486:7 t670:7 t486:7
slv-303-3662,t670:2 t670:4 t486:5
slv-303-4074,t693:0 t636:0 t885:2 t860:4
slv-303-5118,t240:1 t468:3 t240:4 t926:5 t523:5 t523:6 t468:7
slv-303-5529,t460:1 t240:2 t523:3 t523:4 t569:4 t523:5 t468:5
slv-303-5809,t460:1 t240:2 t523:3 t569:4 t523:5 t523:5 t468:6
slv-303-6581,t460:1 t240:2 t523:3 t523:4 t569:5 t523:6 t468:7
slv-303-6801,t167:1 t391:2 t545:3 t523:3 t240:4 t523:4 t523:5 t468:5
slv-303-7090,t860:0 t391:1 t860:2 t545:3
slv-303-7937,t693:1 t636:2 t693:3 t670:3 t843:4 t843:4 t601:5 t601:5
slv-303-8533,t670:2 t486:4 t486:5 t670:5 t670:6
slv-303-8918,t240:1 t926:1 t523:3 t523:3
slv-303-9057,t693:1 t636:2 t693:3 t670:3 t843:4 t843:4 t601:5 t601:5
slv-303-9301,t460:1 t240:2 t523:3 t523:4 t569:4 t523:5 t468:6
slv-303-9360,t764:5 t670:6 t670:7 t486:7 t670:7
slv-304-0426,t460:1 t240:2 t523:3 t569:4 t523:5 t523:5 t468:6
slv-304-1831,t670:2 t670:4 t486:5
slv-304-2019,t670:2 t670:4 t486:5
slv-304-2089,t670:2 t670:4 t486:5
slv-304-2406,t670:2 t670:4 t486:5
slv-304-2634,t670:2 t670:4 t486:5
slv-304-2704,t601:1 t601:2 t601:4
slv-304-3081,t926:0 t926:1 t523:3 t468:3
slv-304-3528,t788:1 t523:2 t523:3 t581:4
slv-304-4076,t670:2 t670:4 t486:5
slv-304-4574,t670:2 t670:4 t486:5
slv-304-6640,t788:1 t523:3 t523:3 t182:4
slv-304-6779,t920:3 t920:4 t920:5
slv-304-8498,t391:0 t448:0 t240:1 t926:2 t468:3 t523:3 t468:5
slv-305-0515,t676:1 t523:3 t569:4 t523:5 t523:6 t468:7
slv-305-1218,t670:2 t486:4 t486:5 t670:5 t670:6
slv-305-1273,t905:0 t545:1
slv-305-1570,t523:3 t182:4
slv-305-1967,t391:0 t904:0 t545:1 t240:2 t523:2 t523:3 t182:4 t885:4 t860:5
slv-305-2204,t240:0 t926:2 t468:3 t523:3 t468:5
slv-305-3002,t788:1 t523:2 t523:3 t581:4
slv-305-3759,t920:1 t240:2 t523:3 t523:4 t468:5 t860:6
slv-305-4729,t736:0 t693:1 t682:2 t523:3 t523:4 t182:4
slv-305-4871,t670:0 t670:2 t486:3 t523:4 t523:6 t182:6
slv-305-4942,t814:1 t290:3 t290:4 t814:4 t814:6
slv-305-5016,t670:2 t486:4 t486:5 t670:5 t670:6
slv-305-5760,t631:3 t631:5 t631:6
slv-305-6713,t240:1 t926:3 t926:4 t523:5 t523:5 t182:6 t240:6 t468:7
slv-305-7405,t523:3 t182:4 t764:6 t860:7
slv-305-8190,t788:1 t523:3 t523:3 t182:4
slv-305-9413,t460:1 t240:2 t523:3 t523:4 t569:4 t523:5 t468:5
slv-305-9660,t670:5 t670:6 t486:7 t670:7
slv-306-0210,t601:1 t601:2 t601:4
slv-306-0392,t670:2 t486:4 t486:5 t670:5 t670:6
slv-306-0708,t391:0 t736:1 t112:2 t545:3 t240:3 t523:4 t523:4 t581:5 t523:6 t468:6 t764:7
slv-306-0720,t460:1 t240:2 t523:3 t569:4 t523:5 t523:5 t468:6
slv-306-1306,t670:2 t670:4 t486:5
slv-306-2398,t860:0 t545:2
slv-306-3702,t920:1 t240:3 t926:4 t468:5 t670:5 t670:6 t523:6 t468:6
slv-306-4224,t670:2 t486:4 t486:5 t670:5 t670:6
slv-306-4445,t601:1 t601:2 t601:4
slv-306-5257,t448:1 t240:2 t523:3 t523:4 t182:4 t764:5 t885:6
slv-306-6336,t523:2 t523:3 t182:4
slv-306-6388,t788:1 t523:2 t523:3 t581:4
slv-306-6597,t396:0 t240:1 t926:2 t523:3 t523:3 t926:4 t468:5
slv-306-6664,t448:2 t523:3 t182:4
slv-306-7227,t391:0 t904:0 t860:1 t545:3
slv-306-7498,t670:2 t486:4 t486:5 t670:5 t670:6
slv-306-8793,t545:1 t240:2 t926:4 t926:4 t468:4 t670:4 t523:4 t523:6 t468:6 t764:6
slv-306-9778,t920:1 t240:2 t278:2 t523:3 t523:3 t468:4 t764:5 t860:6
slv-307-0362,t670:2 t670:4 t486:5
slv-307-0987,t523:1 t523:3 t581:3
slv-307-2308,t905:0 t545:1
slv-307-3119,t523:1 t523:3 t182:3
slv-307-4166,t670:2 t486:4 t486:5 t670:5 t670:6
slv-307-5413,t905:0 t545:1
slv-307-5551,t391:0 t736:1 t112:2 t545:3 t240:3 t523:4 t523:4 t581:5 t523:6 t468:6 t764:7
slv-307-6255,t788:0 t523:2 t523:3 t581:4
slv-307-6295,t670:2 t670:4 t486:5
slv-307-6302,t670:2 t486:4 t486:5 t670:5 t670:6
slv-307-6545,t920:3 t920:4 t920:5
slv-307-6581,t523:3 t182:4 t764:6 t860:7
slv-307-7819,t670:2 t670:4 t486:5
slv-307-8395,t605:1 t240:1 t523:2 t523:3 t468:3 t278:3 t278:4 t926:4 t468:5
slv-307-8802,t523:1 t523:3 t182:3
slv-307-9172,t670:2 t670:4 t486:5
slv-307-9602,t904:4 t631:6 t631:6 t631:7
slv-307-9923,t579:1 t579:1 t843:3 t843:4
slv-307-9957,t460:1 t240:2 t523:3 t569:4 t523:5 t523:5 t468:6
slv-308-0009,t670:1 t843:3 t843:4 t523:4 t182:7
slv-308-0112,t920:1 t240:2 t278:2 t523:3 t523:3 t468:4 t764:5 t860:6
slv-308-0234,t167:1 t391:2 t545:3 t523:3 t240:4 t523:4 t523:5 t468:5
slv-308-1007,t486:2 t486:4 t469:5 t636:5 t730:5 t523:6 t182:7
slv-308-1951,t670:2 t670:4 t486:5
slv-308-3362,t670:2 t670:4 t486:5
slv-308-3741,t128:3 t128:4 t631:5 t631:5 t329:5 t329:6
slv-308-3824,t670:2 t670:4 t486:5
slv-308-3905,t670:2 t670:4 t486:5
slv-308-4006,t670:2 t486:4 t486:5 t670:5 t670:6
slv-308-4209,t670:2 t670:4 t486:5
slv-308-4525,t240:1 t468:3 t240:4 t926:5 t523:5 t523:6 t468:7
slv-308-5680,t920:1 t240:2 t278:2 t523:3 t523:3 t468:4 t764:5 t860:6
slv-308-7340,t523:0 t523:2 t182:5 t764:6 t764:6 t903:6 t860:7 t670:7 t670:7
slv-308-7585,t240:1 t926:2 t468:3 t240:4 t468:4 t523:5 t523:5 t182:6
slv-308-7733,t601:1 t601:3 t601:4
slv-308-9292,t670:2 t670:4 t486:5
slv-309-0673,t676:1 t523:3 t569:4 t523:5 t523:6 t468:7
slv-309-0703,t788:1 t523:2 t523:3 t182:3
slv-309-0792,t788:0 t523:2 t523:3 t581:4
slv-309-1919,t670:2 t670:4 t486:5
slv-309-2312,t670:2 t670:4 t486:5
slv-309-3001,t920:1 t240:2 t523:3 t569:5 t523:6 t468:7 t670:7
slv-309-3508,t496:0 t391:0 t904:0 t545:2
slv-309-3954,t670:2 t670:4 t486:5
slv-309-4190,t920:1 t240:2 t278:2 t523:3 t523:3 t468:4 t764:5 t860:6
slv-309-5562,t670:2 t670:4 t486:5
slv-309-5979,t788:1 t523:3 t523:3 t182:4
slv-309-9448,t670:2 t670:4 t486:5
slv-310-0418,t391:0 t904:0 t860:0 t391:1 t545:3
slv-310-0640,t860:0 t545:0 t905:1 t545:2
slv-310-0820,t670:2 t670:4 t486:5
slv-310-1002,t616:1 t523:2 t523:3 t569:4
slv-310-2227,t670:2 t670:4 t486:5
slv-310-2409,t920:1 t240:2 t278:2 t523:3 t523:3 t468:4 t764:5 t860:6
slv-310-2880,t167:1 t391:2 t545:3 t523:3 t240:4 t523:4 t523:5 t468:5
slv-310-2893,t309:2 t460:3 t240:3 t523:4 t569:4 t523:5 t523:5 t468:6
slv-310-3034,t903:1 t860:2 t670:3 t601:3 t601:4 t670:5 t545:5 t843:5 t843:5 t670:6 t843:6
slv-310-3082,t391:0 t545:0 t523:2 t523:3 t182:4
slv-310-3536,t670:2 t486:4 t486:5 t670:5 t670:6
slv-310-3894,t329:1 t329:3 t631:4 t631:5
slv-310-5187,t670:2 t670:4 t486:5
slv-310-5608,t605:1 t240:3 t523:4 t523:5 t468:5 t860:6
slv-310-6817,t693:2 t636:4 t885:5 t860:6
slv-310-7360,t523:2 t523:3 t182:4
slv-310-7834,t670:2 t670:4 t486:5
slv-310-8410,t670:2 t670:4 t486:5
slv-310-9223,t926:1 t468:3
slv-311-1030,t672:1 t523:2 t523:3 t581:4
slv-311-2013,t670:2 t670:4 t486:5
slv-311-2329,t920:1 t240:2 t278:2 t523:3 t523:3 t468:4 t764:5 t860:6
slv-311-3328,t448:0 t240:2 t523:4 t523:5 t468:6 t764:7 t860:7
slv-311-4819,t788:0 t523:2 t523:3 t581:4
slv-311-5070,t693:1 t636:2 t693:3 t670:3 t843:4 t843:4 t601:5 t601:5
slv-311-6137,t391:0 t904:0 t860:0 t545:3
slv-311-6910,t672:1 t523:2 t523:3 t581:4
slv-311-7037,t523:1 t523:3 t182:3
slv-311-7271,t240:2 t926:4 t523:5 t182:6 t523:6 t468:7 t670:7 t670:7
slv-311-7314,t920:1 t240:2 t278:2 t523:3 t523:3 t468:4 t764:5 t860:6
slv-311-7373,t391:0 t904:0 t545:1 t240:2 t523:2 t523:3 t182:4 t885:4 t860:5
slv-311-7673,t240:1 t926:1 t468:2 t240:3 t278:3 t523:3 t523:4 t468:5
slv-311-7861,t670:2 t670:4 t486:5
slv-311-8443,t448:1 t240:2 t523:3 t523:4 t182:4 t764:5 t885:6
slv-311-9048,t601:1 t601:2 t601:4
slv-311-9050,t991:0 t814:3 t814:4 t631:5 t631:6 t631:7
slv-311-9882,t391:0 t736:1 t112:2 t545:3 t240:3 t523:4 t523:4 t581:5 t523:6 t468:6 t764:7
slv-312-0667,t670:2 t670:4 t486:5
slv-312-0868,t670:2 t670:4 t486:5
slv-312-1945,t670:2 t670:4 t486:5
slv-312-2859,t460:1 t240:2 t523:3 t569:3 t523:4 t523:4 t468:5
slv-312-3221,t601:1 t601:2 t601:4
slv-312-3484,t670:2 t670:4 t486:5
slv-312-5549,t605:1 t240:3 t523:4 t523:5 t468:5 t860:6
slv-312-5670,t693:1 t670:3 t670:4 t693:4 t636:5 t885:6 t860:6
slv-312-7034,t670:2 t670:4 t486:5
slv-312-9109,t240:0 t926:1 t523:2 t523:3 t581:3 t569:4 t523:4 t569:5
slv-312-9385,t601:1 t601:2 t601:4
slv-312-9477,t240:1 t523:2
slv-312-9740,t636:0 t167:0 t496:1 t391:2 t545:3 t240:3 t523:4 t523:4 t468:5
slv-312-9757,t670:2 t670:4 t486:5
slv-313-0697,t523:1 t523:3 t468:3
slv-313-0903,t670:2 t670:4 t486:5
slv-313-1466,t448:0 t240:0 t448:3 t468:4 t860:6
slv-313-2411,t670:2 t670:4 t486:5
slv-313-2553,t670:2 t670:4 t486:5
slv-313-3158,t448:0 t240:0 t448:3 t468:4 t860:6
slv-313-3205,t240:1 t523:1 t523:2 t569:3 t523:4 t468:5
slv-313-4628,t670:2 t486:4 t486:5 t670:5 t670:6
slv-313-5592,t240:1 t926:2 t468:3 t240:4 t468:4 t523:5 t523:5 t182:6
slv-313-5808,t460:1 t240:2 t523:3 t523:3 t569:4 t523:4 t468:5
slv-313-5841,t670:0 t670:3 t486:5
slv-313-7561,t670:2 t670:4 t486:5
slv-313-9377,t601:1 t601:3 t601:4
slv-314-1022,t448:0 t240:0 t448:3 t468:4 t860:6
slv-314-1143,t670:2 t670:4 t486:5
slv-314-1301,t670:2 t670:4 t486:5
slv-314-2429,t903:1 t860:2 t670:3 t601:3 t601:4 t670:5 t545:5 t843:5 t843:5 t670:6 t843:6
slv-314-4072,t905:0 t545:1
slv-314-4576,t636:0 t885:0 t636:1 t904:4 t860:5
slv-314-5655,t631:3 t631:5 t631:6
slv-314-6100,t920:1 t240:2 t278:2 t523:3 t523:3 t468:4 t764:5 t860:6
slv-314-6475,t920:1 t240:2 t278:2 t523:3 t523:3 t468:4 t764:5 t860:6
slv-314-7237,t167:1 t391:2 t545:3 t523:3 t240:4 t523:4 t523:5 t468:5
slv-314-8214,t601:1 t601:3 t601:4
slv-314-9209,t670:2 t670:4 t486:5
slv-314-9972,t167:1 t391:2 t904:3 t860:4 t545:5
slv-315-0498,t670:2 t670:4 t486:5
slv-315-1453,t670:2 t670:4 t486:5
slv-315-2029,t670:5 t670:6 t486:7 t670:7
slv-315-2377,t601:1 t601:2 t601:4
slv-315-3215,t460:1 t240:2 t523:3 t523:3 t182:4
slv-315-4118,t670:2 t670:4 t486:5
slv-315-5145,t523:1 t523:3 t182:3
slv-315-5641,t670:2 t670:4 t486:5
slv-315-6726,t926:1 t523:3 t523:3 t468:3
slv-315-7438,t788:1 t523:2 t523:3 t581:4
slv-315-8581,t240:1 t523:1 t523:2 t569:3 t523:4 t468:5
slv-315-8595,t670:2 t486:4 t486:5 t670:5 t670:6
slv-315-9041,t788:1 t523:2 t523:3 t581:4
slv-315-9324,t764:2 t670:5 t670:6 t486:6 t670:7
slv-315-9437,t670:2 t670:4 t486:5
slv-315-9991,t920:1 t240:2 t278:2 t523:3 t523:3 t468:4 t764:5 t860:6
slv-316-3303,t670:2 t670:4 t486:5
slv-316-4777,t448:0 t240:0 t448:3 t468:4 t860:6
slv-316-4961,t905:0 t545:1
slv-316-5190,t920:1 t240:2 t523:3 t523:4 t468:5 t860:6
slv-316-5965,t670:2 t670:4 t486:5
slv-316-7646,t670:2 t670:4 t486:5
slv-316-8651,t920:3 t920:4 t920:5
slv-316-8764,t920:1 t240:2 t278:2 t523:3 t523:3 t468:4 t764:5 t860:6
slv-316-8813,t670:0 t670:3 t486:5
slv-316-9291,t636:1 t523:3 t523:5 t182:6 t486:7
slv-316-9350,t920:1 t240:2 t523:3 t523:4 t468:5 t860:6
slv-317-0949,t240:1 t523:1 t523:2 t926:3 t523:3 t468:4
slv-317-3296,t523:3 t182:3
slv-317-3535,t670:2 t670:4 t486:5
slv-317-3632,t605:1 t240:2 t523:3 t523:3 t468:4 t764:5 t860:6
slv-317-4326,t693:1 t636:2 t693:3 t670:3 t843:4 t843:4 t601:5 t601:5
slv-317-4857,t670:2 t670:4 t486:5
slv-317-6259,t240:1 t523:1 t523:2 t569:3 t523:4 t468:5
slv-317-6314,t670:2 t670:4 t486:5
slv-317-6670,t670:2 t670:4 t486:5
slv-317-7066,t788:0 t523:2 t523:3 t581:4
slv-317-7952,t670:2 t486:4 t486:5 t670:5 t670:6
slv-317-8416,t904:0 t545:1 t240:2 t523:3 t523:4 t468:5 t764:6 t764:6 t860:7
slv-317-8921,t670:2 t486:4 t486:5 t670:5 t670:6
slv-317-9283,t860:0 t391:1 t860:2 t545:4
slv-318-0788,t670:2 t486:4 t486:5 t670:5 t670:6
slv-318-1763,t391:0 t545:0 t904:1 t860:2 t545:3 t739:3 t545:4
slv-318-1982,t670:2 t670:4 t486:5
slv-318-2179,t670:2 t670:4 t486:5
slv-318-2804,t391:0 t545:1 t240:1 t523:2
slv-318-3444,t523:0 t523:2 t468:3
slv-318-3583,t601:1 t601:2 t601:3
slv-318-4211,t670:2 t670:4 t486:5
slv-318-6081,t391:1 t736:2 t112:3 t545:3 t523:4 t240:4 t523:4 t523:5 t581:5 t885:6
slv-318-6679,t460:1 t240:2 t523:3 t569:4 t523:5 t523:5 t468:6
slv-318-6831,t391:0 t448:0 t460:1 t240:3 t523:5 t523:6 t468:6 t670:7 t670:7
slv-318-8707,t670:2 t670:4 t486:5
slv-318-9115,t670:2 t670:4 t486:5
slv-318-9189,t391:0 t736:1 t112:3 t523:4 t523:5 t182:6 t764:6 t764:7 t903:7 t860:7
slv-319-0980,t730:1 t240:2 t926:3 t926:4 t523:4 t468:5
slv-319-1225,t736:0 t693:1 t523:2 t523:3 t182:4
slv-319-1387,t670:2 t670:4 t486:5
slv-319-1455,t920:3 t920:4 t920:5
slv-319-1512,t636:3 t670:5 t670:5 t523:6 t523:6 t182:7
slv-319-1889,t670:5 t670:6 t486:7 t670:7
slv-319-2463,t670:2 t670:4 t486:5
slv-319-3673,t670:2 t670:4 t486:5
slv-319-4029,t240:1 t926:1 t468:2 t240:3 t278:3 t523:3 t523:4 t468:5
slv-319-4032,t670:2 t670:4 t486:5
slv-319-4687,t788:1 t523:3 t523:3 t581:5
slv-319-4872,t670:2 t670:4 t486:5
slv-319-4976,t788:0 t523:2 t523:3 t581:4
slv-319-5388,t670:2 t670:4 t486:5
slv-319-5421,t601:1 t601:2 t601:4
slv-319-5564,t885:0 t860:1 t903:3 t860:4
slv-319-5646,t448:1 t240:2 t523:3 t523:4 t182:4 t764:5 t885:6
slv-319-6053,t920:1 t240:2 t523:4 t523:4 t468:5 t860:7
slv-319-6139,t670:2 t670:4 t486:5
slv-319-6263,t460:1 t240:2 t523:3 t523:3 t569:4 t523:4 t468:5
slv-319-6383,t693:1 t670:3 t670:4 t693:4 t636:5 t885:6 t860:6
slv-319-6819,t545:1 t240:1 t926:2 t468:2 t240:3 t278:3 t523:4 t523:4 t468:5
slv-319-6902,t860:0 t903:1 t860:1 t545:3
slv-319-8409,t523:3 t182:4
slv-319-8773,t536:1 t240:1 t926:2 t240:3 t468:4 t240:6 t569:7
slv-319-9285,t670:2 t670:4 t486:5
slv-319-9470,t167:1 t391:2 t904:3 t860:4 t545:5
slv-320-0771,t240:1 t523:2 t523:2 t569:3 t523:4 t523:4 t468:5
slv-320-0955,t670:2 t670:4 t486:5
slv-320-1103,t903:5 t860:6 t764:6 t486:7 t486:7 t670:7 t486:7
slv-320-2144,t391:1 t736:2 t112:3 t545:3 t523:4 t240:4 t523:4 t523:5 t581:5 t885:6
slv-320-2274,t391:0 t448:0 t636:1 t240:2 t523:3 t523:4 t468:4 t764:5 t885:6
slv-320-2332,t670:2 t670:4 t486:5
slv-320-2418,t670:2 t670:4 t486:5
slv-320-2702,t460:1 t240:3 t523:4 t569:6 t860:6 t670:7 t670:7 t523:7 t468:7
slv-320-5352,t693:0 t670:4 t670:5 t182:6 t523:6 t523:6 t182:7
slv-320-5662,t670:2 t670:4 t486:5
slv-320-5678,t670:2 t670:4 t486:5
slv-320-6021,t739:1 t545:2 t391:3 t545:4
slv-320-6131,t788:1 t523:2 t523:3 t581:4
slv-320-6350,t739:0 t670:2 t885:3 t860:5
slv-320-6877,t167:1 t391:2 t904:3 t860:4 t545:5
slv-320-6964,t391:0 t736:1 t112:2 t545:3 t240:3 t523:4 t523:4 t581:5 t523:6 t468:6 t764:7
slv-320-7647,t670:2 t670:4 t486:5
slv-320-8816,t240:1 t926:1 t468:2 t240:3 t278:3 t523:3 t523:4 t468:5
slv-320-8940,t920:1 t240:2 t278:2 t523:3 t523:3 t468:4 t764:5 t860:6
slv-320-9548,t545:0 t240:1 t523:1 t240:2 t569:3 t523:3
slv-321-0736,t885:0 t860:0 t670:5
slv-321-0759,t460:1 t240:2 t926:3 t468:4
slv-321-2366,t523:1 t523:3 t468:3 t764:6
slv-321-2482,t448:0 t240:1 t523:2 t523:3 t182:3 t523:4 t468:5
slv-321-4149,t670:2 t670:4 t486:5
slv-321-4294,t411:1 t411:2 t411:3 t411:5 t411:5 t411:6
slv-321-4651,t670:2 t670:4 t486:5
slv-321-5270,t523:0 t926:1 t523:2 t523:3 t468:4
slv-321-5682,t904:0 t860:0 t391:0 t860:1 t545:3
slv-321-6833,t391:0 t448:0 t636:1 t240:2 t523:3 t523:4 t468:4 t764:5 t885:6
slv-321-6968,t670:2 t670:4 t486:5
slv-321-7271,t670:2 t670:4 t486:5
slv-321-7938,t920:1 t240:2 t523:3 t523:4 t468:5 t860:6
slv-321-8404,t693:2 t636:4 t885:5 t860:6
slv-321-8411,t927:1 t927:2 t927:3 t927:4
slv-321-8983,t523:4 t182:6 t670:6 t670:7 t885:7 t860:7
slv-321-9816,t670:2 t670:4 t486:5
slv-322-0914,t670:2 t670:4 t486:5
slv-322-0915,t991:3 t631:5 t631:6 t631:7
slv-322-1107,t167:1 t391:2 t545:3 t523:3 t240:4 t523:4 t523:5 t468:5
slv-322-3393,t523:3 t182:4 t764:6 t860:7
slv-322-3663,t523:1 t523:3 t468:4 t860:5 t523:6 t764:6 t860:7 t670:7
slv-322-3723,t523:1 t523:3 t581:3
slv-322-4985,t920:1 t240:4 t468:6 t670:7 t670:7
slv-322-5552,t240:1 t523:1 t523:2 t569:3 t523:4 t468:5
slv-322-5916,t523:1 t523:3 t581:3
slv-322-7515,t926:1 t523:3 t523:3 t468:3
slv-322-8583,t670:2 t670:4 t486:5
slv-322-9109,t391:0 t448:0 t240:1 t926:2 t468:3 t523:3 t468:5
slv-322-9868,t670:2 t670:4 t486:5
slv-323-0481,t670:2 t670:4 t486:5
slv-323-0502,t601:1 t601:2 t601:4
slv-323-0721,t636:0 t885:0 t636:1 t904:4 t860:5
slv-323-0840,t240:0 t523:1 t240:2 t926:2 t240:3 t569:3 t523:4 t523:5
slv-323-1518,t670:2 t670:4 t486:5
slv-323-2871,t391:0 t545:0 t523:2 t523:3 t182:4
slv-323-2872,t523:3 t182:3 t764:6
slv-323-4222,t670:2 t670:4 t486:5
slv-323-5853,t486:2 t486:4 t469:5 t636:5 t730:5 t523:6 t182:7
slv-323-6394,t920:1 t240:2 t523:3 t523:4 t468:5 t860:6
slv-323-6721,t670:2 t670:4 t486:5
slv-323-6729,t904:0 t545:2 t670:3 t843:4 t523:5 t182:6
slv-323-7118,t920:1 t240:2 t278:2 t523:3 t523:3 t468:4 t764:5 t860:6
slv-323-7673,t670:2 t670:4 t486:5
slv-323-7893,t391:0 t545:1
slv-323-8517,t670:2 t670:4 t486:5
slv-323-8717,t670:2 t670:4 t486:5
slv-323-9462,t860:0 t545:2
slv-324-1822,t670:2 t670:4 t486:5
slv-324-2068,t920:1 t240:2 t278:2 t523:3 t523:3 t468:4 t764:5 t860:6
slv-324-2245,t167:1 t391:2 t545:3 t523:3 t240:4 t523:4 t523:5 t468:5
slv-324-2515,t670:2 t670:4 t486:5
slv-324-2650,t670:2 t670:4 t486:5
slv-324-3302,t670:5 t670:6 t486:7 t670:7
slv-324-3638,t693:2 t636:4 t885:5 t860:6
slv-324-3873,t670:2 t670:4 t486:5
slv-324-4171,t920:1 t240:2 t278:2 t523:3 t523:3 t468:4 t764:5 t860:6
slv-324-4629,t829:1 t523:1 t460:1 t240:2 t523:2 t523:3 t182:4
slv-324-5158,t240:1 t926:2 t468:3
slv-324-5480,t670:2 t670:4 t486:5
slv-324-6133,t523:2 t523:3 t182:4
slv-324-6739,t240:1 t926:1 t468:2 t240:3 t278:3 t523:3 t523:4 t468:5
slv-324-7830,t605:0 t569:1 t926:3 t468:3
slv-324-8650,t670:2 t670:4 t486:5
slv-324-9002,t670:2 t670:4 t486:5
slv-324-9736,t448:0 t240:1 t926:2 t523:3 t523:3 t569:5
slv-325-0148,t670:2 t486:4 t486:5 t670:5 t670:6
slv-325-0751,t391:0 t545:1
slv-325-1092,t670:2 t670:4 t486:5
slv-325-1486,t903:0 t860:3 t670:5 t670:6 t486:7
slv-325-2366,t545:0 t391:1 t545:1 t240:2 t926:3 t926:3 t523:3 t523:4 t468:5
slv-325-2549,t670:2 t670:4 t486:5
slv-325-3615,t670:2 t486:4 t486:5 t670:5 t670:6
slv-325-3676,t167:1 t391:2 t545:3 t523:3 t240:4 t523:4 t523:5 t468:5
slv-325-4024,t670:2 t670:4 t486:5
slv-325-4449,t670:2 t486:4 t486:5 t670:5 t670:6
slv-325-4838,t920:1 t240:2 t278:2 t523:3 t523:3 t468:4 t764:5 t860:6
slv-325-5061,t670:2 t670:4 t486:5
slv-325-6314,t920:1 t240:2 t278:2 t523:3 t523:3 t468:4 t764:5 t860:6
slv-325-6791,t448:0 t240:1 t926:2 t523:3 t523:3 t569:5
slv-325-6962,t788:1 t523:2 t523:3 t581:4
slv-325-7588,t670:2 t670:4 t486:5
slv-325-8086,t860:0 t545:2
slv-325-8150,t523:1 t523:3 t468:4 t860:5 t523:6 t764:6 t860:7 t670:7
slv-325-8325,t670:2 t486:4 t486:5 t670:5 t670:6
slv-325-9181,t448:0 t240:0 t448:3 t468:4 t860:6
slv-325-9214,t670:2 t670:4 t486:5
slv-325-9223,t496:0 t391:1 t545:3
slv-325-9236,t860:0 t391:1 t860:2 t545:3
slv-326-0116,t460:1 t240:2 t926:3 t468:4
slv-326-0271,t926:0 t926:2 t468:3
slv-326-0360,t670:2 t670:4 t486:5
slv-326-0442,t920:1 t240:2 t278:2 t523:3 t523:3 t468:4 t764:5 t860:6
slv-326-0792,t670:2 t670:4 t486:5
slv-326-0865,t636:0 t904:3 t885:4 t860:5
slv-326-1423,t496:0 t860:1 t545:2 t523:3
slv-326-1446,t829:0 t545:1
slv-326-2526,t448:0 t240:0 t448:3 t468:4 t860:6
slv-326-2661,t448:1 t391:2 t736:3 t112:3 t545:4 t523:4 t523:5 t182:5 t523:6 t581:7
slv-326-2720,t670:2 t670:4 t486:5
slv-326-3561,t569:0 t523:1 t523:1 t926:3
slv-326-4776,t736:0 t693:1 t636:1 t240:2 t523:3 t523:4 t182:5
slv-326-5427,t523:3 t182:3
slv-326-5586,t670:2 t670:4 t486:5
slv-326-5794,t693:1 t670:3 t670:4 t693:4 t636:5 t885:6 t860:6
slv-326-6793,t860:0 t545:1 t391:2 t545:3
slv-326-8730,t391:0 t545:1
slv-326-8961,t860:0 t545:2
slv-326-9932,t486:2 t486:4 t469:5 t636:5 t730:5 t523:6 t182:7
slv-327-0473,t309:2 t460:3 t240:3 t523:4 t569:4 t523:5 t523:5 t468:6
slv-327-1010,t601:1 t601:2 t601:4
slv-327-1714,t448:0 t240:1 t926:2 t523:3 t523:3 t569:5
slv-327-2280,t240:0 t523:1 t240:1 t569:2 t523:3 t523:4
slv-327-2458,t569:0 t523:1 t523:2 t926:3
slv-327-2548,t920:1 t240:2 t523:3 t523:3 t569:4 t523:4 t468:5
slv-327-2666,t670:2 t670:4 t486:5
slv-327-3092,t601:1 t601:2 t601:4
slv-327-3616,t240:1 t926:3 t468:3 t240:4 t523:4 t468:5
slv-327-4590,t670:2 t670:4 t486:5
slv-327-5624,t670:2 t670:4 t486:5
slv-327-5839,t920:1 t240:1 t278:2 t523:3 t468:3 t278:3 t278:4 t926:5 t468:6
slv-327-5885,t167:1 t391:2 t545:3 t523:3 t240:4 t523:4 t523:5 t468:5
slv-327-6525,t631:3 t631:4 t631:5 t631:6
slv-327-7249,t631:3 t631:5 t631:6
slv-327-7607,t920:1 t240:2 t523:4 t523:4 t468:5 t860:7
slv-327-7698,t601:1 t601:2 t601:3
slv-327-8549,t903:1 t860:2 t670:3 t601:3 t601:4 t670:5 t545:5 t843:5 t843:5 t670:6 t843:6
slv-327-9093,t788:1 t523:2 t523:3 t581:4
slv-327-9414,t670:2 t670:4 t486:5
slv-327-9474,t670:0 t670:3 t486:5
slv-327-9522,t240:2 t926:4 t523:5 t182:6 t523:6 t468:7 t670:7 t670:7
slv-328-0311,t682:0 t240:2 t523:3 t523:3 t182:3 t885:3 t523:4 t468:4 t885:5
slv-328-0563,t670:2 t670:4 t486:5
slv-328-1045,t391:0 t545:1 t240:2 t523:3 t523:4
slv-328-1175,t460:1 t240:2 t926:3 t468:4
slv-328-1370,t670:2 t670:4 t486:5
slv-328-1928,t672:0 t523:1 t523:2 t182:3
slv-328-2786,t670:2 t670:4 t486:5
slv-328-3781,t631:3 t631:4 t631:5 t631:6
slv-328-5725,t670:2 t670:4 t486:5
slv-328-7079,t920:1 t240:2 t278:2 t523:3 t523:3 t468:4 t764:5 t860:6
slv-329-1537,t670:2 t670:4 t486:5
slv-329-2431,t523:3 t182:4 t764:6 t860:7
slv-329-2704,t670:2 t670:4 t486:5
slv-329-3091,t240:1 t926:1 t468:2 t240:3 t278:3 t523:3 t523:4 t468:5
slv-329-3163,t764:2 t670:5 t670:6 t486:6 t670:7
slv-329-4105,t788:1 t523:2 t523:3 t581:4
slv-329-5360,t396:0 t240:1 t926:2 t523:3 t523:3 t926:4 t468:5
slv-329-5497,t788:0 t523:2 t523:3 t581:4
slv-329-5539,t670:2 t670:4 t486:5
slv-329-6154,t391:0 t904:0 t860:0 t545:3
slv-329-6642,t460:1 t240:2 t523:3 t569:4 t523:5 t523:5 t468:6
slv-329-6656,t788:1 t523:2 t523:3 t581:4
slv-329-7210,t736:0 t693:1 t636:1 t240:2 t523:3 t523:4 t182:5
slv-329-7630,t391:0 t736:1 t112:2 t545:3 t240:3 t523:4 t523:4 t581:5 t523:6 t468:6 t764:7
slv-329-7677,t670:2 t670:4 t486:5
slv-329-7953,t601:1 t601:3 t601:4
slv-330-2878,t670:2 t486:4 t486:5 t670:5 t670:6
slv-330-3863,t240:1 t523:1 t523:2 t569:3 t523:4 t468:5
slv-330-3906,t391:0 t736:1 t112:2 t545:3 t240:3 t523:4 t523:4 t581:5 t523:6 t468:6 t764:7
slv-330-5059,t670:2 t670:4 t486:5
slv-330-5196,t736:0 t693:1 t636:1 t240:2 t523:3 t523:4 t182:5
slv-330-5696,t670:2 t486:4 t486:5 t670:5 t670:6
slv-330-6352,t670:2 t486:4 t486:5 t670:5 t670:6
slv-330-6960,t670:2 t670:4 t486:5
slv-330-7210,t523:3 t182:4 t764:6 t860:7
slv-330-8622,t788:1 t523:3 t523:3 t182:4
slv-330-9378,t730:1 t240:2 t926:3 t926:4 t468:5
slv-330-9531,t460:1 t240:2 t926:3 t468:4
slv-330-9647,t448:0 t240:0 t448:3 t468:4 t860:6
slv-331-1573,t670:2 t670:4 t486:5
slv-331-2245,t670:1 t601:3 t601:3 t670:4 t843:5 t843:5
slv-331-4003,t555:1 t486:3 t523:4 t523:5 t182:7
slv-331-4899,t670:0 t670:3 t486:5
slv-331-5223,t240:1 t926:2 t240:3 t468:6
slv-331-5280,t904:0 t860:0 t545:0 t391:1 t545:3
slv-331-5781,t523:2 t523:3 t182:4
slv-331-5806,t601:1 t601:3 t601:4
slv-331-5846,t601:1 t601:2 t601:3
slv-331-5910,t905:0 t545:1
slv-331-6918,t736:0 t693:1 t636:1 t240:2 t523:3 t523:4 t182:5
slv-331-7406,t636:1 t904:3 t885:4 t860:5
slv-331-8093,t885:0 t860:0
slv-331-8349,t636:0 t167:0 t496:1 t391:2 t545:2 t240:3 t523:4 t523:4 t182:5
slv-331-8527,t670:2 t670:4 t486:5
slv-331-9224,t670:2 t670:4 t486:5
slv-331-9261,t788:1 t523:3 t523:3 t182:4
slv-331-9994,t905:0 t545:1
slv-332-0531,t788:1 t523:3 t523:3 t182:4
slv-332-0719,t523:0 t926:1 t523:2 t523:3 t468:4
slv-332-1486,t240:1 t926:2 t240:3 t468:6
slv-332-3033,t240:0 t926:2 t523:2 t523:3 t926:4 t468:4
slv-332-3221,t736:0 t693:1 t636:1 t240:2 t523:3 t523:4 t182:5
slv-332-3603,t670:2 t670:4 t486:5
slv-332-3833,t670:2 t670:4 t486:5
slv-332-3997,t788:1 t523:3 t523:3 t182:4
slv-332-4544,t788:0 t523:2 t523:3 t581:4
slv-332-5085,t460:1 t240:2 t926:3 t468:4
slv-332-5311,t736:0 t693:1 t682:2 t523:3 t523:4 t182:4
slv-332-5912,t167:1 t391:1 t904:2 t545:3
slv-332-5996,t736:0 t693:1 t682:2 t523:3 t523:4 t182:4
slv-332-6326,t670:2 t486:4 t486:5 t670:5 t670:6
slv-332-6509,t486:2 t486:4 t469:5 t636:5 t730:5 t523:6 t182:7
slv-332-6744,t670:2 t670:4 t486:5
slv-332-6885,t670:2 t670:4 t486:5
slv-332-7922,t309:2 t460:3 t240:3 t523:4 t569:4 t523:5 t523:5 t468:6
slv-332-8512,t670:2 t670:4 t486:5
slv-332-8596,t670:2 t670:4 t486:5
slv-332-8869,t523:1 t523:3 t581:3
slv-333-1208,t486:2 t486:4 t469:5 t636:5 t730:5 t523:6 t182:7
slv-333-1317,t391:0 t736:1 t112:2 t545:3 t240:3 t523:4 t523:4 t581:5 t523:6 t468:6 t764:7
slv-333-1716,t788:1 t523:3 t523:3 t182:4
slv-333-1722,t920:1 t240:2 t523:3 t523:4 t468:5 t860:6
slv-333-2070,t920:1 t240:2 t278:2 t523:3 t523:3 t468:4 t764:5 t860:6
slv-333-2619,t523:0 t523:0 t926:2 t926:2 t523:3 t468:3
slv-333-2679,t860:0 t545:2
slv-333-4795,t920:1 t240:2 t523:3 t523:4 t468:5 t860:6
slv-333-4895,t601:1 t601:2 t601:3
slv-333-5062,t764:2 t670:5 t670:6 t486:6 t670:7
slv-333-5423,t631:3 t631:4 t631:5 t631:6
slv-333-5845,t670:2 t486:4 t486:5 t670:5 t670:6
slv-333-5990,t240:1 t926:1 t468:2 t240:3 t278:3 t523:3 t523:4 t468:5
slv-333-6820,t788:1 t523:3 t523:3 t581:5
slv-333-8974,t788:0 t523:2 t523:3 t581:4
slv-333-9689,t670:2 t670:4 t486:5
slv-334-0597,t523:3 t182:3 t764:7
slv-334-1216,t391:0 t736:1 t112:2 t545:3 t240:3 t523:4 t523:4 t581:5 t523:6 t468:6 t764:7
slv-334-1571,t741:1 t240:3 t926:3 t468:4 t523:5 t182:5
slv-334-1788,t670:2 t670:4 t486:5
slv-334-1841,t903:0 t860:1 t885:1 t860:3 t903:4
slv-334-2210,t670:0 t670:3 t486:5
slv-334-2567,t391:0 t904:0 t860:0 t545:3
slv-334-3033,t670:0 t670:3 t486:5
slv-334-3164,t460:1 t240:1 t926:2 t569:3 t523:3 t523:4 t569:4
slv-334-3179,t391:0 t545:1 t523:3 t523:3 t182:4
slv-334-4951,t670:5 t670:6 t486:7 t670:7
slv-334-5927,t167:1 t391:2 t904:3 t860:4 t545:5
slv-334-5998,t670:2 t486:4 t670:5 t670:6
slv-334-6136,t903:1 t860:2 t670:3 t601:3 t601:4 t670:5 t545:5 t843:5 t843:5 t670:6 t843:6
slv-334-6357,t920:1 t240:2 t278:2 t523:3 t523:3 t468:4 t764:5 t860:6
slv-334-7727,t460:1 t240:2 t523:2 t569:3 t523:4 t523:4 t468:5
slv-334-7935,t670:2 t670:4 t486:5
slv-334-8054,t788:0 t523:2 t523:3 t581:4
slv-334-8429,t670:2 t670:4 t486:5
slv-334-8467,t411:1 t411:2 t411:3 t411:5 t411:5 t411:6
slv-334-8963,t670:2 t670:4 t486:5
slv-334-9377,t670:2 t670:4 t486:5
slv-334-9731,t670:2 t670:4 t486:5
slv-334-9801,t860:0 t545:1 t904:2 t545:3 t391:4 t545:4
slv-335-0402,t670:2 t670:4 t486:5
slv-335-0726,t391:0 t904:0 t860:1 t545:3
slv-335-1044,t240:0 t523:1 t569:2 t523:3 t523:4 t468:4
slv-335-1164,t605:1 t240:3 t523:4 t523:5 t468:5 t860:6
slv-335-2041,t579:1 t579:2 t843:3 t843:4 t579:5
slv-335-2791,t926:0 t926:2 t468:3
slv-335-2981,t693:1 t636:2 t693:3 t670:3 t843:4 t843:4 t601:5 t601:5
slv-335-3265,t670:2 t670:4 t486:5
slv-335-3717,t240:2 t523:3 t523:4 t182:4 t764:6 t764:6 t636:7 t903:7 t860:7
slv-335-4219,t636:0 t167:0 t496:1 t391:2 t545:3 t240:3 t523:4 t523:4 t468:5
slv-335-4518,t670:2 t670:4 t486:5
slv-335-4966,t670:3 t670:5 t486:6
slv-335-6632,t764:3 t764:6 t670:6 t670:7 t486:7 t670:7
slv-335-8346,t670:2 t670:4 t486:5
slv-335-8614,t670:2 t670:4 t486:5
slv-335-8712,t860:0 t903:1 t860:2 t523:3 t581:4
slv-335-8745,t670:2 t670:4 t486:5
slv-335-8828,t693:1 t636:2 t693:3 t670:3 t843:4 t843:4 t601:5 t601:5
slv-335-9112,t670:2 t670:4 t486:5
slv-335-9338,t391:0 t905:0
slv-336-0158,t788:1 t523:3 t523:3 t182:4
slv-336-0179,t860:0 t391:1 t860:2 t545:3
slv-336-0370,t240:1 t523:1 t523:3 t569:3 t523:4 t468:5
slv-336-0518,t736:0 t486:1 t486:3 t670:3 t523:4 t523:5 t182:6
slv-336-1009,t730:1 t240:2 t926:3 t926:4 t523:4 t468:5
slv-336-1563,t240:0 t926:1 t523:2 t926:3 t468:4
slv-336-1624,t448:0 t240:0 t448:3 t468:4 t860:6
slv-336-2150,t672:0 t523:1 t523:2 t182:3
slv-336-2931,t240:0 t926:1 t926:3 t468:4
slv-336-3672,t670:2 t670:4 t486:5
slv-336-3782,t631:3 t631:5 t631:6
slv-336-4184,t670:2 t670:4 t486:5
slv-336-4794,t605:1 t240:3 t523:4 t523:5 t468:5 t860:6
slv-336-5260,t764:5 t670:6 t670:7 t486:7 t670:7
slv-336-5395,t670:2 t670:4 t486:5
slv-336-5679,t448:0 t240:1 t926:2 t523:3 t523:3 t569:5
slv-336-5758,t636:0 t736:1 t112:2 t545:2 t240:3 t523:3 t523:4 t581:4 t523:5 t468:7
slv-336-6004,t670:2 t670:4 t486:5
slv-336-6143,t670:2 t486:4 t486:5 t670:5 t670:6
slv-336-6247,t670:2 t670:4 t486:5
slv-336-6271,t670:2 t670:4 t486:5
slv-336-7091,t736:0 t693:1 t636:1 t240:2 t523:3 t523:4 t182:5
slv-336-7238,t670:2 t670:4 t486:5
slv-336-7569,t904:5 t693:6 t693:7 t670:7 t693:7 t636:7
slv-336-7796,t460:1 t240:4 t523:5 t523:6 t468:6 t670:7 t670:7
slv-336-8309,t736:0 t693:1 t636:1 t240:2 t523:3 t523:4 t182:5
slv-336-8821,t523:1 t523:3 t468:3 t764:6
slv-336-9189,t240:1 t523:1 t523:2 t182:3
slv-337-0357,t358:1 t240:2 t926:3 t468:3 t569:5
slv-337-0931,t523:0 t926:1 t523:2 t523:3 t468:3
slv-337-1049,t523:2 t523:3 t182:4
slv-337-2511,t920:3 t920:4 t920:5
slv-337-3428,t670:2 t486:4 t486:5 t670:5 t670:6
slv-337-3884,t764:2 t670:5 t670:6 t486:6 t670:7
slv-337-4364,t670:2 t670:4 t486:5
slv-337-4588,t903:1 t860:2 t670:3 t601:3 t601:4 t670:5 t545:5 t843:5 t843:5 t670:6 t843:6
slv-337-4907,t670:2 t670:4 t486:5
slv-337-5450,t391:0 t860:0 t903:1 t860:2
slv-337-5689,t636:0 t391:1 t736:2 t112:3 t545:3 t523:4 t523:5 t182:6
slv-337-5793,t670:2 t670:4 t486:5
slv-337-5806,t670:2 t670:4 t486:5
slv-337-7260,t920:1 t240:2 t523:3 t523:4 t468:5 t860:6
slv-337-7783,t670:2 t670:4 t636:5 t460:5 t240:6 t523:7 t523:7
slv-337-8507,t670:2 t670:4 t486:5
slv-337-9182,t670:5 t670:6 t486:7 t670:7
slv-337-9462,t788:0 t523:2 t523:3 t581:4
slv-337-9631,t486:4 t670:5 t670:6 t486:6 t523:7 t182:7
slv-338-0174,t670:2 t670:4 t486:5
slv-338-0474,t788:0 t523:2 t523:3 t581:4
slv-338-0904,t448:1 t391:2 t736:3 t112:3 t545:4 t523:4 t523:5 t182:5 t523:6 t581:7
slv-338-1637,t920:1 t240:2 t278:2 t523:3 t523:3 t468:4 t764:5 t860:6
slv-338-1725,t240:1 t523:1 t523:2 t569:3 t523:4 t468:5
slv-338-2343,t920:1 t240:2 t523:3 t523:4 t468:5 t860:6
slv-338-2888,t926:1 t468:3
slv-338-3077,t682:0 t240:2 t523:3 t523:3 t182:3 t885:3 t523:4 t468:4 t885:5
slv-338-3235,t670:0 t670:3 t486:5
slv-338-3262,t670:2 t670:4 t486:5
slv-338-3375,t670:2 t670:4 t486:5
slv-338-3578,t636:0 t885:0 t636:1 t904:4 t860:5
slv-338-3915,t523:1 t523:3 t581:3
slv-338-4100,t903:1 t860:2 t670:3 t601:3 t601:4 t670:5 t545:5 t843:5 t843:5 t670:6 t843:6
slv-338-4399,t670:2 t670:4 t486:5
slv-338-4621,t670:3 t670:5 t486:6
slv-338-4763,t920:1 t240:2 t278:2 t523:3 t523:3 t468:4 t764:5 t860:6
slv-338-4978,t860:0 t545:2
slv-338-5169,t391:0 t736:1 t112:3 t523:4 t523:5 t182:6 t764:6 t764:7 t903:7 t860:7
slv-338-5798,t240:1 t523:3 t523:3 t581:4
slv-338-6272,t693:4 t670:5 t670:6 t523:6 t182:7 t885:7 t860:7
slv-338-6566,t670:2 t670:4 t486:5
slv-338-7244,t670:2 t670:4 t486:5
slv-338-7550,t670:2 t670:4 t486:5
slv-338-7770,t693:1 t636:2 t693:3 t670:3 t843:4 t843:4 t601:5 t601:5
slv-338-9314,t545:0 t391:1 t545:2 t904:3 t545:4
slv-339-0324,t309:2 t460:3 t240:3 t523:4 t569:4 t523:5 t523:5 t468:6
slv-339-1216,t764:2 t670:5 t670:6 t486:6 t670:7
slv-339-1542,t460:1 t240:2 t523:3 t569:4 t523:5 t523:5 t468:6
slv-339-2121,t788:1 t523:2 t523:3 t581:4
slv-339-2143,t670:2 t670:4 t486:5
slv-339-3742,t730:1 t240:2 t926:3 t926:4 t523:4 t468:5
slv-339-5996,t670:2 t670:4 t486:5
slv-339-7591,t764:2 t670:5 t670:6 t486:6 t670:7
slv-339-7807,t377:1 t377:2 t377:3 t377:4
slv-339-7915,t670:2 t670:4 t486:5
slv-339-9385,t240:4 t670:6 t885:7 t860:7 t670:7 t670:7 t523:7 t182:7
slv-339-9505,t636:0 t167:0 t496:1 t391:2 t545:3 t240:3 t523:4 t523:4 t468:5
slv-339-9689,t920:1 t240:2 t523:3 t523:4 t468:5 t860:6
slv-340-0812,t601:1 t601:2 t601:4
slv-340-1415,t448:1 t240:3 t523:5 t468:6 t670:6 t670:7 t860:7 t220:7
slv-340-2644,t670:2 t486:4 t486:5 t670:5 t670:6
slv-340-3083,t448:3 t920:5 t391:5 t545:5 t448:6 t240:6 t523:6 t523:7
slv-340-5028,t391:0 t545:1 t240:2 t523:3 t523:4
slv-340-5747,t601:1 t601:2 t601:4
slv-340-5996,t670:2 t670:4 t486:5
slv-340-6647,t128:2 t631:3 t631:4 t329:5 t329:6
slv-340-7542,t670:2 t670:4 t486:5
slv-340-8004,t601:1 t601:2 t601:4
slv-340-8732,t670:2 t670:4 t486:5
slv-341-0825,t636:0 t391:1 t545:2 t523:3 t240:3 t523:4 t523:4 t468:5 t764:6
slv-341-1348,t545:0 t391:1 t545:1 t240:2 t926:3 t926:3 t523:3 t523:4 t468:5
slv-341-1514,t920:1 t240:2 t278:2 t523:3 t523:3 t468:4 t764:5 t860:6
slv-341-1607,t670:2 t670:4 t486:5
slv-341-1726,t670:2 t486:4 t486:5 t670:5 t670:6
slv-341-1946,t670:2 t670:4 t486:5
slv-341-4034,t670:0 t670:3 t486:5
slv-341-5039,t693:1 t636:2 t693:3 t670:3 t843:4 t843:4 t601:5 t601:5
slv-341-5549,t128:2 t631:3 t631:4 t329:5 t329:6
slv-341-5683,t448:0 t240:1 t523:2 t523:3 t468:4 t764:5 t885:6
slv-341-6174,t670:2 t670:4 t486:5
slv-341-6403,t670:2 t486:4 t486:5 t670:5 t670:6
slv-341-6897,t670:2 t670:4 t486:5
slv-341-6985,t636:0 t885:0 t636:1 t904:4 t860:5
slv-341-7185,t670:0 t670:3 t486:5
slv-342-0259,t670:2 t670:4 t486:5
slv-342-1933,t396:0 t240:1 t523:2 t523:3 t182:3 t240:4 t926:4 t468:5
slv-342-2645,t391:0 t760:0 t391:0 t545:1 t670:3
slv-342-4004,t788:0 t523:2 t523:3 t581:4
slv-342-4817,t523:3 t182:4 t764:6 t860:7
slv-342-5042,t920:1 t240:2 t523:3 t523:4 t468:5 t860:6
slv-342-6150,t788:1 t523:3 t523:3 t182:4
slv-342-6201,t693:1 t636:2 t693:3 t670:3 t843:4 t843:4 t601:5 t601:5
slv-342-6313,t670:2 t670:4 t486:5
slv-342-6913,t739:1 t545:2 t391:3 t545:4
slv-342-8003,t829:0 t545:1
slv-342-8674,t523:2 t581:2
slv-342-9645,t920:1 t240:2 t278:2 t523:3 t523:3 t468:4 t764:5 t860:6
slv-343-0116,t670:2 t670:4 t486:5
slv-343-0496,t920:1 t240:2 t523:3 t569:5 t523:6 t468:7 t670:7
slv-343-0873,t391:0 t448:0 t636:1 t240:2 t523:3 t523:4 t468:4 t764:5 t885:6
slv-343-2194,t670:2 t670:4 t486:5
slv-343-2324,t926:0 t926:1 t523:2 t523:3 t926:3
slv-343-4565,t920:1 t240:2 t523:3 t523:4 t468:5 t860:6
slv-343-4672,t670:2 t670:4 t486:5
slv-343-4720,t486:2 t486:4 t469:5 t636:5 t730:5 t523:6 t182:7
slv-343-5781,t920:1 t240:2 t278:2 t523:3 t523:3 t468:4 t764:5 t860:6
slv-343-6182,t636:0 t391:0 t545:1 t670:2 t670:3 t486:3 t240:3 t523:3 t523:3 t182:5
slv-343-6417,t670:2 t670:4 t486:5
slv-343-6709,t670:2 t670:4 t486:5
slv-343-7048,t240:0 t926:1 t523:2 t523:3 t581:3 t569:4 t523:4 t569:5
slv-343-7899,t903:1 t860:2 t670:3 t601:3 t601:4 t670:5 t545:5 t843:5 t843:5 t670:6 t843:6
slv-343-8148,t391:0 t736:1 t112:2 t545:3 t240:3 t523:4 t523:4 t581:5 t523:6 t468:6 t764:7
slv-343-9825,t670:2 t670:4 t486:5
slv-344-0854,t670:2 t670:4 t486:5
slv-344-0899,t523:1 t523:3 t182:3
slv-344-1766,t860:0 t670:5 t670:6
slv-344-1829,t523:1 t523:3 t182:3
slv-344-2027,t670:2 t670:4 t486:5
slv-344-2110,t904:0 t545:1 t391:2 t545:3
slv-344-3329,t905:0 t545:0 t860:1 t545:2
slv-344-3525,t545:0 t391:1 t545:2 t904:3 t545:4
slv-344-5393,t764:5 t670:6 t670:7 t486:7 t670:7
slv-344-5887,t536:1 t240:1 t926:2 t468:3
slv-344-6096,t903:1 t860:2 t670:3 t601:3 t601:4 t670:5 t545:5 t843:5 t843:5 t670:6 t843:6
slv-344-6413,t905:0 t545:1
slv-344-7210,t670:2 t670:4 t486:5
slv-344-7426,t240:1 t523:1 t523:2 t926:3 t523:3 t468:4
slv-344-7500,t693:4 t670:5 t670:6 t523:6 t182:7 t885:7 t860:7
slv-344-7670,t670:2 t670:4 t486:5
slv-344-8045,t920:1 t240:2 t278:2 t523:3 t523:3 t468:4 t764:5 t860:6
slv-345-0925,t670:2 t486:4 t486:5 t670:5 t670:6
slv-345-1933,t730:1 t240:2 t926:3 t926:4 t523:4 t468:5
slv-345-2794,t448:1 t240:2 t523:3 t523:4 t182:4 t764:5 t885:6
slv-345-3088,t670:2 t670:4 t486:5
slv-345-5763,t788:1 t523:2 t523:3 t581:4
slv-345-6106,t764:2 t670:5 t670:6 t486:6 t670:7
slv-345-6484,t904:3 t631:5 t631:6 t631:6
slv-345-7101,t545:0 t523:2 t523:3 t182:4
slv-345-7668,t601:1 t601:2 t601:4
slv-345-8167,t920:1 t240:2 t523:3 t523:4 t468:5 t860:6
slv-345-8411,t788:1 t523:3 t523:3 t182:4
slv-345-8432,t860:0 t545:2
slv-345-9338,t885:1 t860:3 t523:4 t182:5
slv-345-9878,t240:1 t926:1 t523:3 t523:3
slv-345-9949,t523:3 t182:4 t764:6 t860:7
slv-346-0527,t616:1 t523:2 t523:3 t569:4
slv-346-0742,t670:2 t670:4 t486:5
slv-346-1155,t545:0 t523:2 t523:3 t182:4
slv-346-1231,t601:1 t601:2 t601:4
slv-346-1276,t788:1 t523:2 t523:3 t581:4
slv-346-2373,t391:0 t905:0
slv-346-2375,t670:2 t670:4 t486:5
slv-346-2477,t631:3 t631:4 t631:5 t631:6
slv-346-3961,t670:2 t670:4 t486:5
slv-346-5072,t670:2 t670:4 t486:5
slv-346-5352,t764:5 t670:6 t670:7 t486:7 t670:7
slv-346-5934,t240:1 t926:1 t468:2 t240:3 t278:3 t523:3 t523:4 t468:5
slv-346-6672,t240:0 t523:1 t523:2 t926:3 t523:3 t581:4
slv-346-6971,t396:0 t240:1 t926:2 t523:3 t523:3 t926:4 t468:5
slv-346-7686,t391:0 t736:1 t112:2 t545:3 t240:3 t523:4 t523:4 t581:5 t523:6 t468:6 t764:7
slv-346-8120,t670:2 t670:4 t486:5
slv-346-8260,t411:1 t411:2 t411:3 t411:5 t411:6
slv-346-9183,t536:1 t240:1 t926:2 t468:3
slv-347-1303,t670:2 t670:4 t486:5
slv-347-1333,t788:0 t523:2 t523:3 t581:4
slv-347-3101,t523:1 t523:3 t182:3
slv-347-4140,t670:2 t670:4 t486:5
slv-347-4249,t670:2 t670:4 t486:5
slv-347-5185,t670:2 t670:4 t486:5
slv-347-5945,t670:2 t670:4 t486:5
slv-347-6311,t240:1 t926:1 t468:2 t240:3 t278:3 t523:3 t523:4 t468:5
slv-347-6558,t670:2 t670:4 t486:5
slv-348-0066,t670:2 t670:4 t486:5
slv-348-0850,t920:1 t240:2 t278:2 t523:3 t523:3 t468:4 t764:5 t860:6
slv-348-1666,t448:1 t240:2 t523:3 t523:4 t182:4 t764:5 t885:6
slv-348-1709,t448:2 t112:3 t523:4 t523:5 t581:6
slv-348-1741,t391:0 t545:1 t545:2 t523:3 t523:4 t182:4
slv-348-1917,t670:2 t670:4 t486:5
slv-348-2653,t860:0 t545:2
slv-348-5120,t670:2 t670:4 t486:5
slv-348-6657,t358:1 t536:2 t240:3 t926:3 t468:5
slv-348-7149,t670:2 t670:4 t486:5
slv-348-7182,t920:1 t240:2 t523:3 t523:4 t468:5 t860:6
slv-348-8706,t736:0 t693:1 t682:2 t523:3 t523:4 t182:4
slv-348-8829,t764:5 t670:6 t670:7 t486:7 t670:7
slv-348-9512,t167:1 t391:2 t545:3 t523:3 t240:4 t523:4 t523:5 t468:5
slv-348-9605,t391:0 t545:1
slv-349-0942,t670:2 t486:4 t486:5 t670:5 t670:6
slv-349-1086,t736:0 t486:1 t486:3 t670:3 t523:4 t523:5 t182:6
slv-349-1390,t448:0 t240:0 t448:3 t468:4 t860:6
slv-349-1891,t905:0 t545:1
slv-349-1980,t391:0 t736:1 t112:3 t523:4 t523:5 t182:6 t764:6 t764:7 t903:7 t860:7
slv-349-2489,t860:0 t670:5 t670:7
slv-349-2805,t523:0 t523:0 t926:2 t926:2 t523:3 t468:3
slv-349-2834,t605:0 t240:2 t523:3 t523:3 t468:4
slv-349-3552,t693:4 t636:5 t523:6 t523:6 t182:7
slv-349-3760,t523:1 t523:3 t182:3
slv-349-3807,t920:1 t240:2 t278:2 t523:3 t523:3 t468:4 t764:5 t860:6
slv-349-4032,t486:2 t486:4 t469:5 t636:5 t730:5 t523:6 t182:7
slv-349-5596,t885:1 t860:2 t903:4 t860:6
slv-349-6607,t167:0 t391:0 t545:1 t167:1 t904:1 t545:2 t523:2 t182:3
slv-349-7200,t905:0 t545:0 t860:1 t545:2
slv-349-8047,t605:0 t240:2 t523:3 t523:3 t468:4
slv-349-8169,t523:1 t523:3 t182:3
slv-349-8541,t670:2 t670:4 t486:5
slv-349-9246,t396:0 t240:1 t523:2 t523:3 t182:3 t240:3 t926:4 t468:5
slv-349-9305,t788:1 t523:2 t523:3 t581:4
slv-350-0968,t240:0 t523:1 t569:2 t523:3 t523:4 t468:5
slv-350-2543,t396:0 t240:1 t926:2 t523:3 t523:3 t926:4 t468:5
slv-350-2560,t396:0 t240:1 t926:2 t523:3 t523:3 t926:4 t468:5
slv-350-4100,t693:1 t636:2 t693:3 t670:3 t843:4 t843:4 t601:5 t601:5
slv-350-4145,t670:2 t670:4 t486:5
slv-350-4448,t486:2 t486:4 t469:5 t636:5 t730:5 t523:6 t182:7
slv-350-5342,t670:2 t670:4 t486:5
slv-350-5712,t523:1 t523:3 t468:3 t764:6
slv-350-5718,t920:1 t240:2 t523:3 t569:5 t523:6 t468:7 t670:7
slv-350-6450,t788:0 t523:2 t523:3 t581:4
slv-350-7054,t788:1 t523:3 t523:3 t182:4
slv-350-7893,t240:0 t926:2 t523:3 t523:4 t581:5
slv-350-8305,t764:5 t670:6 t670:7 t486:7 t670:7
slv-350-8877,t920:1 t240:2 t523:3 t523:4 t468:5 t860:6
slv-350-9319,t670:2 t670:4 t486:5
slv-350-9647,t670:2 t670:4 t486:5
slv-351-0319,t391:0 t904:0 t860:0
slv-351-2472,t523:2 t523:3 t182:4
slv-351-4260,t670:2 t670:4 t486:5
slv-351-4784,t670:2 t486:4 t486:5 t670:5 t670:6
slv-351-5069,t693:2 t636:4 t885:5 t860:6
slv-351-5280,t240:1 t926:1 t468:2 t240:3 t278:3 t523:3 t523:4 t468:5
slv-351-5550,t670:2 t670:4 t486:5
slv-351-6408,t391:0 t736:1 t112:2 t545:3 t240:3 t523:4 t523:4 t581:5 t523:6 t468:6 t764:7
slv-351-7274,t523:1 t523:3 t468:3
slv-351-7318,t670:3 t670:5 t486:6
slv-351-7777,t920:1 t240:2 t523:3 t523:4 t468:5 t860:6
slv-351-7944,t448:0 t240:1 t926:2 t523:3 t523:3 t569:5
slv-351-9047,t670:2 t670:4 t486:5
slv-351-9396,t670:2 t670:4 t486:5
slv-352-0672,t460:1 t240:2 t926:3 t468:4
slv-352-0691,t670:2 t670:4 t486:5
slv-352-1667,t739:1 t545:2 t391:3 t545:4
slv-352-1872,t670:2 t486:4 t486:5 t670:5 t670:6
slv-352-2101,t788:1 t523:2 t523:3 t581:4
slv-352-2293,t523:0 t926:1 t523:2 t523:3 t468:4
slv-352-2524,t670:2 t670:4 t486:5
slv-352-3018,t240:4 t670:6 t885:7 t860:7 t670:7 t670:7 t523:7 t182:7
slv-352-3076,t523:1 t523:3 t468:3 t764:6
slv-352-3175,t670:2 t670:4 t486:5
slv-352-4166,t545:0 t240:1 t569:2 t523:4 t240:5 t523:6 t468:7
slv-352-4782,t788:1 t523:2 t523:3 t581:4
slv-352-5206,t636:0 t904:3 t885:4 t860:5
slv-352-5259,t670:2 t670:4 t486:5
slv-352-6455,t670:2 t670:4 t486:5
slv-352-7528,t860:0 t903:1 t860:1 t545:4
slv-352-7646,t670:2 t670:4 t486:5
slv-352-7679,t670:2 t670:4 t486:5
slv-352-8333,t736:0 t693:1 t636:1 t240:2 t523:3 t523:4 t182:5
slv-352-9049,t523:3 t182:4
slv-352-9302,t670:2 t486:4 t670:5 t670:6
slv-353-0030,t391:1 t736:2 t112:3 t545:3 t523:4 t240:4 t523:4 t523:5 t581:5 t885:6
slv-353-0715,t555:1 t486:3 t523:4 t523:5 t182:7
slv-353-2320,t670:2 t670:4 t486:5
slv-353-2960,t636:0 t904:3 t885:4 t860:5
slv-353-3870,t523:3 t182:3
slv-353-4481,t523:2 t523:3 t182:4
slv-353-4742,t391:0 t736:1 t112:2 t545:3 t240:3 t523:4 t523:4 t581:5 t523:6 t468:6 t764:7
slv-353-6206,t670:2 t670:4 t486:5
slv-353-6419,t730:1 t240:2 t926:3 t926:4 t523:4 t468:5
slv-353-6778,t636:0 t885:0 t903:1 t860:3 t903:5
slv-353-7140,t885:1 t860:3 t523:4 t182:5
slv-353-7986,t670:2 t486:4 t670:5 t670:6
slv-353-8108,t396:0 t523:2 t523:3 t182:4
slv-353-8490,t240:1 t926:2 t468:3 t240:4 t468:4 t523:5 t523:5 t182:6
slv-353-8560,t905:0 t545:1
slv-353-8853,t448:0 t240:1 t926:2 t468:3 t523:3 t523:4 t468:5 t764:6
slv-353-9719,t670:2 t670:4 t486:5
slv-354-0273,t920:1 t240:2 t278:2 t523:3 t523:3 t468:4 t764:5 t860:6
slv-354-0509,t601:1 t601:2 t601:4
slv-354-0775,t788:1 t523:3 t523:3 t182:4
slv-354-1015,t670:2 t670:4 t486:5
slv-354-1467,t448:1 t240:2 t523:3 t523:4 t182:4 t764:5 t885:6
slv-354-3110,t788:1 t523:3 t523:3 t182:4
slv-354-3146,t569:0 t523:1 t523:2 t926:3
slv-354-3498,t240:0 t523:1 t240:2 t926:2 t240:3 t569:3 t523:4 t523:5
slv-354-3658,t670:2 t670:4 t486:5
slv-354-3836,t448:0 t240:0 t448:3 t468:4 t860:6
slv-354-3869,t764:2 t670:5 t670:6 t486:6 t670:7
slv-354-4152,t926:1 t523:2 t523:3
slv-354-4824,t411:1 t411:2 t411:4
slv-354-5568,t670:2 t670:4 t486:5
slv-354-5791,t670:2 t486:4 t486:5 t670:5 t670:6
slv-354-8128,t601:1 t601:2 t601:4
slv-354-9451,t920:1 t240:2 t523:3 t523:4 t468:5 t860:6
slv-354-9813,t860:0 t391:1 t860:2 t545:3
slv-354-9828,t601:1 t601:2 t601:4
slv-355-0018,t128:3 t128:5 t631:6 t631:7
slv-355-0446,t764:3 t670:5 t670:6 t486:6 t670:7
slv-355-0888,t670:2 t670:4 t486:5
slv-355-1025,t670:2 t486:4 t486:5 t670:5 t670:6
slv-355-1106,t240:1 t468:3 t240:4 t926:5 t523:5 t523:6 t468:7
slv-355-1117,t670:2 t670:4 t486:5
slv-355-3339,t460:1 t240:2 t926:3 t468:4
slv-355-3671,t601:1 t601:3 t601:4
slv-355-3801,t670:0 t670:3 t486:5
slv-355-3941,t920:1 t240:2 t278:2 t523:3 t523:3 t468:4 t764:5 t860:6
slv-355-5506,t736:0 t693:1 t636:1 t240:2 t523:3 t523:4 t182:5
slv-355-6069,t460:1 t240:2 t523:2 t569:3 t523:3 t523:4 t468:5 t569:6
slv-355-6424,t240:0 t926:2 t523:2 t523:3 t926:4 t468:4
slv-355-6889,t636:0 t167:0 t391:1 t496:2 t391:2 t545:3
slv-355-7024,t741:0 t670:1 t670:2 t396:3
slv-355-7194,t670:2 t670:4 t486:5
slv-355-7782,t523:1 t523:3 t182:3
slv-355-8223,t788:1 t523:2 t523:3 t581:4
slv-355-9002,t309:2 t460:3 t240:3 t523:4 t569:4 t523:5 t523:5 t468:6
slv-355-9081,t670:3 t670:5 t486:6
slv-355-9493,t448:1 t523:3 t523:3 t182:4
slv-355-9605,t788:1 t523:3 t523:3 t182:4
slv-356-0124,t739:1 t545:2 t391:3 t545:4
slv-356-0328,t903:0 t860:1 t885:1 t860:3 t903:4
slv-356-0545,t788:0 t523:2 t523:3 t581:4
slv-356-1706,t396:0 t240:1 t926:2 t523:3 t523:3 t926:4 t468:5
slv-356-2056,t670:2 t670:4 t486:5
slv-356-2259,t523:1 t523:3 t468:4 t860:5 t523:6 t764:6 t860:7 t670:7
slv-356-3200,t670:2 t670:4 t486:5
slv-356-4217,t693:2 t636:4 t885:5 t860:6
slv-356-4821,t523:2 t523:3 t182:4
slv-356-5099,t240:1 t523:2 t523:2 t569:3 t523:4 t523:4 t468:5
slv-356-6390,t920:1 t240:2 t278:2 t523:3 t523:3 t468:4 t764:5 t860:6
slv-356-6818,t391:0 t904:0 t545:2
slv-356-6868,t926:1 t523:3 t523:3 t468:3
slv-356-8007,t670:2 t670:4 t486:5
slv-356-8877,t905:0 t545:1
slv-357-0134,t920:3 t920:4 t920:5
slv-357-0148,t240:1 t926:1 t468:2 t240:3 t278:3 t523:3 t523:4 t468:5
slv-357-0270,t670:2 t670:4 t486:5
slv-357-1587,t670:2 t670:4 t486:5
slv-357-2158,t670:2 t670:4 t486:5
slv-357-2265,t523:3 t182:4 t764:6 t860:7
slv-357-2420,t545:1 t391:2 t545:3 t739:4 t545:4
slv-357-2707,t601:0 t601:2 t377:3 t377:4
slv-357-2974,t860:0 t545:0 t905:1 t545:2
slv-357-4240,t736:0 t693:1 t636:1 t240:2 t523:3 t523:4 t182:5
slv-357-4738,t670:2 t670:4 t486:5
slv-357-4963,t670:2 t670:4 t486:5
slv-357-4974,t920:1 t240:2 t278:2 t523:3 t523:3 t468:4 t764:5 t860:6
slv-357-5024,t240:1 t278:1 t278:1 t926:1 t468:3 t764:4 t860:5 t764:5 t885:5 t860:6
slv-357-7100,t920:1 t240:2 t523:3 t569:5 t523:6 t468:7 t670:7
slv-357-7285,t523:4 t182:6 t670:6 t670:7 t885:7 t860:7
slv-357-7404,t736:0 t486:1 t486:3 t670:3 t523:4 t523:5 t182:6
slv-357-8119,t240:0 t926:0 t523:2 t523:2 t926:3 t468:4
slv-357-9357,t460:1 t240:2 t523:3 t569:4 t523:5 t523:5 t468:6
slv-357-9644,t920:1 t240:1 t278:2 t523:3 t468:3 t278:3 t278:4 t926:5 t468:6
slv-357-9663,t167:1 t391:2 t545:3 t523:3 t240:4 t523:4 t523:5 t468:5
slv-357-9763,t631:3 t631:4 t631:5 t631:6
slv-358-0991,t523:3 t182:4 t764:6 t860:7
slv-358-1156,t920:1 t240:2 t278:2 t523:3 t523:3 t468:4 t764:5 t860:6
slv-358-1211,t860:0 t545:2
slv-358-1247,t670:2 t670:4 t486:5
slv-358-1380,t991:3 t631:5 t631:6 t631:7
slv-358-1616,t920:1 t240:2 t278:2 t523:3 t523:3 t468:4 t764:5 t860:6
slv-358-1809,t739:1 t545:2 t391:3 t545:4
slv-358-1900,t788:1 t523:2 t523:3 t581:4
slv-358-2241,t670:2 t670:4 t486:5
slv-358-2551,t240:0 t926:1 t523:2 t523:3 t581:3 t569:4 t523:4 t569:5
slv-358-3549,t240:1 t926:2 t468:4 t904:7
slv-358-3800,t616:2 t523:3 t523:4 t569:4
slv-358-4621,t670:2 t670:4 t486:5
slv-358-4723,t579:1 t579:1 t843:3 t843:4
slv-358-5153,t903:0 t860:2 t670:3 t601:4 t601:5 t670:5 t843:6
slv-358-5431,t106:1 t106:2 t240:3 t926:4 t926:4 t468:5 t670:5 t670:6 t903:6 t860:7
slv-358-6316,t920:1 t240:2 t523:2 t569:3 t523:4 t523:4 t468:5
slv-358-7590,t670:2 t670:4 t486:5
slv-358-8699,t736:0 t112:0 t760:1 t545:3 t523:4 t523:5 t182:5 t523:6 t581:7
slv-358-8816,t616:1 t523:2 t523:3 t569:4
slv-358-9375,t523:3 t182:4
slv-358-9994,t814:1 t290:3 t290:4 t814:4 t814:6
slv-359-0016,t240:1 t926:3 t926:4 t523:5 t523:5 t182:6 t240:6 t468:7
slv-359-0577,t670:2 t670:4 t486:5
slv-359-0930,t905:0 t545:0 t860:1 t545:3
slv-359-1570,t670:2 t670:4 t486:5
slv-359-1854,t460:1 t240:1 t523:2 t569:3 t523:3 t523:4 t468:5
slv-359-1951,t523:2 t523:3 t182:4
slv-359-2430,t448:0 t240:1 t523:4 t523:6 t182:7
slv-359-2437,t670:2 t670:4 t486:5
slv-359-2478,t670:2 t486:4 t486:5 t670:5 t670:6
slv-359-2949,t486:2 t486:4 t469:5 t636:5 t730:5 t523:6 t182:7
slv-359-2950,t788:1 t523:3 t523:3 t182:4
slv-359-3335,t240:0 t926:1 t926:2 t523:3 t926:3 t468:5
slv-359-3366,t920:1 t240:2 t523:3 t523:4 t468:5 t860:6
slv-359-3394,t926:0 t926:1 t523:3 t468:3
slv-359-4262,t920:1 t240:2 t523:3 t523:4 t468:5 t860:6
slv-359-4991,t240:0 t926:1 t926:3 t468:4
slv-359-6591,t904:3 t631:5 t631:6 t631:6
slv-359-7886,t670:2 t670:4 t486:5
slv-359-8238,t545:0 t391:1 t545:2 t904:3 t545:4
slv-359-9041,t670:2 t670:4 t486:5
slv-360-0104,t636:0 t167:0 t496:1 t391:2 t545:3 t240:3 t523:4 t523:4 t468:5
slv-360-1248,t448:0 t240:1 t926:2 t523:3 t523:3 t569:5
slv-360-1346,t920:1 t240:2 t523:3 t523:4 t468:5 t860:6
slv-360-3094,t486:2 t670:4 t670:5 t486:6
slv-360-3408,t670:2 t486:4 t486:5 t670:5 t670:6
slv-360-3722,t920:1 t240:2 t523:3 t523:4 t468:5 t860:6
slv-360-4652,t670:2 t486:4 t486:5 t670:5 t670:6
slv-360-6811,t670:2 t670:4 t486:5
slv-360-8041,t460:1 t240:2 t926:3 t468:4
slv-360-8592,t601:1 t601:2 t601:4
slv-360-8621,t670:2 t670:4 t486:5
slv-360-9587,t670:2 t670:4 t486:5
slv-361-0066,t926:1 t468:3
slv-361-0165,t448:0 t736:0 t112:1 t545:2 t523:3 t523:4 t468:4 t764:5 t885:6
slv-361-1224,t693:2 t636:4 t885:5 t860:6
slv-361-1689,t904:0 t860:0 t545:3
slv-361-1845,t601:1 t601:2 t601:4
slv-361-2302,t670:2 t670:4 t486:5
slv-361-2729,t601:1 t601:2 t601:4
slv-361-3940,t460:0 t240:2 t523:3 t569:3 t523:4 t523:4 t468:5
slv-361-4534,t167:1 t391:2 t545:3 t523:3 t240:4 t523:4 t523:5 t468:5
slv-361-4788,t670:2 t670:4 t486:5
slv-361-5435,t670:2 t486:4 t486:5 t670:5 t670:6
slv-361-6196,t670:2 t670:4 t486:5
slv-361-6650,t106:1 t106:2 t240:3 t926:4 t926:4 t468:5 t670:5 t670:6 t903:6 t860:7
slv-361-6676,t391:0 t736:1 t112:2 t545:3 t240:3 t523:4 t523:4 t581:5 t523:6 t468:6 t764:7
slv-361-6908,t240:2 t523:3 t523:4 t182:4 t764:6 t764:6 t636:7 t903:7 t860:7
slv-361-7619,t670:2 t670:4 t486:5
slv-361-8086,t670:1 t843:3 t843:4 t523:4 t182:7
slv-361-8374,t496:0 t860:1 t903:1 t860:2 t545:4
slv-361-8976,t736:0 t693:1 t682:2 t523:3 t523:4 t182:4
slv-361-9044,t788:0 t523:2 t523:3 t581:4
slv-361-9562,t670:2 t670:4 t486:5
slv-362-0202,t670:2 t670:4 t486:5
slv-362-1262,t670:2 t670:4 t486:5
slv-362-1859,t670:2 t670:4 t486:5
slv-362-1952,t670:2 t670:4 t486:5
slv-362-3573,t670:2 t670:4 t486:5
slv-362-3630,t904:4 t631:5 t128:6 t631:6 t631:7
slv-362-4323,t670:2 t670:4 t486:5
slv-362-4949,t670:2 t670:4 t486:5
slv-362-5506,t240:2 t926:4 t523:5 t182:6 t523:6 t468:7 t670:7 t670:7
slv-362-6287,t309:2 t460:3 t240:3 t523:4 t569:4 t523:5 t523:5 t468:6
slv-362-6467,t764:2 t670:5 t670:6 t486:6 t670:7
slv-362-7263,t670:2 t486:4 t486:5 t670:5 t670:6
slv-362-7313,t391:1 t545:1 t391:2 t860:3 t545:3 t240:3 t523:4 t468:5
slv-362-7429,t885:2 t860:5 t903:6 t860:7
slv-362-7617,t167:1 t391:2 t545:3 t523:3 t240:4 t523:4 t523:5 t468:5
slv-362-8476,t240:2 t926:4 t523:5 t182:6 t523:6 t468:7 t670:7 t670:7
slv-362-8734,t411:1 t411:2 t411:3 t411:5 t411:5 t411:6
slv-362-9101,t920:1 t240:2 t278:2 t523:3 t523:3 t468:4 t764:5 t860:6
slv-362-9196,t670:2 t486:4 t486:5 t670:5 t670:6
slv-362-9290,t391:0 t545:1 t240:2 t523:3 t523:4
slv-363-0099,t391:1 t545:1 t739:3 t545:4
slv-363-0395,t670:2 t670:4 t486:5
slv-363-1799,t670:2 t670:4 t486:5
slv-363-1861,t670:2 t670:4 t486:5
slv-363-2233,t670:2 t670:4 t486:5
slv-363-3302,t448:0 t240:0 t448:3 t468:4 t860:6
slv-363-4455,t670:2 t486:4 t486:5 t670:5 t670:6
slv-363-4609,t670:2 t670:4 t486:5
slv-363-5335,t670:2 t670:4 t486:5
slv-363-6148,t670:2 t670:4 t486:5
slv-363-6434,t569:0 t523:1 t523:1 t926:3
slv-363-6673,t240:0 t926:2 t523:3 t523:4 t581:5
slv-363-6890,t860:0 t545:1 t904:2 t545:3 t391:4 t545:4
slv-363-8241,t670:2 t670:4 t486:5
slv-363-8990,t670:2 t670:4 t486:5
slv-364-0908,t788:0 t523:2 t523:3 t581:4
slv-364-1460,t920:1 t240:2 t523:2 t569:3 t523:4 t523:4 t468:5
slv-364-1726,t391:1 t545:2 t240:3 t523:4 t523:5 t569:5 t523:6 t468:7
slv-364-2533,t903:0 t860:1 t885:1 t860:3 t903:4
slv-364-2577,t523:3 t182:3 t764:7
slv-364-2591,t905:0 t545:1
slv-364-2787,t788:0 t523:2 t523:3 t581:4
slv-364-2795,t670:2 t486:4 t486:5 t670:5 t670:6
slv-364-3864,t920:1 t240:2 t523:3 t523:4 t468:5 t860:6
slv-364-4441,t670:2 t670:4 t486:5
slv-364-4465,t903:5 t860:6 t764:6 t486:7 t486:7 t670:7 t486:7
slv-364-4885,t670:2 t670:4 t486:5
slv-364-5572,t736:0 t693:1 t636:1 t240:2 t523:3 t523:4 t182:5
slv-364-5724,t920:1 t240:2 t523:3 t523:4 t468:5 t860:6
slv-364-6542,t670:2 t670:4 t486:5
slv-364-6807,t391:0 t736:1 t112:3 t523:4 t523:5 t182:6 t764:6 t764:7 t903:7 t860:7
slv-364-7863,t670:2 t670:4 t486:5
slv-364-8126,t920:1 t240:2 t523:3 t523:4 t468:5 t860:6
slv-364-8684,t670:2 t486:4 t486:5 t670:5 t670:6
slv-365-0593,t569:0 t764:1 t903:5 t860:6 t569:7 t670:7 t670:7
slv-365-1104,t739:1 t545:2 t391:3 t545:4
slv-365-1140,t920:1 t240:2 t278:2 t523:3 t523:3 t468:4 t764:5 t860:6
slv-365-2019,t920:1 t240:2 t523:3 t523:4 t468:5 t860:6
slv-365-2847,t391:0 t448:0 t240:1 t926:2 t468:3 t523:3 t468:5
slv-365-3208,t391:1 t736:2 t112:3 t545:3 t523:4 t240:4 t523:4 t523:5 t581:5 t885:6
slv-365-4727,t670:2 t670:4 t486:5
slv-365-4823,t670:2 t670:4 t486:5
slv-365-5022,t670:2 t670:4 t486:5
slv-365-5236,t788:1 t523:2 t523:3 t581:4
slv-365-5800,t605:1 t240:2 t523:3 t523:3 t468:4 t764:5 t860:6
slv-365-5891,t448:0 t545:1 t448:2 t240:3 t926:3 t468:4 t764:6
slv-365-6742,t903:0 t860:4 t670:5 t670:7
slv-365-7094,t860:0 t391:1 t860:2 t545:3
slv-365-7269,t920:1 t240:2 t523:2 t569:3 t523:4 t523:4 t468:5
slv-365-7598,t670:2 t670:4 t486:5
slv-365-8472,t670:2 t670:4 t486:5
slv-365-9123,t670:2 t670:4 t486:5
slv-365-9906,t636:0 t904:3 t885:4 t860:5
slv-366-0011,t523:3 t182:5
slv-366-0753,t670:0 t670:3 t486:5
slv-366-1699,t670:2 t486:4 t486:5 t670:5 t670:6
slv-366-2861,t670:2 t670:4 t486:5
slv-366-3053,t670:2 t670:4 t486:5
slv-366-4191,t670:2 t670:4 t486:5
slv-366-4231,t736:0 t693:1 t682:2 t523:3 t523:4 t182:4
slv-366-4400,t448:1 t240:2 t523:3 t523:4 t182:4 t764:5 t885:6
slv-366-4468,t670:2 t670:4 t486:5
slv-366-4531,t670:2 t670:4 t486:5
slv-366-4741,t167:0 t391:1 t545:2 t240:3 t523:3 t523:4 t468:4
slv-366-5995,t693:1 t636:2 t693:3 t670:3 t843:4 t843:4 t601:5 t601:5
slv-366-6887,t496:0 t391:0 t905:0
slv-366-6968,t670:2 t670:4 t486:5
slv-366-7579,t240:1 t926:1 t523:2 t523:3 t569:4
slv-366-8630,t391:0 t736:1 t112:2 t545:3 t240:3 t523:4 t523:5 t182:6 t764:6 t764:7
slv-366-8922,t739:1 t545:2 t391:3 t545:4
slv-366-9256,t391:0 t904:0 t860:1 t545:3
slv-366-9578,t391:0 t905:0
slv-366-9965,t670:2 t670:4 t486:5
slv-367-0063,t788:1 t523:3 t523:3 t182:4
slv-367-0728,t523:4 t182:6 t670:6 t670:7 t885:7 t860:7
slv-367-1161,t240:1 t926:3 t926:3 t523:4 t926:4 t468:5
slv-367-2344,t920:1 t240:2 t523:3 t523:4 t468:5 t860:6
slv-367-2861,t670:2 t670:4 t486:5
slv-367-3531,t391:1 t545:1 t739:2 t545:3
slv-367-5487,t670:2 t670:4 t486:5
slv-367-6425,t391:0 t760:0 t391:0 t545:1 t670:3
slv-367-6571,t670:2 t670:4 t486:5
slv-367-7161,t601:1 t601:2 t601:4
slv-367-8011,t605:1 t240:1 t523:2 t523:3 t468:3 t278:3 t278:4 t926:4 t468:5
slv-367-8360,t764:2 t670:5 t670:6 t486:6 t670:7
slv-367-8926,t670:2 t670:4 t486:5
slv-367-9711,t670:2 t670:4 t486:5
slv-368-1870,t670:2 t670:4 t486:5
slv-368-2206,t391:0 t545:1
slv-368-3072,t693:1 t636:2 t693:3 t670:3 t843:4 t843:4 t601:5 t601:5
slv-368-3082,t391:1 t545:2 t920:2 t240:3 t523:4 t523:5 t468:5 t764:6 t764:7
slv-368-3117,t920:1 t240:2 t523:3 t523:4 t468:5 t860:6
slv-368-4781,t670:2 t670:4 t486:5
slv-368-5150,t670:2 t670:4 t486:5
slv-368-5867,t240:1 t523:2 t523:2 t569:3 t523:4 t523:4 t468:5
slv-368-7337,t670:2 t670:4 t486:5
slv-368-8098,t601:1 t601:2 t601:4
slv-368-8445,t670:2 t670:4 t486:5
slv-368-9208,t693:2 t636:4 t885:5 t860:6
slv-368-9336,t670:2 t670:4 t486:5
slv-368-9355,t240:1 t926:2 t523:3 t523:4 t569:5
slv-368-9595,t670:2 t486:4 t486:5 t670:5 t670:6
slv-369-0997,t391:0 t904:0 t860:0
slv-369-1805,t885:1 t860:3 t523:4 t182:5
slv-369-2000,t601:1 t601:2 t601:4
slv-369-2405,t670:2 t486:4 t670:5 t670:6
slv-369-2460,t670:2 t670:4 t486:5
slv-369-3344,t670:0 t670:3 t486:5
slv-369-3513,t523:3 t182:4 t764:6 t860:7
slv-369-3529,t670:2 t670:4 t486:5
slv-369-4755,t670:5 t670:6 t486:7 t670:7
slv-369-5131,t523:1 t182:3 t885:4 t860:5
slv-369-5828,t670:2 t670:4 t486:5
slv-369-6618,t741:1 t240:3 t926:3 t926:4 t468:5
slv-369-6716,t736:0 t486:1 t486:3 t670:3 t523:4 t523:5 t182:6
slv-369-6980,t739:0 t545:1 t240:2 t926:3 t523:3 t523:4 t182:4
slv-369-7572,t920:1 t240:2 t278:2 t523:3 t523:3 t468:4 t764:5 t860:6
slv-369-8261,t240:0 t926:1 t569:2 t996:2 t569:3 t523:3 t569:4
slv-369-9335,t670:2 t670:4 t486:5
slv-370-0394,t920:1 t240:2 t278:2 t523:3 t523:3 t468:4 t764:5 t860:6
slv-370-1038,t670:2 t670:4 t486:5
slv-370-1590,t670:2 t670:4 t486:5
slv-370-2812,t601:1 t601:2 t601:4
slv-370-3844,t788:0 t523:2 t523:3 t581:4
slv-370-3849,t670:2 t670:4 t486:5
slv-370-5427,t523:1 t523:3 t581:3
slv-370-6020,t391:0 t545:1 t448:1 t240:1 t926:2 t523:3 t523:3 t182:4 t926:4 t468:5 t764:6
slv-370-7153,t523:6 t182:7 t670:7 t182:7 t885:7 t860:7
slv-370-7402,t670:2 t670:4 t486:5
slv-370-7424,t736:0 t693:1 t636:1 t240:2 t523:3 t523:4 t182:5
slv-370-7427,t670:2 t670:4 t486:5
slv-370-7915,t167:1 t391:1 t496:2 t391:3 t545:3 t523:4 t523:4 t182:5
slv-370-8333,t636:0 t885:0 t903:1 t860:3 t903:5
slv-370-8717,t523:0 t926:1 t523:2 t523:3 t468:3
slv-370-8859,t670:2 t670:4 t486:5
slv-370-9173,t391:1 t545:1 t739:3 t545:4
slv-371-0108,t523:1 t523:3 t581:3
slv-371-0169,t670:2 t486:4 t486:5 t670:5 t670:6
slv-371-0325,t448:0 t545:1 t448:2 t240:3 t926:3 t468:4 t764:6
slv-371-1244,t920:1 t240:2 t523:4 t523:4 t468:5 t860:7
slv-371-2425,t670:1 t843:3 t843:4 t523:4 t182:7
slv-371-3457,t448:2 t523:3 t182:4
slv-371-3872,t240:1 t523:1 t523:2 t569:3 t523:4 t468:5
slv-371-4466,t240:1 t926:1 t523:3 t523:3
slv-371-4922,t167:1 t391:2 t904:3 t860:3 t545:4 t240:4 t523:5
slv-371-5170,t905:0 t545:0 t545:1 t860:2 t545:2
slv-371-6358,t523:2 t581:2
slv-371-7564,t545:0 t523:2 t523:3 t182:4
slv-371-8065,t601:1 t601:2 t601:4
slv-371-8772,t167:1 t391:2 t904:2 t545:3
slv-371-9172,t391:0 t905:0
slv-371-9346,t601:1 t601:2 t601:4
slv-372-1119,t904:0 t545:1 t391:1 t545:3 t523:3
slv-372-2582,t670:2 t486:4 t486:5 t670:5 t670:6
slv-372-3729,t545:1 t391:2 t545:3 t739:4 t545:4
slv-372-4276,t636:0 t885:0 t903:1 t860:3 t903:5
slv-372-4394,t396:0 t112:2 t523:3 t523:4 t182:5
slv-372-4734,t670:2 t670:4 t486:5
slv-372-6245,t670:2 t670:4 t486:5
slv-372-6248,t536:1 t240:2 t926:3 t468:3 t569:3 t569:4 t996:5 t569:6 t926:7
slv-372-6550,t448:0 t240:1 t926:2 t523:3 t523:3 t569:5
slv-372-7039,t167:1 t391:2 t545:3 t523:3 t240:4 t523:4 t523:5 t468:5
slv-372-7313,t814:1 t814:4 t631:5 t631:6 t631:6
slv-372-7706,t523:1 t523:3 t182:3
slv-372-7939,t670:2 t670:4 t486:5
slv-372-8441,t739:0 t545:1 t240:2 t926:3 t523:3 t523:4 t182:4
slv-372-8758,t545:1 t240:1 t278:2 t523:3 t523:3 t468:4 t764:5 t885:5 t860:6
slv-372-8799,t670:2 t670:4 t486:5
slv-373-0314,t920:1 t240:2 t523:3 t523:4 t468:5 t860:6
slv-373-1917,t523:1 t523:3 t468:3
slv-373-1954,t788:1 t523:3 t523:3 t182:4
slv-373-2165,t391:0 t904:0 t860:1 t545:1 t391:3 t545:4
slv-373-2472,t448:0 t240:1 t523:2 t523:3 t468:4 t764:5 t885:6
slv-373-2722,t860:0 t391:1 t860:2 t545:3
slv-373-2993,t788:1 t523:3 t523:3 t182:4
slv-373-3093,t736:0 t486:1 t486:3 t670:3 t523:4 t523:5 t182:6
slv-373-3528,t486:2 t486:4 t469:5 t636:5 t730:5 t523:6 t182:7
slv-373-3792,t670:2 t670:4 t486:5
slv-373-4486,t670:2 t670:4 t486:5
slv-373-5833,t523:4 t182:6 t670:6 t670:7 t885:7 t860:7
slv-373-6111,t391:0 t545:0 t391:0 t904:1 t860:3 t545:4
slv-373-6810,t601:1 t601:3 t601:4
slv-373-7136,t523:2 t523:3 t182:4
slv-373-7669,t788:0 t523:2 t523:3 t581:4
slv-373-7766,t391:0 t736:1 t112:2 t545:3 t240:3 t523:4 t523:4 t581:5 t523:6 t468:6 t764:7
slv-373-7850,t653:0 t903:2 t860:4 t391:4 t545:5 t670:6 t670:6
slv-373-9031,t670:2 t670:4 t486:5
slv-373-9612,t240:1 t523:1 t523:2 t569:3 t523:4 t468:5
slv-373-9670,t920:1 t240:2 t523:3 t523:4 t468:5 t860:6
slv-373-9887,t601:1 t601:2 t601:4
slv-374-0022,t605:1 t240:1 t523:2 t523:3 t468:3 t278:3 t278:4 t926:4 t468:5
slv-374-0067,t920:1 t240:2 t278:2 t523:3 t523:3 t468:4 t764:5 t860:6
slv-374-2392,t240:2 t926:4 t523:5 t182:6 t523:6 t468:7 t670:7 t670:7
slv-374-4279,t736:0 t693:1 t636:1 t240:2 t523:3 t523:4 t182:5
slv-374-4349,t670:2 t486:4 t486:5 t670:5 t670:6
slv-374-4892,t760:0 t670:1 t670:4 t486:6
slv-374-5182,t391:0 t904:0 t860:0 t545:3
slv-374-5283,t631:3 t631:5 t631:6
slv-374-6068,t920:1 t240:2 t523:3 t523:3 t569:4 t523:4 t468:5
slv-374-6464,t523:2 t182:2
slv-374-6697,t670:2 t670:4 t486:5
slv-374-7188,t670:2 t670:4 t486:5
slv-374-8588,t670:2 t670:4 t486:5
slv-374-9789,t860:0 t545:2
slv-375-0243,t523:1 t523:3 t182:3
slv-375-0675,t860:0 t670:5 t670:7
slv-375-1044,t739:1 t545:2 t391:3 t545:4
slv-375-2107,t240:1 t926:2 t240:3 t468:6
slv-375-2790,t670:2 t670:4 t486:5
slv-375-2975,t903:1 t860:2 t670:3 t601:3 t601:4 t670:5 t545:5 t843:5 t843:5 t670:6 t843:6
slv-375-3264,t670:2 t670:4 t486:5
slv-375-3729,t523:1 t523:3 t182:3
slv-375-3806,t545:1 t240:2 t926:4 t926:4 t468:4 t670:4 t523:4 t523:6 t468:6 t764:6
slv-375-4956,t670:2 t670:4 t486:5
slv-375-5066,t670:2 t670:4 t486:5
slv-375-5084,t764:2 t670:5 t670:6 t486:6 t670:7
slv-375-5294,t670:0 t670:3 t486:5
slv-375-5589,t460:1 t240:2 t523:3 t523:4 t569:5 t523:6 t468:7
slv-375-6217,t739:1 t545:2
slv-375-6255,t460:1 t240:4 t523:5 t523:6 t468:6 t670:7 t670:7
slv-375-6815,t670:2 t670:4 t486:5
slv-375-7083,t631:3 t631:4 t631:5 t631:6
slv-375-7222,t670:2 t670:4 t486:5
slv-375-7300,t523:1 t182:3 t885:4 t860:5
slv-375-9209,t670:2 t670:4 t486:5
slv-375-9527,t391:0 t736:1 t112:2 t545:3 t240:3 t523:4 t523:4 t581:5 t523:6 t468:6 t764:7
slv-375-9641,t670:2 t670:4 t486:5
slv-376-2242,t670:2 t670:4 t486:5
slv-376-3146,t670:0 t670:3 t486:5
slv-376-3504,t523:1 t523:3 t468:3
slv-376-3911,t670:2 t670:4 t486:5
slv-376-4400,t670:2 t670:4 t486:5
slv-376-5199,t391:0 t904:0 t545:0 t860:1 t545:3
slv-376-5571,t670:2 t670:4 t486:5
slv-376-6253,t240:1 t926:1 t468:2 t240:3 t278:3 t523:3 t523:4 t468:5
slv-376-6973,t670:2 t670:4 t486:5
slv-376-9395,t670:2 t670:4 t486:5
slv-376-9629,t764:2 t670:5 t670:6 t486:6 t670:7
slv-377-0796,t670:2 t670:4 t486:5
slv-377-2229,t460:1 t240:2 t523:3 t569:3 t523:4 t523:4 t468:5
slv-377-2537,t670:2 t670:4 t486:5
slv-377-3254,t391:0 t904:0 t545:2
slv-377-3710,t788:1 t523:2 t523:3 t581:4
slv-377-3781,t920:1 t240:2 t278:2 t523:3 t523:3 t468:4 t764:5 t860:6
slv-377-4978,t523:1 t523:3 t182:3
slv-377-5498,t670:2 t670:4 t486:5
slv-377-5893,t670:2 t670:4 t486:5
slv-377-6006,t460:1 t240:4 t523:5 t523:6 t468:6 t670:7 t670:7
slv-377-6700,t739:0 t670:1 t670:3 t843:3 t843:4 t885:4 t860:5
slv-377-7014,t788:0 t523:2 t523:3 t581:4
slv-377-7452,t670:2 t486:4 t486:5 t670:5 t670:6
slv-377-7827,t670:2 t670:4 t486:5
slv-377-8208,t920:1 t240:2 t278:2 t523:3 t523:3 t468:4 t764:5 t860:6
slv-377-8330,t926:1 t523:3 t523:3 t468:3
slv-377-9288,t670:2 t670:4 t486:5
slv-378-0669,t903:5 t860:6 t764:6 t486:7 t486:7 t670:7 t486:7
slv-378-3477,t903:0 t860:1 t885:1 t860:3 t903:4
slv-378-3528,t885:0 t860:1 t903:2 t860:3
slv-378-3749,t920:1 t240:2 t278:2 t523:3 t523:3 t468:4 t764:5 t860:6
slv-378-4335,t670:2 t670:4 t486:5
slv-378-6036,t601:1 t601:2 t601:4
slv-378-6692,t739:1 t545:2 t391:3 t545:4
slv-378-7017,t788:1 t523:2 t523:3 t581:4
slv-378-7742,t736:0 t693:1 t682:2 t523:3 t523:4 t182:4
slv-378-7825,t736:0 t693:1 t682:2 t240:3 t523:3 t523:4
slv-378-8037,t670:1 t601:3 t601:3 t670:4 t843:5 t843:5
slv-378-8473,t842:5 t842:6
slv-378-9031,t636:1 t904:3 t885:4 t860:5
slv-378-9699,t448:0 t240:1 t523:2 t523:3 t468:3 t926:4 t468:5
slv-379-1915,t670:2 t670:4 t486:5
slv-379-2867,t601:1 t601:2 t601:4
slv-379-3106,t860:0 t545:2
slv-379-3604,t676:1 t523:3 t569:4 t523:5 t523:6 t468:7
slv-379-3608,t670:2 t670:4 t486:5
slv-379-4258,t693:1 t636:2 t693:3 t670:3 t843:4 t843:4 t601:5 t601:5
slv-379-4369,t670:2 t670:4 t486:5
slv-379-4746,t240:1 t523:2 t523:2 t569:3 t523:4 t523:4 t468:5
slv-379-4781,t739:1 t545:2 t391:3 t545:4
slv-379-5705,t448:0 t240:1 t926:2 t926:3 t468:3 t764:4 t885:5 t860:6
slv-379-5948,t391:0 t904:0 t545:1 t240:2 t523:2 t523:3 t182:4 t885:4 t860:5
slv-379-6220,t240:0 t523:0 t240:1 t569:2 t523:3 t523:3
slv-379-6900,t670:2 t670:4 t486:5
slv-379-7650,t240:1 t523:1 t523:2 t569:3 t523:4 t468:5
slv-379-8637,t448:1 t460:3 t240:3 t523:4 t523:5 t569:5 t523:6 t468:6
slv-379-9943,t240:1 t926:1 t468:2 t240:3 t278:3 t523:3 t523:4 t468:5
slv-380-0557,t555:1 t486:3 t523:4 t523:5 t182:7
slv-380-0620,t391:1 t736:2 t112:3 t545:3 t523:4 t240:4 t523:4 t523:5 t581:5 t885:6
slv-380-1729,t670:2 t670:4 t486:5
slv-380-1791,t605:1 t240:3 t523:4 t523:5 t468:5 t860:6
slv-380-1893,t523:1 t523:3 t182:3
slv-380-2800,t601:1 t601:2 t601:4
slv-380-4632,t545:1 t523:3 t523:3 t182:4
slv-380-4657,t670:2 t670:4 t486:5
slv-380-5327,t523:3 t182:4 t764:6 t860:7
slv-380-5927,t926:1 t468:3
slv-380-6117,t240:2 t926:4 t523:5 t182:6 t523:6 t468:7 t670:7 t670:7
slv-380-6434,t670:2 t670:4 t486:5
slv-380-6625,t676:1 t523:3 t569:4 t523:5 t523:6 t468:7
slv-380-6627,t523:2 t523:3 t182:4
slv-380-6925,t904:0 t569:0 t996:1 t569:3
slv-380-8508,t496:0 t391:0 t904:0 t545:2
slv-380-8941,t670:2 t670:4 t486:5
slv-381-1510,t670:2 t670:4 t486:5
slv-381-2030,t545:0 t391:1 t545:1 t240:2 t926:3 t926:3 t523:3 t523:4 t468:5
slv-381-2452,t926:1 t468:3
slv-381-2552,t411:1 t411:2 t411:3 t411:5 t411:6
slv-381-4103,t460:0 t240:1 t926:2 t523:3 t523:4 t569:5
slv-381-5038,t670:2 t670:4 t486:5
slv-381-5208,t670:2 t670:4 t486:5
slv-381-5945,t545:1 t670:2 t523:3 t523:4 t581:5 t764:5 t885:6
slv-381-6677,t240:0 t926:1 t523:2 t523:3 t581:3 t569:4 t523:4 t569:5
slv-381-7701,t736:0 t693:1 t682:2
slv-381-8966,t788:0 t523:2 t523:3 t581:4
slv-381-8987,t670:2 t670:4 t486:5
slv-381-9122,t670:2 t670:4 t486:5
slv-382-0142,t167:1 t391:2 t545:3 t523:3 t240:4 t523:4 t523:5 t468:5
slv-382-0640,t920:1 t240:2 t278:2 t523:3 t523:3 t468:4 t764:5 t860:6
slv-382-1355,t670:2 t670:4 t486:5
slv-382-1374,t670:2 t670:4 t486:5
slv-382-2477,t670:2 t670:4 t486:5
slv-382-2884,t670:2 t670:4 t486:5
slv-382-4443,t670:2 t670:4 t486:5
slv-382-5740,t523:0 t523:2 t468:3
slv-382-5792,t670:2 t670:4 t486:5
slv-382-6599,t112:1 t523:3 t523:4 t182:5 t523:5 t581:6
slv-382-7548,t448:1 t240:2 t523:3 t523:4 t468:4 t764:6
slv-382-7930,t670:2 t670:4 t486:5
slv-382-8777,t523:1 t926:1 t523:2 t523:3 t468:4
slv-382-8969,t167:0 t391:0 t860:1 t545:2
slv-382-9055,t788:1 t523:3 t523:3 t182:4
slv-382-9148,t904:0 t545:0 t391:1 t545:3
slv-382-9403,t670:2 t670:4 t486:5
slv-382-9477,t545:0 t523:1 t523:2 t182:3
slv-383-0148,t448:1 t240:3 t523:5 t468:6 t670:6 t670:7 t860:7 t220:7
slv-383-0765,t448:0 t240:0 t448:3 t468:4 t860:6
slv-383-0848,t788:0 t523:2 t523:3 t581:4
slv-383-3325,t601:0 t601:2 t377:3 t377:4
slv-383-3711,t448:0 t240:1 t926:2 t523:3 t523:3 t569:5
slv-383-4030,t920:1 t240:2 t523:3 t523:4 t468:5 t860:6
slv-383-6603,t693:1 t636:2 t693:3 t670:3 t843:4 t843:4 t601:5 t601:5
slv-383-6640,t460:1 t240:2 t523:3 t523:3 t569:4 t523:4 t523:5 t468:6
slv-383-7213,t523:0 t182:2 t885:3 t860:4
slv-383-9059,t764:2 t670:5 t670:6 t486:6 t670:7
slv-383-9092,t448:1 t240:2 t523:3 t523:4 t182:4 t764:5 t885:6
slv-383-9488,t920:1 t240:2 t523:3 t523:3 t569:4 t523:4 t468:5
slv-384-0110,t240:1 t926:1 t523:3 t523:3
slv-384-3779,t670:2 t486:4 t486:5 t670:5 t670:6
slv-384-4699,t670:2 t670:4 t486:5
slv-384-5474,t460:1 t240:2 t523:3 t523:3 t569:4 t523:4 t523:5 t468:6
slv-384-5867,t448:4 t788:6 t523:6 t523:7 t581:7
slv-384-6187,t670:2 t670:4 t486:5
slv-384-7331,t240:1 t926:3 t523:4 t468:5 t240:6 t468:7
slv-384-7483,t601:1 t601:2 t601:4
slv-384-8132,t448:0 t545:1 t448:2 t240:3 t926:3 t468:4 t764:6
slv-384-8798,t920:1 t240:2 t278:2 t523:3 t523:3 t468:4 t764:5 t860:6
slv-384-8854,t670:2 t670:4 t486:5
slv-384-9005,t167:1 t391:2 t496:2 t391:3 t545:3 t523:4 t240:4 t523:4 t523:5 t468:5
slv-384-9243,t670:0 t670:3 t486:5
slv-384-9561,t391:0 t736:1 t112:2 t545:3 t240:3 t523:4 t523:4 t581:5 t523:6 t468:6 t764:7
slv-385-0180,t926:1 t996:1
slv-385-1717,t670:2 t670:4 t486:5
slv-385-2374,t920:1 t240:2 t523:3 t523:4 t468:5 t860:6
slv-385-3158,t670:2 t670:4 t486:5
slv-385-4383,t860:0 t903:1 t860:1 t545:3
slv-385-4499,t391:1 t736:2 t112:3 t545:3 t523:4 t240:4 t523:4 t523:5 t581:5 t885:6
slv-385-4941,t240:1 t926:1 t468:2 t240:3 t278:3 t523:3 t523:4 t468:5
slv-385-5153,t240:0 t926:1 t926:3 t468:4
slv-385-6938,t167:1 t391:2 t496:2 t391:3 t545:3 t523:4 t240:4 t523:4 t523:5 t468:5
slv-385-7001,t448:0 t240:1 t926:2 t468:3 t523:3 t523:4 t468:5 t764:6
slv-385-7850,t788:1 t523:2 t523:3 t581:4
slv-385-8793,t240:0 t926:1 t523:2 t523:3 t581:3 t569:4 t523:4 t569:5
slv-385-9575,t903:0 t860:1 t885:1 t860:3 t903:4
slv-386-0548,t788:0 t523:2 t523:3 t581:4
slv-386-1334,t693:2 t636:4 t885:5 t860:6
slv-386-2841,t240:1 t523:2 t523:2 t569:3 t523:4 t523:4 t468:5
slv-386-4903,t670:2 t670:4 t486:5
slv-386-5223,t391:0 t736:1 t112:3 t523:4 t523:5 t182:6 t764:6 t764:7 t903:7 t860:7
slv-386-5609,t240:0 t523:2 t523:3 t468:4
slv-386-5790,t670:2 t670:4 t486:5
slv-386-6831,t670:2 t670:4 t486:5
slv-386-7745,t920:1 t240:2 t523:3 t523:4 t468:5 t860:6
slv-386-8018,t670:2 t670:4 t486:5
slv-386-8230,t904:0 t860:0 t391:0 t860:1 t545:3
slv-387-0674,t396:0 t240:1 t926:2 t523:3 t523:3 t926:4 t468:5
slv-387-0960,t523:1 t523:3 t581:3
slv-387-1076,t670:2 t486:4 t486:5 t670:5 t670:6
slv-387-1144,t391:0 t448:0 t523:2 t523:3 t182:4
slv-387-1352,t391:1 t545:1 t670:2 t545:3 t240:3 t926:4 t468:5 t764:6
slv-387-1540,t670:2 t670:4 t486:5
slv-387-1676,t670:2 t670:4 t486:5
slv-387-1922,t448:0 t240:1 t926:2 t523:3 t523:3 t569:5
slv-387-2508,t523:0 t523:0 t926:2 t926:2 t523:3 t468:3
slv-387-3302,t736:0 t693:1 t636:1 t240:2 t523:3 t523:4 t182:5
slv-387-4037,t926:0 t926:1 t523:3 t468:3
slv-387-4202,t920:1 t240:2 t278:2 t523:3 t523:3 t468:4 t764:5 t860:6
slv-387-4260,t601:1 t601:2 t601:4
slv-387-4360,t903:1 t860:2 t670:3 t601:3 t601:4 t670:5 t545:5 t843:5 t843:5 t670:6 t843:6
slv-387-5166,t788:1 t523:3 t523:3 t182:4
slv-387-5646,t670:2 t670:4 t486:5
slv-387-5926,t904:0 t860:0 t391:0 t860:1 t545:3
slv-387-6646,t670:2 t670:4 t486:5
slv-387-6673,t764:2 t670:5 t670:6 t486:6 t670:7
slv-387-6690,t240:0 t523:1 t569:3 t523:4 t523:5 t468:7
slv-387-7292,t920:1 t240:2 t523:3 t523:4 t468:5 t860:6
slv-387-8628,t788:1 t523:2 t523:3 t581:4
slv-387-8701,t670:2 t670:4 t486:5
slv-387-9281,t636:0 t885:0 t860:0 t545:2 t240:2 t926:3 t523:4 t468:4
slv-387-9786,t920:1 t240:2 t278:2 t523:3 t523:3 t468:4 t764:5 t860:6
slv-388-1236,t920:1 t240:2 t278:2 t523:3 t523:3 t468:4 t764:5 t860:6
slv-388-1410,t670:2 t670:4 t486:5
slv-388-1434,t670:2 t486:4 t486:5 t670:5 t670:6
slv-388-1890,t396:0 t240:1 t523:2 t523:3 t182:3 t240:4 t926:4 t468:5
slv-388-2162,t670:2 t486:4 t486:5 t670:5 t670:6
slv-388-2809,t788:1 t523:2 t523:3 t581:4
slv-388-3035,t670:2 t670:4 t486:5
slv-388-3137,t676:1 t523:3 t569:4 t523:5 t523:6 t468:7
slv-388-4413,t670:2 t670:4 t486:5
slv-388-4533,t903:5 t860:6 t764:6 t486:7 t486:7 t670:7 t486:7
slv-388-4623,t167:1 t391:1 t496:2 t391:3 t545:3 t523:4 t523:4 t182:5
slv-388-5756,t240:1 t926:2 t468:3
slv-388-6002,t670:2 t486:4 t486:5 t670:5 t670:6
slv-388-6192,t601:1 t601:2 t601:3
slv-388-7585,t926:1 t468:3
slv-388-8124,t523:1 t523:3 t182:3
slv-389-0402,t904:0 t860:0 t664:1
slv-389-1091,t670:2 t670:4 t486:5
slv-389-2966,t670:2 t670:4 t486:5
slv-389-3765,t670:2 t670:4 t486:5
slv-389-3859,t670:2 t670:4 t486:5
slv-389-4093,t636:0 t736:1 t523:3 t240:4 t523:5 t523:5 t182:6 t764:7
slv-389-4459,t106:1 t106:2 t240:3 t926:4 t926:4 t468:5 t670:5 t670:6 t903:6 t860:7
slv-389-5009,t920:1 t240:2 t523:2 t569:3 t523:4 t523:4 t468:5
slv-389-6205,t670:2 t670:4 t486:5
slv-389-6287,t920:1 t240:2 t523:3 t523:4 t468:5 t860:6
slv-389-7590,t240:1 t523:2 t523:2 t569:3 t523:4 t523:4 t468:5
slv-389-7877,t523:4 t182:6 t670:6 t670:7 t885:7 t860:7
slv-389-8198,t904:1 t860:3 t545:4 t391:4 t545:5
slv-389-8324,t601:1 t601:2 t601:4
slv-389-8568,t523:1 t523:3 t581:3
slv-389-9392,t579:1 t579:1 t843:3 t843:4
slv-390-1251,t523:1 t523:3 t468:4 t860:5 t523:6 t764:6 t860:7 t670:7
slv-390-1536,t739:1 t545:2 t391:3 t545:4
slv-390-3770,t391:0 t545:1 t545:2 t523:3 t523:4 t182:4
slv-390-4818,t448:0 t240:1 t926:2 t523:3 t523:3 t569:5
slv-390-5306,t391:0 t736:1 t112:2 t545:3 t240:3 t523:4 t523:4 t581:5 t523:6 t468:6 t764:7
slv-390-6461,t693:2 t636:4 t885:5 t860:6
slv-390-6721,t920:1 t240:2 t523:3 t523:4 t468:5 t860:6
slv-390-6776,t240:0 t926:2 t523:3 t523:4 t581:5
slv-390-6813,t391:0 t736:1 t112:2 t545:3 t240:3 t523:4 t523:4 t581:5 t523:6 t468:6 t764:7
slv-390-7562,t460:0 t240:1 t926:2 t523:3 t523:4 t569:5
slv-390-7625,t670:2 t670:4 t486:5
slv-390-9196,t486:2 t486:4 t469:5 t636:5 t730:5 t523:6 t182:7
slv-390-9695,t670:2 t670:4 t486:5
slv-391-0230,t736:0 t693:1 t682:2 t240:3 t523:3 t523:4
slv-391-0316,t670:2 t486:4 t486:5 t670:5 t670:6
slv-391-1644,t670:2 t670:4 t486:5
slv-391-1672,t670:2 t670:4 t486:5
slv-391-2221,t920:1 t240:2 t278:2 t523:3 t523:3 t468:4 t764:5 t860:6
slv-391-2257,t601:1 t601:2 t601:4
slv-391-2549,t391:0 t736:1 t112:2 t545:3 t240:3 t523:4 t523:4 t581:5 t523:6 t468:6 t764:7
slv-391-4789,t460:1 t240:1 t926:2 t569:3 t523:3 t523:4 t569:4
slv-391-4905,t860:0 t670:5 t670:7
slv-391-5110,t788:1 t523:2 t523:3 t581:4
slv-391-5711,t788:1 t523:2 t523:3 t581:4
slv-391-5818,t670:2 t670:4 t486:5
slv-391-5819,t670:2 t670:4 t486:5
slv-391-5906,t670:2 t670:4 t486:5
slv-391-6464,t448:0 t240:1 t926:2 t926:3 t468:3 t764:4 t885:5 t860:6
slv-391-8298,t167:1 t391:2 t545:3 t523:3 t240:4 t523:4 t523:5 t468:5
slv-391-8789,t670:2 t670:4 t486:5
slv-391-9198,t486:2 t486:4 t469:5 t636:5 t730:5 t523:6 t182:7
slv-392-0415,t788:0 t523:2 t523:3 t581:4
slv-392-1466,t523:3 t182:3
slv-392-1530,t670:2 t670:4 t486:5
slv-392-1988,t670:2 t670:4 t486:5
slv-392-2304,t545:1 t240:1 t926:2 t468:2 t240:3 t278:3 t523:4 t523:4 t468:5
slv-392-2985,t788:0 t523:2 t523:3 t581:4
slv-392-4015,t670:2 t670:4 t486:5
slv-392-5210,t920:1 t240:2 t278:2 t523:3 t523:3 t468:4 t764:5 t860:6
slv-392-5950,t670:2 t670:4 t486:5
slv-392-6151,t670:2 t670:4 t486:5
slv-392-6911,t670:0 t670:3 t486:5
slv-392-7007,t448:0 t240:1 t926:2 t926:3 t468:3 t764:4 t885:5 t860:6
slv-392-7243,t601:1 t601:2 t601:4
slv-392-7323,t736:0 t693:1 t636:1 t240:2 t523:3 t523:4 t182:5
slv-392-8702,t670:2 t670:4 t486:5
slv-392-8925,t920:3 t920:4 t920:5
slv-392-8932,t670:2 t670:4 t486:5
slv-392-8941,t670:2 t670:4 t486:5
slv-392-9053,t670:2 t670:4 t486:5
slv-392-9699,t496:0 t391:0 t904:0 t545:2
slv-392-9849,t670:2 t670:4 t486:5
slv-393-0224,t448:0 t240:1 t926:2 t926:3 t468:3 t764:4 t885:5 t860:6
slv-393-0560,t670:2 t670:4 t486:5
slv-393-1770,t670:2 t670:4 t486:5
slv-393-2067,t905:0 t545:0 t860:1 t545:2
slv-393-2577,t788:1 t523:2 t523:3 t581:4
slv-393-3079,t903:5 t860:6 t764:6 t486:7 t486:7 t670:7 t486:7
slv-393-3137,t167:1 t391:2 t545:3 t523:3 t240:4 t523:4 t523:5 t468:5
slv-393-3398,t903:0 t860:1 t885:1 t860:3 t903:4
slv-393-5462,t670:2 t670:4 t486:5
slv-393-7425,t670:2 t670:4 t486:5
slv-393-7863,t788:1 t523:2 t523:3 t581:4
slv-393-8133,t523:2 t523:3 t182:4
slv-393-9187,t112:1 t523:3 t523:4 t182:5 t523:5 t581:6
slv-393-9243,t240:0 t523:1 t523:2 t569:3 t523:3
slv-393-9790,t523:1 t523:3 t182:3
slv-394-1187,t736:0 t636:1 t523:4 t523:5 t182:5 t486:6 t486:7
slv-394-1821,t670:2 t670:4 t486:5
slv-394-2151,t670:2 t486:4 t486:5 t670:5 t670:6
slv-394-2231,t670:2 t486:4 t486:5 t670:5 t670:6
slv-394-2317,t670:0 t670:3 t486:5
slv-394-2900,t920:3 t920:4 t920:5
slv-394-4335,t903:1 t860:2 t670:3 t601:3 t601:4 t670:5 t545:5 t843:5 t843:5 t670:6 t843:6
slv-394-5033,t885:0 t860:1 t545:2 t860:3 t391:3 t545:4
slv-394-6629,t670:2 t670:4 t486:5
slv-394-6719,t788:0 t523:2 t523:3 t581:4
slv-394-7074,t670:2 t670:4 t486:5
slv-394-7569,t670:2 t670:4 t486:5
slv-394-8214,t670:2 t670:4 t486:5
slv-394-8811,t579:1 t579:1 t843:3 t843:4
slv-394-9800,t391:0 t904:0 t860:0 t545:3
slv-394-9919,t396:0 t605:1 t240:2 t926:2 t523:3 t523:3 t468:4 t885:4 t860:6
slv-395-0231,t670:2 t670:4 t486:5
slv-395-0401,t693:1 t636:2 t693:3 t670:3 t843:4 t843:4 t601:5 t601:5
slv-395-1663,t670:2 t670:4 t486:5
slv-395-2247,t601:0 t601:2 t377:3 t377:4
slv-395-2421,t486:2 t486:4 t469:5 t636:5 t730:5 t523:6 t182:7
slv-395-2824,t670:2 t670:4 t486:5
slv-395-3302,t670:2 t670:4 t486:5
slv-395-4048,t240:2 t926:4 t523:5 t182:6 t523:6 t468:7 t670:7 t670:7
slv-395-4704,t670:2 t670:4 t486:5
slv-395-4938,t670:2 t670:4 t486:5
slv-395-4991,t670:2 t670:4 t486:5
slv-395-5281,t523:1 t523:3 t182:3
slv-395-5370,t670:2 t486:4 t486:5 t670:5 t670:6
slv-395-6835,t920:1 t240:2 t523:3 t523:4 t468:5 t860:6
slv-395-7158,t920:1 t240:2 t278:2 t523:3 t523:3 t468:4 t764:5 t860:6
slv-395-7417,t670:2 t670:4 t486:5
slv-395-7567,t670:2 t670:4 t486:5
slv-395-7752,t920:1 t240:2 t278:2 t523:3 t523:3 t468:4 t764:5 t860:6
slv-395-8619,t670:2 t670:4 t486:5
slv-395-8779,t670:2 t670:4 t486:5
slv-395-9037,t601:1 t601:3 t601:4
slv-396-0663,t670:2 t670:4 t486:5
slv-396-1489,t601:1 t601:2 t601:4
slv-396-2577,t920:1 t240:2 t278:2 t523:3 t523:3 t468:4 t764:5 t860:6
slv-396-3135,t788:0 t523:2 t523:3 t581:4
slv-396-3653,t448:0 t240:1 t926:2 t523:3 t523:3 t569:5
slv-396-6036,t670:2 t670:4 t486:5
slv-396-7680,t860:0 t545:1 t904:2 t545:3 t391:4 t545:4
slv-396-8104,t240:0 t523:1 t240:2 t926:2 t240:3 t569:3 t523:4 t523:5
slv-396-8243,t486:2 t486:4 t469:5 t636:5 t730:5 t523:6 t182:7
slv-396-8474,t460:1 t240:2 t523:3 t523:3 t569:4 t523:4 t523:5 t468:6
slv-396-8689,t860:0 t545:0 t905:1 t545:2
slv-396-9509,t670:2 t670:4 t486:5
slv-397-0794,t788:0 t523:2 t523:3 t581:4
slv-397-2293,t636:1 t904:3 t885:4 t860:5
slv-397-2357,t670:2 t670:4 t486:5
slv-397-2922,t788:1 t523:3 t523:3 t182:4
slv-397-3353,t496:0 t391:0 t904:0 t545:2
slv-397-3571,t920:1 t240:2 t523:3 t523:4 t468:5 t860:6
slv-397-3691,t670:2 t670:4 t486:5
slv-397-4418,t670:2 t670:4 t486:5
slv-397-4545,t496:0 t391:0 t904:0 t545:3
slv-397-4890,t788:1 t523:2 t523:3 t581:4
slv-397-5039,t670:2 t670:4 t486:5
slv-397-5225,t536:1 t240:1 t926:2 t240:3 t468:4 t240:6 t569:7
slv-397-6076,t448:0 t545:1 t448:2 t240:3 t926:3 t468:4 t764:6
slv-397-7022,t670:2 t670:4 t486:5
slv-397-7103,t920:1 t240:2 t278:2 t523:3 t523:3 t468:4 t764:5 t860:6
slv-398-0531,t670:2 t670:4 t486:5
slv-398-0702,t693:1 t636:2 t693:3 t670:3 t843:4 t843:4 t601:5 t601:5
slv-398-1029,t670:2 t670:4 t486:5
slv-398-1380,t240:1 t926:1 t468:2 t240:3 t278:3 t523:3 t523:4 t468:5
slv-398-1724,t391:0 t904:0 t545:1 t240:2 t523:2 t523:3 t182:4 t885:4 t860:5
slv-398-3184,t670:2 t670:4 t486:5
slv-398-3451,t670:2 t670:4 t486:5
slv-398-3556,t670:2 t670:4 t486:5
slv-398-3800,t653:0 t903:2 t860:4 t391:4 t545:5 t670:6 t670:6
slv-398-4379,t391:0 t736:1 t112:2 t545:3 t240:3 t523:4 t523:4 t581:5 t523:6 t468:6 t764:7
slv-398-5302,t670:2 t670:4 t486:5
slv-398-5413,t448:0 t240:1 t926:3 t926:4 t523:5 t182:6
slv-398-6630,t920:1 t240:2 t523:3 t523:4 t468:5 t860:6
slv-398-6662,t670:2 t670:4 t486:5
slv-398-7428,t736:0 t693:1 t636:1 t240:2 t523:3 t523:4 t182:5
slv-398-8038,t240:1 t926:3 t468:3 t240:4 t523:4 t468:5
slv-398-8212,t670:2 t670:4 t486:5
slv-398-8437,t670:2 t670:4 t486:5
slv-398-9898,t636:0 t736:1 t112:2 t545:2 t240:3 t523:3 t523:4 t581:4 t523:5 t468:7
slv-399-0527,t670:2 t670:4 t486:5
slv-399-0935,t460:1 t240:2 t523:3 t569:4 t523:5 t523:5 t468:6
slv-399-1014,t601:1 t601:2 t601:4
slv-399-1398,t670:2 t486:4 t486:5 t670:5 t670:6
slv-399-2093,t460:1 t240:2 t523:3 t523:3 t182:4
slv-399-2324,t460:1 t240:2 t523:3 t569:4 t523:5 t523:5 t468:6
slv-399-2952,t670:2 t486:4 t486:5 t670:5 t670:6
slv-399-3268,t128:3 t128:4 t631:5 t631:5 t329:5 t329:6
slv-399-3753,t670:2 t670:4 t486:5
slv-399-4283,t670:2 t670:4 t486:5
slv-399-5317,t885:1 t860:3 t523:4 t182:5
slv-399-5606,t670:2 t486:4 t486:5 t670:5 t670:6
slv-399-6844,t920:1 t240:1 t278:2 t523:3 t468:3 t278:3 t278:4 t926:5 t468:6
slv-399-6863,t670:3 t670:5 t486:6
slv-399-7556,t693:1 t636:2 t693:3 t670:3 t843:4 t843:4 t601:5 t601:5
slv-399-8238,t860:0 t670:5 t670:7
slv-399-8336,t788:0 t523:2 t523:3 t581:4
slv-399-8809,t636:0 t904:3 t885:4 t860:5
slv-399-9159,t670:2 t670:4 t486:5
slv-399-9992,t764:2 t670:5 t670:6 t486:6 t670:7
slv-400-1166,t670:2 t670:4 t486:5
slv-400-1645,t788:0 t523:2 t523:3 t581:4
slv-400-2042,t788:1 t523:3 t523:3 t182:4
slv-400-3756,t905:0 t545:1
slv-400-4224,t926:1 t468:3
slv-400-4510,t670:2 t486:4 t486:5 t670:5 t670:6
slv-400-5494,t240:1 t926:3 t926:4 t523:5 t523:5 t182:6 t240:6 t468:7
slv-400-5545,t739:1 t545:2 t391:3 t545:4
slv-400-6091,t670:2 t670:4 t486:5
slv-400-6560,t601:1 t601:2 t601:3
slv-400-7603,t523:0 t926:2 t523:3 t523:3 t182:4
slv-400-7767,t670:2 t670:4 t486:5
slv-400-8091,t755:1 t755:2 t755:3
slv-400-8141,t905:0 t545:0 t545:1 t860:2 t545:2
slv-400-9094,t396:0 t240:1 t523:2 t523:3 t182:3 t240:3 t926:4 t468:5
slv-400-9903,t670:2 t670:4 t486:5
slv-401-0243,t523:1 t523:3 t468:3 t764:6
slv-401-0253,t448:0 t736:0 t112:1 t545:2 t523:3 t523:4 t468:4 t764:5 t885:6
slv-401-1024,t523:0 t182:2 t885:3 t860:4
slv-401-1059,t391:1 t545:1 t391:2 t860:3 t545:3 t240:3 t523:4 t468:5
slv-401-2162,t670:2 t486:4 t486:5 t670:5 t670:6
slv-401-3073,t523:3 t182:4 t764:6 t860:7
slv-401-3147,t523:3 t182:4
slv-401-5661,t764:2 t670:5 t670:6 t486:6 t670:7
slv-401-5805,t391:0 t545:1
slv-401-5820,t670:2 t670:4 t486:5
slv-401-7285,t670:0 t670:3 t486:5
slv-401-8117,t670:2 t670:4 t486:5
slv-401-8516,t670:2 t670:4 t486:5
slv-401-9933,t670:2 t670:4 t486:5
slv-402-1767,t448:2 t523:3 t182:4
slv-402-1912,t523:1 t523:3 t468:3
slv-402-2337,t523:1 t523:3 t182:3
slv-402-3037,t670:2 t670:4 t486:5
slv-402-5638,t670:2 t670:4 t486:5
slv-402-6336,t523:0 t182:2 t670:4 t670:6
slv-402-6664,t788:0 t523:2 t523:3 t581:4
slv-402-7510,t670:2 t670:4 t486:5
slv-402-7667,t860:0 t545:1 t904:2 t545:3 t391:4 t545:4
slv-402-7821,t672:0 t523:1 t523:2 t182:3
slv-402-8254,t670:2 t670:4 t486:5
slv-402-8802,t905:0 t545:0 t860:1 t545:2
slv-402-9639,t788:0 t523:2 t523:3 t581:4
slv-403-0201,t523:1 t523:3 t468:3 t764:6
slv-403-0830,t523:1 t523:3 t182:3
slv-403-1162,t670:1 t670:4 t486:5
slv-403-1968,t670:2 t670:4 t486:5
slv-403-2044,t670:2 t670:4 t486:5
slv-403-2625,t523:3 t182:4 t764:6 t860:7
slv-403-4384,t860:0 t903:1 t860:2 t523:3 t581:4
slv-403-5238,t391:0 t545:1
slv-403-5618,t448:1 t240:2 t523:3 t523:4 t468:4 t764:6
slv-403-6390,t885:1 t860:2 t903:3 t860:5
slv-403-6469,t676:1 t523:3 t569:4 t523:5 t523:6 t468:7
slv-403-7285,t920:1 t240:2 t278:2 t523:3 t523:3 t468:4 t764:5 t860:6
slv-403-7516,t167:1 t391:2 t545:3 t523:3 t240:4 t523:4 t523:5 t468:5
slv-403-7579,t391:0 t904:0 t860:0 t545:2
slv-403-8964,t391:1 t545:1 t670:2 t545:3 t240:3 t926:4 t468:5 t764:6
slv-403-9185,t670:2 t670:4 t486:5
slv-403-9254,t920:1 t240:2 t278:2 t523:3 t523:3 t468:4 t764:5 t860:6
slv-404-0232,t903:1 t860:2 t670:3 t601:3 t601:4 t670:5 t545:5 t843:5 t843:5 t670:6 t843:6
slv-404-0335,t670:2 t670:4 t486:5
slv-404-0845,t605:1 t240:3 t523:4 t523:5 t468:5 t860:6
slv-404-1350,t391:0 t448:1 t460:2 t240:4 t523:5 t523:5 t468:6
slv-404-2467,t460:1 t240:1 t926:2 t569:3 t523:3 t523:4 t569:4
slv-404-2699,t411:1 t411:2 t411:3 t411:5 t411:5 t411:6
slv-404-3591,t240:1 t523:1 t523:2 t569:3 t523:4 t468:5
slv-404-4405,t601:1 t601:2 t601:4
slv-404-4500,t670:2 t670:4 t486:5
slv-404-4904,t814:1 t290:3 t290:4 t814:4 t814:6
slv-404-5303,t736:0 t693:1 t636:1 t240:2 t523:3 t523:4 t182:5
slv-404-6776,t448:1 t240:2 t523:3 t523:4 t182:4 t764:5 t885:6
slv-404-6936,t764:2 t670:5 t670:6 t486:6 t670:7
slv-404-7154,t545:0 t391:1 t545:1 t240:2 t926:3 t926:3 t523:3 t523:4 t468:5
slv-404-7425,t391:0 t736:1 t112:2 t545:3 t240:3 t523:4 t523:4 t581:5 t523:6 t468:6 t764:7
slv-404-8295,t693:1 t636:2 t693:3 t670:3 t843:4 t843:4 t601:5 t601:5
slv-404-9302,t460:1 t240:2 t523:3 t569:4 t523:5 t523:5 t468:6
slv-404-9304,t670:2 t670:4 t486:5
slv-404-9436,t460:1 t240:2 t523:3 t523:3 t569:4 t523:4 t523:5 t468:6
slv-404-9778,t670:2 t670:4 t486:5
slv-405-0192,t736:0 t693:1 t636:1 t240:2 t523:3 t523:4 t182:5
slv-405-2112,t523:3 t182:4
slv-405-2127,t391:0 t905:0
slv-405-2316,t788:1 t523:2 t523:3 t581:4
slv-405-3014,t670:2 t486:4 t486:5 t670:5 t670:6
slv-405-3468,t670:2 t486:4 t486:5 t670:5 t670:6
slv-405-3489,t536:1 t240:1 t926:2 t240:3 t468:4 t240:6 t569:7
slv-405-3610,t636:3 t670:5 t670:5 t523:6 t523:6 t182:7
slv-405-5443,t448:0 t240:2 t523:4 t523:5 t468:6 t764:7 t860:7
slv-405-5750,t670:2 t670:4 t636:5 t460:5 t240:6 t523:7 t523:7
slv-405-6316,t670:2 t486:4 t670:5 t670:6
slv-405-6481,t448:0 t240:1 t523:2 t523:3 t468:3 t996:4 t569:5
slv-405-6536,t903:1 t860:2 t670:3 t601:3 t601:4 t670:5 t545:5 t843:5 t843:5 t670:6 t843:6
slv-405-6655,t523:0 t182:2 t885:3 t860:4
slv-405-6803,t391:0 t545:2
slv-405-7147,t309:0 t904:0 t545:0 t885:2 t860:3 t545:4
slv-405-7182,t448:0 t240:1 t523:2 t523:3 t468:3 t926:4 t468:5
slv-405-7275,t670:3 t670:5 t486:6
slv-405-8622,t391:0 t736:1 t112:2 t545:3 t240:3 t523:4 t523:4 t581:5 t523:6 t468:6 t764:7
slv-405-9427,t670:2 t670:4 t486:5
slv-405-9657,t448:1 t240:2 t523:3 t523:4 t182:4 t764:5 t885:6
slv-406-2601,t920:3 t920:4 t920:5
slv-406-4677,t926:0 t926:2 t523:3 t468:4
slv-406-4958,t764:2 t670:5 t670:6 t486:6 t670:7
slv-406-6360,t240:0 t926:2 t523:3 t523:4 t581:5
slv-406-7032,t670:2 t670:4 t486:5
slv-406-7505,t693:1 t636:2 t693:3 t670:3 t843:4 t843:4 t601:5 t601:5
slv-406-7828,t920:1 t240:2 t523:3 t523:4 t468:5 t860:6
slv-406-7871,t636:0 t736:1 t523:3 t240:4 t523:5 t523:5 t182:6 t764:7
slv-406-7962,t240:1 t468:3 t240:4 t926:5 t523:5 t523:6 t468:7
slv-406-8871,t670:2 t670:4 t486:5
slv-406-9638,t670:2 t670:4 t636:5 t460:5 t240:6 t523:7 t523:7
slv-407-0403,t670:2 t670:4 t486:5
slv-407-0696,t167:1 t391:2 t545:3 t523:3 t240:4 t523:4 t523:5 t468:5
slv-407-0756,t670:2 t670:4 t486:5
slv-407-0937,t523:3 t182:3
slv-407-1438,t496:0 t391:0 t904:0 t545:2
slv-407-1870,t860:0 t670:5 t670:7
slv-407-3207,t670:2 t670:4 t486:5
slv-407-3309,t670:2 t670:4 t486:5
slv-407-3439,t670:2 t670:4 t486:5
slv-407-3738,t670:2 t670:4 t486:5
slv-407-4055,t814:1 t290:3 t290:4 t814:4 t814:6
slv-407-4118,t920:1 t240:2 t278:2 t523:3 t523:3 t468:4 t764:5 t860:6
slv-407-4190,t764:5 t670:6 t670:7 t486:7 t670:7
slv-407-4357,t670:2 t670:4 t486:5
slv-407-4640,t926:1 t523:3 t523:3 t468:3
slv-407-6300,t670:2 t670:4 t486:5
slv-407-7380,t670:2 t670:4 t486:5
slv-407-7581,t926:0 t926:2 t523:3 t468:3
slv-407-8009,t926:0 t926:1 t523:2 t523:3 t926:3
slv-407-8915,t601:1 t601:2 t601:4
slv-407-9436,t926:1 t468:3
slv-407-9539,t670:2 t670:4 t486:5
slv-408-0783,t460:1 t240:2 t523:3 t569:4 t523:5 t523:5 t468:6
slv-408-1436,t601:1 t601:2 t601:4
slv-408-1854,t788:0 t523:1 t523:2 t182:3
slv-408-2078,t670:2 t670:4 t486:5
slv-408-2090,t496:0 t391:0 t904:0 t545:2
slv-408-2155,t523:0 t182:2 t885:3 t860:4
slv-408-2459,t670:2 t670:4 t486:5
slv-408-4073,t693:2 t636:4 t885:5 t860:6
slv-408-4873,t670:2 t670:4 t486:5
slv-408-5464,t448:0 t240:1 t523:2 t523:3 t468:3 t926:4 t468:5
slv-408-5597,t670:2 t670:4 t486:5
slv-408-6315,t460:1 t240:2 t523:3 t569:4 t523:5 t523:5 t468:6
slv-408-7064,t636:3 t670:5 t670:5 t523:6 t523:6 t182:7
slv-408-8264,t391:0 t736:1 t112:2 t545:3 t240:3 t523:4 t523:4 t581:5 t523:6 t468:6 t764:7
slv-408-8802,t391:0 t905:0 t860:0 t545:2
slv-408-8889,t670:2 t486:4 t670:5 t670:6
slv-409-0585,t670:2 t670:4 t486:5
slv-409-0661,t670:0 t670:3 t486:5
slv-409-0844,t670:2 t670:4 t486:5
slv-409-1048,t448:0 t240:1 t926:2 t523:3 t523:3 t569:5
slv-409-1378,t670:2 t670:4 t486:5
slv-409-2078,t523:1 t523:3 t468:3 t764:6
slv-409-2769,t448:2 t523:3 t523:4 t182:5 t523:5 t581:6
slv-409-2868,t996:1 t569:1 t240:2 t926:2 t523:3 t523:4 t569:4 t996:5
slv-409-3719,t736:0 t693:1 t636:1 t240:2 t523:3 t523:4 t182:5
slv-409-4020,t670:2 t670:4 t486:5
slv-409-5205,t448:1 t240:3 t523:5 t468:6 t670:6 t670:7 t860:7 t220:7
slv-409-6058,t523:0 t926:1 t926:2 t523:3 t468:4
slv-409-6580,t670:2 t670:4 t486:5
slv-409-6927,t670:2 t670:4 t486:5
slv-409-7315,t903:5 t860:6 t764:6 t486:7 t486:7 t670:7 t486:7
slv-409-8940,t240:1 t278:2 t523:3 t523:3 t468:4 t764:5 t885:5 t860:6
slv-409-9209,t448:1 t240:2 t523:3 t523:4 t182:4 t764:5 t885:6
slv-410-0377,t460:1 t240:2 t523:3 t523:3 t569:4 t523:4 t468:5
slv-410-0690,t736:0 t693:1 t682:2 t523:3 t523:4 t182:4
slv-410-4376,t523:0 t182:2 t670:4 t670:6
slv-410-4772,t240:0 t926:1 t523:2 t523:3 t581:3 t569:4 t523:4 t569:5
slv-410-4979,t670:2 t670:4 t486:5
slv-410-5163,t670:2 t486:4 t486:5 t670:5 t670:6
slv-410-5469,t670:2 t670:4 t486:5
slv-410-6653,t523:3 t182:4 t764:6 t860:7
slv-410-6833,t860:0 t903:1 t860:1 t545:3
slv-410-8099,t905:0 t545:0 t860:1 t545:2
slv-410-8155,t448:1 t240:2 t523:3 t569:4 t523:4 t523:5 t468:6 t860:7
slv-410-8908,t670:2 t670:4 t486:5
slv-410-9212,t391:0 t860:0 t545:2
slv-410-9289,t636:0 t167:0 t496:1 t391:2 t545:3 t240:3 t523:4 t523:4 t468:5
slv-410-9322,t670:2 t670:4 t486:5
slv-410-9949,t240:1 t926:2 t523:3 t523:3 t569:4
slv-411-0860,t460:1 t240:2 t523:2 t569:3 t523:3 t523:4 t468:5 t569:6
slv-411-4451,t448:1 t240:2 t523:3 t523:4 t182:4 t764:5 t885:6
slv-411-5174,t670:2 t670:4 t486:5
slv-411-6746,t448:0 t545:1 t523:3 t523:4 t182:5
slv-411-8047,t672:1 t523:2 t523:3 t581:4
slv-411-8196,t739:0 t545:1 t391:1 t545:2 t860:2 t545:3
slv-411-8932,t903:5 t860:6 t764:6 t486:7 t486:7 t670:7 t486:7
slv-412-0811,t448:0 t545:1 t448:2 t240:3 t926:3 t468:4 t764:6
slv-412-1502,t240:1 t523:3 t523:3 t581:5
slv-412-1611,t670:2 t670:4 t486:5
slv-412-2074,t788:1 t523:2 t523:3 t581:4
slv-412-2562,t278:0 t523:0 t926:2 t926:2 t523:3 t468:4
slv-412-2694,t601:1 t601:2 t601:4
slv-412-3191,t736:0 t693:1 t682:2 t523:3 t523:4 t182:4
slv-412-3310,t860:0 t545:2
slv-412-3934,t693:4 t670:5 t670:6 t523:6 t182:7 t885:7 t860:7
slv-412-5118,t523:1 t523:3 t581:4
slv-412-5407,t920:1 t240:2 t278:2 t523:3 t523:3 t468:4 t764:5 t860:6
slv-412-5684,t605:1 t240:3 t523:4 t523:5 t468:5 t860:6
slv-412-5839,t391:0 t736:1 t112:3 t523:4 t523:5 t182:6 t764:6 t764:7 t903:7 t860:7
slv-412-5891,t523:1 t523:3 t182:3
slv-412-6549,t391:0 t545:2 t670:4 t670:5 t486:6 t486:6 t670:7
slv-412-7768,t523:1 t523:3 t182:3
slv-412-7791,t601:1 t601:3 t601:4
slv-412-8054,t448:1 t240:3 t523:5 t468:6 t670:6 t670:7 t860:7 t220:7
slv-412-8307,t460:1 t240:2 t523:3 t569:4 t523:5 t523:5 t468:6
slv-412-8538,t670:2 t670:4 t486:5
slv-412-9018,t860:0 t670:5 t670:7
slv-412-9211,t903:0 t860:2 t670:3 t601:4 t601:5 t670:5 t843:6
slv-412-9524,t460:1 t240:2 t926:3 t468:4
slv-413-0662,t670:2 t670:4 t486:5
slv-413-2141,t545:0 t391:1 t545:2 t904:3 t545:4
slv-413-2396,t616:1 t523:2 t523:3 t569:4
slv-413-3296,t764:2 t670:5 t670:6 t486:6 t670:7
slv-413-3373,t670:3 t670:5 t486:6
slv-413-3561,t523:3 t182:4
slv-413-3915,t605:1 t240:3 t523:4 t523:5 t468:5 t860:6
slv-413-4087,t903:1 t860:2 t670:3 t601:3 t601:4 t670:5 t545:5 t843:5 t843:5 t670:6 t843:6
slv-413-4102,t920:1 t240:2 t278:2 t523:3 t523:3 t468:4 t764:5 t860:6
slv-413-4328,t523:1 t523:3 t468:4 t860:5 t523:6 t764:6 t860:7 t670:7
slv-413-5026,t523:1 t523:3 t182:3
slv-413-5914,t670:2 t670:4 t486:5
slv-413-6082,t545:1 t240:1 t926:2 t926:3 t468:3 t764:4 t885:5 t860:6
slv-413-6278,t670:2 t670:4 t486:5
slv-413-6321,t764:5 t670:6 t670:7 t486:7 t670:7
slv-413-7241,t670:2 t670:4 t486:5
slv-413-7464,t670:2 t486:4 t486:5 t670:5 t670:6
slv-413-8443,t555:4 t486:6
slv-413-9301,t788:1 t523:3 t523:3 t182:4
slv-414-0276,t670:2 t670:4 t486:5
slv-414-0321,t391:0 t904:0 t860:0 t545:2
slv-414-1030,t788:1 t523:3 t523:3 t182:4
slv-414-1107,t391:1 t545:1 t739:3 t545:4
slv-414-1396,t523:3 t182:4 t764:6 t860:7
slv-414-1542,t240:1 t926:2 t523:3 t523:3 t182:4
slv-414-1715,t448:0 t240:0 t448:3 t468:4 t860:6
slv-414-2647,t631:3 t631:5 t631:6
slv-414-3202,t601:1 t601:2 t601:4
slv-414-4151,t523:3 t182:4
slv-414-5217,t670:2 t670:4 t486:5
slv-414-5434,t545:0 t860:1 t545:2 t391:3 t545:4
slv-414-5563,t523:2 t523:3 t182:4
slv-414-6837,t670:2 t670:4 t486:5
slv-414-7118,t670:2 t670:4 t486:5
slv-414-7359,t536:1 t240:1 t926:2 t468:3
slv-414-7638,t670:2 t670:4 t486:5
slv-414-7734,t920:3 t920:4 t920:5
slv-414-8567,t391:0 t904:0 t545:2
slv-414-8844,t670:2 t670:4 t486:5
slv-414-9437,t670:2 t486:4 t486:5 t670:5 t670:6
slv-414-9692,t391:1 t545:1 t670:2 t545:3 t240:3 t926:4 t468:5 t764:6
slv-415-1174,t788:1 t523:2 t523:3 t581:4
slv-415-2121,t631:3 t631:5 t631:6
slv-415-2259,t240:1 t523:1 t523:2 t569:3 t523:4 t468:5
slv-415-2288,t240:1 t926:2 t468:3 t240:4 t468:4 t523:5 t523:5 t182:6
slv-415-3064,t682:0 t240:2 t523:3 t523:3 t182:3 t885:3 t523:4 t468:4 t885:5
slv-415-4094,t545:1 t670:2 t523:3 t523:4 t581:5 t764:5 t885:6
slv-415-4190,t240:1 t926:2 t468:3
slv-415-5382,t920:1 t240:2 t523:3 t523:4 t468:5 t860:6
slv-415-5816,t670:2 t670:4 t486:5
slv-415-6881,t460:1 t240:2 t926:3 t468:4
slv-415-7311,t523:3 t182:3
slv-415-8745,t904:0 t545:1 t240:2 t523:3 t523:4 t468:5 t764:6 t764:6 t860:7
slv-415-9627,t736:0 t693:1 t523:2 t523:3 t182:4
slv-416-2638,t391:0 t545:1 t240:2 t523:3 t523:4
slv-416-2702,t377:1 t377:3
slv-416-2735,t631:3 t631:5 t631:6
slv-416-2810,t670:2 t670:4 t486:5
slv-416-2843,t636:4 t670:5 t670:6 t486:7
slv-416-3662,t739:1 t545:2 t391:3 t545:4
slv-416-3862,t605:1 t240:1 t523:2 t523:3 t468:3 t278:3 t278:4 t926:4 t468:5
slv-416-4096,t670:2 t486:4 t486:5 t670:5 t670:6
slv-416-4234,t670:2 t670:4 t486:5
slv-416-4571,t904:0 t545:1 t240:2 t523:3 t523:4 t468:5 t764:6 t764:6 t860:7
slv-416-6891,t536:1 t240:1 t926:2 t468:3
slv-416-7093,t523:3 t182:4 t764:6 t860:7
slv-416-7668,t920:1 t240:2 t523:3 t523:4 t468:5 t860:6
slv-416-7858,t167:1 t391:2 t545:3 t523:3 t240:4 t523:4 t523:5 t468:5
slv-416-8502,t788:1 t523:2 t523:3 t581:4
slv-416-9719,t601:1 t601:2 t601:4
slv-416-9832,t670:2 t670:4 t486:5
slv-417-0277,t486:2 t486:4 t469:5 t636:5 t730:5 t523:6 t182:7
slv-417-1470,t670:3 t670:5 t486:6
slv-417-2086,t670:2 t670:4 t486:5
slv-417-2567,t920:3 t920:4 t920:5
slv-417-2680,t631:3 t631:4 t631:5 t631:6
slv-417-3507,t764:2 t670:5 t670:6 t486:6 t670:7
slv-417-3536,t682:0 t240:2 t523:3 t523:3 t182:3 t885:3 t523:4 t468:4 t885:5
slv-417-4676,t755:1 t755:2 t755:3
slv-417-5295,t670:2 t670:4 t486:5
slv-417-5305,t860:0 t545:1 t391:2 t545:4
slv-417-5695,t670:2 t670:4 t486:5
slv-417-7104,t670:2 t670:4 t486:5
slv-417-8046,t545:1 t240:2 t926:4 t926:4 t468:4 t670:4 t523:4 t523:6 t468:6 t764:6
slv-417-8720,t448:0 t736:0 t112:1 t545:2 t523:3 t523:4 t468:4 t764:5 t885:6
slv-417-8863,t670:2 t670:4 t486:5
slv-417-9102,t240:1 t468:3 t240:4 t926:5 t523:5 t523:6 t468:7
slv-418-0461,t631:3 t631:4 t631:5 t631:6
slv-418-1195,t391:0 t905:0 t391:0 t904:0 t860:1
slv-418-1716,t739:1 t545:2 t391:3 t545:4
slv-418-1727,t926:1 t468:3
slv-418-2568,t670:2 t670:4 t486:5
slv-418-2853,t391:0 t904:0 t545:2
slv-418-3067,t670:2 t670:4 t486:5
slv-418-3441,t460:1 t240:2 t926:3 t468:4
slv-418-3782,t391:0 t736:1 t112:2 t545:3 t240:3 t523:4 t523:4 t581:5 t523:6 t468:6 t764:7
slv-418-3895,t920:1 t240:2 t278:2 t523:3 t523:3 t468:4 t764:5 t860:6
slv-418-4111,t693:4 t670:5 t670:6 t523:6 t182:7 t885:7 t860:7
slv-418-5500,t788:0 t523:2 t523:3 t581:4
slv-418-5704,t670:2 t670:4 t486:5
slv-418-6314,t167:1 t391:1 t496:2 t391:3 t545:3 t523:4 t523:4 t182:5
slv-418-6330,t920:1 t240:2 t523:3 t523:4 t468:5 t860:6
slv-418-6388,t670:1 t601:3 t601:3 t670:4 t843:5 t843:5
slv-418-7048,t670:5 t670:6 t486:7 t670:7
slv-418-7480,t240:2 t926:4 t523:5 t182:6 t523:6 t468:7 t670:7 t670:7
slv-418-7696,t785:0 t814:2 t814:3 t785:4 t785:5
slv-418-7995,t636:0 t904:3 t885:4 t860:5
slv-418-8198,t448:1 t240:2 t523:3 t523:4 t182:4 t764:5 t885:6
slv-418-8865,t670:2 t670:4 t486:5
slv-418-9047,t814:1 t814:4 t631:5 t631:6 t631:6
slv-418-9643,t905:0 t545:1
slv-419-1935,t952:0 t860:0 t225:0
slv-419-2167,t920:1 t240:2 t523:3 t523:4 t468:5 t860:6
slv-419-2965,t391:1 t545:1 t391:2 t860:3 t545:3 t240:3 t523:4 t468:5
slv-419-2991,t391:0 t904:2 t885:2 t860:3 t391:4 t545:5
slv-419-3095,t290:1 t785:3 t785:3 t814:4 t814:5
slv-419-3531,t309:2 t460:3 t240:3 t523:4 t569:4 t523:5 t523:5 t468:6
slv-419-3665,t631:3 t631:5 t631:6
slv-419-4106,t670:2 t670:4 t486:5
slv-419-4484,t240:1 t926:3 t926:4 t523:5 t523:5 t182:6 t240:6 t468:7
slv-419-4816,t391:0 t736:1 t112:2 t545:3 t240:3 t523:4 t523:4 t581:5 t523:6 t468:6 t764:7
slv-419-5626,t391:0 t904:0 t860:0 t545:3
slv-419-6894,t448:1 t240:2 t523:3 t523:4 t182:4 t764:5 t885:6
slv-419-7791,t391:0 t904:0 t860:0 t545:3
slv-419-8189,t523:1 t523:3 t581:3
slv-419-8681,t523:1 t182:3 t885:4 t860:5
slv-419-9390,t788:1 t523:2 t523:3 t581:4
slv-419-9763,t523:4 t182:6 t670:6 t670:7 t885:7 t860:7
slv-419-9847,t739:0 t545:1 t391:1 t545:2 t860:2 t545:3
slv-420-0476,t788:0 t523:2 t523:3 t581:4
slv-420-0484,t391:0 t905:0 t860:0 t545:2
slv-420-0522,t920:1 t240:2 t523:3 t523:4 t468:5 t860:6
slv-420-1062,t670:2 t670:4 t486:5
slv-420-1670,t860:0 t545:2
slv-420-1713,t601:1 t601:2 t601:4
slv-420-2204,t670:2 t670:4 t486:5
slv-420-2515,t905:0 t545:1
slv-420-3040,t670:2 t670:4 t486:5
slv-420-3681,t670:2 t670:4 t486:5
slv-420-3954,t920:1 t240:2 t278:2 t523:3 t523:3 t468:4 t764:5 t860:6
slv-420-4328,t670:2 t670:4 t486:5
slv-420-4921,t601:1 t601:2 t601:3
slv-420-6211,t670:0 t670:3 t486:5
slv-420-7251,t448:1 t240:2 t523:3 t523:4 t182:4 t764:5 t885:6
slv-420-7923,t670:2 t670:4 t486:5
slv-420-9557,t764:2 t670:5 t670:6 t486:6 t670:7
slv-420-9960,t693:1 t636:2 t693:3 t670:3 t843:4 t843:4 t601:5 t601:5
slv-421-0029,t904:0 t860:0 t391:0 t545:2
slv-421-0464,t448:0 t240:0 t448:3 t468:4 t860:6
slv-421-0708,t926:1 t468:3
slv-421-1325,t670:2 t670:4 t486:5
slv-421-2162,t448:1 t240:2 t523:3 t523:4 t182:4 t764:5 t885:6
slv-421-3188,t670:2 t486:4 t486:5 t670:5 t670:6
slv-421-3742,t523:0 t523:2 t468:3
slv-421-4131,t670:2 t670:4 t486:5
slv-421-4366,t920:1 t240:2 t278:2 t523:3 t523:3 t468:4 t764:5 t860:6
slv-421-5985,t670:2 t670:4 t486:5
slv-421-6328,t670:2 t486:4 t486:5 t670:5 t670:6
slv-421-6574,t545:1 t391:2 t545:3 t739:4 t545:4
slv-421-8535,t670:2 t670:4 t486:5
slv-421-9176,t920:1 t240:2 t523:3 t523:4 t468:5 t860:6
slv-421-9778,t670:2 t670:4 t486:5
slv-421-9872,t670:2 t670:4 t486:5
slv-422-1066,t670:2 t670:4 t486:5
slv-422-1185,t764:2 t670:5 t670:6 t486:6 t670:7
slv-422-1292,t670:2 t670:4 t486:5
slv-422-2011,t920:1 t240:2 t278:2 t523:3 t523:3 t468:4 t764:5 t860:6
slv-422-2415,t653:1 t885:3 t860:4 t903:5 t860:6
slv-422-3435,t788:1 t523:2 t523:3 t581:4
slv-422-6566,t920:1 t240:2 t278:2 t523:3 t523:3 t468:4 t764:5 t860:6
slv-422-7361,t523:1 t182:3 t885:4 t860:4
slv-422-7568,t391:0 t545:2
slv-422-8764,t523:1 t523:3 t182:3
slv-422-9016,t920:1 t240:2 t523:3 t523:4 t468:5 t860:6
slv-422-9887,t903:0 t860:1 t885:1 t860:3 t903:4
slv-423-0178,t448:0 t240:1 t926:2 t926:3 t468:3 t764:4 t885:5 t860:6
slv-423-0431,t670:2 t670:4 t486:5
slv-423-1474,t670:0 t670:3 t486:5
slv-423-2486,t920:1 t240:2 t523:3 t523:4 t468:5 t860:6
slv-423-3469,t486:2 t486:4 t469:5 t636:5 t730:5 t523:6 t182:7
slv-423-3709,t631:3 t631:4 t631:5 t631:6
slv-423-3927,t670:2 t486:4 t486:5 t670:5 t670:6
slv-423-4111,t112:2 t523:2 t182:2 t730:3 t240:3 t926:4 t926:4 t468:6
slv-423-4832,t926:1 t468:3
slv-423-5276,t860:0 t545:1 t391:2 t545:3
slv-423-6263,t240:1 t523:2
slv-423-6527,t240:1 t926:3 t926:4 t523:5 t523:5 t182:6 t240:6 t468:7
slv-423-7432,t670:2 t670:4 t486:5
slv-423-7503,t670:2 t670:4 t486:5
slv-423-8037,t391:0 t545:1 t240:1 t523:2
slv-423-8353,t788:0 t523:2 t523:3 t581:4
slv-423-8893,t167:1 t391:2 t904:2 t545:3
slv-423-9474,t814:1 t290:3 t290:4 t814:4 t814:6
slv-423-9745,t670:0 t670:3 t486:5
slv-424-0431,t670:2 t486:4 t486:5 t670:5 t670:6
slv-424-0675,t788:1 t523:2 t523:3 t581:4
slv-424-0711,t926:1 t468:3
slv-424-1591,t920:1 t240:2 t523:3 t523:4 t468:5 t860:6
slv-424-3690,t670:2 t486:4 t486:5 t670:5 t670:6
slv-424-4034,t240:1 t926:1 t468:2 t240:3 t278:3 t523:3 t523:4 t468:5
slv-424-4057,t391:0 t736:1 t112:2 t545:3 t240:3 t523:4 t523:4 t581:5 t523:6 t468:6 t764:7
slv-424-4560,t670:2 t670:4 t486:5
slv-424-4718,t523:1 t926:1 t523:2 t523:3 t468:4
slv-424-4883,t739:1 t545:2 t391:3 t545:4
slv-424-5034,t605:1 t240:3 t523:4 t523:5 t468:5 t860:6
slv-424-5095,t670:2 t670:4 t486:5
slv-424-5667,t670:2 t670:4 t486:5
slv-424-5668,t788:1 t523:2 t523:3 t581:4
slv-424-5911,t523:0 t182:2 t885:3 t860:4
slv-424-6207,t670:2 t670:4 t486:5
slv-424-7502,t636:0 t391:0 t545:1 t670:2 t670:3 t486:3 t240:3 t523:3 t523:3 t182:5
slv-424-7899,t920:1 t240:2 t278:2 t523:3 t523:3 t468:4 t764:5 t860:6
slv-424-8213,t670:2 t670:4 t486:5
slv-424-8547,t926:1 t468:3
slv-425-0978,t523:1 t523:3 t182:3
slv-425-1051,t391:0 t545:1
slv-425-1099,t991:3 t631:5 t631:6 t631:7
slv-425-2366,t605:1 t240:2 t523:3 t523:3 t468:4 t764:5 t860:6
slv-425-3142,t448:1 t240:3 t523:5 t468:6 t670:6 t670:7 t860:7 t220:7
slv-425-3368,t670:2 t670:4 t486:5
slv-425-3403,t601:1 t601:2 t601:3
slv-425-3627,t670:2 t670:4 t486:5
slv-425-4361,t670:2 t670:4 t486:5
slv-425-4804,t448:0 t240:1 t926:2 t523:3 t523:3 t569:5
slv-425-5749,t523:2 t523:3 t182:4
slv-425-6734,t460:1 t240:2 t523:3 t523:4 t569:4 t523:5 t468:5
slv-425-7043,t676:1 t523:3 t569:4 t523:5 t523:6 t468:7
slv-425-7811,t788:0 t523:2 t523:3 t581:4
slv-425-7912,t670:2 t670:4 t486:5
slv-425-8720,t905:0 t545:1
slv-426-0145,t764:5 t670:6 t670:7 t486:7 t670:7
slv-426-0212,t670:2 t670:4 t486:5
slv-426-0479,t670:2 t670:4 t486:5
slv-426-1227,t670:2 t670:4 t486:5
slv-426-3399,t885:0 t904:2 t885:3 t860:4
slv-426-3634,t670:2 t670:4 t486:5
slv-426-3959,t926:1 t468:3
slv-426-5369,t693:2 t636:4 t885:5 t860:6
slv-426-5419,t670:1 t601:3 t601:3 t670:4 t843:5 t843:5
slv-426-5567,t460:1 t240:2 t523:3 t523:3 t569:4 t523:4 t468:5
slv-426-5674,t448:1 t240:2 t523:3 t523:4 t182:4 t764:5 t885:6
slv-426-6210,t670:2 t670:4 t486:5
slv-426-6877,t523:2 t523:3 t182:4
slv-426-7130,t670:2 t486:4 t486:5 t670:5 t670:6
slv-426-7244,t788:1 t523:3 t523:3 t182:4
slv-426-7344,t460:1 t240:2 t523:3 t569:4 t523:5 t523:5 t468:6
slv-426-7638,t167:1 t391:2 t545:3 t523:3 t240:4 t523:4 t523:5 t468:5
slv-426-8455,t670:2 t670:4 t486:5
slv-426-9475,t670:2 t670:4 t486:5
slv-427-0556,t920:1 t240:2 t523:3 t523:4 t468:5 t860:6
slv-427-0572,t670:2 t670:4 t486:5
slv-427-0635,t653:0 t903:2 t860:4 t391:4 t545:5 t670:6 t670:6
slv-427-1049,t670:2 t670:4 t486:5
slv-427-1569,t860:0 t545:2
slv-427-2677,t460:0 t240:1 t926:2 t240:2 t523:3
slv-427-2977,t920:1 t240:2 t523:3 t523:3 t569:4 t523:4 t468:5
slv-427-4127,t670:2 t670:4 t486:5
slv-427-4808,t670:2 t670:4 t486:5
slv-427-5081,t670:2 t670:4 t486:5
slv-427-7551,t496:0 t391:0 t905:0
slv-427-7812,t240:1 t926:2 t240:3 t468:6
slv-427-8104,t670:2 t670:4 t486:5
slv-427-8947,t926:1 t468:3
slv-427-9754,t545:0 t391:1 t545:1 t240:2 t926:3 t926:3 t523:3 t523:4 t468:5
slv-428-1314,t240:1 t926:1 t468:2 t240:3 t278:3 t523:3 t523:4 t468:5
slv-428-1837,t670:2 t486:4 t486:5 t670:5 t670:6
slv-428-1873,t670:2 t670:4 t486:5
slv-428-4110,t670:2 t670:4 t486:5
slv-428-4597,t920:1 t240:2 t523:3 t523:4 t468:5 t860:6
slv-428-7253,t670:2 t670:4 t486:5
slv-428-7430,t391:0 t736:1 t112:2 t545:3 t240:3 t523:4 t523:4 t581:5 t523:6 t468:6 t764:7
slv-428-7715,t670:2 t670:4 t486:5
slv-428-7734,t670:1 t843:3 t843:4 t523:4 t182:7
slv-428-7735,t920:1 t240:2 t278:2 t523:3 t523:3 t468:4 t764:5 t860:6
slv-428-8661,t670:0 t670:2 t486:3 t523:4 t523:6 t182:6
slv-428-8841,t739:1 t545:2 t391:3 t545:4
slv-428-8884,t670:2 t670:4 t486:5
slv-428-9380,t601:1 t601:2 t601:4
slv-428-9561,t670:2 t670:4 t486:5
slv-429-0479,t920:1 t240:2 t278:2 t523:3 t523:3 t468:4 t764:5 t860:6
slv-429-0715,t536:1 t240:2 t926:3 t468:4 t569:7
slv-429-1687,t240:2 t926:4 t523:5 t182:6 t523:6 t468:7 t670:7 t670:7
slv-429-1990,t670:2 t670:4 t486:5
slv-429-2084,t448:1 t240:3 t523:5 t468:6 t670:6 t670:7 t860:7 t220:7
slv-429-2595,t523:0 t569:1 t523:1 t523:2 t468:3
slv-429-2608,t391:0 t860:0 t391:0 t545:1 t240:2 t523:3 t523:4
slv-429-2960,t670:2 t486:4 t486:5 t670:5 t670:6
slv-429-2980,t523:4 t182:6 t670:6 t670:7 t885:7 t860:7
slv-429-3480,t903:1 t860:2 t670:3 t601:3 t601:4 t670:5 t545:5 t843:5 t843:5 t670:6 t843:6
slv-429-3609,t670:2 t670:4 t486:5
slv-429-3884,t670:2 t670:4 t486:5
slv-429-3919,t920:1 t240:2 t523:3 t569:5 t523:6 t468:7 t670:7
slv-429-3927,t670:2 t670:4 t486:5
slv-429-4884,t605:1 t240:3 t523:4 t523:5 t468:5 t860:6
slv-429-6126,t670:2 t670:4 t486:5
slv-429-7686,t693:1 t670:3 t670:4 t693:4 t636:5 t885:6 t860:6
slv-429-8390,t391:0 t545:1 t240:2 t523:3 t523:3 t182:4
slv-429-8406,t448:0 t240:2 t523:4 t523:5 t468:6 t764:7 t860:7
slv-429-9787,t396:0 t240:1 t523:2 t523:3 t182:3 t240:3 t926:4 t468:5
slv-429-9803,t860:0 t545:2
slv-429-9852,t926:0 t926:1 t523:2 t523:3 t926:3
slv-430-0102,t788:1 t523:2 t523:3 t581:4
slv-430-0667,t486:2 t486:4 t469:5 t636:5 t730:5 t523:6 t182:7
slv-430-0845,t448:0 t240:0 t468:1 t523:3 t523:4 t468:4 t670:5 t670:5 t764:6 t903:6 t860:7
slv-430-1613,t670:2 t670:4 t486:5
slv-430-2285,t601:1 t601:2 t601:3
slv-430-2626,t601:1 t601:2 t601:4
slv-430-3458,t601:1 t601:2 t601:4
slv-430-5045,t670:2 t670:4 t486:5
slv-430-6318,t601:1 t601:3 t601:4
slv-430-7153,t240:0 t926:1 t926:3 t468:4
slv-430-7894,t670:2 t670:4 t486:5
slv-430-8007,t396:0 t240:1 t926:2 t523:3 t523:3 t926:4 t468:5
slv-430-8481,t670:2 t670:4 t486:5
slv-430-8604,t523:4 t182:6 t670:6 t670:7 t885:7 t860:7
slv-430-9241,t167:1 t391:2 t545:3 t523:3 t240:4 t523:4 t523:5 t468:5
slv-430-9769,t555:2 t486:4 t486:5
slv-431-0784,t523:1 t523:3 t182:3
slv-431-1402,t736:0 t693:1 t636:1 t240:2 t523:3 t523:4 t182:5
slv-431-2769,t670:2 t670:4 t486:5
slv-431-3073,t670:2 t486:4 t486:5 t670:5 t670:6
slv-431-3548,t670:2 t670:4 t486:5
slv-431-4041,t523:0 t523:0 t926:2 t926:2 t523:3 t468:3
slv-431-5677,t860:0 t670:5 t670:7
slv-431-5781,t670:2 t670:4 t486:5
slv-431-6326,t391:0 t760:0 t391:0 t545:1 t670:3
slv-431-6463,t523:1 t523:3 t182:3
slv-431-7473,t920:1 t240:2 t278:2 t523:3 t523:3 t468:4 t764:5 t860:6
slv-431-7824,t920:1 t240:2 t523:3 t523:4 t468:5 t860:6
slv-432-0243,t670:2 t486:4 t486:5 t670:5 t670:6
slv-432-0251,t670:2 t486:4 t486:5 t670:5 t670:6
slv-432-1005,t448:0 t240:1 t926:2 t926:3 t468:3 t764:4 t885:5 t860:6
slv-432-1411,t670:2 t670:4 t486:5
slv-432-1902,t920:1 t240:1 t278:2 t523:3 t468:3 t278:3 t278:4 t926:5 t468:6
slv-432-2473,t670:2 t670:4 t486:5
slv-432-2753,t448:0 t636:2 t523:3 t523:5 t182:6
slv-432-2773,t885:0 t860:1 t903:3 t860:4
slv-432-2871,t670:2 t670:4 t486:5
slv-432-3704,t670:2 t670:4 t486:5
slv-432-4204,t829:0 t545:1
slv-432-4278,t448:0 t240:2 t523:4 t523:5 t468:6 t764:7 t860:7
slv-432-4372,t670:2 t486:4 t486:5 t670:5 t670:6
slv-432-5469,t788:1 t523:2 t523:3 t581:4
slv-432-6493,t670:2 t670:4 t486:5
slv-432-6856,t240:1 t926:2 t523:3 t523:3 t926:4 t468:4
slv-432-8345,t670:2 t670:4 t486:5
slv-433-0481,t670:2 t670:4 t486:5
slv-433-1321,t391:0 t545:1
slv-433-2802,t788:1 t523:2 t523:3 t581:4
slv-433-2863,t739:1 t545:2 t391:3 t545:4
slv-433-3404,t670:0 t670:3 t486:5
slv-433-3686,t496:0 t391:0 t545:0 t391:2
slv-433-3842,t670:2 t670:4 t486:5
slv-433-4152,t240:1 t523:1 t523:2 t926:3 t523:3 t468:4
slv-433-5649,t486:2 t486:4 t469:5 t636:5 t730:5 t523:6 t182:7
slv-433-5960,t885:2 t860:4 t670:5 t670:6
slv-433-6127,t920:1 t240:2 t523:3 t523:4 t468:5 t860:6
slv-433-6557,t926:1 t523:2 t523:3
slv-433-8669,t391:0 t904:0 t860:0 t545:2
slv-433-8838,t670:2 t670:4 t486:5
slv-433-9220,t240:1 t278:2 t523:3 t523:3 t468:4 t764:5 t885:5 t860:6
slv-434-2788,t920:1 t240:2 t523:3 t523:4 t468:5 t860:6
slv-434-4205,t240:0 t523:1 t523:2 t926:3 t523:3 t581:4
slv-434-4677,t670:2 t670:4 t486:5
slv-434-4751,t523:0 t926:1 t523:2 t523:3 t468:3
slv-434-5062,t460:0 t240:2 t523:2 t569:3 t523:3 t523:4 t468:5
slv-434-5069,t240:0 t926:1 t523:2 t523:3 t581:3 t569:4 t523:4 t569:5
slv-434-5395,t460:1 t240:2 t926:3 t468:4
slv-434-6039,t523:1 t523:3 t468:4 t860:5 t523:6 t764:6 t860:7 t670:7
slv-434-6198,t240:0 t523:1 t926:2 t523:3 t523:3 t468:4
slv-434-6520,t448:1 t240:2 t523:3 t523:4 t182:4 t764:5 t885:6
slv-434-6664,t601:1 t601:2 t601:4
slv-434-6676,t460:1 t240:2 t523:3 t569:3 t523:4 t523:4 t468:5
slv-435-0165,t496:0 t860:1 t903:1 t860:2 t545:4
slv-435-0206,t670:2 t486:4 t486:5 t670:5 t670:6
slv-435-0223,t860:0 t545:2
slv-435-0289,t670:0 t670:3 t486:5
slv-435-1262,t523:1 t523:3 t182:3
slv-435-1512,t496:0 t391:0 t904:0 t545:3
slv-435-1548,t739:1 t545:2 t391:3 t545:4
slv-435-1658,t523:1 t523:3 t581:3
slv-435-2360,t670:2 t670:4 t486:5
slv-435-4804,t391:1 t545:2 t920:2 t240:3 t523:4 t523:5 t468:5 t764:6 t764:7
slv-435-4934,t670:1 t843:3 t843:4 t523:4 t182:7
slv-435-5057,t676:1 t523:3 t569:4 t523:5 t523:6 t468:7
slv-435-5889,t605:1 t240:1 t523:2 t523:3 t468:3 t240:4 t926:4 t468:5
slv-435-6351,t670:2 t670:4 t486:5
slv-435-6841,t670:2 t670:4 t486:5
slv-435-7243,t920:3 t920:4 t920:5
slv-435-7731,t670:2 t670:4 t486:5
slv-435-8205,t523:3 t182:4
slv-435-8629,t860:0 t545:1 t904:2 t545:3 t391:4 t545:4
slv-436-1111,t736:0 t693:1 t636:1 t240:2 t523:3 t523:4 t182:5
slv-436-1905,t670:2 t670:4 t486:5
slv-436-3165,t670:2 t670:4 t486:5
slv-436-3374,t523:1 t523:3 t182:3
slv-436-3491,t523:1 t523:3 t182:3
slv-436-3533,t905:0 t545:1
slv-436-3582,t448:0 t240:1 t926:2 t523:3 t523:3 t569:5
slv-436-4028,t670:2 t670:4 t486:5
slv-436-4544,t545:1 t523:3 t523:4 t182:6
slv-436-5035,t920:1 t240:2 t523:3 t523:4 t468:5 t860:6
slv-436-5867,t670:0 t670:3 t486:5
slv-436-7152,t739:1 t545:2
slv-436-7219,t730:1 t240:2 t926:3 t468:4 t523:4 t182:5
slv-436-7315,t391:0 t736:1 t112:3 t523:4 t523:5 t182:6 t764:6 t764:7 t903:7 t860:7
slv-436-7676,t167:1 t391:2 t904:3 t860:4 t545:5
slv-436-8836,t670:2 t670:4 t486:5
slv-436-8869,t670:2 t670:4 t486:5
slv-436-9280,t167:0 t391:1 t545:2 t240:3 t523:3 t523:4 t468:4
slv-437-2017,t670:2 t670:4 t486:5
slv-437-2037,t788:0 t523:2 t523:3 t581:4
slv-437-2991,t391:0 t545:2
slv-437-4799,t112:1 t523:3 t523:4 t182:5 t523:5 t581:6
slv-437-4850,t240:0 t523:1 t240:2 t926:2 t240:3 t569:3 t523:4 t523:5
slv-437-5818,t670:0 t670:3 t486:5
slv-437-5871,t460:0 t240:1 t523:2 t523:3 t569:3 t523:4 t468:5
slv-437-6420,t631:3 t631:4 t631:5 t631:6
slv-437-6602,t523:0 t523:2 t468:3
slv-437-7046,t920:1 t240:2 t278:2 t523:3 t523:3 t468:4 t764:5 t860:6
slv-437-7161,t920:1 t240:2 t278:2 t523:3 t523:3 t468:4 t764:5 t860:6
slv-437-8023,t670:2 t670:4 t486:5
slv-437-8405,t240:1 t926:1 t468:2 t240:3 t278:3 t523:3 t523:4 t468:5
slv-437-8981,t523:3 t182:5
slv-437-9669,t739:1 t545:2 t391:3 t545:4
slv-438-0345,t905:0 t545:0 t860:1 t545:2
slv-438-0348,t693:1 t636:2 t693:3 t670:3 t843:4 t843:4 t601:5 t601:5
slv-438-1342,t788:1 t523:2 t523:3 t581:4
slv-438-1588,t736:0 t693:1 t636:1 t240:2 t523:3 t523:4 t182:5
slv-438-1721,t905:0 t545:1
slv-438-2320,t670:2 t670:4 t486:5
slv-438-2826,t670:3 t670:5 t486:6
slv-438-2925,t460:1 t240:2 t926:3 t468:4
slv-438-3889,t670:0 t670:3 t486:5
slv-438-5071,t448:5 t920:5 t391:6 t448:6 t240:6 t523:7
slv-438-5261,t601:1 t601:2 t601:4
slv-438-5340,t920:1 t240:2 t523:3 t523:4 t468:5 t860:6
slv-438-6834,t926:1 t996:1
slv-438-7997,t670:2 t670:4 t486:5
slv-438-8872,t460:1 t240:2 t523:3 t569:4 t523:5 t523:5 t468:6
slv-439-0313,t670:2 t670:4 t486:5
slv-439-0441,t523:1 t523:3 t182:3
slv-439-1409,t396:0 t523:3 t523:4 t182:5
slv-439-1819,t460:1 t240:2 t523:2 t523:3 t569:3 t523:4 t468:5
slv-439-2131,t329:3 t329:4 t904:5 t631:5 t631:6
slv-439-2621,t903:1 t860:2 t670:3 t601:3 t601:4 t670:5 t545:5 t843:5 t843:5 t670:6 t843:6
slv-439-3289,t672:1 t523:2 t523:3 t581:4
slv-439-3617,t670:2 t670:4 t486:5
slv-439-4319,t523:1 t523:3 t468:4 t860:5 t523:6 t764:6 t860:7 t670:7
slv-439-5697,t240:1 t926:2 t468:3
slv-439-5841,t670:2 t670:4 t486:5
slv-439-6505,t885:1 t860:4 t903:4 t860:5
slv-439-7036,t391:0 t736:1 t112:2 t545:3 t240:3 t523:4 t523:4 t581:5 t523:6 t468:6 t764:7
slv-439-8559,t391:0 t904:2 t885:2 t860:3 t391:4 t545:5
slv-439-8597,t391:1 t545:2 t920:2 t240:3 t523:4 t523:5 t468:5 t764:6 t764:7
slv-439-8670,t736:0 t486:1 t486:3 t670:3 t523:4 t523:5 t182:6
slv-439-8713,t670:2 t670:4 t486:5
slv-439-8716,t920:1 t240:2 t523:3 t523:4 t468:5 t860:6
slv-439-8788,t670:2 t486:4 t486:5 t670:5 t670:6
slv-439-8889,t885:0 t860:0 t903:0 t860:2
slv-439-8895,t460:1 t240:2 t926:3 t468:4
slv-439-9349,t682:0 t240:2 t523:3 t523:3 t182:3 t885:3 t523:4 t468:4 t885:5
slv-439-9482,t920:1 t240:1 t468:3 t926:3 t468:3 t523:4 t523:5 t468:5 t670:5
slv-439-9700,t460:1 t240:2 t523:3 t523:4 t569:5 t523:6 t468:7
slv-440-0504,t903:1 t860:2 t670:3 t601:3 t601:4 t670:5 t545:5 t843:5 t843:5 t670:6 t843:6
slv-440-1201,t240:2 t926:4 t523:5 t182:6 t523:6 t468:7 t670:7 t670:7
slv-440-2046,t670:2 t670:4 t486:5
slv-440-2250,t636:0 t885:0 t903:1 t860:3 t903:5
slv-440-3137,t670:2 t486:4 t486:5 t670:5 t670:6
slv-440-4216,t579:1 t579:2 t843:3 t843:4 t579:5
slv-440-4416,t788:1 t523:2 t523:3 t581:4
slv-440-4435,t670:0 t670:3 t486:5
slv-440-4576,t523:1 t523:3 t581:3
slv-440-8017,t860:0 t391:1 t860:2 t545:3
slv-440-8269,t920:3 t920:4 t920:5
slv-441-0095,t670:2 t486:4 t486:5 t670:5 t670:6
slv-441-0350,t764:3 t670:5 t670:6 t486:6 t670:7
slv-441-0848,t788:1 t523:2 t523:3 t581:4
slv-441-1177,t670:2 t670:4 t486:5
slv-441-1414,t764:2 t670:5 t670:6 t486:6 t670:7
slv-441-1599,t240:1 t523:2 t523:2 t569:3 t523:4 t523:4 t468:5
slv-441-2324,t460:1 t240:1 t523:2 t569:3 t523:3 t523:4 t468:5
slv-441-2355,t601:1 t601:3 t601:4
slv-441-2810,t842:5 t842:6
slv-441-6266,t904:0 t860:0 t391:0 t545:2
slv-441-6700,t903:1 t860:2 t670:3 t601:3 t601:4 t670:5 t545:5 t843:5 t843:5 t670:6 t843:6
slv-441-8987,t616:1 t523:2 t523:3 t569:4
slv-442-0446,t523:3 t182:5
slv-442-0675,t670:2 t670:4 t486:5
slv-442-0844,t920:1 t240:2 t523:3 t523:4 t468:5 t860:6
slv-442-0982,t670:2 t670:4 t486:5
slv-442-1525,t460:1 t240:2 t523:2 t569:3 t523:4 t523:4 t468:5
slv-442-1869,t670:2 t670:4 t486:5
slv-442-2454,t670:2 t670:4 t486:5
slv-442-3615,t523:3 t182:4
slv-442-4071,t670:2 t486:4 t486:5 t670:5 t670:6
slv-442-4777,t670:2 t670:4 t486:5
slv-442-5133,t240:1 t523:2 t523:3 t468:4
slv-442-5600,t903:0 t860:1 t885:1 t860:3 t903:4
slv-442-6117,t885:0 t904:2 t885:3 t860:4
slv-442-7809,t523:1 t523:3 t182:3
slv-442-8343,t670:2 t670:4 t486:5
slv-442-8453,t670:0 t670:3 t486:5
slv-442-8851,t670:2 t670:4 t486:5
slv-442-8861,t920:1 t240:2 t278:2 t523:3 t523:3 t468:4 t764:5 t860:6
slv-442-9396,t670:2 t670:4 t486:5
slv-442-9469,t670:2 t670:4 t486:5
slv-443-0436,t601:1 t601:2 t601:3
slv-443-0611,t670:2 t670:4 t486:5
slv-443-0633,t788:0 t523:2 t523:3 t581:4
slv-443-0684,t670:2 t670:4 t486:5
slv-443-0760,t905:0 t545:0 t860:1 t545:2
slv-443-1096,t693:1 t636:2 t693:3 t670:3 t843:4 t843:4 t601:5 t601:5
slv-443-1923,t920:1 t240:2 t278:2 t523:3 t523:3 t468:4 t764:5 t860:6
slv-443-2464,t670:2 t670:4 t486:5
slv-443-2932,t523:3 t182:3 t764:7
slv-443-4372,t670:2 t670:4 t486:5
slv-443-5087,t920:1 t240:2 t523:3 t523:4 t468:5 t860:6
slv-443-5914,t523:0 t569:1 t523:2 t523:3 t581:3 t569:3 t996:4 t569:5
slv-443-6680,t920:1 t240:2 t278:2 t523:3 t523:3 t468:4 t764:5 t860:6
slv-443-6944,t903:0 t860:2 t670:3 t601:4 t601:5 t670:5 t843:6
slv-443-7095,t920:1 t240:2 t278:2 t523:3 t523:3 t468:4 t764:5 t860:6
slv-443-7188,t670:2 t670:4 t486:5
slv-443-8201,t460:1 t240:2 t523:3 t523:3 t569:4 t523:4 t523:5 t468:6
slv-443-8767,t670:2 t670:4 t486:5
slv-443-9792,t926:1 t468:3
slv-444-1193,t670:2 t670:4 t486:5
slv-444-1339,t670:2 t670:4 t486:5
slv-444-1565,t391:0 t736:1 t112:2 t545:3 t240:3 t523:4 t523:4 t581:5 t523:6 t468:6 t764:7
slv-444-1641,t885:0 t860:1 t391:2 t545:3
slv-444-2535,t670:2 t670:4 t486:5
slv-444-2767,t788:0 t523:1 t523:2 t182:3
slv-444-3272,t523:0 t926:2 t523:3 t523:3 t182:4
slv-444-6082,t240:1 t523:1 t523:2 t569:3 t523:4 t468:5
slv-444-6564,t991:3 t631:5 t631:6 t631:7
slv-444-6845,t670:2 t670:4 t486:5
slv-444-7244,t788:0 t523:2 t523:3 t581:4
slv-444-7879,t670:0 t670:2 t486:3 t523:4 t523:6 t182:6
slv-444-8978,t670:0 t670:3 t486:5
slv-445-1316,t788:0 t523:2 t523:3 t581:4
slv-445-1638,t240:1 t523:2 t523:3 t468:3 t996:3 t569:5
slv-445-1689,t670:1 t601:3 t601:3 t670:4 t843:5 t843:5
slv-445-2012,t167:1 t391:1 t904:2 t545:3
slv-445-2122,t448:2 t240:5 t523:6 t523:6 t764:6 t860:7 t670:7 t670:7
slv-445-2663,t391:0 t904:0 t860:1 t545:2
slv-445-2978,t460:1 t240:2 t523:2 t569:3 t523:4 t523:4 t468:5
slv-445-3080,t920:1 t240:2 t523:3 t523:4 t468:5 t860:6
slv-445-3527,t670:2 t670:4 t486:5
slv-445-3789,t670:2 t670:4 t486:5
slv-445-3874,t920:1 t240:2 t278:2 t523:3 t523:3 t468:4 t764:5 t860:6
slv-445-5845,t788:1 t523:2 t523:3 t581:4
slv-445-6271,t693:2 t636:4 t885:5 t860:6
slv-445-6922,t788:0 t523:2 t523:3 t581:4
slv-445-7120,t601:1 t601:2 t601:3
slv-445-7739,t670:2 t670:4 t486:5
slv-445-8119,t670:2 t670:4 t486:5
slv-445-8444,t736:0 t636:1 t523:4 t523:5 t182:5 t486:6 t486:7
slv-445-8634,t670:0 t670:3 t486:5
slv-445-8707,t670:2 t670:4 t486:5
slv-445-8758,t670:2 t670:4 t486:5
slv-445-9196,t670:2 t670:4 t486:5
slv-445-9653,t670:2 t670:4 t486:5
slv-445-9716,t926:1 t468:3
slv-446-0116,t920:1 t240:2 t278:2 t523:3 t523:3 t468:4 t764:5 t860:6
slv-446-1525,t736:0 t693:1 t682:2 t240:3 t523:3 t523:4
slv-446-2192,t764:2 t670:5 t670:6 t486:6 t670:7
slv-446-2352,t523:0 t926:1 t523:2 t523:3 t468:4
slv-446-2530,t788:1 t523:2 t523:3 t581:4
slv-446-2634,t523:1 t523:3 t581:3
slv-446-2886,t391:0 t904:0 t860:0 t545:3
slv-446-2986,t448:0 t240:1 t926:2 t468:3 t523:3 t523:4 t468:5 t764:6
slv-446-3717,t693:1 t636:2 t693:3 t670:3 t843:4 t843:4 t601:5 t601:5
slv-446-5656,t926:1 t468:3
slv-446-6071,t448:0 t523:5 t182:6 t670:7 t182:7 t885:7 t860:7
slv-446-6240,t605:1 t240:1 t523:2 t523:3 t468:3 t240:4 t926:4 t468:5
slv-446-6287,t788:0 t523:2 t523:3 t581:4
slv-446-6386,t523:1 t523:3 t581:3
slv-446-6637,t920:1 t240:2 t523:3 t523:4 t468:5 t860:6
slv-446-7102,t920:1 t240:2 t278:2 t523:3 t523:3 t468:4 t764:5 t860:6
slv-446-7233,t391:1 t736:2 t112:3 t545:3 t523:4 t240:4 t523:4 t523:5 t581:5 t885:6
slv-446-7610,t670:0 t670:3 t486:5
slv-446-7775,t523:1 t523:3 t468:3 t764:6
slv-446-7950,t448:1 t240:2 t523:3 t523:4 t182:4 t764:5 t885:6
slv-446-9857,t240:0 t523:1 t523:2 t569:3 t523:3
slv-447-0106,t670:0 t670:3 t486:5
slv-447-0343,t636:3 t670:5 t670:5 t523:6 t523:6 t182:7
slv-447-1659,t920:1 t240:2 t523:3 t523:4 t468:5 t860:6
slv-447-2501,t730:1 t240:2 t926:3 t926:4 t523:4 t468:5
slv-447-2856,t670:2 t670:4 t486:5
slv-447-4066,t601:1 t601:2 t601:4
slv-447-4155,t920:1 t240:2 t523:3 t523:4 t468:5 t860:6
slv-447-4303,t240:1 t926:3 t468:4 t670:5 t670:6 t523:6 t468:6
slv-447-7425,t616:1 t523:2 t523:3 t569:4
slv-447-8102,t523:1 t523:3 t581:3
slv-447-8535,t670:2 t670:4 t486:5
slv-447-8643,t653:0 t903:2 t860:4 t391:4 t545:5 t670:6 t670:6
slv-447-8907,t523:1 t523:3 t468:3
slv-447-9863,t391:0 t545:1 t240:2 t523:3 t523:3 t926:3 t468:4
slv-448-1029,t670:2 t670:4 t486:5
slv-448-1599,t670:2 t670:4 t486:5
slv-448-2399,t460:1 t240:2 t523:3 t569:4 t523:5 t523:5 t468:6
slv-448-2488,t486:2 t486:4 t469:5 t636:5 t730:5 t523:6 t182:7
slv-448-2493,t670:2 t670:4 t486:5
slv-448-3472,t764:2 t670:5 t670:6 t486:6 t670:7
slv-448-4284,t788:1 t523:3 t523:3 t182:4
slv-448-7303,t601:1 t601:2 t601:3
slv-448-7938,t670:2 t670:4 t486:5
slv-448-8406,t523:3 t182:4
slv-448-9609,t670:2 t670:4 t486:5
slv-449-0035,t670:2 t670:4 t486:5
slv-449-0702,t739:1 t545:2 t391:3 t545:4
slv-449-1013,t670:2 t670:4 t486:5
slv-449-1455,t670:2 t670:4 t486:5
slv-449-1762,t788:0 t523:2 t523:3 t581:4
slv-449-2098,t905:0 t545:1
slv-449-2387,t670:2 t670:4 t486:5
slv-449-2822,t631:3 t631:4 t631:5 t631:6
slv-449-3223,t290:1 t290:2 t785:3 t785:3 t814:4 t814:5 t785:6
slv-449-3495,t523:2 t523:3 t182:4
slv-449-5079,t377:1 t377:2 t377:3 t377:4
slv-449-5193,t240:0 t523:1 t569:2 t523:3 t523:4 t468:5
slv-449-6969,t670:2 t670:4 t486:5
slv-449-8606,t391:0 t545:2
slv-450-0250,t523:1 t523:3 t581:3
slv-450-0370,t670:2 t670:4 t486:5
slv-450-0460,t920:1 t240:2 t523:3 t523:4 t468:5 t860:6
slv-450-0642,t670:2 t670:4 t486:5
slv-450-1670,t670:2 t670:4 t486:5
slv-450-1796,t693:4 t670:5 t670:6 t523:6 t182:7 t885:7 t860:7
slv-450-1878,t670:2 t486:4 t670:5 t670:6
slv-450-1983,t670:2 t670:4 t486:5
slv-450-2962,t240:0 t523:2 t523:3 t182:4
slv-450-3999,t601:1 t601:2 t601:3
slv-450-4450,t523:1 t523:3 t182:3
slv-450-4641,t670:2 t670:4 t486:5
slv-450-5203,t670:2 t670:4 t486:5
slv-450-7086,t486:2 t486:4 t469:5 t636:5 t730:5 t523:6 t182:7
slv-450-7623,t670:2 t670:4 t486:5
slv-450-8196,t885:1 t860:3 t670:5 t670:6
slv-450-8624,t240:1 t523:1 t523:2 t569:3 t523:4 t468:5
slv-450-9225,t903:1 t860:2 t670:3 t601:3 t601:4 t670:5 t545:5 t843:5 t843:5 t670:6 t843:6
slv-451-0232,t739:0 t670:1 t670:3 t843:3 t843:4 t885:4 t860:5
slv-451-1237,t460:1 t240:2 t926:3 t468:4
slv-451-2328,t693:2 t636:4 t885:5 t860:6
slv-451-2775,t448:2 t920:4 t391:5 t240:5 t523:5 t523:6 t764:6 t860:6 t670:7 t670:7
slv-451-2897,t926:0 t926:1 t523:3 t468:3
slv-451-3328,t636:0 t904:3 t885:4 t860:5
slv-451-3540,t391:0 t545:1 t391:4
slv-451-4537,t670:2 t486:4 t486:5 t670:5 t670:6
slv-451-4855,t670:2 t670:4 t486:5
slv-451-5925,t670:2 t670:4 t486:5
slv-451-6431,t670:2 t670:4 t486:5
slv-451-6509,t616:1 t523:2 t523:3 t569:4
slv-451-6593,t788:0 t523:2 t523:3 t581:4
slv-451-6636,t670:2 t670:4 t486:5
slv-451-6901,t240:1 t523:2 t523:2 t569:3 t523:4 t523:4 t468:5
slv-451-7170,t920:1 t240:2 t278:2 t523:3 t523:3 t468:4 t764:5 t860:6
slv-451-7476,t670:2 t670:4 t486:5
slv-451-7519,t391:0 t545:2
slv-451-7963,t670:2 t670:4 t486:5
slv-451-8749,t885:0 t860:0
slv-451-9599,t682:0 t240:2 t523:3 t523:4 t182:5
slv-452-0073,t240:1 t926:2 t468:3 t240:4 t468:4 t523:5 t523:5 t182:6
slv-452-0127,t391:0 t736:1 t112:2 t545:3 t240:3 t523:4 t523:4 t581:5 t523:6 t468:6 t764:7
slv-452-2113,t903:1 t860:2 t670:3 t601:3 t601:4 t670:5 t545:5 t843:5 t843:5 t670:6 t843:6
slv-452-3715,t391:0 t904:0 t545:1 t240:2 t523:2 t523:3 t182:4 t885:4 t860:5
slv-452-3778,t670:2 t670:4 t486:5
slv-452-4021,t670:2 t486:4 t486:5 t670:5 t670:6
slv-452-4392,t240:0 t523:1 t523:2 t569:3 t523:4 t468:5
slv-452-4923,t670:2 t670:4 t486:5
slv-452-4963,t448:0 t545:1 t448:2 t240:3 t926:3 t468:4 t764:6
slv-452-6853,t670:2 t670:4 t486:5
slv-452-7542,t670:2 t486:4 t486:5 t670:5 t670:6
slv-452-8691,t670:2 t670:4 t486:5
slv-452-8732,t860:0 t545:0 t240:1 t523:2 t569:3 t523:3 t523:4
slv-452-8942,t670:2 t486:4 t486:5 t670:5 t670:6
slv-452-9224,t905:0 t545:1
slv-452-9234,t788:0 t523:2 t523:3 t581:4
slv-453-0702,t240:1 t926:3 t926:4 t523:5 t523:5 t182:6 t240:6 t468:7
slv-453-1170,t905:0 t545:1
slv-453-1745,t670:2 t670:4 t486:5
slv-453-2248,t240:1 t278:2 t523:3 t523:3 t468:4 t764:5 t885:5 t860:6
slv-453-5183,t693:2 t636:4 t885:5 t860:6
slv-453-6495,t670:2 t670:4 t486:5
slv-453-6539,t788:0 t523:2 t523:3 t581:4
slv-453-7462,t391:0 t545:1 t448:1 t240:1 t926:2 t523:3 t523:3 t182:4 t926:4 t468:5 t764:6
slv-453-7545,t601:1 t601:2 t601:4
slv-453-9232,t636:0 t167:0 t496:1 t391:2 t545:2 t240:3 t523:4 t523:4 t182:5
slv-453-9530,t860:0 t670:5 t670:7
slv-454-0640,t391:0 t860:0 t545:2
slv-454-1546,t391:1 t736:2 t112:3 t545:3 t523:4 t240:4 t523:4 t523:5 t581:5 t885:6
slv-454-3166,t670:2 t670:4 t486:5
slv-454-4684,t240:0 t926:2 t523:3 t523:4 t581:5
slv-454-4975,t448:0 t240:1 t523:2 t523:3 t182:3 t523:4 t468:5
slv-454-5434,t545:0 t240:1 t523:1 t240:2 t569:3 t523:3
slv-454-7553,t448:0 t545:1 t448:2 t240:3 t926:3 t468:4 t764:6
slv-454-8188,t670:2 t670:4 t486:5
slv-454-8646,t460:1 t240:2 t523:2 t569:3 t523:3 t523:4 t468:5 t569:6
slv-454-9091,t601:0 t601:2 t377:3 t377:4
slv-454-9179,t240:1 t523:1 t523:2 t569:3 t523:4 t468:5
slv-454-9910,t670:2 t670:4 t486:5
slv-454-9914,t601:1 t601:2 t601:4
slv-455-0234,t523:0 t523:2 t468:3
slv-455-1773,t670:2 t670:4 t486:5
slv-455-2176,t670:2 t670:4 t486:5
slv-455-2338,t448:0 t240:1 t926:3 t926:4 t523:5 t182:6
slv-455-3131,t448:0 t545:1 t448:2 t240:3 t926:3 t468:4 t764:6
slv-455-3165,t391:1 t736:2 t112:3 t545:3 t523:4 t240:4 t523:4 t523:5 t581:5 t885:6
slv-455-3305,t670:2 t670:4 t486:5
slv-455-3840,t885:0 t904:2 t885:3 t860:4
slv-455-4481,t739:0 t670:1 t670:3 t843:3 t843:4 t885:4 t860:5
slv-455-5160,t736:0 t486:1 t486:3 t670:3 t523:4 t523:5 t182:6
slv-455-5240,t391:0 t860:0 t391:0 t545:1
slv-455-5566,t391:0 t736:1 t112:2 t545:3 t240:3 t523:4 t523:4 t581:5 t523:6 t468:6 t764:7
slv-455-5957,t670:2 t670:4 t486:5
slv-455-6233,t523:3 t182:5
slv-455-7257,t920:3 t920:4 t920:5
slv-455-7762,t670:2 t670:4 t486:5
slv-455-9203,t670:2 t670:4 t486:5
slv-455-9570,t788:0 t523:2 t523:3 t581:4
slv-455-9862,t579:1 t579:1 t843:3 t843:4
slv-456-0676,t920:1 t240:2 t278:2 t523:3 t523:3 t468:4 t764:5 t860:6
slv-456-1274,t670:2 t486:4 t486:5 t670:5 t670:6
slv-456-2038,t391:0 t904:0 t860:1 t545:1 t391:3 t545:4
slv-456-2137,t240:0 t926:2 t523:3 t523:4 t581:5
slv-456-2848,t920:1 t240:2 t278:2 t523:3 t523:3 t468:4 t764:5 t860:6
slv-456-2917,t391:0 t904:0 t860:1 t545:3
slv-456-3298,t167:1 t391:2 t545:3 t523:3 t240:4 t523:4 t523:5 t468:5
slv-456-3964,t240:1 t926:2 t523:3 t523:3 t926:4 t468:4
slv-456-3988,t616:1 t523:2 t523:3 t581:4 t523:4 t569:5
slv-456-4312,t240:1 t468:3 t240:4 t926:5 t523:5 t523:6 t468:7
slv-456-5418,t670:2 t670:4 t486:5
slv-456-5731,t605:1 t240:3 t523:4 t523:5 t468:5 t860:6
slv-456-6651,t670:2 t670:4 t486:5
slv-456-7615,t670:2 t670:4 t486:5
slv-456-8296,t670:2 t670:4 t486:5
slv-456-8531,t736:0 t112:0 t760:1 t545:3 t523:4 t523:5 t182:5 t523:6 t581:7
slv-456-8868,t391:0 t904:0 t860:0 t545:2
slv-456-9036,t670:2 t670:4 t486:5
slv-456-9139,t670:2 t670:4 t486:5
slv-457-0030,t601:1 t601:2 t601:4
slv-457-1094,t460:1 t240:2 t523:3 t569:4 t523:5 t523:5 t468:6
slv-457-1304,t788:1 t523:3 t523:3 t581:5
slv-457-2043,t670:2 t670:4 t486:5
slv-457-3866,t167:1 t391:2 t545:3 t523:3 t240:4 t523:4 t523:5 t468:5
slv-457-4328,t670:2 t670:4 t486:5
slv-457-4810,t903:1 t860:2 t670:3 t601:3 t601:4 t670:5 t545:5 t843:5 t843:5 t670:6 t843:6
slv-457-5685,t736:0 t693:1 t523:2 t523:3 t182:4
slv-457-6054,t670:2 t670:4 t486:5
slv-457-7300,t920:1 t240:2 t523:3 t523:4 t468:5 t860:6
slv-457-7675,t240:1 t926:3 t926:4 t523:5 t523:5 t182:6 t240:6 t468:7
slv-457-8813,t167:1 t391:2 t545:3 t523:3 t240:4 t523:4 t523:5 t468:5
slv-457-8918,t920:1 t240:2 t278:2 t523:3 t523:3 t468:4 t764:5 t860:6
slv-457-9390,t814:0 t814:2 t517:4 t517:5
slv-457-9860,t391:1 t736:2 t112:3 t545:3 t523:4 t240:4 t523:4 t523:5 t581:5 t885:6
slv-458-3654,t670:2 t486:4 t486:5 t670:5 t670:6
slv-458-4053,t670:2 t486:4 t670:5 t670:6
slv-458-4681,t670:2 t670:4 t486:5
slv-458-5356,t448:0 t240:1 t523:2 t523:3 t468:3 t926:4 t468:5
slv-458-6044,t448:1 t240:2 t523:3 t523:4 t182:4 t764:5 t885:6
slv-458-6632,t904:0 t545:1 t391:1 t545:3 t523:3
slv-458-6683,t670:2 t670:4 t486:5
slv-458-7354,t693:1 t636:2 t693:3 t670:3 t843:4 t843:4 t601:5 t601:5
slv-458-8229,t670:2 t670:4 t486:5
slv-459-2185,t670:2 t670:4 t486:5
slv-459-4755,t601:1 t601:3 t601:4
slv-459-4957,t670:2 t670:4 t486:5
slv-459-5730,t601:1 t601:2 t601:4
slv-459-5743,t788:1 t523:2 t523:3 t581:4
slv-459-5911,t788:0 t523:2 t523:3 t581:4
slv-459-7605,t670:2 t670:4 t486:5
slv-459-7705,t670:2 t670:4 t486:5
slv-459-8095,t496:0 t391:0 t904:0 t545:2
slv-459-8112,t496:0 t391:0 t904:0 t545:2
slv-459-8340,t788:1 t523:3 t523:3 t182:4
slv-459-8579,t670:2 t670:4 t486:5
slv-459-8677,t885:0 t860:1 t903:3 t860:4
slv-460-0024,t670:2 t670:4 t486:5
slv-460-1252,t670:2 t670:4 t486:5
slv-460-1835,t672:1 t523:2 t523:3 t581:4
slv-460-2047,t523:1 t523:3 t581:3
slv-460-2422,t764:5 t670:6 t670:7 t486:7 t670:7
slv-460-2777,t391:0 t904:0 t860:0 t545:2
slv-460-3211,t391:0 t545:2
slv-460-4511,t523:0 t926:1 t926:2 t523:3 t468:3
slv-460-5166,t670:2 t670:4 t486:5
slv-460-5352,t670:2 t670:4 t486:5
slv-460-6948,t523:3 t182:4 t764:6 t860:7
slv-460-7530,t670:2 t670:4 t486:5
slv-460-8048,t670:2 t670:4 t486:5
slv-460-8092,t670:2 t670:4 t486:5
slv-460-8508,t167:1 t391:1 t904:2 t391:3 t545:4
slv-460-9291,t764:5 t670:6 t670:7 t486:7 t670:7
slv-460-9607,t601:1 t601:2 t601:3
slv-461-0838,t670:2 t670:4 t486:5
slv-461-1010,t460:1 t240:2 t926:3 t468:4
slv-461-1179,t670:3 t670:5 t486:6
slv-461-2364,t670:2 t670:4 t486:5
slv-461-2702,t682:0 t240:2 t523:3 t523:3 t182:3 t885:3 t523:4 t468:4 t885:5
slv-461-2994,t128:3 t128:4 t631:5 t631:5 t329:5 t329:6
slv-461-3297,t736:0 t693:1 t636:1 t240:2 t523:3 t523:4 t182:5
slv-461-4074,t391:1 t736:2 t112:3 t545:3 t523:4 t240:4 t523:4 t523:5 t581:5 t885:6
slv-461-6674,t860:0 t545:2
slv-461-6835,t240:1 t926:2 t240:3 t468:6
slv-461-7472,t670:2 t670:4 t486:5
slv-461-8792,t290:1 t785:3 t785:3 t814:4 t814:5
slv-461-9276,t636:0 t167:1 t240:1 t926:2 t523:3 t523:4 t926:5
slv-461-9520,t396:0 t240:1 t926:2 t523:3 t523:3 t926:4 t468:5
slv-461-9618,t486:1 t486:3 t670:4 t670:5
slv-461-9813,t391:0 t904:0 t860:1 t545:1 t391:3 t545:4
slv-462-0538,t496:0 t860:1 t903:1 t860:2 t545:4
slv-462-1125,t601:1 t601:2 t601:3
slv-462-1943,t991:3 t631:5 t631:6 t631:7
slv-462-2940,t523:3 t182:4 t764:6 t860:7
slv-462-3177,t391:0 t904:0 t860:0 t545:2
slv-462-4340,t670:2 t670:4 t486:5
slv-462-4486,t523:1 t182:2 t885:4 t860:4 t903:5 t860:6
slv-462-5512,t920:1 t240:2 t523:3 t523:4 t468:5 t860:6
slv-462-7191,t670:2 t670:4 t486:5
slv-462-7581,t670:2 t670:4 t486:5
slv-462-8652,t391:0 t904:0 t545:0 t860:1 t545:3
slv-462-8684,t460:1 t240:2 t926:3 t468:4
slv-462-8776,t670:2 t670:4 t486:5
slv-463-0013,t396:0 t240:1 t926:2 t468:3 t523:3 t523:4 t468:5
slv-463-0174,t670:2 t486:4 t486:5 t670:5 t670:6
slv-463-0401,t670:2 t670:4 t486:5
slv-463-1388,t240:1 t926:1 t468:2 t240:3 t278:3 t523:3 t523:4 t468:5
slv-463-1418,t741:0 t670:1 t670:2 t396:3
slv-463-1533,t842:5 t842:6
slv-463-2100,t391:1 t736:2 t112:3 t545:3 t523:4 t240:4 t523:4 t523:5 t581:5 t885:6
slv-463-2149,t391:0 t545:2
slv-463-2197,t670:2 t670:4 t486:5
slv-463-2619,t555:4 t486:6
slv-463-3246,t903:0 t860:2 t670:3 t601:4 t601:5 t670:5 t843:6
slv-463-3959,t920:1 t240:2 t523:3 t523:4 t468:5 t860:6
slv-463-5151,t670:3 t670:5 t486:6
slv-463-5189,t693:1 t636:2 t693:3 t670:3 t843:4 t843:4 t601:5 t601:5
slv-463-5250,t903:1 t860:2 t670:3 t601:3 t601:4 t670:5 t545:5 t843:5 t843:5 t670:6 t843:6
slv-463-5715,t636:0 t736:1 t112:2 t545:2 t240:3 t523:3 t523:4 t581:4 t523:5 t468:7
slv-463-6405,t926:0 t926:1 t523:2 t523:3 t926:3
slv-463-7103,t670:2 t486:4 t486:5 t670:5 t670:6
slv-463-7385,t670:2 t670:4 t486:5
slv-463-7810,t545:0 t391:1 t545:1 t240:2 t523:3 t523:4
slv-463-8141,t814:1 t290:3 t290:4 t814:4 t814:6
slv-463-8433,t788:0 t523:1 t523:2 t182:3
slv-463-8861,t920:1 t240:2 t278:2 t523:3 t523:3 t468:4 t764:5 t860:6
slv-463-9245,t448:2 t523:3 t523:4 t182:5 t523:5 t581:6
slv-463-9257,t670:2 t670:4 t486:5
slv-464-0663,t670:3 t670:5 t486:6
slv-464-1335,t523:0 t926:1 t926:2 t523:3 t468:4
slv-464-1516,t448:0 t545:1 t523:3 t523:4 t182:5
slv-464-2109,t920:1 t240:2 t278:2 t523:3 t523:3 t468:4 t764:5 t860:6
slv-464-2316,t670:2 t670:4 t486:5
slv-464-2716,t670:2 t670:4 t486:5
slv-464-4529,t523:1 t182:2 t885:4 t860:4 t903:5 t860:6
slv-464-4760,t523:0 t523:0 t926:2 t926:2 t523:3 t468:3
slv-464-5002,t670:2 t670:4 t486:5
slv-464-5879,t240:1 t523:2 t523:3 t569:4 t523:5 t468:7
slv-464-6349,t920:1 t240:2 t278:2 t523:3 t523:3 t468:4 t764:5 t860:6
slv-464-7103,t693:1 t636:2 t693:3 t670:3 t843:4 t843:4 t601:5 t601:5
slv-464-9399,t240:1 t523:2 t523:3 t468:3 t996:3 t569:5
slv-465-0288,t904:0 t545:1 t240:2 t523:3 t523:4 t468:5 t764:6 t764:6 t860:7
slv-465-2808,t903:0 t860:1 t885:1 t860:3 t903:4
slv-465-4127,t309:2 t460:3 t240:3 t523:4 t569:4 t523:5 t523:5 t468:6
slv-465-4927,t391:0 t904:0 t545:1 t240:2 t523:2 t523:3 t182:4 t885:4 t860:5
slv-465-5079,t670:2 t670:4 t486:5
slv-465-5760,t670:2 t670:4 t486:5
slv-465-7297,t926:1 t523:2 t523:3
slv-465-7455,t391:0 t905:0 t569:0
slv-465-7824,t670:2 t670:4 t486:5
slv-466-0570,t920:1 t240:2 t278:2 t523:3 t523:3 t468:4 t764:5 t860:6
slv-466-1666,t670:2 t670:4 t486:5
slv-466-1773,t788:0 t523:2 t523:3 t581:4
slv-466-2630,t788:1 t523:3 t523:3 t182:4
slv-466-4411,t670:2 t670:4 t486:5
slv-466-4765,t693:1 t636:2 t693:3 t670:3 t843:4 t843:4 t601:5 t601:5
slv-466-4815,t523:1 t523:3 t468:3
slv-466-5219,t448:0 t545:1 t448:2 t240:3 t926:3 t468:4 t764:6
slv-466-6426,t670:2 t670:4 t486:5
slv-466-7454,t670:2 t670:4 t486:5
slv-466-7856,t523:0 t182:2 t885:3 t860:4
slv-466-8037,t391:0 t545:2
slv-466-8154,t670:2 t670:4 t486:5
slv-466-8662,t670:2 t670:4 t486:5
slv-466-9336,t545:1 t240:1 t278:2 t523:3 t523:3 t468:4 t764:5 t885:5 t860:6
slv-466-9427,t670:2 t670:4 t486:5
slv-466-9830,t545:0 t240:1 t523:1 t240:2 t569:3 t523:3
slv-466-9875,t920:1 t240:2 t523:2 t569:3 t523:4 t523:4 t468:5
slv-467-0307,t670:2 t670:4 t486:5
slv-467-0558,t670:2 t670:4 t486:5
slv-467-1059,t670:2 t670:4 t486:5
slv-467-1068,t926:1 t926:2 t468:3 t926:4 t523:5 t468:6
slv-467-1541,t523:3 t182:3 t764:6
slv-467-1659,t920:1 t240:2 t278:2 t523:3 t523:3 t468:4 t764:5 t860:6
slv-467-2408,t860:0 t903:1 t860:1 t545:3
slv-467-2601,t905:0 t545:1
slv-467-2989,t523:1 t523:3 t182:3
slv-467-3083,t788:1 t523:3 t523:3 t182:4
slv-467-4969,t523:0 t523:0 t926:2 t926:2 t523:3 t468:3
slv-467-5266,t391:0 t545:2
slv-467-5507,t670:2 t670:4 t486:5
slv-467-5825,t670:2 t670:4 t486:5
slv-467-7566,t885:0 t860:1 t903:3 t860:5
slv-467-7619,t693:1 t636:2 t693:3 t670:3 t843:4 t843:4 t601:5 t601:5
slv-467-8119,t240:0 t926:1 t926:3 t468:4
slv-467-9591,t788:1 t523:2 t523:3 t581:4
slv-467-9636,t670:2 t670:4 t486:5
slv-468-0964,t670:2 t670:4 t486:5
slv-468-1239,t670:2 t670:4 t486:5
slv-468-1587,t736:0 t693:1 t636:1 t240:2 t523:3 t523:4 t182:5
slv-468-2218,t601:1 t601:2 t601:3
slv-468-3246,t670:2 t486:4 t486:5 t670:5 t670:6
slv-468-3844,t391:0 t904:0 t545:2
slv-468-4019,t523:1 t523:3 t468:4 t860:5 t523:6 t764:6 t860:7 t670:7
slv-468-4025,t670:2 t670:4 t636:5 t460:5 t240:6 t523:7 t523:7
slv-468-4504,t670:2 t670:4 t486:5
slv-468-4709,t670:2 t670:4 t486:5
slv-468-4752,t905:0 t545:1
slv-468-5781,t240:1 t926:3 t926:4 t523:5 t523:5 t182:6 t240:6 t468:7
slv-468-6653,t670:2 t670:4 t486:5
slv-468-6869,t741:1 t240:3 t926:3 t926:4 t468:5
slv-468-6921,t486:2 t486:4 t469:5 t636:5 t730:5 t523:6 t182:7
slv-468-7609,t670:1 t843:3 t843:4 t523:4 t182:7
slv-468-8474,t920:1 t240:2 t523:3 t523:4 t468:5 t860:6
slv-468-8607,t926:0 t926:1 t523:2 t523:3 t926:3
slv-469-0596,t788:0 t523:2 t523:3 t581:4
slv-469-0960,t885:0 t860:0 t904:7
slv-469-1086,t682:0 t240:2 t523:3 t523:3 t182:3 t885:3 t523:4 t468:4 t885:5
slv-469-1892,t240:1 t569:2 t860:5 t240:6 t523:7 t468:7
slv-469-2103,t693:4 t670:5 t670:6 t523:6 t182:7 t885:7 t860:7
slv-469-2198,t523:1 t523:3 t581:4
slv-469-2356,t920:1 t240:2 t523:3 t523:4 t468:5 t860:6
slv-469-2534,t670:0 t670:3 t486:5
slv-469-4092,t670:0 t670:3 t486:5
slv-469-4951,t240:0 t523:1 t523:2 t926:3 t523:4
slv-469-5720,t670:2 t670:4 t486:5
slv-469-6360,t904:5 t904:6 t670:7 t670:7
slv-469-6445,t764:3 t670:5 t670:6 t486:6 t670:7
slv-469-7401,t240:1 t523:2 t523:2 t569:3 t523:4 t523:4 t468:5
slv-469-7866,t240:1 t523:1 t523:2 t926:3 t523:3 t468:4
slv-470-0297,t760:0 t670:1 t670:4 t486:6
slv-470-0693,t240:0 t569:1 t523:2 t523:3 t569:4
slv-470-0811,t860:0 t391:1 t860:2 t545:3
slv-470-1042,t670:2 t670:4 t486:5
slv-470-3965,t670:2 t670:4 t486:5
slv-470-4571,t670:2 t670:4 t486:5
slv-470-5839,t903:1 t860:2 t670:3 t601:3 t601:4 t670:5 t545:5 t843:5 t843:5 t670:6 t843:6
slv-470-6907,t391:0 t860:0 t545:2
slv-470-7020,t903:0 t860:0 t903:1
slv-470-7077,t670:2 t670:4 t486:5
slv-470-7293,t788:1 t523:2 t523:3 t581:4
slv-470-7562,t523:1 t523:3 t182:4 t885:5 t860:6 t903:6 t860:7
slv-470-7981,t391:0 t860:0 t391:0 t545:1 t240:2 t523:3 t523:4
slv-470-9335,t391:0 t545:1
slv-470-9630,t670:2 t486:4 t486:5 t670:5 t670:6
slv-470-9792,t885:1 t860:3 t523:4 t182:5
slv-470-9821,t391:0 t905:0 t860:0 t545:2
slv-471-1715,t636:0 t167:0 t391:1 t496:2 t391:2 t545:3
slv-471-2673,t670:2 t670:4 t486:5
slv-471-2695,t670:2 t670:4 t486:5
slv-471-4193,t860:0 t903:1 t860:1 t545:3
slv-471-5658,t391:0 t904:0 t545:2
slv-471-6029,t240:1 t523:2 t523:2 t569:3 t523:4 t523:4 t468:5
slv-471-7563,t670:2 t670:4 t486:5
slv-471-7683,t670:2 t670:4 t486:5
slv-471-8881,t391:0 t448:0 t240:1 t926:3 t926:3 t523:4 t468:5
slv-471-9169,t860:0 t545:1 t904:2 t545:3 t391:4 t545:4
slv-471-9405,t670:2 t486:4 t486:5 t670:5 t670:6
slv-472-0123,t523:3 t182:4 t764:6 t860:7
slv-472-0279,t240:1 t523:1 t523:3 t569:3 t523:4 t468:5
slv-472-0548,t523:4 t182:6 t670:6 t670:7 t885:7 t860:7
slv-472-1443,t670:2 t670:4 t486:5
slv-472-1751,t670:2 t670:4 t486:5
slv-472-3105,t670:2 t670:4 t486:5
slv-472-3950,t523:4 t182:6 t670:6 t670:7 t885:7 t860:7
slv-472-4401,t905:0 t545:1
slv-472-4793,t920:1 t240:2 t523:3 t523:4 t468:5 t860:6
slv-472-5541,t860:0 t545:2
slv-472-5824,t670:2 t670:4 t486:5
slv-472-6843,t636:0 t904:3 t885:4 t860:5
slv-472-8393,t670:2 t670:4 t486:5
slv-472-8507,t448:1 t240:2 t523:3 t523:3 t468:4 t764:5 t885:6 t860:6
slv-472-9078,t670:5 t670:6 t486:7 t670:7
slv-472-9403,t670:2 t670:4 t486:5
slv-472-9570,t240:1 t926:1 t926:2 t523:3 t926:3 t468:5
slv-472-9779,t523:3 t182:5
slv-473-0247,t788:1 t523:2 t523:3 t581:4
slv-473-0723,t670:2 t486:4 t486:5 t670:5 t670:6
slv-473-0894,t682:0 t240:2 t523:3 t523:4 t182:5
slv-473-1519,t670:2 t670:4 t486:5
slv-473-1654,t670:2 t670:4 t486:5
slv-473-2084,t486:2 t486:4 t469:5 t636:5 t730:5 t523:6 t182:7
slv-473-2633,t860:0 t545:2
slv-473-2709,t106:1 t106:2 t240:3 t926:4 t926:4 t468:5 t670:5 t670:6 t903:6 t860:7
slv-473-2727,t920:1 t240:2 t523:3 t523:4 t468:5 t860:6
slv-473-2802,t920:1 t240:2 t278:2 t523:3 t523:3 t468:4 t764:5 t860:6
slv-473-3302,t788:1 t523:2 t523:3 t581:4
slv-473-3467,t523:6 t182:7 t670:7 t182:7 t885:7 t860:7
slv-473-3788,t904:5 t693:6 t693:7 t670:7 t693:7 t636:7
slv-473-5424,t670:2 t486:4 t486:5 t670:5 t670:6
slv-473-6808,t448:0 t545:1 t523:3 t523:4 t182:5
slv-473-7397,t329:1 t329:3 t631:4 t631:5
slv-473-7863,t739:1 t545:2 t391:3 t545:4
slv-473-8233,t448:1 t240:2 t523:3 t523:4 t182:4 t764:5 t885:6
slv-473-8312,t670:1 t670:2 t133:3 t741:3 t396:4 t636:4 t885:4 t860:5
slv-473-8624,t545:0 t391:1 t545:2 t904:3 t545:4
slv-473-8834,t670:2 t670:4 t486:5
slv-473-8897,t460:1 t240:2 t523:3 t523:3 t569:4 t523:4 t468:5
slv-473-9544,t545:1 t391:2 t545:3 t739:4 t545:4
slv-473-9694,t240:0 t523:1 t569:2 t523:3 t523:3 t468:4
slv-474-0367,t448:0 t545:1 t523:4 t523:5 t182:6
slv-474-1313,t920:1 t240:2 t523:3 t523:4 t468:5 t860:6
slv-474-1376,t670:2 t670:4 t486:5
slv-474-2329,t396:0 t523:2 t523:3 t182:4
slv-474-2549,t391:0 t736:1 t112:3 t523:4 t523:5 t182:6 t764:6 t764:7 t903:7 t860:7
slv-474-3022,t391:0 t904:0 t860:1 t545:3
slv-474-3543,t670:2 t670:4 t486:5
slv-474-4390,t920:1 t240:2 t278:2 t523:3 t523:3 t468:4 t764:5 t860:6
slv-474-5162,t670:2 t670:4 t486:5
slv-474-5667,t920:1 t240:2 t278:2 t523:3 t523:3 t468:4 t764:5 t860:6
slv-474-5880,t670:2 t670:4 t486:5
slv-474-6749,t391:0 t736:1 t112:3 t523:4 t523:5 t182:6 t764:6 t764:7 t903:7 t860:7
slv-474-6791,t693:4 t670:5 t670:6 t523:6 t182:7 t885:7 t860:7
slv-474-6845,t885:1 t860:4 t903:5 t860:6
slv-474-7003,t920:1 t240:2 t523:2 t569:3 t523:4 t523:4 t468:5
slv-474-7258,t391:0 t736:1 t112:2 t545:3 t240:3 t523:4 t523:4 t581:5 t523:6 t468:6 t764:7
slv-474-8359,t523:6 t182:7 t670:7 t182:7 t885:7 t860:7
slv-474-8553,t860:0 t903:1 t860:1 t545:3
slv-475-0236,t730:1 t240:2 t926:3 t926:4 t523:4 t468:5
slv-475-0932,t391:0 t904:0 t545:1 t240:2 t523:2 t523:3 t182:4 t885:4 t860:5
slv-475-1577,t693:2 t636:4 t885:5 t860:6
slv-475-2379,t693:1 t636:2 t693:3 t670:3 t843:4 t843:4 t601:5 t601:5
slv-475-2757,t240:2 t523:3 t523:4 t182:4 t764:6 t764:6 t636:7 t903:7 t860:7
slv-475-2846,t693:1 t636:2 t693:3 t670:3 t843:4 t843:4 t601:5 t601:5
slv-475-3383,t545:0 t523:1 t523:2 t182:3
slv-475-3739,t670:2 t486:4 t486:5 t670:5 t670:6
slv-475-5456,t523:3 t182:4
slv-475-5765,t391:0 t448:0 t523:2 t523:3 t182:4
slv-475-7394,t920:1 t240:2 t523:3 t523:4 t468:5 t860:6
slv-475-7455,t829:0 t545:1
slv-476-0496,t736:0 t693:1 t636:1 t240:2 t523:3 t523:4 t182:5
slv-476-2167,t636:0 t736:1 t112:2 t545:2 t240:3 t523:3 t523:4 t581:4 t523:5 t468:7
slv-476-2189,t486:2 t486:4 t469:5 t636:5 t730:5 t523:6 t182:7
slv-476-2191,t377:1 t377:2
slv-476-2273,t396:0 t523:3 t523:4 t182:5
slv-476-2419,t860:0 t391:1 t860:2 t545:4
slv-476-4329,t601:0 t601:2 t377:3 t377:4
slv-476-6433,t920:1 t240:2 t523:3 t523:4 t468:5 t860:6
slv-476-6698,t788:1 t523:2 t523:3 t581:4
slv-476-6701,t903:5 t860:6 t764:6 t486:7 t486:7 t670:7 t486:7
slv-476-6913,t920:1 t240:2 t278:2 t523:3 t523:3 t468:4 t764:5 t860:6
slv-476-7035,t736:0 t486:1 t486:3 t670:3 t523:4 t523:5 t182:6
slv-476-9184,t670:1 t601:3 t601:3 t670:4 t843:5 t843:5
slv-476-9430,t486:2 t486:4 t469:5 t636:5 t730:5 t523:6 t182:7
slv-476-9552,t670:2 t486:4 t486:5 t670:5 t670:6
slv-476-9579,t240:1 t926:2 t523:3 t523:3 t926:4 t468:4
slv-477-0006,t240:1 t523:2 t523:3 t468:4
slv-477-1228,t616:1 t523:2 t523:3 t569:4
slv-477-1272,t670:2 t670:4 t486:5
slv-477-1630,t670:2 t670:4 t486:5
slv-477-2056,t670:2 t670:4 t486:5
slv-477-2590,t448:0 t545:1 t448:2 t240:3 t926:3 t468:4 t764:6
slv-477-3148,t670:2 t670:4 t486:5
slv-477-3295,t670:2 t670:4 t486:5
slv-477-3469,t920:1 t240:2 t523:3 t523:4 t468:5 t860:6
slv-477-3664,t670:2 t670:4 t486:5
slv-477-3851,t670:2 t670:4 t486:5
slv-477-5273,t670:2 t670:4 t486:5
slv-477-5462,t496:0 t391:0 t904:0 t860:1
slv-477-5906,t788:1 t523:2 t523:3 t581:4
slv-477-6136,t764:2 t670:5 t670:6 t486:6 t670:7
slv-477-7392,t670:2 t670:4 t486:5
slv-477-7409,t670:2 t670:4 t486:5
slv-477-7530,t670:2 t670:4 t486:5
slv-477-7617,t670:2 t670:4 t486:5
slv-477-7786,t601:1 t601:2 t601:4
slv-477-8409,t693:4 t670:5 t670:6 t523:6 t182:7 t885:7 t860:7
slv-477-8440,t920:1 t240:2 t278:2 t523:3 t523:3 t468:4 t764:5 t860:6
slv-477-9312,t693:1 t636:2 t693:3 t670:3 t843:4 t843:4 t601:5 t601:5
slv-478-0311,t920:1 t240:2 t278:2 t523:3 t523:3 t468:4 t764:5 t860:6
slv-478-0559,t517:1 t517:3 t517:4 t517:4 t517:5
slv-478-1241,t240:1 t468:3 t240:4 t926:5 t523:5 t523:6 t468:7
slv-478-1449,t601:1 t601:2 t601:4
slv-478-1532,t167:1 t391:2 t545:3 t523:3 t240:4 t523:4 t523:5 t468:5
slv-478-3100,t670:2 t670:4 t486:5
slv-478-3887,t448:0 t240:1 t926:2 t523:3 t523:3 t569:5
slv-478-4264,t670:2 t486:4 t486:5 t670:5 t670:6
slv-478-4915,t764:2 t670:5 t670:6 t486:6 t670:7
slv-478-5703,t391:0 t904:0 t545:1 t240:2 t523:2 t523:3 t182:4 t885:4 t860:5
slv-478-6287,t396:0 t523:2 t523:3 t182:4
slv-478-7599,t496:0 t391:0 t904:0 t545:2
slv-478-8224,t670:2 t486:4 t486:5 t670:5 t670:6
slv-478-8256,t670:2 t670:4 t486:5
slv-478-9121,t448:0 t736:0 t112:1 t545:2 t523:3 t523:4 t468:4 t764:5 t885:6
slv-478-9172,t670:2 t486:4 t486:5 t670:5 t670:6
slv-478-9717,t240:2 t926:4 t523:5 t182:6 t523:6 t468:7 t670:7 t670:7
slv-478-9882,t670:2 t486:4 t670:5 t670:6
slv-479-1228,t670:2 t670:4 t486:5
slv-479-1297,t903:0 t860:1 t885:1 t860:3 t903:4
slv-479-1600,t670:2 t486:4 t486:5 t670:5 t670:6
slv-479-2020,t670:2 t670:4 t486:5
slv-479-2116,t670:2 t670:4 t486:5
slv-479-3343,t670:2 t670:4 t486:5
slv-479-4397,t670:2 t670:4 t486:5
slv-479-5340,t670:2 t486:4 t486:5 t670:5 t670:6
slv-479-5755,t670:2 t670:4 t486:5
slv-479-9145,t448:0 t240:1 t523:4 t182:6 t670:7 t182:7
slv-479-9929,t670:2 t670:4 t486:5
slv-480-0219,t670:2 t670:4 t486:5
slv-480-0761,t920:3 t920:4 t920:5
slv-480-0924,t670:2 t486:4 t670:5 t670:6
slv-480-2166,t448:5 t920:5 t391:6 t448:6 t240:6 t523:7
slv-480-2417,t523:1 t523:3 t468:3
slv-480-2874,t240:1 t926:2 t240:3 t468:6
slv-480-3067,t240:0 t523:2 t523:3 t468:4
slv-480-3597,t788:1 t523:3 t523:3 t182:4
slv-480-4406,t905:0 t545:1
slv-480-7016,t391:0 t860:0 t545:2
slv-480-7075,t670:2 t670:4 t486:5
slv-480-7204,t670:2 t670:4 t486:5
slv-480-7374,t523:0 t926:1 t523:2 t523:3 t468:3
slv-480-7528,t240:1 t926:1 t468:2 t240:3 t278:3 t523:3 t523:4 t468:5
slv-480-8263,t523:1 t523:3 t182:3
slv-480-8541,t670:2 t486:4 t486:5 t670:5 t670:6
slv-480-9159,t670:2 t670:4 t486:5
slv-480-9715,t920:1 t240:2 t523:3 t523:4 t468:5 t860:6
slv-481-0794,t670:2 t670:4 t486:5
slv-481-0871,t523:3 t182:4
slv-481-1315,t636:0 t904:3 t885:4 t860:5
slv-481-1363,t545:0 t391:1 t545:1 t240:2 t926:3 t926:3 t523:3 t523:4 t468:5
slv-481-1949,t672:0 t523:1 t523:2 t182:3
slv-481-2154,t788:0 t523:2 t523:3 t581:4
slv-481-2663,t920:1 t240:2 t523:3 t523:4 t468:5 t860:6
slv-481-3299,t860:0 t545:2
slv-481-3446,t670:2 t486:4 t486:5 t670:5 t670:6
slv-481-4649,t536:1 t240:1 t926:2 t468:3
slv-481-4687,t670:2 t670:4 t486:5
slv-481-5118,t670:2 t670:4 t486:5
slv-481-5297,t167:1 t391:2 t904:3 t860:3 t545:4 t240:4 t523:5
slv-481-6372,t448:1 t240:2 t523:3 t523:4 t182:4 t764:5 t885:6
slv-481-8222,t693:1 t670:3 t670:4 t693:4 t636:5 t885:6 t860:6
slv-481-8239,t670:2 t486:4 t486:5 t670:5 t670:6
slv-481-8755,t670:2 t486:4 t486:5 t670:5 t670:6
slv-481-9799,t670:2 t670:4 t486:5
slv-482-0219,t903:1 t860:2 t670:3 t601:3 t601:4 t670:5 t545:5 t843:5 t843:5 t670:6 t843:6
slv-482-0313,t670:2 t670:4 t486:5
slv-482-1265,t523:1 t523:3 t182:3
slv-482-1966,t605:1 t240:1 t523:2 t523:3 t468:3 t240:4 t926:4 t468:5
slv-482-2037,t486:2 t486:4 t469:5 t636:5 t730:5 t523:6 t182:7
slv-482-3238,t991:0 t814:3 t814:4 t631:5 t631:6 t631:7
slv-482-4142,t682:0 t240:2 t523:3 t523:3 t182:3 t885:3 t523:4 t468:4 t885:5
slv-482-4998,t460:1 t240:2 t523:2 t569:3 t523:4 t523:4 t468:5
slv-482-5091,t670:0 t670:3 t486:5
slv-482-5963,t885:0 t904:2 t885:3 t860:4
slv-482-7031,t670:2 t670:4 t486:5
slv-482-9893,t670:2 t670:4 t486:5
slv-482-9978,t670:2 t670:4 t486:5
slv-483-0330,t693:1 t670:3 t670:4 t693:4 t636:5 t885:6 t860:6
slv-483-0505,t496:0 t391:0 t904:0 t545:2
slv-483-0537,t788:1 t523:2 t523:3 t581:4
slv-483-0741,t670:2 t670:4 t486:5
slv-483-2141,t670:2 t670:4 t486:5
slv-483-2426,t670:2 t486:4 t486:5 t670:5 t670:6
slv-483-2615,t905:0 t545:1
slv-483-2702,t391:0 t904:0 t860:0 t391:1 t545:3
slv-483-2967,t670:2 t670:4 t486:5
slv-483-4943,t903:0 t860:3 t670:5 t670:6 t486:7
slv-483-4992,t670:2 t670:4 t486:5
slv-483-5279,t764:2 t670:5 t670:6 t486:6 t670:7
slv-483-6221,t693:1 t636:2 t693:3 t670:3 t843:4 t843:4 t601:5 t601:5
slv-483-6723,t693:1 t636:2 t693:3 t670:3 t843:4 t843:4 t601:5 t601:5
slv-483-7140,t905:0 t545:0 t860:1 t545:3
slv-483-8461,t670:2 t670:4 t486:5
slv-483-8595,t670:2 t670:4 t486:5
slv-483-8733,t670:2 t670:4 t486:5
slv-483-9966,t391:0 t545:2 t670:4 t670:5 t486:6 t486:6 t670:7
slv-484-0663,t601:1 t601:2 t601:4
slv-484-1116,t920:1 t240:2 t523:3 t523:4 t468:5 t860:6
slv-484-1149,t636:0 t167:0 t496:1 t391:2 t545:2 t240:3 t523:4 t523:4 t182:5
slv-484-1908,t448:0 t240:1 t926:2 t523:3 t523:3 t569:5
slv-484-2743,t670:2 t670:4 t486:5
slv-484-2764,t240:1 t926:3 t523:4 t468:5 t240:6 t468:7
slv-484-3430,t885:1 t860:3 t523:4 t182:5
slv-484-4016,t523:3 t182:4 t764:6 t860:7
slv-484-4412,t905:0 t545:1
slv-484-4455,t391:0 t736:1 t112:3 t523:4 t523:5 t182:6 t764:6 t764:7 t903:7 t860:7
slv-484-4603,t672:1 t523:2 t523:3 t581:4
slv-484-5055,t523:3 t182:3
slv-484-6569,t670:2 t670:4 t486:5
slv-484-7477,t670:2 t670:4 t486:5
slv-484-8993,t788:0 t523:2 t523:3 t581:4
slv-484-9098,t240:1 t523:1 t523:2 t569:3 t523:4 t468:5
slv-484-9212,t920:1 t240:2 t278:2 t523:3 t523:3 t468:4 t764:5 t860:6
slv-484-9483,t460:1 t240:2 t926:3 t468:4
slv-485-0428,t460:1 t240:2 t523:3 t523:3 t569:4 t523:4 t468:5
slv-485-0595,t601:1 t601:3 t601:4
slv-485-1205,t860:0 t545:2
slv-485-1844,t860:0 t903:1 t860:1 t545:3
slv-485-2183,t601:1 t601:2 t601:4
slv-485-3304,t670:2 t486:4 t486:5 t670:5 t670:6
slv-485-4248,t670:2 t670:4 t486:5
slv-485-4426,t670:2 t670:4 t486:5
slv-485-5076,t601:1 t601:2 t601:4
slv-485-5108,t785:0 t814:2 t814:3 t785:4 t785:5
slv-485-5139,t670:2 t670:4 t486:5
slv-485-5689,t391:0 t545:1 t653:2 t545:2 t885:3 t860:4 t545:5
slv-485-5769,t240:1 t523:1 t523:2 t569:3 t523:4 t468:5
slv-485-6732,t167:1 t391:2 t904:3 t860:3 t545:4 t240:4 t523:5
slv-485-9014,t920:1 t240:2 t278:2 t523:3 t523:3 t468:4 t764:5 t860:6
slv-485-9341,t920:1 t240:2 t278:2 t523:3 t523:3 t468:4 t764:5 t860:6
slv-486-0464,t670:2 t670:4 t486:5
slv-486-0469,t920:1 t240:2 t278:2 t523:3 t523:3 t468:4 t764:5 t860:6
slv-486-0491,t240:1 t523:1 t523:2 t569:3 t523:4 t468:5
slv-486-0511,t391:0 t736:1 t112:3 t523:4 t523:5 t182:6 t764:6 t764:7 t903:7 t860:7
slv-486-1269,t670:2 t670:4 t486:5
slv-486-1945,t240:1 t926:3 t523:4 t468:5 t240:6 t468:7
slv-486-2396,t460:1 t240:2 t523:2 t523:3 t569:3 t523:4 t468:5
slv-486-3199,t167:1 t391:2 t545:3 t523:3 t240:4 t523:4 t523:5 t468:5
slv-486-3764,t240:0 t523:1 t523:2 t926:3 t523:3 t468:4
slv-486-4164,t391:1 t736:2 t112:3 t545:3 t523:4 t240:4 t523:4 t523:5 t581:5 t885:6
slv-486-5334,t601:1 t601:2 t601:4
slv-486-5698,t496:0 t391:0 t904:0 t545:3
slv-486-6008,t670:2 t486:4 t486:5 t670:5 t670:6
slv-486-6272,t460:0 t240:1 t926:2 t523:3 t523:4 t569:5
slv-486-7477,t764:2 t670:5 t670:6 t486:6 t670:7
slv-486-8848,t788:1 t523:2 t523:3 t581:4
slv-486-9815,t240:1 t926:1 t926:3 t240:4 t468:6
slv-486-9995,t788:0 t523:2 t523:3 t581:4
slv-487-0290,t670:2 t670:4 t486:5
slv-487-1237,t460:2 t240:5 t523:6 t523:6 t468:7 t670:7 t670:7 t636:7
slv-487-1604,t523:3 t182:4 t764:6 t860:7
slv-487-1979,t167:1 t391:2 t545:3 t523:3 t240:4 t523:4 t523:5 t468:5
slv-487-2266,t670:2 t670:4 t486:5
slv-487-2570,t391:0 t736:1 t112:2 t545:3 t240:3 t523:4 t523:4 t581:5 t523:6 t468:6 t764:7
slv-487-2626,t885:2 t860:4 t670:5 t670:6
slv-487-3613,t523:0 t926:1 t523:2 t523:3 t468:3
slv-487-4560,t670:2 t670:4 t486:5
slv-487-5093,t860:0 t391:1 t860:2 t545:3
slv-487-5253,t670:2 t670:4 t486:5
slv-487-7121,t920:3 t920:4 t920:5
slv-487-8107,t605:1 t240:2 t523:3 t523:3 t468:4 t764:5 t860:6
slv-487-8446,t240:1 t926:1 t468:2 t240:3 t278:3 t523:3 t523:4 t468:5
slv-487-9427,t920:1 t240:2 t278:2 t523:3 t523:3 t468:4 t764:5 t860:6
slv-488-2067,t860:0 t545:1 t391:2 t545:3
slv-488-2084,t391:0 t545:1 t240:2 t523:3 t523:3 t182:4
slv-488-2641,t760:2 t240:4 t240:5 t523:6 t523:7 t468:7
slv-488-3566,t545:1 t240:1 t926:2 t926:3 t468:3 t764:4 t885:5 t860:6
slv-488-5015,t670:2 t486:4 t486:5 t670:5 t670:6
slv-488-6897,t670:2 t670:4 t486:5
slv-488-7268,t670:5 t670:7 t885:7 t860:7 t903:7 t860:7 t670:7
slv-488-7458,t736:0 t693:1 t682:2 t523:3 t523:4 t182:4
slv-488-7706,t460:1 t240:2 t926:3 t926:4 t523:4 t468:5
slv-488-7972,t670:2 t670:4 t486:5
slv-488-7979,t670:2 t486:4 t486:5 t670:5 t670:6
slv-488-7981,t905:0 t545:1
slv-488-8075,t601:1 t601:2 t601:4
slv-488-8617,t460:1 t240:2 t523:3 t569:4 t523:5 t523:5 t468:6
slv-488-9497,t167:1 t391:2 t545:3 t523:3 t240:4 t523:4 t523:5 t468:5
slv-488-9961,t601:1 t601:3 t601:4
slv-489-0347,t523:3 t182:4
slv-489-0628,t523:3 t182:4 t764:6 t860:7
slv-489-0759,t601:1 t601:3
slv-489-1089,t920:1 t240:2 t278:2 t523:3 t523:3 t468:4 t764:5 t860:6
slv-489-1832,t396:0 t523:2 t523:3 t182:4
slv-489-2346,t670:2 t670:4 t486:5
slv-489-2358,t460:1 t240:2 t926:3 t468:4
slv-489-2760,t926:1 t523:3 t523:3 t468:3
slv-489-3027,t736:0 t636:1 t523:4 t523:5 t182:5 t486:6 t486:7
slv-489-3210,t240:2 t926:4 t926:5 t523:6 t523:6 t182:7
slv-489-3561,t670:2 t670:4 t486:5
slv-489-3741,t670:2 t486:4 t486:5 t670:5 t670:6
slv-489-3965,t860:0 t545:0 t905:1 t545:2
slv-489-4779,t167:1 t391:2 t496:2 t391:3 t545:3 t523:4 t240:4 t523:4 t523:5 t468:5
slv-489-5309,t920:1 t240:2 t523:3 t523:4 t468:5 t860:6
slv-489-5329,t860:0 t670:5 t670:7
slv-489-7016,t523:3 t182:4 t764:6 t860:7
slv-489-7650,t579:1 t843:2 t843:3 t579:4 t579:5
slv-489-8091,t670:2 t670:4 t486:5
slv-489-8370,t670:2 t670:4 t486:5
slv-489-8565,t670:2 t670:4 t486:5
slv-489-8602,t739:0 t545:1 t329:2 t329:3 t545:4
slv-489-9217,t670:2 t486:4 t486:5 t670:5 t670:6
slv-489-9388,t764:2 t670:5 t670:6 t486:6 t670:7
slv-489-9396,t788:1 t523:2 t523:3 t581:4
slv-489-9849,t670:2 t670:4 t486:5
slv-490-0444,t920:1 t240:2 t523:3 t523:4 t468:5 t860:6
slv-490-0961,t920:1 t240:2 t278:2 t523:3 t523:3 t468:4 t764:5 t860:6
slv-490-1536,t636:0 t736:1 t112:2 t545:2 t240:3 t523:3 t523:4 t581:4 t523:5 t468:7
slv-490-1619,t391:0 t545:1 t240:2 t523:3 t523:4
slv-490-2187,t396:0 t523:2 t523:3 t182:4
slv-490-2320,t670:2 t670:4 t486:5
slv-490-2502,t670:2 t670:4 t486:5
slv-490-3095,t920:1 t240:2 t523:3 t523:4 t468:5 t860:6
slv-490-3438,t396:0 t523:3 t523:4 t182:5
slv-490-3616,t240:1 t926:1 t468:2 t240:3 t278:3 t523:3 t523:4 t468:5
slv-490-3701,t240:1 t926:1 t468:2 t240:3 t278:3 t523:3 t523:4 t468:5
slv-490-3853,t670:2 t670:4 t486:5
slv-490-4228,t460:1 t240:2 t523:4 t523:5 t468:6
slv-490-5239,t670:2 t670:4 t486:5
slv-490-5691,t448:0 t736:0 t523:1 t523:4 t182:5 t764:6 t764:6 t670:7 t670:7
slv-490-6706,t670:2 t670:4 t486:5
slv-490-6833,t523:1 t523:3 t182:3
slv-490-7105,t391:1 t736:2 t112:3 t545:3 t523:4 t240:4 t523:4 t523:5 t581:5 t885:6
slv-490-7217,t523:2 t182:3 t885:4 t860:5
slv-490-7756,t860:0 t545:2
slv-490-7932,t240:1 t926:3 t926:4 t523:5 t523:5 t182:6 t240:6 t468:7
slv-490-8247,t670:2 t670:4 t486:5
slv-490-8486,t460:1 t240:2 t926:3 t468:4
slv-491-0162,t636:0 t391:1 t545:2 t523:3 t240:3 t523:4 t523:4 t468:5 t764:6
slv-491-0654,t670:2 t670:4 t486:5
slv-491-0788,t670:2 t670:4 t486:5
slv-491-2295,t391:0 t904:0 t860:0 t545:3
slv-491-2429,t920:1 t240:2 t278:2 t523:3 t523:3 t468:4 t764:5 t860:6
slv-491-2461,t460:1 t240:2 t926:3 t468:4
slv-491-3599,t670:2 t670:4 t486:5
slv-491-4007,t496:0 t391:0 t904:0 t545:2
slv-491-4078,t670:2 t486:4 t486:5 t670:5 t670:6
slv-491-5340,t391:0 t736:1 t112:2 t545:3 t240:3 t523:4 t523:4 t581:5 t523:6 t468:6 t764:7
slv-491-5745,t448:0 t240:1 t926:2 t523:3 t523:3 t569:5
slv-491-6853,t991:3 t631:5 t631:6 t631:7
slv-491-7023,t448:1 t240:3 t523:5 t468:6 t670:6 t670:7 t860:7 t220:7
slv-491-7206,t670:2 t670:4 t486:5
slv-491-7915,t601:1 t601:2 t601:4
slv-491-8980,t920:1 t240:2 t523:3 t523:4 t468:5 t860:6
slv-491-8997,t670:2 t486:4 t486:5 t670:5 t670:6
slv-492-0307,t670:2 t670:4 t486:5
slv-492-0369,t670:2 t670:4 t486:5
slv-492-1827,t670:1 t843:3 t843:4 t523:4 t182:7
slv-492-3173,t920:1 t240:2 t523:3 t523:4 t468:5 t860:6
slv-492-3746,t391:0 t545:1 t545:2 t523:3 t523:4 t182:4
slv-492-3964,t523:1 t523:3 t182:4
slv-492-4565,t636:0 t167:0 t391:1 t496:2 t391:2 t545:3
slv-492-4784,t788:1 t523:2 t523:3 t581:4
slv-492-5178,t670:2 t670:4 t486:5
slv-492-5331,t396:0 t240:1 t926:2 t523:3 t523:3 t926:4 t468:5
slv-492-5394,t448:1 t240:3 t523:5 t468:6 t670:6 t670:7 t860:7 t220:7
slv-492-5934,t670:2 t486:4 t670:5 t670:6
slv-492-6370,t693:2 t636:4 t885:5 t860:6
slv-492-6529,t240:1 t926:3 t523:4 t468:5 t240:6 t468:7
slv-492-6713,t670:2 t670:4 t486:5
slv-492-7748,t920:1 t240:2 t278:2 t523:3 t523:3 t468:4 t764:5 t860:6
slv-492-8740,t920:1 t240:2 t278:2 t523:3 t523:3 t468:4 t764:5 t860:6
slv-492-9096,t601:1 t601:3 t601:4
slv-492-9845,t670:2 t670:4 t486:5
slv-492-9899,t605:1 t240:3 t523:4 t523:5 t468:5 t860:6
slv-492-9922,t523:6 t182:7 t670:7 t182:7 t885:7 t860:7
slv-493-0070,t670:2 t670:4 t486:5
slv-493-1526,t670:2 t670:4 t486:5
slv-493-2475,t670:2 t670:4 t486:5
slv-493-3740,t670:3 t670:5 t486:6
slv-493-4007,t670:2 t670:4 t486:5
slv-493-4053,t670:2 t670:4 t486:5
slv-493-5211,t670:2 t670:4 t486:5
slv-493-5715,t670:1 t670:2 t133:3 t741:3 t396:4 t636:4 t885:4 t860:5
slv-493-6140,t670:2 t670:4 t486:5
slv-493-6151,t486:2 t486:4 t469:5 t636:5 t730:5 t523:6 t182:7
slv-493-6254,t670:3 t670:5 t486:6
slv-493-6294,t760:0 t670:1 t670:4 t486:6
slv-493-6795,t579:1 t579:1 t843:3 t843:4
slv-493-7371,t788:1 t523:3 t523:3 t182:4
slv-493-9133,t545:1 t523:3 t523:4 t182:6
slv-493-9366,t601:1 t601:2 t601:4
slv-493-9478,t496:1 t860:2 t545:3
slv-493-9496,t904:0 t545:0 t391:1 t545:3
slv-493-9585,t523:1 t523:3 t581:3
slv-493-9907,t670:2 t486:4 t486:5 t670:5 t670:6
slv-494-0663,t670:2 t670:4 t486:5
slv-494-1202,t885:0 t860:2 t903:3 t860:5
slv-494-1418,t920:1 t240:2 t278:2 t523:3 t523:3 t468:4 t764:5 t860:6
slv-494-2395,t885:2 t860:5 t903:6 t860:7
slv-494-2473,t636:0 t167:1 t240:1 t926:2 t523:3 t523:4 t926:5
slv-494-3441,t920:1 t240:2 t278:2 t523:3 t523:3 t468:4 t764:5 t860:6
slv-494-3535,t670:2 t670:4 t486:5
slv-494-4600,t240:1 t523:2
slv-494-4887,t486:2 t486:4 t469:5 t636:5 t730:5 t523:6 t182:7
slv-494-5752,t788:1 t523:2 t523:3 t581:4
slv-494-6670,t636:0 t167:0 t496:1 t391:2 t545:3 t240:3 t523:4 t523:4 t468:5
slv-494-7077,t920:1 t240:2 t278:2 t523:3 t523:3 t468:4 t764:5 t860:6
slv-494-7293,t391:0 t545:2
slv-494-7358,t670:2 t670:4 t486:5
slv-494-7870,t693:1 t636:2 t693:3 t670:3 t843:4 t843:4 t601:5 t601:5
slv-494-8545,t788:1 t523:2 t523:3 t581:4
slv-494-8854,t460:1 t240:2 t523:2 t569:3 t523:3 t523:4 t468:5 t569:6
slv-494-8914,t391:0 t905:0
slv-494-9913,t926:1 t468:3
slv-495-0477,t496:0 t904:0 t496:0 t391:0 t904:1 t545:2 t523:3
slv-495-0539,t391:0 t545:1
slv-495-1567,t670:1 t843:3 t843:4 t523:4 t182:7
slv-495-2812,t739:1 t545:2 t391:3 t545:4
slv-495-3336,t670:2 t670:4 t486:5
slv-495-3442,t788:1 t523:2 t523:3 t581:4
slv-495-3884,t670:2 t670:4 t486:5
slv-495-4020,t448:1 t240:2 t523:3 t523:4 t182:4 t764:5 t885:6
slv-495-4137,t523:3 t182:4
slv-495-4504,t739:1 t545:2 t391:3 t545:4
slv-495-4825,t636:0 t523:2 t523:4 t182:4 t486:5 t670:6 t486:6 t486:7
slv-495-5161,t788:1 t523:2 t523:3 t581:4
slv-495-5487,t741:1 t240:3 t926:3 t468:4 t523:5 t182:5
slv-495-6054,t693:2 t636:4 t885:5 t860:6
slv-495-6919,t670:2 t670:4 t486:5
slv-495-7175,t523:5 t182:7 t670:7 t182:7 t885:7 t860:7
slv-495-7226,t860:0 t545:2
slv-495-8034,t391:0 t736:1 t112:2 t545:3 t240:3 t523:4 t523:4 t581:5 t523:6 t468:6 t764:7
slv-495-8436,t670:2 t670:4 t486:5
slv-495-9845,t391:0 t736:1 t112:2 t545:3 t240:3 t523:4 t523:4 t581:5 t523:6 t468:6 t764:7
slv-495-9889,t670:2 t670:4 t486:5
slv-496-0207,t670:2 t486:4 t486:5 t670:5 t670:6
slv-496-1211,t391:0 t904:2 t885:2 t860:3 t391:4 t545:5
slv-496-4902,t670:2 t670:4 t486:5
slv-496-6660,t670:2 t670:4 t486:5
slv-496-6975,t240:1 t926:3 t523:4 t468:5 t240:6 t468:7
slv-496-7559,t396:0 t240:1 t523:2 t523:3 t182:3 t240:4 t926:4 t468:5
slv-496-7712,t448:0 t240:2 t523:4 t523:5 t468:6 t764:7 t860:7
slv-496-8586,t670:2 t670:4 t486:5
slv-496-9208,t693:2 t636:4 t885:5 t860:6
slv-497-2155,t788:0 t523:1 t523:2 t182:3
slv-497-2339,t460:2 t240:5 t523:6 t523:6 t468:7 t670:7 t670:7 t636:7
slv-497-3884,t788:0 t523:2 t523:3 t581:4
slv-497-4086,t496:0 t391:0 t904:0 t545:3
slv-497-5130,t670:2 t486:4 t486:5 t670:5 t670:6
slv-497-5222,t670:2 t670:4 t486:5
slv-497-5252,t670:2 t670:4 t486:5
slv-497-7147,t391:1 t736:2 t112:3 t545:3 t523:4 t240:4 t523:4 t523:5 t581:5 t885:6
slv-497-7313,t167:1 t391:2 t545:3 t523:3 t240:4 t523:4 t523:5 t468:5
slv-497-8621,t391:0 t905:0 t860:0 t545:2
slv-497-8999,t523:6 t182:7 t670:7 t182:7 t885:7 t860:7
slv-497-9065,t579:1 t843:2 t843:3 t579:4 t579:5
slv-498-0265,t391:0 t860:0 t391:0 t545:1
slv-498-1293,t601:1 t601:2 t601:3
slv-498-1829,t920:1 t240:2 t523:3 t523:4 t468:5 t860:6
slv-498-2157,t358:1 t240:2 t926:3 t523:5
slv-498-3042,t670:1 t843:3 t843:4 t523:4 t182:7
slv-498-3449,t545:1 t523:3 t182:4 t523:5 t581:6
slv-498-4380,t670:2 t670:4 t486:5
slv-498-4772,t670:2 t670:4 t486:5
slv-498-4842,t601:1 t601:2 t601:4
slv-498-5905,t523:3 t182:4
slv-498-6248,t167:1 t391:2 t545:3 t523:3 t240:4 t523:4 t523:5 t468:5
slv-498-6612,t860:0 t545:2
slv-498-7083,t670:2 t670:4 t486:5
slv-498-7174,t670:2 t670:4 t486:5
slv-498-9291,t545:1 t391:2 t545:3 t739:4 t545:4
slv-498-9361,t670:2 t670:4 t486:5
slv-499-0220,t460:1 t240:2 t926:3 t468:4
slv-499-0306,t926:1 t996:1
slv-499-0593,t523:3 t182:4 t764:6 t860:7
slv-499-1020,t670:2 t670:4 t486:5
slv-499-1233,t670:2 t670:4 t486:5
slv-499-2729,t396:0 t523:2 t523:3 t182:4
slv-499-2760,t670:2 t670:4 t486:5
slv-499-3362,t670:1 t670:2 t133:3 t741:3 t396:4 t636:4 t885:4 t860:5
slv-499-3439,t670:2 t670:4 t486:5
slv-499-3730,t670:2 t670:4 t486:5
slv-499-4129,t670:2 t670:4 t486:5
slv-499-5745,t670:0 t670:3 t486:5
slv-499-6021,t788:5 t523:6 t523:7 t581:7
slv-499-6272,t670:2 t670:4 t486:5
slv-499-7353,t460:1 t240:2 t523:3 t569:3 t523:4 t523:4 t468:5
slv-499-8169,t670:2 t670:4 t486:5
slv-499-8202,t670:2 t670:4 t486:5
slv-499-8329,t448:3 t920:5 t391:5 t545:5 t448:6 t240:6 t523:6 t523:7
slv-499-8878,t601:1 t601:3 t601:4
slv-499-9360,t391:1 t545:1 t391:2 t860:3 t545:3 t240:3 t523:4 t468:5
slv-500-0450,t670:2 t486:4 t670:5 t670:6
slv-500-0558,t670:2 t670:4 t486:5
slv-500-3561,t240:1 t523:2 t523:3 t468:4
slv-500-4260,t788:1 t523:2 t523:3 t581:4
slv-500-4381,t396:0 t240:1 t523:2 t523:3 t182:3 t240:3 t926:4 t468:5
slv-500-5347,t391:0 t736:1 t112:3 t523:4 t523:5 t182:6 t764:6 t764:7 t903:7 t860:7
slv-500-5652,t670:2 t670:4 t486:5
slv-500-5962,t670:2 t670:4 t486:5
slv-500-6579,t167:1 t391:1 t904:2 t860:3 t545:3 t523:4 t523:4 t926:5
slv-500-6793,t460:2 t240:5 t523:6 t523:6 t468:7 t670:7 t670:7 t636:7
slv-500-6977,t523:1 t523:3 t182:3
slv-500-7446,t920:1 t240:2 t523:3 t569:5 t523:6 t468:7 t670:7
slv-500-7934,t905:0 t545:0 t860:1 t545:2
slv-500-8159,t523:1 t523:3 t468:3
slv-500-8649,t601:1 t601:3 t601:4
slv-500-8680,t670:0 t670:3 t486:5
slv-500-9434,t670:2 t486:4 t486:5 t670:5 t670:6
slv-501-0404,t670:2 t670:4 t486:5
slv-501-1943,t693:2 t636:4 t885:5 t860:6
slv-501-3116,t670:2 t670:4 t486:5
slv-501-3892,t523:1 t523:3 t182:3
slv-501-4023,t920:1 t240:2 t523:3 t523:4 t468:5 t860:6
slv-501-4050,t672:1 t523:2 t523:3 t581:4
slv-501-4149,t670:2 t486:4 t486:5 t670:5 t670:6
slv-501-5043,t670:2 t486:4 t486:5 t670:5 t670:6
slv-501-5175,t246:3 t460:4 t240:4 t523:5 t523:5 t569:5 t523:6 t468:6
slv-501-6100,t670:0 t670:3 t486:5
slv-501-8564,t448:1 t240:2 t523:3 t523:4 t182:4 t764:5 t885:6
slv-501-8678,t523:1 t523:3 t182:3
slv-501-8761,t860:0 t670:5 t670:7
slv-501-9049,t904:0 t545:1 t240:2 t523:3 t523:4 t468:5 t764:6 t764:6 t860:7
slv-501-9260,t736:0 t693:1 t636:1 t240:2 t523:3 t523:4 t182:5
slv-502-1064,t736:0 t693:1 t682:2 t523:3 t523:4 t182:4
slv-502-1075,t670:2 t670:4 t486:5
slv-502-1505,t496:0 t391:0 t904:0 t545:2
slv-502-2296,t670:5 t670:6 t486:7 t670:7
slv-502-3289,t788:1 t523:3 t523:3 t468:4
slv-502-3731,t128:3 t128:4 t631:5 t631:5 t329:5 t329:6
slv-502-3886,t670:5 t670:6 t486:7 t670:7
slv-502-4588,t636:0 t736:1 t112:2 t545:2 t240:3 t523:3 t523:4 t581:4 t523:5 t468:7
slv-502-5460,t523:0 t182:2 t885:3 t860:4
slv-502-5755,t670:2 t670:4 t486:5
slv-502-6227,t670:2 t670:4 t486:5
slv-502-6234,t764:2 t670:5 t670:6 t486:6 t670:7
slv-502-6321,t670:2 t670:4 t486:5
slv-502-6508,t167:1 t391:2 t545:3 t523:3 t240:4 t523:4 t523:5 t468:5
slv-502-6701,t523:3 t182:4
slv-502-6900,t167:1 t391:2 t545:3 t523:3 t240:4 t523:4 t523:5 t468:5
slv-502-7354,t448:0 t240:1 t926:2 t926:3 t468:3 t764:4 t885:5 t860:6
slv-502-9894,t240:1 t926:1 t468:2 t240:3 t278:3 t523:3 t523:4 t468:5
slv-503-0051,t240:1 t523:1 t523:2 t569:3 t523:4 t468:5
slv-503-0349,t814:1 t814:4 t631:5 t631:6 t631:6
slv-503-0900,t670:0 t670:3 t486:5
slv-503-1712,t670:2 t670:4 t486:5
slv-503-2417,t905:0 t545:1
slv-503-2745,t670:2 t670:4 t486:5
slv-503-3177,t601:1 t601:2 t601:4
slv-503-4038,t670:2 t670:4 t486:5
slv-503-4162,t670:2 t670:4 t486:5
slv-503-4594,t885:3 t860:4 t903:4 t860:5
slv-503-4642,t672:1 t523:2 t523:3 t581:4
slv-503-4856,t670:2 t670:4 t486:5
slv-503-5199,t460:1 t240:2 t523:3 t569:4 t523:5 t523:5 t468:6
slv-503-5993,t670:2 t670:4 t486:5
slv-503-6274,t670:2 t486:4 t486:5 t670:5 t670:6
slv-503-6283,t670:2 t670:4 t486:5
slv-503-8274,t920:1 t240:2 t523:3 t523:4 t468:5 t860:6
slv-503-8727,t579:1 t843:2 t843:3 t579:4 t579:5
slv-503-8807,t670:2 t670:4 t486:5
slv-503-9038,t240:0 t523:1 t523:2 t569:3 t523:3
slv-503-9071,t460:2 t240:5 t523:6 t523:6 t468:7 t670:7 t670:7 t636:7
slv-503-9480,t486:2 t486:4 t469:5 t636:5 t730:5 t523:6 t182:7
slv-504-0102,t670:2 t486:4 t486:5 t670:5 t670:6
slv-504-2047,t601:1 t601:2 t601:4
slv-504-2814,t670:2 t670:4 t486:5
slv-504-3131,t905:0 t545:1
slv-504-3737,t240:1 t926:2 t240:3 t468:6
slv-504-4551,t920:1 t240:3 t926:4 t468:5 t670:5 t670:6 t523:6 t468:6
slv-504-4736,t670:2 t486:4 t486:5 t670:5 t670:6
slv-504-5133,t926:0 t926:1 t523:2 t523:3 t926:3
slv-504-5357,t904:5 t693:6 t693:7 t670:7 t693:7 t636:7
slv-504-5580,t448:1 t240:2 t523:3 t523:4 t182:4 t764:5 t885:6
slv-504-6494,t670:2 t670:4 t486:5
slv-504-6611,t670:2 t670:4 t486:5
slv-504-7875,t240:0 t926:2 t926:3 t523:3 t468:5
slv-504-8640,t904:0 t545:1 t240:2 t523:3 t523:4 t468:5 t764:6 t764:6 t860:7
slv-504-9239,t601:1 t601:2 t601:4
slv-505-1428,t904:0 t545:0 t391:0 t545:1 t904:2 t860:3 t545:4
slv-505-3156,t523:2 t523:3 t182:4
slv-505-3329,t670:2 t486:4 t670:5 t670:6
slv-505-4176,t240:1 t926:1 t523:3 t523:3
slv-505-4579,t240:0 t523:1 t523:2 t182:3
slv-505-5038,t920:1 t240:2 t278:2 t523:3 t523:3 t468:4 t764:5 t860:6
slv-505-5100,t670:2 t670:4 t486:5
slv-505-7348,t670:2 t670:4 t486:5
slv-505-9245,t636:0 t904:3 t885:4 t860:5
slv-505-9903,t391:0 t904:0 t545:2
slv-506-1189,t788:1 t523:2 t523:3 t581:4
slv-506-1331,t860:0 t545:1 t904:2 t545:3 t391:4 t545:4
slv-506-2374,t555:1 t486:3 t523:4 t523:5 t182:7
slv-506-2723,t670:2 t670:4 t486:5
slv-506-3149,t920:1 t240:2 t278:2 t523:3 t523:3 t468:4 t764:5 t860:6
slv-506-4324,t693:1 t636:2 t693:3 t670:3 t843:4 t843:4 t601:5 t601:5
slv-506-4363,t670:3 t670:5 t486:6
slv-506-4430,t920:1 t240:2 t523:3 t523:4 t468:5 t860:6
slv-506-7180,t601:1 t601:2 t601:4
slv-506-7269,t523:1 t523:3 t581:3
slv-506-7810,t860:0 t903:1 t860:1 t545:3
slv-506-8529,t636:0 t391:0 t545:1 t670:2 t670:3 t486:3 t240:3 t523:3 t523:3 t182:5
slv-506-9224,t670:2 t670:4 t486:5
slv-506-9335,t920:1 t240:2 t278:2 t523:3 t523:3 t468:4 t764:5 t860:6
slv-506-9733,t670:2 t670:4 t486:5
slv-507-1711,t460:0 t545:1 t240:1 t523:2 t523:3 t569:4 t523:4 t468:5
slv-507-2261,t814:0 t814:2 t517:4 t517:5
slv-507-2852,t736:0 t693:0 t682:1 t523:3 t523:4 t182:4
slv-507-3093,t601:1 t601:2 t601:4
slv-507-4317,t579:1 t579:1 t843:3 t843:4
slv-507-8277,t605:1 t240:1 t523:2 t523:3 t468:3 t278:3 t278:4 t926:4 t468:5
slv-507-9772,t670:2 t670:4 t486:5
slv-507-9998,t926:1 t468:3
slv-508-1104,t391:0 t904:0 t860:0 t545:3
slv-508-1614,t903:1 t860:2 t670:3 t601:3 t601:4 t670:5 t545:5 t843:5 t843:5 t670:6 t843:6
slv-508-2231,t903:5 t860:6 t764:6 t486:7 t486:7 t670:7 t486:7
slv-508-2443,t670:2 t670:4 t486:5
slv-508-2518,t670:2 t670:4 t486:5
slv-508-2900,t860:0 t545:2
slv-508-4602,t670:2 t670:4 t486:5
slv-508-5408,t601:1 t601:3 t601:4
slv-508-5735,t601:1 t601:2 t601:3
slv-508-5897,t788:1 t523:2 t523:3 t581:4
slv-508-6108,t920:1 t240:2 t278:2 t523:3 t523:3 t468:4 t764:5 t860:6
slv-508-6317,t240:1 t926:3 t468:3 t240:4 t523:4 t468:5
slv-508-7576,t536:1 t240:1 t926:2 t240:3 t468:4 t240:6 t569:7
slv-508-7740,t496:0 t391:0 t760:0 t545:1 t240:1 t523:2 t523:3 t182:4
slv-508-8267,t926:1 t468:3
slv-508-8274,t460:1 t240:3 t523:4 t569:6 t860:6 t670:7 t670:7 t523:7 t468:7
slv-508-8424,t670:2 t670:4 t486:5
slv-508-8478,t391:0 t904:0 t860:1 t545:1 t391:3 t545:4
slv-508-9536,t601:1 t601:2 t601:3
slv-508-9949,t523:2 t523:3 t182:4
slv-509-1033,t536:1 t240:1 t926:2 t468:3
slv-509-1604,t829:2 t788:3 t523:4 t523:4 t581:5
slv-509-1894,t601:1 t601:2 t601:4
slv-509-3758,t670:2 t670:4 t486:5
slv-509-4821,t670:2 t670:4 t486:5
slv-509-5353,t545:0 t523:2 t523:3 t182:4
slv-509-5364,t788:0 t523:2 t523:3 t581:4
slv-509-6493,t601:1 t601:2 t601:4
slv-509-6782,t391:0 t860:0 t545:2
slv-509-6898,t460:1 t240:4 t523:5 t523:6 t468:6 t670:7 t670:7
slv-509-6922,t601:1 t601:2 t601:3
slv-509-8743,t670:5 t670:6 t486:7 t670:7
slv-510-0003,t788:1 t523:2 t523:3 t581:4
slv-510-0225,t670:2 t670:4 t486:5
slv-510-0574,t670:2 t670:4 t486:5
slv-510-1814,t860:0 t545:2
slv-510-1967,t670:2 t670:4 t486:5
slv-510-2422,t460:0 t240:1 t926:2 t240:2 t523:3
slv-510-4002,t670:2 t670:4 t486:5
slv-510-4149,t670:2 t670:4 t486:5
slv-510-4156,t670:2 t670:4 t486:5
slv-510-5292,t764:2 t670:5 t670:6 t486:6 t670:7
slv-510-7299,t167:1 t391:2 t545:3 t523:3 t240:4 t523:4 t523:5 t468:5
slv-510-8351,t730:1 t240:2 t926:3 t926:4 t523:4 t468:5
slv-510-8383,t240:1 t523:1 t523:3 t569:3 t523:4 t468:5
slv-510-8948,t523:1 t523:3 t581:3
slv-510-8999,t167:1 t391:2 t545:3 t523:3 t240:4 t523:4 t523:5 t468:5
slv-510-9471,t670:2 t670:4 t486:5
slv-511-0119,t920:1 t240:2 t278:2 t523:3 t523:3 t468:4 t764:5 t860:6
slv-511-0161,t920:1 t240:2 t523:2 t569:3 t523:4 t523:4 t468:5
slv-511-0383,t905:0 t545:1
slv-511-0592,t448:0 t240:0 t448:3 t468:4 t860:6
slv-511-1905,t860:0 t545:2
slv-511-2379,t391:0 t904:0 t545:1 t240:2 t523:2 t523:3 t182:4 t885:4 t860:5
slv-511-2534,t448:0 t240:1 t523:4 t523:6 t182:7
slv-511-3404,t693:1 t636:2 t693:3 t670:3 t843:4 t843:4 t601:5 t601:5
slv-511-3696,t920:3 t920:4 t920:5
slv-511-3784,t391:0 t736:1 t112:2 t545:3 t240:3 t523:4 t523:4 t581:5 t523:6 t468:6 t764:7
slv-511-3813,t670:2 t670:4 t486:5
slv-511-4228,t920:1 t240:2 t523:3 t569:5 t523:6 t468:7 t670:7
slv-511-4379,t739:1 t545:1 t860:2 t545:3 t391:3 t545:4
slv-511-4733,t670:2 t670:4 t486:5
slv-511-5655,t670:2 t670:4 t486:5
slv-511-7010,t391:0 t904:0 t545:1 t240:2 t523:2 t523:3 t182:4 t885:4 t860:5
slv-511-8528,t670:2 t486:4 t486:5 t670:5 t670:6
slv-511-9779,t240:0 t569:1 t240:2 t523:3
slv-512-0203,t920:1 t240:2 t278:2 t523:3 t523:3 t468:4 t764:5 t860:6
slv-512-0764,t788:1 t523:2 t523:3 t581:4
slv-512-1276,t523:1 t523:3 t468:3
slv-512-1499,t885:1 t860:3 t523:4 t182:5
slv-512-1833,t670:1 t843:3 t843:4 t523:4 t182:7
slv-512-3256,t631:3 t631:5 t631:6
slv-512-4212,t670:2 t670:4 t486:5
slv-512-4438,t240:1 t926:2 t468:3
slv-512-4541,t670:0 t670:2 t486:3 t523:4 t523:6 t182:6
slv-512-5174,t670:2 t486:4 t486:5 t670:5 t670:6
slv-512-5266,t486:2 t486:4 t469:5 t636:5 t730:5 t523:6 t182:7
slv-512-6111,t885:1 t860:3 t670:5 t670:6
slv-512-6276,t788:0 t523:2 t523:3 t581:4
slv-512-6393,t670:2 t670:4 t486:5
slv-512-6504,t391:0 t448:0 t636:1 t240:2 t523:3 t523:4 t468:4 t764:5 t885:6
slv-512-6699,t670:2 t670:4 t486:5
slv-512-7246,t788:1 t523:2 t523:3 t581:4
slv-512-7425,t523:0 t523:2 t468:3
slv-512-7672,t601:1 t601:3 t601:4
slv-512-7892,t670:2 t670:4 t486:5
slv-512-8114,t523:5 t182:6 t670:7 t885:7 t860:7 t670:7 t182:7
slv-512-8425,t788:1 t523:3 t523:3 t182:4
slv-512-9314,t670:2 t670:4 t486:5
slv-512-9525,t523:3 t182:4
slv-512-9991,t736:0 t693:1 t636:1 t240:2 t523:3 t523:4 t182:5
slv-513-0184,t523:3 t182:5
slv-513-0771,t920:1 t240:2 t523:3 t523:4 t468:5 t860:6
slv-513-0907,t448:1 t240:2 t523:3 t523:4 t182:4 t764:5 t885:6
slv-513-0921,t460:1 t240:2 t523:3 t569:4 t523:5 t523:5 t468:6
slv-513-1557,t636:1 t904:3 t885:4 t860:5
slv-513-1803,t788:1 t523:3 t523:3 t182:4
slv-513-1876,t788:1 t523:2 t523:3 t581:4
slv-513-5054,t240:0 t926:1 t523:2 t523:3 t581:3 t569:4 t523:4 t569:5
slv-513-6534,t926:1 t468:3
slv-513-8135,t920:1 t240:2 t278:2 t523:3 t523:3 t468:4 t764:5 t860:6
slv-513-9396,t240:1 t926:2 t468:3
slv-513-9645,t920:1 t240:2 t523:3 t523:4 t468:5 t860:6
slv-513-9654,t670:2 t670:4 t486:5
slv-513-9805,t396:0 t240:1 t523:2 t523:3 t182:3 t240:3 t926:4 t468:5
slv-513-9993,t670:2 t670:4 t486:5
slv-514-0385,t240:0 t926:2 t523:3 t523:4 t581:5
slv-514-0712,t460:1 t240:2 t523:3 t569:4 t523:5 t523:5 t468:6
slv-514-1518,t788:1 t523:3 t523:3 t182:4
slv-514-1811,t885:1 t860:3 t670:4 t670:5 t843:6
slv-514-2012,t496:0 t391:0 t904:0 t545:3
slv-514-2210,t240:0 t926:0 t523:2 t523:2 t926:3 t468:4
slv-514-2527,t555:1 t486:3 t523:4 t523:5 t182:7
slv-514-2600,t240:1 t926:3 t468:4 t670:5 t670:6 t523:6 t468:6
slv-514-3418,t240:2 t926:4 t926:5 t523:5 t182:6 t240:6 t468:7
slv-514-3419,t391:1 t545:1 t739:3 t545:4
slv-514-3518,t411:1 t411:2 t411:3 t411:5 t411:5 t411:6
slv-514-3682,t693:1 t636:2 t693:3 t670:3 t843:4 t843:4 t601:5 t601:5
slv-514-4479,t240:1 t926:1 t468:2 t240:3 t278:3 t523:3 t523:4 t468:5
slv-514-4742,t523:4 t182:6 t670:6 t670:7 t885:7 t860:7
slv-514-5620,t240:0 t523:1 t523:2 t926:3 t523:3 t468:4
slv-514-5740,t736:0 t486:1 t486:3 t670:3 t523:4 t523:5 t182:6
slv-514-7600,t670:2 t486:4 t486:5 t670:5 t670:6
slv-514-8077,t460:1 t240:2 t523:3 t523:4 t569:5 t523:6 t468:7
slv-514-8131,t920:1 t240:2 t523:3 t523:4 t468:5 t860:6
slv-514-9376,t670:2 t670:4 t486:5
slv-514-9808,t523:4 t182:6 t670:6 t670:7 t885:7 t860:7
slv-515-1769,t523:3 t182:4 t764:6 t860:7
slv-515-1863,t676:1 t523:3 t569:4 t523:5 t523:6 t468:7
slv-515-1923,t670:3 t670:5 t486:6
slv-515-3296,t496:0 t391:0 t904:0 t545:2
slv-515-3642,t240:1 t926:2 t523:3 t523:4 t468:5 t670:5 t523:5 t926:6 t468:6 t764:7
slv-515-3812,t903:1 t860:2 t670:3 t601:3 t601:4 t670:5 t545:5 t843:5 t843:5 t670:6 t843:6
slv-515-4596,t636:0 t904:3 t885:4 t860:5
slv-515-5939,t860:0 t545:2
slv-515-6207,t903:0 t860:0 t670:2 t843:5
slv-515-6554,t460:1 t240:2 t523:2 t569:3 t523:3 t523:4 t468:5 t569:6
slv-515-6846,t670:2 t670:4 t486:5
slv-515-7128,t486:2 t486:4 t469:5 t636:5 t730:5 t523:6 t182:7
slv-515-7636,t670:2 t670:4 t486:5
slv-515-7762,t693:1 t670:3 t670:4 t693:4 t636:5 t885:6 t860:6
slv-515-9304,t240:1 t926:1 t468:2 t240:3 t278:3 t523:3 t523:4 t468:5
slv-516-0053,t926:1 t523:2 t523:3
slv-516-1230,t601:1 t601:3 t601:4
slv-516-1865,t579:1 t579:1 t843:3 t843:4
slv-516-1962,t670:0 t670:3 t486:5
slv-516-2921,t448:0 t240:0 t448:3 t468:4 t860:6
slv-516-3067,t309:0 t904:0 t569:0 t860:0
slv-516-3659,t523:3 t182:3
slv-516-3798,t693:2 t636:4 t885:5 t860:6
slv-516-3884,t693:1 t636:2 t693:3 t670:3 t843:4 t843:4 t601:5 t601:5
slv-516-3982,t672:1 t523:2 t523:3 t581:4
slv-516-4543,t448:0 t523:2 t523:3 t182:4
slv-516-5912,t670:2 t670:4 t486:5
slv-516-6340,t670:2 t486:4 t486:5 t670:5 t670:6
slv-516-7183,t670:2 t670:4 t486:5
slv-516-7400,t391:0 t904:0 t860:0 t545:2
slv-516-8619,t240:0 t523:2 t523:3 t468:4
slv-516-8669,t240:1 t926:1 t523:2 t523:3 t182:3 t926:4 t926:4 t468:5
slv-516-8929,t670:2 t670:4 t486:5
slv-516-9259,t670:2 t670:4 t486:5
slv-517-0792,t391:0 t736:1 t112:2 t545:3 t240:3 t523:4 t523:4 t581:5 t523:6 t468:6 t764:7
slv-517-0799,t670:2 t486:4 t486:5 t670:5 t670:6
slv-517-1105,t693:4 t670:5 t670:6 t523:6 t182:7 t885:7 t860:7
slv-517-1164,t788:0 t523:2 t523:3 t581:4
slv-517-1256,t391:0 t904:0 t860:1 t545:1 t391:3 t545:4
slv-517-1790,t670:2 t486:4 t486:5 t670:5 t670:6
slv-517-1967,t920:1 t240:2 t523:3 t523:3 t569:4 t523:4 t468:5
slv-517-2009,t670:2 t670:4 t486:5
slv-517-2301,t670:2 t670:4 t486:5
slv-517-3047,t788:1 t523:2 t523:3 t581:4
slv-517-3096,t460:0 t240:1 t926:2 t240:3 t569:6
slv-517-5096,t605:1 t240:1 t523:2 t523:3 t468:3 t278:3 t278:4 t926:4 t468:5
slv-517-5340,t670:0 t670:3 t486:5
slv-517-5499,t523:0 t926:1 t523:2 t523:3 t468:3
slv-517-5700,t605:1 t240:3 t523:4 t523:5 t468:5 t860:6
slv-517-5789,t672:1 t523:2 t523:3 t581:4
slv-517-6605,t391:0 t545:2
slv-517-7590,t448:0 t240:0 t448:3 t468:4 t860:6
slv-517-7674,t460:1 t240:2 t523:3 t569:3 t523:4 t523:4 t468:5
slv-517-9134,t788:0 t523:2 t523:3 t581:4
slv-517-9555,t903:1 t860:2 t670:3 t601:3 t601:4 t670:5 t545:5 t843:5 t843:5 t670:6 t843:6
slv-518-0100,t920:1 t240:2 t523:3 t569:5 t523:6 t468:7 t670:7
slv-518-0366,t391:0 t904:0 t860:0 t545:2
slv-518-0445,t670:2 t670:4 t486:5
slv-518-0713,t636:0 t885:0 t636:1 t904:4 t860:5
slv-518-1282,t460:0 t240:2 t523:3 t569:5 t860:6 t569:7 t523:7 t468:7
slv-518-1866,t601:1 t601:2 t601:4
slv-518-1991,t670:2 t486:4 t670:5 t670:6
slv-518-1997,t788:0 t523:2 t523:3 t581:4
slv-518-2423,t670:2 t670:4 t486:5
slv-518-3530,t523:3 t182:4 t764:6 t860:7
slv-518-4965,t616:2 t523:3 t523:4 t569:4
slv-518-5172,t460:1 t240:2 t523:3 t569:4 t523:5 t523:5 t468:6
slv-518-6109,t460:1 t240:2 t926:3 t468:4
slv-518-6505,t240:2 t926:4 t523:5 t182:6 t523:6 t468:7 t670:7 t670:7
slv-518-6739,t926:1 t523:2 t523:3
slv-518-7053,t240:1 t926:2 t468:3 t240:4 t468:4 t523:5 t523:5 t182:6
slv-518-7776,t670:2 t486:4 t486:5 t670:5 t670:6
slv-518-8248,t920:1 t240:2 t523:3 t523:4 t468:5 t860:6
slv-519-0981,t391:0 t545:1
slv-519-1301,t693:2 t636:4 t885:5 t860:6
slv-519-2435,t240:1 t926:2 t468:3
slv-519-2600,t601:1 t601:3 t601:4
slv-519-3177,t920:1 t240:2 t523:3 t523:4 t468:5 t860:6
slv-519-4597,t736:0 t693:1 t636:1 t240:2 t523:3 t523:4 t182:5
slv-519-4687,t240:1 t926:3 t468:3 t240:4 t523:4 t468:5
slv-519-6318,t240:0 t523:1 t240:1 t926:2 t523:3
slv-519-6482,t693:2 t636:4 t885:5 t860:6
slv-519-6822,t579:1 t579:1 t843:3 t843:4
slv-519-7278,t903:1 t860:2 t670:3 t601:3 t601:4 t670:5 t545:5 t843:5 t843:5 t670:6 t843:6
slv-519-7942,t605:1 t240:1 t523:2 t523:3 t468:3 t278:3 t278:4 t926:4 t468:5
slv-519-8066,t523:0 t523:0 t926:2 t926:2 t523:3 t468:3
slv-519-8800,t920:3 t920:4 t920:5
slv-519-9010,t670:2 t670:4 t486:5
slv-519-9351,t670:2 t670:4 t486:5
slv-519-9380,t240:2 t926:4 t926:5 t523:6 t523:6 t182:7
slv-519-9453,t926:1 t523:2 t523:3
slv-520-1389,t764:5 t670:6 t670:7 t486:7 t670:7
slv-520-1438,t670:2 t670:4 t486:5
slv-520-1443,t670:2 t670:4 t486:5
slv-520-2139,t927:1 t927:2 t927:4
slv-520-3136,t920:1 t240:2 t278:2 t523:3 t523:3 t468:4 t764:5 t860:6
slv-520-5923,t670:2 t670:4 t486:5
slv-520-6113,t920:1 t240:2 t523:3 t523:4 t468:5 t860:6
slv-520-7302,t788:0 t523:2 t523:3 t581:4
slv-520-7382,t904:0 t545:0 t523:2 t523:3 t182:4
slv-520-8062,t636:0 t167:1 t391:2 t904:3 t860:4 t545:4
slv-520-8358,t448:0 t636:2 t523:3 t523:5 t182:6
slv-520-9377,t240:0 t523:1 t523:2 t569:3 t523:3
slv-521-0122,t670:2 t670:4 t486:5
slv-521-0311,t788:1 t523:2 t523:3 t581:4
slv-521-1436,t670:2 t670:4 t486:5
slv-521-2886,t670:2 t670:4 t486:5
slv-521-2997,t391:0 t905:0 t860:0 t545:2
slv-521-3451,t486:2 t486:4 t469:5 t636:5 t730:5 t523:6 t182:7
slv-521-3956,t601:1 t601:2 t601:4
slv-521-3959,t788:0 t523:2 t523:3 t581:4
slv-521-4089,t329:1 t329:3 t631:4 t631:5
slv-521-4228,t391:0 t736:1 t112:3 t523:4 t523:5 t182:6 t764:6 t764:7 t903:7 t860:7
slv-521-4315,t920:1 t240:2 t523:3 t523:3 t569:4 t523:4 t468:5
slv-521-4455,t926:0 t926:1 t523:2 t523:3 t926:3
slv-521-4495,t448:0 t468:3 t764:5 t860:6
slv-521-4949,t523:5 t182:7 t670:7 t182:7 t885:7 t860:7
slv-521-5294,t736:0 t693:1 t682:2 t523:3 t523:4 t182:4
slv-521-5648,t670:2 t670:4 t486:5
slv-521-6097,t788:0 t523:2 t523:3 t581:4
slv-521-6107,t788:0 t523:2 t523:3 t581:4
slv-521-6547,t670:2 t670:4 t486:5
slv-521-7138,t167:1 t391:2 t545:3 t523:3 t240:4 t523:4 t523:5 t468:5
slv-521-8388,t860:0 t545:0 t905:1 t545:2
slv-521-8725,t670:2 t486:4 t486:5 t670:5 t670:6
slv-521-9467,t670:2 t670:4 t486:5
slv-521-9957,t829:0 t545:1
slv-521-9980,t670:2 t486:4 t486:5 t670:5 t670:6
slv-522-0568,t636:0 t167:0 t391:1 t496:2 t391:2 t545:3
slv-522-1644,t601:1 t601:3 t601:4
slv-522-1927,t764:3 t670:5 t670:6 t486:6 t670:7
slv-522-3094,t636:0 t885:0 t903:1 t860:3 t903:5
slv-522-3460,t391:0 t904:0 t391:0 t860:1
slv-522-3490,t670:2 t670:4 t486:5
slv-522-4145,t240:1 t926:2 t240:3 t468:6
slv-522-4152,t670:5 t670:6 t486:7 t670:7
slv-522-4178,t670:2 t670:4 t486:5
slv-522-4435,t905:0 t545:0 t860:1 t545:2
slv-522-5857,t670:2 t670:4 t486:5
slv-522-6116,t670:2 t670:4 t486:5
slv-522-6306,t523:3 t182:4
slv-522-6473,t920:1 t240:2 t278:2 t523:3 t523:3 t468:4 t764:5 t860:6
slv-522-7832,t601:1 t601:2 t601:3
slv-522-7911,t885:1 t860:3 t670:4 t670:5 t843:6
slv-522-8001,t670:2 t670:4 t486:5
slv-522-8430,t391:0 t904:0 t860:0 t545:2
slv-522-8580,t545:1 t391:2 t545:3 t739:4 t545:4
slv-522-8955,t670:2 t670:4 t486:5
slv-522-9929,t448:0 t240:0 t448:3 t468:4 t860:6
slv-523-0040,t670:2 t486:4 t670:5 t670:6
slv-523-1480,t391:1 t545:1 t739:3 t545:4
slv-523-1705,t670:2 t670:4 t486:5
slv-523-2760,t523:3 t182:3 t764:7
slv-523-3493,t670:2 t670:4 t486:5
slv-523-4077,t240:1 t926:2 t240:3 t468:6
slv-523-4885,t167:1 t391:2 t545:3 t523:3 t240:4 t523:4 t523:5 t468:5
slv-523-5945,t240:1 t926:2 t240:3 t468:6
slv-523-6893,t523:1 t523:3 t182:3
slv-523-7510,t523:3 t182:4 t764:6 t860:7
slv-523-7536,t167:1 t391:2 t496:2 t391:3 t545:3 t523:4 t240:4 t523:4 t523:5 t468:5
slv-523-7567,t670:2 t670:4 t486:5
slv-523-7662,t670:2 t486:4 t486:5 t670:5 t670:6
slv-523-7793,t240:2 t926:4 t523:5 t182:6 t523:6 t468:7 t670:7 t670:7
slv-523-8767,t903:0 t860:2 t670:3 t601:4 t601:5 t670:5 t843:6
slv-523-9766,t693:1 t636:2 t693:3 t670:3 t843:4 t843:4 t601:5 t601:5
slv-523-9954,t670:2 t670:4 t486:5
slv-524-1258,t736:0 t693:1 t636:1 t240:2 t523:3 t523:4 t182:5
slv-524-1469,t904:5 t904:6 t670:7 t670:7
slv-524-2921,t391:0 t545:1 t240:2 t523:3 t523:3 t182:4
slv-524-2992,t670:2 t670:4 t486:5
slv-524-3953,t240:1 t926:3 t468:3 t240:4 t523:4 t468:5
slv-524-4322,t448:0 t240:1 t926:2 t523:3 t523:3 t569:5
slv-524-5594,t460:1 t240:2 t926:3 t468:4
slv-524-5694,t523:3 t182:4 t764:6 t860:7
slv-524-6081,t523:1 t182:3 t885:4 t860:4
slv-524-6395,t240:1 t468:3 t240:4 t926:5 t523:5 t523:6 t468:7
slv-524-6518,t693:1 t636:2 t693:3 t670:3 t843:4 t843:4 t601:5 t601:5
slv-524-6943,t670:2 t670:4 t486:5
slv-524-7004,t920:1 t240:2 t278:2 t523:3 t523:3 t468:4 t764:5 t860:6
slv-524-7716,t670:0 t670:2 t486:3 t523:4 t523:6 t182:6
slv-524-7964,t736:0 t486:1 t486:3 t670:3 t523:4 t523:5 t182:6
slv-524-8199,t736:0 t486:1 t486:3 t670:3 t523:4 t523:5 t182:6
slv-525-0206,t905:0 t545:1
slv-525-2168,t240:1 t278:2 t523:3 t523:3 t468:4 t764:5 t885:5 t860:6
slv-525-2608,t926:1 t468:3
slv-525-7184,t517:1 t517:3 t517:4 t517:4 t517:5
slv-525-8456,t670:2 t670:4 t486:5
slv-525-8724,t670:0 t670:3 t486:5
slv-525-8921,t670:2 t670:4 t486:5
slv-526-0422,t391:0 t904:0 t860:1 t545:3
slv-526-1550,t860:0 t903:1 t860:4 t670:6
slv-526-2711,t523:2 t182:3 t885:4 t860:5
slv-526-3102,t396:0 t240:1 t523:2 t523:3 t182:3 t240:4 t926:4 t468:5
slv-526-3424,t240:1 t926:1 t926:2 t523:3 t926:3 t468:5
slv-526-4420,t523:1 t523:3 t468:4 t860:5 t523:6 t764:6 t860:7 t670:7
slv-526-4488,t905:0 t545:1
slv-526-5493,t240:1 t523:2 t523:2 t569:3 t523:4 t523:4 t468:5
slv-526-5596,t788:0 t523:2 t523:3 t581:4
slv-526-5898,t523:1 t523:3 t468:3 t764:6
slv-526-5970,t545:1 t670:2 t523:3 t523:4 t581:5 t764:5 t885:6
slv-526-6318,t670:2 t670:4 t486:5
slv-526-6323,t391:1 t736:2 t112:3 t545:3 t523:4 t240:4 t523:4 t523:5 t581:5 t885:6
slv-526-7167,t670:2 t670:4 t486:5
slv-526-8505,t903:1 t860:2 t670:3 t601:3 t601:4 t670:5 t545:5 t843:5 t843:5 t670:6 t843:6
slv-526-9239,t240:0 t569:1 t523:1 t523:2 t240:3 t926:4
slv-527-0605,t670:2 t486:4 t486:5 t670:5 t670:6
slv-527-1837,t448:1 t240:3 t523:5 t468:6 t670:6 t670:7 t860:7 t220:7
slv-527-2573,t670:2 t670:4 t486:5
slv-527-3251,t670:2 t670:4 t486:5
slv-527-6557,t670:2 t670:4 t486:5
slv-527-6712,t670:2 t670:4 t486:5
slv-527-7409,t167:1 t391:1 t496:2 t391:3 t545:3 t523:4 t523:4 t182:5
slv-527-8335,t860:0 t545:2
slv-527-8424,t739:0 t545:1 t329:2 t329:3 t545:4
slv-527-9649,t670:2 t670:4 t486:5
slv-527-9771,t730:1 t240:2 t926:3 t926:4 t523:4 t468:5
slv-528-0373,t391:1 t736:2 t112:3 t545:3 t523:4 t240:4 t523:4 t523:5 t581:5 t885:6
slv-528-0837,t670:2 t670:4 t486:5
slv-528-1619,t670:2 t486:4 t486:5 t670:5 t670:6
slv-528-1692,t670:2 t670:4 t486:5
slv-528-1703,t920:1 t240:2 t278:2 t523:3 t523:3 t468:4 t764:5 t860:6
slv-528-2140,t814:1 t290:3 t290:4 t814:4 t814:6
slv-528-2291,t240:1 t523:1 t523:2 t926:3 t523:3 t468:4
slv-528-2617,t814:1 t814:4 t631:5 t631:6 t631:6
slv-528-2731,t991:3 t631:5 t631:6 t631:7
slv-528-2930,t523:1 t523:3 t581:3
slv-528-3057,t670:2 t670:4 t486:5
slv-528-3117,t860:0 t545:2
slv-528-3218,t523:3 t182:4
slv-528-4596,t920:1 t240:2 t523:3 t523:4 t468:5 t860:6
slv-528-5185,t926:0 t926:1 t523:2 t523:3 t926:3
slv-528-5886,t904:0 t545:2 t670:3 t843:4 t523:5 t182:6
slv-528-6546,t670:2 t670:4 t486:5
slv-528-7278,t460:1 t240:2 t523:3 t569:3 t523:4 t523:4 t468:5
slv-528-7993,t670:2 t486:4 t486:5 t670:5 t670:6
slv-528-9525,t670:2 t670:4 t486:5
slv-528-9936,t670:2 t670:4 t486:5
slv-528-9992,t670:2 t670:4 t486:5
slv-529-0972,t670:2 t670:4 t486:5
slv-529-1299,t240:1 t926:1 t468:2 t240:3 t278:3 t523:3 t523:4 t468:5
slv-529-1557,t670:3 t670:5 t486:6
slv-529-1671,t788:1 t523:3 t523:3 t182:4
slv-529-2467,t601:1 t601:3 t601:4 t843:5
slv-529-2813,t240:1 t523:2 t523:2 t569:3 t523:4 t523:4 t468:5
slv-529-2845,t920:1 t240:2 t523:3 t523:4 t468:5 t860:6
slv-529-3165,t616:1 t523:2 t523:3 t569:4
slv-529-3191,t788:1 t523:2 t523:3 t581:4
slv-529-3275,t523:1 t523:3 t581:3
slv-529-3622,t240:1 t926:3 t926:4 t523:5 t523:5 t182:6 t240:6 t468:7
slv-529-4050,t240:2 t926:4 t523:5 t182:6 t523:6 t468:7 t670:7 t670:7
slv-529-4298,t636:0 t167:0 t391:1 t496:2 t391:2 t545:3
slv-529-4564,t569:0 t996:0 t569:1 t523:3 t182:5
slv-529-5281,t670:2 t486:4 t486:5 t670:5 t670:6
slv-529-5852,t693:2 t636:4 t885:5 t860:6
slv-529-6152,t788:0 t523:2 t523:3 t581:4
slv-529-6269,t391:0 t736:1 t112:2 t545:3 t240:3 t523:4 t523:4 t581:5 t523:6 t468:6 t764:7
slv-529-6944,t670:2 t486:4 t486:5 t670:5 t670:6
slv-529-7467,t636:0 t904:3 t885:4 t860:5
slv-529-7556,t670:2 t670:4 t486:5
slv-529-8499,t670:2 t486:4 t486:5 t670:5 t670:6
slv-529-9053,t670:2 t670:4 t486:5
slv-529-9109,t670:2 t670:4 t486:5
slv-529-9548,t670:2 t486:4 t486:5 t670:5 t670:6
slv-530-0200,t670:2 t670:4 t486:5
slv-530-0736,t670:2 t670:4 t486:5
slv-530-0747,t920:1 t240:2 t278:2 t523:3 t523:3 t468:4 t764:5 t860:6
slv-530-1393,t167:1 t391:2 t545:3 t523:3 t240:4 t523:4 t523:5 t468:5
slv-530-1823,t391:0 t545:1
slv-530-2122,t670:2 t486:4 t486:5 t670:5 t670:6
slv-530-2816,t670:2 t670:4 t486:5
slv-530-3583,t670:2 t670:4 t486:5
slv-530-4327,t920:1 t240:2 t523:3 t523:4 t468:5 t860:6
slv-530-4392,t460:1 t240:2 t926:3 t468:4
slv-530-5995,t391:0 t904:0 t545:1 t240:2 t523:2 t523:3 t182:4 t885:4 t860:5
slv-530-6631,t391:0 t736:1 t112:3 t523:4 t523:5 t182:6 t764:6 t764:7 t903:7 t860:7
slv-530-7465,t764:5 t670:6 t670:7 t486:7 t670:7
slv-530-7744,t670:2 t670:4 t486:5
slv-530-7782,t860:0 t391:1 t860:2 t545:3
slv-530-8076,t601:1 t601:2 t601:4
slv-530-8123,t670:2 t670:4 t486:5
slv-530-8133,t670:2 t670:4 t486:5
slv-530-9768,t860:0 t670:5 t670:7
slv-531-0856,t670:2 t486:4 t486:5 t670:5 t670:6
slv-531-1763,t670:2 t670:4 t486:5
slv-531-2164,t670:2 t670:4 t486:5
slv-531-4010,t523:4 t182:6 t670:6 t670:7 t885:7 t860:7
slv-531-4350,t670:2 t486:4 t486:5 t670:5 t670:6
slv-531-4452,t601:1 t601:2 t601:4
slv-531-4486,t920:1 t240:2 t278:2 t523:3 t523:3 t468:4 t764:5 t860:6
slv-531-4551,t460:1 t240:2 t926:3 t468:4
slv-531-4665,t885:1 t860:3 t670:5 t670:6
slv-531-6116,t672:0 t523:1 t523:2 t182:3
slv-531-6117,t631:3 t631:5 t631:6
slv-531-6347,t860:0 t545:2
slv-531-6651,t670:2 t486:4 t486:5 t670:5 t670:6
slv-531-7828,t523:5 t182:6 t670:7 t885:7 t860:7 t670:7 t182:7
slv-531-8358,t391:0 t904:0 t860:0 t545:2
slv-531-8855,t670:2 t486:4 t486:5 t670:5 t670:6
slv-531-9125,t904:0 t693:0 t636:3 t904:5 t670:6 t670:7
slv-531-9841,t448:1 t240:2 t523:3 t523:4 t182:4 t764:5 t885:6
slv-532-0391,t670:2 t670:4 t486:5
slv-532-2559,t926:0 t121:0 t523:2 t182:3
slv-532-2897,t860:0 t670:5 t670:7
slv-532-3274,t448:0 t240:1 t926:2 t523:3 t523:3 t569:5
slv-532-3371,t601:1 t601:2 t601:3
slv-532-3452,t670:2 t670:4 t486:5
slv-532-3741,t670:2 t670:4 t486:5
slv-532-4084,t448:1 t240:2 t523:3 t523:4 t182:4 t764:5 t885:6
slv-532-4720,t167:0 t391:1 t545:2
slv-532-4728,t670:2 t486:4 t486:5 t670:5 t670:6
slv-532-4803,t788:0 t523:2 t523:3 t581:4
slv-532-4894,t670:2 t670:4 t486:5
slv-532-4964,t636:0 t736:1 t112:2 t545:2 t240:3 t523:3 t523:4 t581:4 t523:5 t468:7
slv-532-5538,t670:2 t670:4 t486:5
slv-532-5899,t920:1 t240:2 t523:3 t523:4 t468:5 t860:6
slv-532-5991,t460:1 t240:2 t926:3 t468:4
slv-532-6428,t788:0 t523:2 t523:3 t581:4
slv-532-6628,t523:3 t182:3 t764:7
slv-532-6747,t523:0 t926:1 t523:2 t523:3 t468:3
slv-532-7858,t829:0 t545:1
slv-532-8393,t460:1 t240:2 t926:3 t468:4
slv-532-8722,t391:0 t736:1 t112:2 t545:3 t240:3 t523:4 t523:4 t581:5 t523:6 t468:6 t764:7
slv-532-9522,t682:0 t240:2 t523:3 t523:3 t182:3 t885:3 t523:4 t468:4 t885:5
slv-533-0418,t920:1 t240:2 t523:3 t523:4 t468:5 t860:6
slv-533-0611,t523:1 t523:3 t468:3
slv-533-1320,t167:1 t391:2 t545:3 t523:3 t240:4 t523:4 t523:5 t468:5
slv-533-1948,t860:0 t545:2
slv-533-2244,t670:3 t670:5 t486:6
slv-533-2281,t670:2 t486:4 t486:5 t670:5 t670:6
slv-533-2591,t636:0 t904:3 t885:4 t860:5
slv-533-2915,t693:1 t636:2 t693:3 t670:3 t843:4 t843:4 t601:5 t601:5
slv-533-2976,t670:2 t486:4 t486:5 t670:5 t670:6
slv-533-4987,t788:2 t523:4 t523:5 t581:7
slv-533-5390,t693:2 t636:4 t885:5 t860:6
slv-533-5683,t788:0 t523:2 t523:3 t581:4
slv-533-6198,t605:1 t240:1 t523:2 t523:3 t468:3 t278:3 t278:4 t926:4 t468:5
slv-533-7009,t631:3 t631:4 t631:5 t631:6
slv-533-7308,t486:2 t486:4 t469:5 t636:5 t730:5 t523:6 t182:7
slv-533-8635,t736:0 t693:1 t636:1 t240:2 t523:3 t523:4 t182:5
slv-533-8726,t920:1 t240:2 t278:2 t523:3 t523:3 t468:4 t764:5 t860:6
slv-534-0484,t448:1 t240:2 t523:3 t523:4 t182:4 t764:5 t885:6
slv-534-1580,t106:1 t106:2 t106:3 t631:3 t631:5
slv-534-2056,t670:2 t670:4 t486:5
slv-534-2386,t670:2 t670:4 t486:5
slv-534-2922,t240:1 t468:3 t240:4 t926:5 t523:5 t523:6 t468:7
slv-534-3031,t391:0 t545:2
slv-534-4347,t730:1 t240:2 t926:3 t926:4 t523:4 t468:5
slv-534-4490,t920:1 t240:2 t278:2 t523:3 t523:3 t468:4 t764:5 t860:6
slv-534-4599,t112:1 t523:3 t523:4 t182:5 t523:5 t581:6
slv-534-4655,t278:0 t523:0 t926:2 t926:2 t523:3 t468:4
slv-534-5209,t545:1 t240:1 t278:2 t523:3 t523:3 t468:4 t764:5 t885:5 t860:6
slv-534-6629,t920:1 t240:1 t468:3 t926:3 t468:3 t523:4 t523:5 t468:5 t670:5
slv-534-7549,t670:5 t670:6 t486:7 t670:7
slv-534-8532,t601:1 t601:2 t601:4
slv-534-8547,t670:2 t486:4 t486:5 t670:5 t670:6
slv-534-8940,t391:1 t545:1 t670:2 t545:3 t240:3 t926:4 t468:5 t764:6
slv-534-9190,t903:0 t860:1 t885:1 t860:3 t903:4
slv-534-9230,t167:1 t391:2 t904:3 t860:3 t545:4 t240:4 t523:5
slv-535-0634,t460:0 t240:2 t523:3 t569:3 t523:4 t523:4 t468:5
slv-535-1018,t358:1 t536:2 t240:3 t926:3 t468:5
slv-535-1659,t460:1 t240:4 t523:4 t523:5 t468:5 t860:5 t670:7 t670:7
slv-535-1893,t920:1 t240:2 t523:3 t523:4 t468:5 t860:6
slv-535-2265,t903:5 t860:6 t764:6 t486:7 t486:7 t670:7 t486:7
slv-535-2431,t670:2 t670:4 t486:5
slv-535-4381,t460:1 t240:3 t523:4 t523:6 t569:6 t860:7 t670:7 t670:7
slv-535-4439,t693:1 t636:2 t693:3 t670:3 t843:4 t843:4 t601:5 t601:5
slv-535-4528,t240:2 t926:4 t523:5 t182:6 t523:6 t468:7 t670:7 t670:7
slv-535-4608,t764:2 t670:5 t670:6 t486:6 t670:7
slv-535-5076,t920:1 t240:1 t468:3 t926:3 t468:3 t523:4 t523:5 t468:5 t670:5
slv-535-5912,t391:0 t736:1 t112:2 t545:3 t240:3 t523:4 t523:4 t581:5 t523:6 t468:6 t764:7
slv-535-7430,t601:1 t601:2 t601:4
slv-535-7830,t670:2 t670:4 t486:5
slv-535-8328,t391:0 t736:1 t112:3 t523:4 t523:5 t182:6 t764:6 t764:7 t903:7 t860:7
slv-535-8688,t905:0 t545:1
slv-535-8794,t460:1 t240:2 t523:3 t569:3 t523:4 t523:4 t468:5
slv-536-0957,t905:0 t545:0 t860:1 t545:3
slv-536-1397,t523:1 t523:3 t182:3
slv-536-2048,t903:5 t860:6 t764:6 t486:7 t486:7 t670:7 t486:7
slv-536-2109,t448:0 t240:1 t523:2 t523:3 t182:3 t523:4 t468:5
slv-536-2168,t920:1 t240:2 t278:2 t523:3 t523:3 t468:4 t764:5 t860:6
slv-536-2474,t240:1 t523:2 t523:2 t569:3 t523:4 t523:4 t468:5
slv-536-2625,t670:2 t670:4 t486:5
slv-536-2654,t920:1 t240:2 t523:3 t523:4 t468:5 t860:6
slv-536-3221,t601:1 t601:2 t601:4
slv-536-3400,t670:2 t670:4 t486:5
slv-536-4417,t920:3 t920:4 t920:5
slv-536-4897,t670:2 t670:4 t486:5
slv-536-5812,t788:1 t523:2 t523:3 t581:4
slv-536-5870,t670:2 t670:4 t486:5
slv-536-5927,t670:2 t670:4 t486:5
slv-536-7380,t391:0 t448:0 t240:1 t926:2 t926:3 t523:3 t523:4 t468:5
slv-536-7780,t670:2 t670:4 t486:5
slv-536-8463,t523:1 t926:1 t523:2 t523:3 t468:4
slv-536-9014,t920:3 t920:4 t920:5
slv-536-9301,t860:5 t670:7 t670:7 t904:7
slv-536-9883,t739:1 t545:2
slv-536-9995,t601:1 t601:2 t601:4
slv-537-0490,t693:2 t636:4 t885:5 t860:6
slv-537-0688,t736:0 t486:1 t486:3 t670:3 t523:4 t523:5 t182:6
slv-537-1818,t904:0 t545:0 t391:1 t545:3
slv-537-3254,t670:2 t670:4 t486:5
slv-537-3297,t920:1 t240:2 t278:2 t523:3 t523:3 t468:4 t764:5 t860:6
slv-537-3330,t670:5 t670:6 t486:7 t670:7
slv-537-4000,t920:1 t240:2 t523:3 t523:4 t468:5 t860:6
slv-537-4223,t240:1 t468:3 t240:4 t926:5 t523:5 t523:6 t468:7
slv-537-4298,t764:2 t670:5 t670:6 t486:6 t670:7
slv-537-5166,t240:0 t523:1 t926:2 t523:3 t523:3 t468:4
slv-537-8308,t240:0 t523:1 t523:2 t569:3 t523:3
slv-537-8926,t670:2 t670:4 t486:5
slv-537-8960,t670:2 t670:4 t486:5
slv-537-9062,t523:1 t523:3 t182:3
slv-537-9252,t106:1 t106:2 t240:3 t926:4 t926:4 t468:5 t670:5 t670:6 t903:6 t860:7
slv-537-9343,t670:0 t670:3 t486:5
slv-538-0511,t448:2 t523:3 t523:4 t182:5 t523:5 t581:6
slv-538-0815,t672:0 t523:1 t523:2 t182:3
slv-538-0995,t670:2 t670:4 t486:5
slv-538-1037,t396:0 t240:1 t926:2 t468:3 t523:3 t523:4 t182:5
slv-538-1277,t860:0 t670:5 t670:7
slv-538-2006,t693:1 t670:3 t670:4 t693:4 t636:5 t885:6 t860:6
slv-538-6579,t670:2 t670:4 t486:5
slv-538-7322,t670:2 t670:4 t486:5
slv-538-8861,t670:2 t670:4 t486:5
slv-538-9058,t903:5 t860:6 t764:6 t486:7 t486:7 t670:7 t486:7
slv-538-9391,t904:5 t904:6 t670:7 t670:7
slv-538-9948,t670:2 t670:4 t486:5
slv-539-0166,t601:1 t601:2 t601:3
slv-539-0354,t904:5 t693:6 t693:7 t670:7 t693:7 t636:7
slv-539-0389,t240:1 t523:1 t523:2 t569:3 t523:4 t468:5
slv-539-0521,t523:1 t523:3 t182:3
slv-539-0918,t523:2 t523:3 t182:4
slv-539-1872,t920:1 t240:2 t523:3 t523:4 t468:5 t860:6
slv-539-2085,t670:2 t670:4 t486:5
slv-539-2772,t920:1 t240:2 t278:2 t523:3 t523:3 t468:4 t764:5 t860:6
slv-539-3522,t670:2 t670:4 t486:5
slv-539-4054,t670:2 t486:4 t486:5 t670:5 t670:6
slv-539-4189,t670:2 t670:4 t486:5
slv-539-4649,t670:1 t843:3 t843:4 t523:4 t182:7
slv-539-5233,t670:2 t670:4 t486:5
slv-539-5320,t605:1 t240:1 t523:2 t523:3 t468:3 t278:3 t278:4 t926:4 t468:5
slv-539-5455,t670:2 t670:4 t486:5
slv-539-5502,t670:2 t670:4 t486:5
slv-539-5866,t860:0 t545:1 t545:2 t523:3 t182:4
slv-539-5920,t240:1 t523:2 t523:3 t468:4
slv-539-6882,t391:0 t736:1 t112:2 t545:3 t240:3 t523:4 t523:4 t581:5 t523:6 t468:6 t764:7
slv-539-8112,t670:2 t670:4 t486:5
slv-539-8716,t460:1 t240:2 t926:3 t468:4
slv-539-8958,t670:2 t670:4 t486:5
slv-539-9576,t391:0 t545:1 t240:2 t523:3 t523:3 t926:3 t468:4
slv-540-0257,t523:1 t523:3 t468:4 t860:5 t523:6 t764:6 t860:7 t670:7
slv-540-0804,t920:1 t240:2 t523:3 t523:4 t468:5 t860:6
slv-540-1124,t920:1 t240:2 t523:3 t523:4 t468:5 t860:6
slv-540-1240,t670:2 t670:4 t486:5
slv-540-1920,t693:4 t636:5 t523:6 t523:6 t182:7
slv-540-2087,t448:0 t545:1 t523:3 t523:4 t182:5
slv-540-2231,t926:2 t523:4 t523:5 t182:6
slv-540-3051,t904:1 t545:3 t523:4 t523:4 t182:6
slv-540-4368,t309:2 t460:3 t240:3 t523:4 t569:4 t523:5 t523:5 t468:6
slv-540-4563,t903:1 t860:2 t670:3 t601:3 t601:4 t670:5 t545:5 t843:5 t843:5 t670:6 t843:6
slv-540-5081,t448:0 t545:1 t448:2 t240:3 t926:3 t468:4 t764:6
slv-540-5249,t670:2 t670:4 t486:5
slv-540-6979,t670:2 t486:4 t486:5 t670:5 t670:6
slv-540-7473,t545:1 t240:2 t926:4 t926:4 t468:4 t670:4 t523:4 t523:6 t468:6 t764:6
slv-540-7671,t391:0 t736:1 t112:2 t545:3 t240:3 t523:4 t523:4 t581:5 t523:6 t468:6 t764:7
slv-540-7691,t377:1 t377:2
slv-540-7810,t670:0 t670:3 t486:5
slv-540-8172,t788:0 t523:2 t523:3 t581:4
slv-540-9309,t523:1 t523:3 t182:3
slv-540-9411,t631:3 t631:4 t631:5 t631:6
slv-541-1433,t764:5 t670:6 t670:7 t486:7 t670:7
slv-541-1994,t545:0 t523:1 t523:2 t182:3
slv-541-3706,t460:1 t240:3 t523:4 t523:6 t569:6 t860:7 t523:7 t468:7
slv-541-4327,t670:2 t670:4 t486:5
slv-541-4873,t601:1 t601:2 t601:4
slv-541-5231,t460:1 t240:2 t523:3 t569:4 t523:5 t523:5 t468:6
slv-541-5699,t391:0 t736:1 t112:2 t545:3 t240:3 t523:4 t523:4 t581:5 t523:6 t468:6 t764:7
slv-541-5897,t601:1 t601:2 t601:4
slv-541-7811,t448:0 t240:1 t523:2 t523:3 t468:3 t926:4 t468:5
slv-541-8211,t579:1 t843:2 t843:3 t579:4 t579:5
slv-541-8238,t240:1 t523:2
slv-541-8798,t448:0 t240:1 t523:2 t523:3 t468:3 t926:4 t468:5
slv-542-0846,t885:2 t860:5 t903:6 t860:7
slv-542-1235,t670:2 t670:4 t486:5
slv-542-2742,t885:1 t860:4 t903:4 t860:5
slv-542-3477,t240:1 t468:3 t240:4 t926:5 t523:5 t523:6 t468:7
slv-542-4169,t240:1 t523:2 t523:3 t569:4 t523:5 t468:7
slv-542-4181,t670:2 t670:4 t486:5
slv-542-5104,t670:0 t670:3 t486:5
slv-542-5326,t523:1 t926:2 t926:3 t523:3 t468:4
slv-542-7691,t905:0 t545:0 t860:1 t545:2
slv-542-7858,t167:0 t391:0 t860:1 t391:1 t545:3
slv-542-8401,t605:1 t240:2 t523:3 t523:3 t468:4 t764:5 t860:6
slv-542-8586,t486:2 t486:4 t469:5 t636:5 t730:5 t523:6 t182:7
slv-542-8899,t240:0 t523:1 t523:2 t569:3 t523:4 t468:5
slv-543-0197,t788:0 t523:2 t523:3 t581:4
slv-543-1190,t545:0 t391:1 t545:1 t240:2 t926:3 t926:3 t523:3 t523:4 t468:5
slv-543-3229,t605:1 t240:2 t523:3 t523:3 t468:4 t764:5 t860:6
slv-543-3636,t670:2 t670:4 t486:5
slv-543-4568,t670:2 t670:4 t486:5
slv-543-5121,t636:0 t885:0 t903:1 t860:3 t903:5
slv-543-5199,t788:1 t523:2 t523:3 t581:4
slv-543-5700,t920:1 t240:2 t278:2 t523:3 t523:3 t468:4 t764:5 t860:6
slv-543-6064,t670:3 t670:5 t486:6
slv-543-6169,t788:1 t523:3 t523:3 t182:4
slv-543-7043,t670:2 t670:4 t486:5
slv-543-7278,t670:2 t670:4 t486:5
slv-543-7553,t670:2 t670:4 t486:5
slv-543-9181,t670:2 t670:4 t486:5
slv-543-9659,t448:0 t240:0 t448:3 t468:4 t860:6
slv-543-9933,t885:1 t860:2 t903:4 t860:6
slv-544-0137,t670:2 t670:4 t486:5
slv-544-0312,t240:0 t523:2 t523:3 t468:4
slv-544-1693,t670:2 t486:4 t486:5 t670:5 t670:6
slv-544-1780,t670:2 t670:4 t486:5
slv-544-2049,t670:2 t670:4 t486:5
slv-544-2116,t860:0 t545:2
slv-544-4349,t448:0 t736:0 t523:1 t523:4 t182:5 t764:6 t764:6 t670:7 t670:7
slv-544-5435,t240:1 t926:2 t468:3 t240:4 t468:4 t523:5 t523:5 t182:6
slv-544-5479,t670:2 t670:4 t486:5
slv-544-5855,t920:1 t240:2 t278:2 t523:3 t523:3 t468:4 t764:5 t860:6
slv-544-6351,t788:1 t523:2 t523:3 t581:4
slv-544-6535,t523:1 t523:3 t182:3
slv-544-6567,t460:1 t240:2 t926:3 t468:4
slv-544-7503,t460:1 t240:2 t523:3 t523:3 t569:4 t523:4 t523:5 t468:6
slv-544-8055,t391:0 t545:1
slv-544-8720,t670:2 t670:4 t486:5
slv-544-9701,t693:1 t636:2 t693:3 t670:3 t843:4 t843:4 t601:5 t601:5
slv-545-0526,t240:1 t926:2 t468:3 t240:4 t468:4 t523:5 t523:5 t182:6
slv-545-1303,t240:1 t278:2 t523:3 t523:3 t468:4 t764:5 t885:5 t860:6
slv-545-1889,t523:1 t523:3 t182:3
slv-545-1951,t448:0 t240:1 t926:2 t926:3 t468:3 t764:4 t885:5 t860:6
slv-545-3395,t448:1 t391:2 t736:3 t112:3 t545:4 t523:4 t523:5 t182:5 t523:6 t581:7
slv-545-3828,t670:0 t670:3 t486:5
slv-545-4705,t672:1 t523:2 t523:3 t581:4
slv-545-5285,t920:1 t240:2 t278:2 t523:3 t523:3 t468:4 t764:5 t860:6
slv-545-5355,t670:2 t670:4 t486:5
slv-545-6547,t670:2 t670:4 t486:5
slv-545-6993,t601:1 t601:3
slv-545-7014,t829:2 t788:3 t523:4 t523:4 t581:5
slv-545-7083,t460:1 t240:2 t926:3 t468:4
slv-545-7966,t670:2 t670:4 t486:5
slv-545-8086,t391:0 t736:1 t112:2 t545:3 t240:3 t523:4 t523:4 t581:5 t523:6 t468:6 t764:7
slv-545-8224,t730:1 t240:2 t926:3 t926:4 t523:4 t468:5
slv-545-8262,t670:2 t486:4 t486:5 t670:5 t670:6
slv-545-8372,t545:1 t391:2 t545:3 t739:4 t545:4
slv-545-8552,t460:0 t240:1 t569:2 t523:3 t523:4 t569:5
slv-545-8614,t460:0 t545:1 t240:1 t523:2 t523:3 t569:4 t523:4 t468:5
slv-545-8791,t167:1 t391:2 t545:3 t523:3 t240:4 t523:4 t523:5 t468:5
slv-546-0814,t523:1 t523:3 t182:3
slv-546-1851,t905:0 t545:1
slv-546-2150,t391:0 t904:0 t860:0 t545:3
slv-546-2606,t670:2 t670:4 t486:5
slv-546-3502,t764:5 t670:6 t670:7 t486:7 t670:7
slv-546-3725,t523:1 t523:3 t182:3
slv-546-4003,t904:0 t860:0 t391:0 t860:1 t545:3
slv-546-4599,t764:2 t670:5 t670:6 t486:6 t670:7
slv-546-4649,t601:1 t601:2 t601:4
slv-546-5319,t448:0 t240:0 t448:3 t468:4 t860:6
slv-546-5580,t391:0 t545:2
slv-546-5664,t670:2 t670:4 t486:5
slv-546-5827,t903:0 t860:0 t903:1
slv-546-6207,t788:1 t523:2 t523:3 t581:4
slv-546-6897,t601:1 t601:2 t601:4
slv-546-7308,t240:1 t926:2 t523:3 t523:3 t569:4 t523:5
slv-546-7482,t920:1 t240:2 t278:2 t523:3 t523:3 t468:4 t764:5 t860:6
slv-546-8346,t670:2 t670:4 t486:5
slv-546-8548,t860:0 t545:3
slv-546-8580,t309:2 t460:3 t240:3 t523:4 t569:4 t523:5 t523:5 t468:6
slv-546-8665,t545:1 t670:2 t523:3 t523:4 t581:5 t764:5 t885:6
slv-546-8796,t920:1 t240:2 t278:2 t523:3 t523:3 t468:4 t764:5 t860:6
slv-547-0156,t167:0 t391:1 t545:2
slv-547-2718,t736:0 t486:1 t486:3 t670:3 t523:4 t523:5 t182:6
slv-547-2779,t670:2 t486:4 t486:5 t670:5 t670:6
slv-547-3252,t523:0 t523:2 t468:3
slv-547-3505,t670:2 t486:4 t486:5 t670:5 t670:6
slv-547-3835,t670:0 t670:3 t486:5
slv-547-4105,t670:2 t670:4 t486:5
slv-547-4466,t670:2 t486:4 t486:5 t670:5 t670:6
slv-547-4930,t670:2 t486:4 t486:5 t670:5 t670:6
slv-547-5228,t670:2 t670:4 t486:5
slv-547-6694,t920:1 t240:2 t278:2 t523:3 t523:3 t468:4 t764:5 t860:6
slv-547-7189,t460:1 t240:3 t523:4 t569:6 t860:6 t670:7 t670:7 t523:7 t468:7
slv-547-8681,t788:1 t523:2 t523:3 t581:4
slv-547-8812,t391:0 t736:1 t112:3 t523:4 t523:5 t182:6 t764:6 t764:7 t903:7 t860:7
slv-547-9434,t676:1 t523:3 t569:4 t523:5 t523:6 t468:7
slv-547-9813,t167:1 t391:2 t545:3 t523:3 t240:4 t523:4 t523:5 t468:5
slv-548-4739,t670:2 t670:4 t486:5
slv-548-6092,t860:0 t545:2
slv-548-6212,t523:1 t523:3 t581:3
slv-548-6323,t460:1 t240:2 t926:3 t468:4
slv-548-6388,t920:1 t240:2 t523:3 t523:4 t468:5 t860:6
slv-548-8600,t788:1 t523:3 t523:3 t182:4
slv-548-9177,t920:1 t240:2 t278:2 t523:3 t523:3 t468:4 t764:5 t860:6
slv-548-9991,t448:0 t523:2 t523:3 t182:4
slv-549-0502,t579:1 t579:2 t843:3 t843:4 t579:5
slv-549-1410,t601:1 t601:2 t601:3
slv-549-1440,t391:0 t545:2
slv-549-2074,t670:2 t670:4 t486:5
slv-549-2885,t601:1 t601:2 t601:4
slv-549-3062,t240:1 t523:1 t523:2 t569:3 t523:4 t468:5
slv-549-3088,t670:2 t670:4 t486:5
slv-549-3139,t920:1 t240:2 t278:2 t523:3 t523:3 t468:4 t764:5 t860:6
slv-549-3211,t670:2 t670:4 t486:5
slv-549-7251,t736:0 t693:1 t523:2 t523:3 t182:4
slv-549-8686,t670:2 t670:4 t486:5
slv-549-9555,t391:1 t545:1 t739:3 t545:4
slv-550-0991,t920:1 t240:2 t278:2 t523:3 t523:3 t468:4 t764:5 t860:6
slv-550-1304,t545:0 t391:1 t545:4
slv-550-1777,t926:1 t468:3
slv-550-2568,t670:2 t670:4 t486:5
slv-550-2619,t904:0 t860:1 t545:2 t391:3 t545:4
slv-550-5186,t523:3 t182:4
slv-550-6391,t920:1 t240:2 t278:2 t523:3 t523:3 t468:4 t764:5 t860:6
slv-550-6759,t391:1 t904:2 t545:3 t391:3 t545:4 t860:4 t545:5
slv-550-7132,t860:0 t670:5 t670:7
slv-550-7317,t670:2 t486:4 t486:5 t670:5 t670:6
slv-550-8734,t670:2 t670:4 t486:5
slv-550-9561,t670:2 t670:4 t486:5
slv-550-9923,t670:2 t486:4 t486:5 t670:5 t670:6
slv-551-0212,t391:0 t736:1 t112:3 t523:4 t523:5 t182:6 t764:6 t764:7 t903:7 t860:7
slv-551-2141,t920:1 t240:2 t278:2 t523:3 t523:3 t468:4 t764:5 t860:6
slv-551-3357,t240:2 t926:4 t523:5 t182:6 t523:6 t468:7 t670:7 t670:7
slv-551-3614,t860:0 t545:2
slv-551-3962,t631:3 t631:4 t631:5 t631:6
slv-551-4736,t670:2 t670:4 t486:5
slv-551-5427,t670:2 t670:4 t486:5
slv-551-6350,t486:2 t486:4 t469:5 t636:5 t730:5 t523:6 t182:7
slv-551-8440,t545:1 t391:2 t545:3 t739:4 t545:4
slv-551-8726,t670:2 t670:4 t486:5
slv-551-8977,t240:1 t926:3 t468:3 t240:4 t523:4 t468:5
slv-551-9342,t920:1 t240:2 t523:3 t523:4 t468:5 t860:6
slv-552-1906,t670:2 t670:4 t486:5
slv-552-2748,t670:2 t670:4 t486:5
slv-552-3498,t670:2 t670:4 t486:5
slv-552-5499,t670:2 t670:4 t486:5
slv-552-5574,t460:1 t240:2 t523:3 t523:3 t569:4 t523:4 t523:5 t468:6
slv-552-6099,t240:1 t926:3 t523:4 t468:5 t240:6 t468:7
slv-552-6757,t601:1 t601:2 t601:4
slv-552-6795,t240:2 t926:4 t926:5 t523:6 t523:6 t182:7
slv-552-8842,t670:1 t843:3 t843:4 t523:4 t182:7
slv-552-9536,t391:0 t904:0 t860:1 t885:2 t860:3 t545:3 t391:4 t545:4
slv-552-9795,t391:0 t736:1 t112:2 t545:3 t240:3 t523:4 t523:4 t581:5 t523:6 t468:6 t764:7
slv-553-0153,t670:2 t670:4 t486:5
slv-553-0782,t903:0 t860:1 t885:1 t860:3 t903:4
slv-553-0877,t240:1 t926:1 t468:2 t240:3 t278:3 t523:3 t523:4 t468:5
slv-553-1875,t605:1 t240:2 t523:3 t523:3 t468:4 t764:5 t860:6
slv-553-2116,t670:2 t670:4 t486:5
slv-553-2865,t460:2 t240:5 t523:6 t523:6 t468:7 t670:7 t670:7 t636:7
slv-553-3021,t788:0 t523:1 t523:2 t182:3
slv-553-3549,t860:0 t545:2
slv-553-4053,t670:2 t670:4 t486:5
slv-553-4171,t486:2 t486:4 t469:5 t636:5 t730:5 t523:6 t182:7
slv-553-4500,t545:0 t240:1 t926:2 t523:3 t523:3 t926:4 t468:4
slv-553-6404,t670:2 t670:4 t486:5
slv-553-6524,t860:0 t545:2
slv-553-6888,t605:0 t240:2 t523:3 t523:3 t468:4
slv-553-7000,t240:0 t523:1 t926:2 t523:3 t468:3
slv-553-7391,t903:1 t860:2 t670:3 t601:3 t601:4 t670:5 t545:5 t843:5 t843:5 t670:6 t843:6
slv-553-7407,t391:0 t545:1 t240:2 t523:3 t523:3 t926:3 t468:4
slv-553-8602,t670:2 t670:4 t486:5
slv-553-8805,t106:1 t106:2 t240:3 t926:4 t926:4 t468:5 t670:5 t670:6 t903:6 t860:7
slv-553-9893,t391:0 t736:1 t112:3 t523:4 t523:5 t182:6 t764:6 t764:7 t903:7 t860:7
slv-554-0060,t601:1 t601:2 t601:3
slv-554-0092,t670:2 t486:4 t486:5 t670:5 t670:6
slv-554-2310,t670:2 t670:4 t486:5
slv-554-2316,t885:1 t860:3 t523:4 t182:5
slv-554-3116,t670:5 t670:6 t486:7 t670:7
slv-554-3955,t391:1 t545:1 t739:2 t545:3
slv-554-4003,t523:1 t523:3 t581:3
slv-554-4233,t460:1 t240:2 t523:3 t569:4 t523:5 t523:5 t468:6
slv-554-4436,t670:2 t670:4 t486:5
slv-554-5837,t460:1 t240:2 t926:3 t468:4
slv-554-6750,t391:0 t904:0 t545:1 t240:2 t523:2 t523:3 t182:4 t885:4 t860:5
slv-554-7940,t885:1 t860:4 t903:4 t860:5
slv-554-8375,t601:1 t601:2 t601:4
slv-554-8490,t904:0 t545:1 t240:2 t523:3 t523:4 t468:5 t764:6 t764:6 t860:7
slv-554-9270,t486:2 t486:4 t469:5 t636:5 t730:5 t523:6 t182:7
slv-554-9706,t788:1 t523:2 t523:3 t581:4
slv-554-9877,t860:0 t545:2
slv-555-0055,t788:0 t523:2 t523:3 t581:4
slv-555-0404,t448:0 t240:1 t926:2 t523:3 t523:3 t569:5
slv-555-0853,t240:1 t468:3 t240:4 t926:5 t523:5 t523:6 t468:7
slv-555-1453,t676:1 t523:3 t569:4 t523:5 t523:6 t468:7
slv-555-1622,t240:1 t523:1 t523:2 t569:3 t523:4 t468:5
slv-555-1872,t920:1 t240:2 t278:2 t523:3 t523:3 t468:4 t764:5 t860:6
slv-555-2189,t670:2 t486:4 t486:5 t670:5 t670:6
slv-555-2672,t670:2 t670:4 t486:5
slv-555-3840,t670:2 t486:4 t486:5 t670:5 t670:6
slv-555-4281,t523:3 t182:4
slv-555-4655,t736:0 t693:1 t523:2 t523:3 t182:4
slv-555-6556,t670:2 t670:4 t486:5
slv-555-6614,t240:1 t926:1 t468:2 t240:3 t278:3 t523:3 t523:4 t468:5
slv-555-7042,t670:2 t670:4 t486:5
slv-555-8588,t920:1 t240:3 t926:4 t468:5 t670:5 t670:6 t523:6 t468:6
slv-555-9006,t545:1 t240:1 t278:2 t523:3 t523:3 t468:4 t764:5 t885:5 t860:6
slv-555-9435,t904:4 t631:5 t128:6 t631:6 t631:7
slv-555-9514,t246:3 t460:4 t240:4 t523:5 t523:5 t569:5 t523:6 t468:6
slv-556-0063,t460:1 t240:2 t523:3 t569:3 t523:4 t523:4 t468:5
slv-556-0271,t905:0 t545:1
slv-556-0415,t460:1 t240:2 t523:3 t523:3 t182:4
slv-556-1056,t523:1 t523:3 t182:3
slv-556-1967,t240:1 t523:2 t523:3 t468:4
slv-556-3712,t167:1 t391:2 t904:3 t860:4 t545:5
slv-556-3985,t764:2 t670:5 t670:6 t486:6 t670:7
slv-556-4277,t676:1 t523:3 t569:4 t523:5 t523:6 t468:7
slv-556-4391,t460:1 t240:2 t926:3 t468:4
slv-556-4442,t670:2 t670:4 t486:5
slv-556-5326,t788:1 t523:3 t523:3 t182:4
slv-556-5503,t391:0 t736:1 t112:2 t545:3 t240:3 t523:4 t523:4 t581:5 t523:6 t468:6 t764:7
slv-556-5717,t670:2 t670:4 t486:5
slv-556-5731,t631:3 t631:5 t631:6
slv-556-5802,t670:2 t670:4 t486:5
slv-556-6091,t920:1 t240:2 t523:3 t523:4 t468:5 t860:6
slv-556-6286,t920:1 t240:2 t523:3 t523:4 t468:5 t860:6
slv-556-6839,t670:0 t670:3 t486:5
slv-556-7005,t460:1 t240:2 t926:3 t468:4
slv-556-9401,t670:2 t670:4 t486:5
slv-557-0740,t926:1 t468:3
slv-557-0755,t788:5 t523:6 t523:7 t581:7
slv-557-1026,t676:1 t523:3 t569:4 t523:5 t523:6 t468:7
slv-557-1529,t128:3 t128:5 t631:6 t631:7
slv-557-2398,t670:2 t486:4 t486:5 t670:5 t670:6
slv-557-3469,t739:1 t545:2 t391:3 t545:4
slv-557-4495,t670:2 t486:4 t486:5 t670:5 t670:6
slv-557-5922,t601:1 t601:2 t601:4
slv-557-6219,t670:2 t670:4 t486:5
slv-557-7088,t106:1 t106:2 t240:3 t926:4 t926:4 t468:5 t670:5 t670:6 t903:6 t860:7
slv-557-7603,t760:0 t670:1 t670:4 t486:6
slv-557-8585,t670:2 t670:4 t486:5
slv-557-8989,t905:0 t545:0 t860:1 t545:2
slv-558-0067,t240:1 t523:2
slv-558-1350,t693:2 t636:4 t885:5 t860:6
slv-558-1637,t670:2 t670:4 t486:5
slv-558-1959,t523:1 t523:3 t581:3
slv-558-2875,t682:0 t240:2 t523:3 t523:3 t182:3 t885:3 t523:4 t468:4 t885:5
slv-558-4362,t460:1 t240:2 t523:2 t569:3 t523:4 t523:4 t468:5
slv-558-6075,t764:2 t670:5 t670:6 t486:6 t670:7
slv-558-6099,t905:0 t545:1
slv-558-6460,t670:2 t670:4 t486:5
slv-558-7177,t814:1 t290:3 t290:4 t814:4 t814:6
slv-558-7614,t920:3 t920:4 t920:5
slv-558-7924,t670:2 t670:4 t486:5
slv-558-8274,t670:2 t670:4 t486:5
slv-558-8432,t448:2 t460:3 t240:4 t523:5 t569:5 t523:6 t468:6 t670:7
slv-558-8530,t523:4 t182:6 t670:6 t670:7 t885:7 t860:7
slv-558-9100,t670:2 t670:4 t486:5
slv-559-0279,t670:2 t670:4 t486:5
slv-559-1108,t396:0 t240:1 t926:2 t523:3 t523:3 t926:4 t468:5
slv-559-1178,t167:1 t391:2 t904:3 t860:3 t545:4 t240:4 t523:5
slv-559-1192,t523:1 t523:3 t581:3
slv-559-1575,t391:0 t904:0 t860:0 t545:2
slv-559-2221,t240:1 t926:3 t468:4 t670:5 t670:6 t523:6 t468:6
slv-559-3600,t240:0 t523:1 t569:2 t523:3 t523:4 t468:5
slv-559-4428,t240:1 t278:2 t523:3 t523:3 t468:4 t764:5 t885:5 t860:6
slv-559-5129,t788:1 t523:2 t523:3 t581:4
slv-559-5496,t788:1 t523:2 t523:3 t581:4
slv-559-5675,t670:2 t670:4 t486:5
slv-559-6313,t670:2 t670:4 t486:5
slv-559-6576,t693:4 t670:5 t670:6 t523:6 t182:7 t885:7 t860:7
slv-559-6654,t448:1 t240:2 t523:3 t523:4 t182:4 t764:5 t885:6
slv-559-6880,t670:2 t670:4 t486:5
slv-559-9339,t636:0 t167:1 t391:2 t904:3 t860:4 t545:4
slv-559-9486,t814:1 t290:3 t290:4 t814:4 t814:6
slv-560-0578,t240:1 t926:2 t240:3 t468:6
slv-560-0830,t670:2 t670:4 t486:5
slv-560-0841,t240:1 t926:2 t523:3 t523:3 t569:4
slv-560-1063,t631:3 t631:5 t631:6
slv-560-1263,t460:1 t240:2 t523:3 t569:4 t523:5 t523:5 t468:6
slv-560-1667,t670:2 t670:4 t486:5
slv-560-1780,t670:2 t670:4 t486:5
slv-560-2240,t601:1 t601:2 t601:4
slv-560-3527,t904:5 t693:6 t693:7 t670:7 t693:7 t636:7
slv-560-3928,t240:1 t926:2 t468:4 t904:7
slv-560-4000,t814:1 t290:3 t290:4 t814:4 t814:6
slv-560-4224,t579:1 t579:2 t843:3 t843:4 t579:5
slv-560-4487,t670:2 t670:4 t486:5
slv-560-4840,t670:2 t670:4 t486:5
slv-560-5665,t920:1 t240:2 t523:2 t569:3 t523:4 t523:4 t468:5
slv-560-6308,t167:1 t391:1 t496:2 t391:3 t545:3 t523:4 t523:4 t182:5
slv-560-6441,t448:0 t240:0 t448:3 t468:4 t860:6
slv-560-6776,t670:2 t670:4 t486:5
slv-560-8938,t329:2 t329:4
slv-560-8961,t240:1 t926:2 t468:3 t240:4 t468:4 t523:5 t523:5 t182:6
slv-560-9043,t636:0 t736:1 t112:2 t545:2 t240:3 t523:3 t523:4 t581:4 t523:5 t468:7
slv-561-0394,t788:0 t523:2 t523:3 t581:4
slv-561-0814,t905:0 t545:1
slv-561-1414,t460:1 t240:2 t523:3 t569:4 t523:5 t523:5 t468:6
slv-561-2262,t739:1 t545:2 t391:3 t545:4
slv-561-2306,t670:2 t670:4 t486:5
slv-561-2511,t764:2 t670:5 t670:6 t486:6 t670:7
slv-561-3189,t670:2 t670:4 t486:5
slv-561-3332,t670:2 t670:4 t486:5
slv-561-3536,t670:2 t670:4 t486:5
slv-561-4635,t905:0 t545:1
slv-561-5207,t860:0 t545:2
slv-561-5492,t240:1 t926:3 t523:4 t468:5 t240:6 t468:7
slv-561-6259,t391:0 t904:0 t545:2
slv-561-6857,t903:1 t860:2 t670:3 t601:3 t601:4 t670:5 t545:5 t843:5 t843:5 t670:6 t843:6
slv-561-7321,t670:2 t670:4 t486:5
slv-561-7839,t391:0 t545:1 t545:2 t523:3 t523:4 t182:4
slv-561-9183,t920:1 t240:2 t523:3 t523:4 t468:5 t860:6
slv-562-0304,t670:2 t486:4 t486:5 t670:5 t670:6
slv-562-0337,t670:2 t670:4 t486:5
slv-562-0626,t670:2 t670:4 t486:5
slv-562-1144,t523:3 t182:4 t764:6 t860:7
slv-562-1909,t788:1 t523:2 t523:3 t581:4
slv-562-2484,t904:0 t545:2 t670:3 t843:4 t523:5 t182:6
slv-562-2492,t670:2 t670:4 t486:5
slv-562-3088,t670:2 t670:4 t486:5
slv-562-3237,t448:0 t736:0 t112:1 t545:2 t523:3 t523:4 t468:4 t764:5 t885:6
slv-562-3261,t569:0 t996:0 t569:1 t523:3 t182:5
slv-562-3338,t920:1 t240:2 t278:2 t523:3 t523:3 t468:4 t764:5 t860:6
slv-562-3533,t601:1 t601:2 t601:4
slv-562-3760,t670:2 t670:4 t486:5
slv-562-4368,t670:2 t670:4 t486:5
slv-562-6867,t460:0 t240:2 t523:3 t569:5 t860:6 t569:7 t523:7 t468:7
slv-562-7184,t926:1 t926:2 t523:3 t926:4 t693:5 t636:6
slv-562-7229,t448:1 t240:2 t523:3 t523:4 t182:4 t764:5 t885:6
slv-562-7346,t391:0 t545:0 t904:1 t860:2 t545:3 t739:3 t545:4
slv-562-7616,t240:1 t926:2 t240:3 t468:6
slv-562-8487,t670:2 t670:4 t486:5
slv-562-8676,t670:2 t670:4 t486:5
slv-562-9362,t460:1 t240:2 t523:3 t523:3 t569:4 t523:4 t468:5
slv-563-0583,t920:3 t920:4 t920:5
slv-563-0818,t496:0 t391:0 t905:0
slv-563-1966,t920:1 t240:2 t523:3 t523:4 t468:5 t860:6
slv-563-2437,t670:0 t670:2 t486:3 t523:4 t523:6 t182:6
slv-563-2458,t885:1 t860:3 t670:4 t670:5 t843:6
slv-563-2976,t391:0 t736:1 t112:3 t523:4 t523:5 t182:6 t764:6 t764:7 t903:7 t860:7
slv-563-3056,t670:2 t670:4 t486:5
slv-563-3925,t240:0 t926:1 t926:3 t468:4
slv-563-4095,t448:1 t240:2 t523:3 t523:4 t182:4 t764:5 t885:6
slv-563-4627,t448:1 t240:2 t523:3 t523:4 t182:4 t764:5 t885:6
slv-563-5290,t536:1 t240:2 t926:3 t468:3 t569:3 t569:4 t996:5 t569:6 t926:7
slv-563-5783,t903:1 t860:2 t670:3 t601:3 t601:4 t670:5 t545:5 t843:5 t843:5 t670:6 t843:6
slv-563-5911,t739:1 t545:2 t391:3 t545:4
slv-563-6218,t885:1 t860:3 t523:4 t182:5
slv-563-6694,t523:1 t523:3 t182:3
slv-563-7191,t670:2 t670:4 t486:5
slv-563-7968,t926:1 t523:3 t523:3 t468:3
slv-563-9612,t788:0 t523:2 t523:3 t581:4
slv-564-0203,t670:2 t670:4 t486:5
slv-564-0283,t693:4 t670:5 t670:6 t523:6 t182:7 t885:7 t860:7
slv-564-0665,t240:1 t278:2 t523:3 t523:3 t468:4 t764:5 t885:5 t860:6
slv-564-1153,t670:2 t670:4 t486:5
slv-564-1553,t448:1 t240:2 t523:3 t523:4 t182:4 t764:5 t885:6
slv-564-1656,t860:0 t545:1 t904:2 t545:3 t391:4 t545:4
slv-564-1679,t920:1 t240:2 t278:2 t523:3 t523:3 t468:4 t764:5 t860:6
slv-564-1786,t240:1 t926:2 t240:3 t468:6
slv-564-1958,t670:2 t670:4 t486:5
slv-564-3279,t670:2 t670:4 t486:5
slv-564-3547,t240:1 t926:2 t240:3 t468:6
slv-564-3825,t670:2 t670:4 t486:5
slv-564-4083,t523:1 t523:3 t182:3
slv-564-4673,t670:2 t670:4 t486:5
slv-564-5036,t670:2 t670:4 t486:5
slv-564-5317,t579:1 t579:1 t843:3 t843:4
slv-564-5504,t885:0 t860:0 t903:0 t860:2
slv-564-5585,t670:2 t486:4 t486:5 t670:5 t670:6
slv-564-6265,t670:1 t670:2 t133:3 t741:3 t396:4 t636:4 t885:4 t860:5
slv-564-6800,t739:1 t545:1 t391:2
slv-564-7430,t460:1 t240:2 t523:3 t569:3 t523:4 t523:4 t468:5
slv-564-7838,t448:1 t240:2 t523:3 t523:4 t182:4 t764:5 t885:6
slv-564-8677,t240:4 t670:6 t885:7 t860:7 t670:7 t670:7 t523:7 t182:7
slv-564-9254,t240:1 t523:2 t523:2 t569:3 t523:4 t523:4 t468:5
slv-564-9439,t496:0 t860:1 t903:1 t860:2 t545:4
slv-564-9589,t523:4 t182:6 t670:6 t670:7 t885:7 t860:7
slv-564-9878,t670:2 t486:4 t486:5 t670:5 t670:6
slv-565-0594,t676:1 t523:3 t569:4 t523:5 t523:6 t468:7
slv-565-1043,t240:1 t926:1 t468:2 t240:3 t278:3 t523:3 t523:4 t468:5
slv-565-1493,t905:0 t545:1
slv-565-2493,t670:2 t486:4 t486:5 t670:5 t670:6
slv-565-2535,t903:1 t860:2 t670:3 t601:3 t601:4 t670:5 t545:5 t843:5 t843:5 t670:6 t843:6
slv-565-3332,t670:2 t670:4 t486:5
slv-565-4346,t601:1 t601:3 t601:4
slv-565-5176,t670:2 t670:4 t486:5
slv-565-6637,t670:2 t670:4 t486:5
slv-565-7258,t788:1 t523:2 t523:3 t581:4
slv-565-7695,t920:1 t240:2 t278:2 t523:3 t523:3 t468:4 t764:5 t860:6
slv-565-7931,t391:1 t545:1 t739:2 t545:3
slv-565-8568,t601:1 t601:3 t601:4
slv-565-9150,t391:0 t545:1
slv-565-9543,t764:2 t670:5 t670:6 t486:6 t670:7
slv-565-9786,t926:0 t926:2 t468:3
slv-566-0201,t670:2 t670:4 t486:5
slv-566-1282,t167:0 t391:1 t545:2
slv-566-1722,t788:1 t523:3 t523:3 t182:4
slv-566-1903,t523:0 t569:1 t569:2 t523:3 t523:4 t468:5
slv-566-3692,t523:0 t926:1 t523:2 t523:3 t468:3
slv-566-3735,t860:0 t670:5 t670:7
slv-566-4110,t920:1 t240:2 t523:2 t569:3 t523:4 t523:4 t468:5
slv-566-4618,t460:1 t240:2 t523:3 t523:3 t468:4 t569:4 t523:5 t569:6
slv-566-4847,t605:1 t240:2 t523:3 t523:3 t468:4 t764:5 t860:6
slv-566-5385,t240:1 t468:3 t240:4 t926:5 t523:5 t523:6 t468:7
slv-566-6064,t693:2 t636:4 t885:5 t860:6
slv-566-6917,t670:2 t670:4 t486:5
slv-566-7313,t764:2 t670:5 t670:6 t486:6 t670:7
slv-566-7481,t670:2 t670:4 t486:5
slv-566-7547,t920:1 t240:2 t278:2 t523:3 t523:3 t468:4 t764:5 t860:6
slv-566-7809,t670:2 t670:4 t486:5
slv-566-7848,t377:1 t377:2
slv-566-7918,t885:1 t860:3 t523:4 t182:5
slv-566-8852,t448:0 t240:1 t523:4 t523:6 t182:7
slv-566-9526,t670:5 t670:6 t486:7 t670:7
slv-566-9692,t670:2 t486:4 t486:5 t670:5 t670:6
slv-566-9976,t523:1 t523:3 t182:3
slv-567-0183,t396:0 t240:1 t523:2 t523:3 t182:3 t240:4 t926:4 t468:5
slv-567-0264,t670:2 t670:4 t486:5
slv-567-0478,t672:1 t523:2 t523:3 t581:4
slv-567-1784,t885:3 t860:4 t903:4 t860:5
slv-567-2085,t670:2 t670:4 t486:5
slv-567-3210,t670:0 t670:3 t486:5
slv-567-3243,t523:1 t523:3 t468:4 t860:5 t523:6 t764:6 t860:7 t670:7
slv-567-3335,t670:2 t670:4 t486:5
slv-567-3635,t788:1 t523:2 t523:3 t581:4
slv-567-4958,t670:2 t670:4 t486:5
slv-567-5025,t391:1 t545:1 t670:2 t545:3 t240:3 t926:4 t468:5 t764:6
slv-567-6051,t905:0 t545:1
slv-567-6752,t670:2 t670:4 t486:5
slv-567-7427,t670:2 t670:4 t486:5
slv-567-7659,t636:0 t736:1 t112:2 t545:2 t240:3 t523:3 t523:4 t581:4 t523:5 t468:7
slv-567-8100,t167:1 t391:2 t545:3 t523:3 t240:4 t523:4 t523:5 t468:5
slv-567-8145,t670:2 t486:4 t486:5 t670:5 t670:6
slv-567-8553,t167:1 t391:2 t904:2 t545:3
slv-567-8777,t903:1 t860:2 t670:3 t601:3 t601:4 t670:5 t545:5 t843:5 t843:5 t670:6 t843:6
slv-567-9930,t670:0 t670:3 t486:5
slv-568-0395,t309:2 t460:3 t240:3 t523:4 t569:4 t523:5 t523:5 t468:6
slv-568-1022,t693:0 t670:4 t670:5 t182:6 t523:6 t523:6 t182:7
slv-568-2215,t167:1 t391:2 t545:3 t523:3 t240:4 t523:4 t523:5 t468:5
slv-568-2684,t460:1 t240:2 t523:3 t523:3 t569:4 t523:4 t468:5
slv-568-3984,t670:2 t670:4 t486:5
slv-568-4089,t670:3 t670:5 t486:6
slv-568-4129,t448:0 t240:0 t448:3 t468:4 t860:6
slv-568-5051,t885:0 t860:0 t670:5
slv-568-5711,t670:2 t670:4 t486:5
slv-568-6243,t670:2 t486:4 t486:5 t670:5 t670:6
slv-568-6350,t448:0 t240:0 t448:3 t468:4 t860:6
slv-568-6946,t486:4 t670:5 t670:6 t486:6 t523:7 t182:7
slv-568-7095,t309:2 t460:3 t240:3 t523:4 t569:4 t523:5 t523:5 t468:6
slv-568-7157,t670:5 t670:6 t486:7 t670:7
slv-568-9780,t670:2 t670:4 t486:5
slv-569-0084,t167:1 t391:2 t904:3 t860:4 t545:5
slv-569-0326,t693:4 t636:5 t523:6 t523:6 t182:7
slv-569-0691,t739:1 t545:2 t391:3 t545:4
slv-569-0862,t448:1 t240:2 t523:3 t523:4 t182:4 t764:5 t885:6
slv-569-1258,t486:3 t670:5 t670:6
slv-569-1406,t920:1 t240:2 t278:2 t523:3 t523:3 t468:4 t764:5 t860:6
slv-569-2572,t670:2 t670:4 t486:5
slv-569-2598,t764:2 t670:5 t670:6 t486:6 t670:7
slv-569-2605,t920:1 t240:2 t278:2 t523:3 t523:3 t468:4 t764:5 t860:6
slv-569-2675,t903:1 t860:2 t670:3 t601:3 t601:4 t670:5 t545:5 t843:5 t843:5 t670:6 t843:6
slv-569-2684,t920:1 t240:2 t523:3 t523:4 t468:5 t860:6
slv-569-3206,t736:0 t693:1 t682:2 t240:3 t523:3 t523:4
slv-569-3245,t693:4 t636:5 t523:6 t523:6 t182:7
slv-569-3508,t670:2 t670:4 t486:5
slv-569-3841,t240:0 t926:2 t523:3 t523:4 t581:5
slv-569-4074,t240:1 t926:2 t468:3
slv-569-4226,t670:2 t670:4 t486:5
slv-569-5228,t788:1 t523:2 t523:3 t581:4
slv-569-7492,t904:0 t545:1 t391:2 t545:3
slv-569-7995,t670:2 t486:4 t486:5 t670:5 t670:6
slv-569-8096,t788:1 t523:3 t523:3 t182:4
slv-569-9635,t920:1 t240:2 t523:3 t569:5 t523:6 t468:7 t670:7
slv-569-9695,t670:2 t670:4 t486:5
slv-570-1069,t670:2 t670:4 t486:5
slv-570-1574,t391:0 t904:0 t545:2
slv-570-2851,t670:2 t670:4 t486:5
slv-570-4081,t523:1 t523:3 t182:3
slv-570-4508,t523:1 t523:3 t182:3
slv-570-4554,t240:1 t926:1 t468:2 t240:3 t278:3 t523:3 t523:4 t468:5
slv-570-6003,t240:1 t926:1 t468:2 t240:3 t278:3 t523:3 t523:4 t468:5
slv-570-6031,t788:1 t523:2 t523:3 t581:4
slv-570-6095,t670:0 t670:3 t486:5
slv-570-6275,t920:1 t240:1 t278:2 t523:3 t468:3 t278:3 t278:4 t926:5 t468:6
slv-570-6495,t920:1 t240:2 t523:3 t523:4 t468:5 t860:6
slv-570-7297,t240:0 t569:1 t523:2 t523:3 t569:4
slv-570-8493,t670:2 t670:4 t486:5
slv-570-9498,t739:1 t545:2
slv-571-0012,t670:2 t670:4 t486:5
slv-571-0331,t670:2 t486:4 t486:5 t670:5 t670:6
slv-571-0514,t391:1 t736:2 t112:3 t545:3 t523:4 t240:4 t523:4 t523:5 t581:5 t885:6
slv-571-0558,t670:0 t670:3 t486:5
slv-571-1200,t693:1 t636:2 t693:3 t670:3 t843:4 t843:4 t601:5 t601:5
slv-571-1450,t309:2 t460:3 t240:3 t523:4 t569:4 t523:5 t523:5 t468:6
slv-571-2721,t536:1 t240:1 t926:2 t240:3 t468:4 t240:6 t569:7
slv-571-2996,t391:0 t545:1
slv-571-3276,t486:3 t670:5 t670:6
slv-571-3333,t670:2 t670:4 t486:5
slv-571-3411,t670:2 t670:4 t486:5
slv-571-3518,t885:0 t903:1 t860:3 t903:5
slv-571-3636,t920:1 t240:2 t523:3 t523:4 t468:5 t860:6
slv-571-3798,t739:1 t545:2 t391:3 t545:4
slv-571-3856,t448:1 t240:2 t523:3 t523:4 t182:4 t764:5 t885:6
slv-571-3890,t391:0 t904:0 t545:2
slv-571-4325,t670:2 t670:4 t486:5
slv-571-4591,t920:1 t240:2 t523:3 t523:4 t468:5 t860:6
slv-571-4782,t670:2 t670:4 t486:5
slv-571-5145,t391:0 t448:0 t240:1 t926:2 t468:3 t523:3 t468:5
slv-571-5213,t788:1 t523:3 t523:3 t182:4
slv-571-6100,t860:0 t903:1 t860:1 t545:4
slv-571-6349,t523:1 t523:3 t182:3
slv-571-8336,t240:0 t523:1 t523:2 t569:3 t523:4 t468:5
slv-572-1327,t523:2 t523:3 t182:4
slv-572-2105,t391:0 t904:0 t860:0 t545:3
slv-572-4276,t396:0 t240:1 t926:2 t523:3 t523:3 t926:4 t468:5
slv-572-4975,t788:1 t523:2 t523:3 t581:4
slv-572-5383,t670:2 t670:4 t486:5
slv-572-6211,t391:1 t545:2 t920:2 t240:3 t523:4 t523:5 t468:5 t764:6 t764:7
slv-572-7644,t670:2 t486:4 t670:5 t670:6
slv-572-8055,t605:1 t240:2 t523:3 t523:3 t468:4 t764:5 t860:6
slv-572-8544,t391:0 t545:2
slv-572-9122,t460:1 t240:2 t926:3 t468:4
slv-573-0806,t670:2 t670:4 t486:5
slv-573-1557,t670:2 t670:4 t486:5
slv-573-1829,t670:2 t670:4 t486:5
slv-573-3150,t670:2 t670:4 t486:5
slv-573-3737,t926:1 t523:3 t523:3 t468:3
slv-573-4478,t788:1 t523:2 t523:3 t581:4
slv-573-5142,t920:1 t240:2 t523:4 t523:4 t468:5 t860:7
slv-573-5856,t448:0 t240:0 t448:3 t468:4 t860:6
slv-573-6343,t670:2 t670:4 t486:5
slv-573-6914,t905:0 t545:0 t860:1 t545:2
slv-573-7288,t764:2 t670:5 t670:6 t486:6 t670:7
slv-573-9268,t636:0 t736:1 t112:2 t545:2 t240:3 t523:3 t523:4 t581:4 t523:5 t468:7
slv-573-9978,t788:0 t523:2 t523:3 t581:4
slv-574-0360,t920:1 t240:2 t523:3 t523:4 t468:5 t860:6
slv-574-1020,t448:3 t920:5 t391:5 t545:5 t448:6 t240:6 t523:6 t523:7
slv-574-1127,t788:1 t523:3 t523:4 t581:7
slv-574-1383,t670:2 t670:4 t486:5
slv-574-1599,t670:2 t670:4 t486:5
slv-574-2424,t736:0 t486:1 t486:3 t670:3 t523:4 t523:5 t182:6
slv-574-2683,t545:1 t240:1 t926:2 t468:2 t240:3 t278:3 t523:4 t523:4 t468:5
slv-574-3260,t448:3 t920:5 t391:5 t545:5 t448:6 t240:6 t523:6 t523:7
slv-574-3272,t396:0 t240:1 t926:2 t523:3 t523:3 t926:4 t468:5
slv-574-3685,t391:0 t545:1
slv-574-3901,t523:1 t523:3 t182:3
slv-574-3923,t579:1 t579:1 t843:3 t843:4
slv-574-3995,t448:0 t240:1 t523:2 t523:3 t468:3 t926:4 t468:5
slv-574-4499,t579:1 t843:2 t843:3 t579:4 t579:5
slv-574-5616,t920:1 t240:2 t523:3 t523:3 t569:4 t523:4 t468:5
slv-574-6779,t391:0 t448:0 t636:1 t240:2 t523:3 t523:4 t468:4 t764:5 t885:6
slv-574-6802,t167:1 t391:2 t545:3 t523:3 t240:4 t523:4 t523:5 t468:5
slv-574-6953,t670:0 t670:3 t486:5
slv-574-8788,t523:1 t468:5 t670:6 t670:6 t903:7 t860:7 t220:7 t670:7
slv-574-8960,t670:5 t670:6 t486:7 t670:7
slv-574-9068,t904:5 t693:6 t693:7 t670:7 t693:7 t636:7
slv-574-9781,t601:1 t601:2 t601:4
slv-575-0160,t670:2 t670:4 t486:5
slv-575-0502,t605:1 t240:1 t523:2 t523:3 t468:3 t278:3 t278:4 t926:4 t468:5
slv-575-0590,t670:2 t670:4 t486:5
slv-575-0902,t670:2 t670:4 t486:5
slv-575-1416,t240:0 t523:1 t569:2 t523:3 t523:4 t468:4
slv-575-1742,t736:0 t112:0 t760:1 t545:3 t523:4 t523:5 t182:5 t523:6 t581:7
slv-575-2880,t788:0 t523:2 t523:3 t581:4
slv-575-4232,t670:2 t670:4 t486:5
slv-575-4640,t411:1 t411:2 t411:3 t411:5 t411:5 t411:6
slv-575-5564,t670:2 t486:4 t486:5 t670:5 t670:6
slv-575-5700,t730:1 t240:2 t926:3 t926:4 t523:4 t468:5
slv-575-5836,t920:1 t240:2 t523:3 t523:4 t468:5 t860:6
slv-575-6060,t555:1 t486:3 t523:4 t523:5 t182:7
slv-575-6120,t670:2 t670:4 t486:5
slv-575-6218,t486:2 t486:4 t469:5 t636:5 t730:5 t523:6 t182:7
slv-575-6686,t670:2 t670:4 t486:5
slv-575-6702,t670:2 t670:4 t486:5
slv-575-7390,t670:2 t670:4 t486:5
slv-575-8089,t670:2 t670:4 t486:5
slv-575-8451,t860:0 t545:1 t904:2 t545:3 t391:4 t545:4
slv-575-8807,t739:0 t545:1 t391:1 t545:2 t860:2 t545:3
slv-575-9616,t788:1 t523:2 t523:3 t581:4
slv-576-0041,t448:0 t240:1 t523:2 t523:3 t468:3 t926:4 t468:5
slv-576-1323,t670:2 t670:4 t486:5
slv-576-1624,t523:0 t182:2 t670:4 t670:6
slv-576-2230,t391:1 t736:2 t112:3 t545:3 t523:4 t240:4 t523:4 t523:5 t581:5 t885:6
slv-576-2917,t670:2 t670:4 t486:5
slv-576-2986,t670:0 t670:3 t486:5
slv-576-3014,t523:0 t926:1 t523:2 t523:3 t468:4
slv-576-3166,t920:1 t240:2 t278:2 t523:3 t523:3 t468:4 t764:5 t860:6
slv-576-3383,t601:1 t601:2 t601:4
slv-576-3770,t523:2 t523:3 t182:4
slv-576-4578,t927:1 t927:2 t927:4
slv-576-4640,t601:1 t601:2 t601:4
slv-576-5193,t523:1 t523:3 t581:4
slv-576-7318,t545:1 t670:2 t523:3 t523:4 t581:5 t764:5 t885:6
slv-576-8956,t670:2 t670:4 t486:5
slv-576-9303,t391:1 t736:2 t112:3 t545:3 t523:4 t240:4 t523:4 t523:5 t581:5 t885:6
slv-576-9778,t486:2 t486:4 t469:5 t636:5 t730:5 t523:6 t182:7
slv-577-0564,t391:0 t736:1 t112:3 t523:4 t523:5 t182:6 t764:6 t764:7 t903:7 t860:7
slv-577-0874,t920:1 t240:2 t523:3 t523:4 t468:5 t860:6
slv-577-2666,t788:0 t523:2 t523:3 t581:4
slv-577-3515,t670:2 t670:4 t486:5
slv-577-5379,t670:2 t670:4 t486:5
slv-577-5399,t670:2 t670:4 t486:5
slv-577-7601,t860:0 t670:5 t670:6
slv-577-8463,t670:2 t670:4 t486:5
slv-577-8733,t670:2 t670:4 t486:5
slv-577-9389,t670:2 t670:4 t486:5
slv-577-9481,t670:2 t670:4 t486:5
slv-578-0007,t920:1 t240:2 t278:2 t523:3 t523:3 t468:4 t764:5 t860:6
slv-578-1067,t448:0 t545:1 t448:2 t240:3 t926:3 t468:4 t764:6
slv-578-2530,t920:1 t240:2 t523:3 t569:5 t523:6 t468:7 t670:7
slv-578-2547,t396:0 t523:2 t523:3 t182:4
slv-578-2945,t860:0 t545:2
slv-578-4171,t523:3 t182:3 t764:7
slv-578-5465,t523:3 t182:4 t764:6 t860:7
slv-578-5756,t240:1 t926:1 t468:2 t240:3 t278:3 t523:3 t523:4 t468:5
slv-578-5827,t391:0 t448:0 t240:1 t569:3 t246:4 t240:5 t523:5 t523:6 t468:7
slv-578-5940,t920:1 t240:2 t523:3 t523:4 t468:5 t860:6
slv-578-6084,t670:2 t670:4 t486:5
slv-578-6903,t670:2 t670:4 t486:5
slv-578-7822,t814:1 t290:3 t290:4 t814:4 t814:6
slv-578-8155,t240:1 t523:2 t523:3 t468:3 t996:3 t569:5
slv-578-8553,t477:1 t477:3 t477:3 t477:4
slv-578-9471,t920:1 t240:2 t523:3 t523:4 t468:5 t860:6
slv-579-0860,t601:1 t601:2 t601:4
slv-579-1143,t545:1 t391:2 t545:3 t739:4 t545:4
slv-579-2459,t240:0 t926:1 t523:2 t523:3 t581:3 t569:4 t523:4 t569:5
slv-579-3977,t670:2 t670:4 t486:5
slv-579-4424,t670:2 t670:4 t486:5
slv-579-4527,t920:1 t240:2 t278:2 t523:3 t523:3 t468:4 t764:5 t860:6
slv-579-5531,t903:0 t860:1 t496:1 t391:3 t545:4
slv-579-5599,t670:2 t670:4 t486:5
slv-579-5774,t496:0 t860:1 t903:1 t860:2 t545:4
slv-579-6654,t486:2 t486:4 t469:5 t636:5 t730:5 t523:6 t182:7
slv-579-7974,t903:1 t860:2 t670:3 t601:3 t601:4 t670:5 t545:5 t843:5 t843:5 t670:6 t843:6
slv-579-8258,t391:0 t736:1 t112:2 t545:3 t240:3 t523:4 t523:4 t581:5 t523:6 t468:6 t764:7
slv-579-8775,t653:1 t903:1 t860:2 t545:4
slv-579-9610,t670:2 t486:4 t486:5 t670:5 t670:6
slv-580-1342,t670:2 t670:4 t486:5
slv-580-2839,t636:0 t885:0 t636:1 t904:4 t860:5
slv-580-3206,t396:0 t240:1 t523:2 t523:3 t182:3 t240:3 t926:4 t468:5
slv-580-3853,t920:1 t240:2 t278:2 t523:3 t523:3 t468:4 t764:5 t860:6
slv-580-4056,t240:1 t926:1 t468:2 t240:3 t278:3 t523:3 t523:4 t468:5
slv-580-4137,t240:1 t468:3 t240:4 t926:5 t523:5 t523:6 t468:7
slv-580-4291,t670:2 t670:4 t486:5
slv-580-4530,t860:0 t545:2
slv-580-5399,t670:2 t486:4 t486:5 t670:5 t670:6
slv-580-5825,t601:1 t601:2 t601:4
slv-580-6593,t523:2 t523:3 t182:4
slv-580-7151,t448:1 t240:2 t523:3 t523:4 t182:4 t764:5 t885:6
slv-580-7531,t670:2 t670:4 t486:5
slv-580-7534,t670:2 t670:4 t486:5
slv-580-7812,t391:0 t860:0 t545:2
slv-580-7931,t448:0 t240:0 t448:3 t468:4 t860:6
slv-580-8804,t448:1 t523:3 t523:3 t182:4
slv-580-9632,t523:1 t523:3 t182:3
slv-581-0618,t788:1 t523:2 t523:3 t581:4
slv-581-0665,t764:2 t670:5 t670:6 t486:6 t670:7
slv-581-0852,t460:1 t240:2 t523:3 t569:3 t523:4 t523:5
slv-581-1139,t391:1 t545:1 t739:2 t545:3
slv-581-1188,t764:5 t670:6 t670:7 t486:7 t670:7
slv-581-1227,t631:3 t631:4 t631:5 t631:6
slv-581-1367,t391:0 t545:1 t545:2 t523:3 t523:4 t182:4
slv-581-1432,t448:2 t240:5 t523:6 t523:6 t764:6 t860:7 t670:7 t670:7
slv-581-1727,t670:2 t486:4 t670:5 t670:6
slv-581-1884,t670:2 t670:4 t486:5
slv-581-2079,t106:1 t106:2 t106:3 t106:4
slv-581-2396,t523:0 t182:2 t885:3 t860:4
slv-581-4002,t391:0 t760:0 t391:0 t545:1 t670:3
slv-581-4437,t391:1 t545:1 t739:3 t545:4
slv-581-5111,t460:1 t240:4 t523:5 t523:6 t468:6 t670:7 t670:7
slv-581-5583,t670:2 t670:4 t486:5
slv-581-5720,t764:5 t670:6 t670:7 t486:7 t670:7
slv-581-6709,t377:1 t377:2 t377:3
slv-581-7141,t860:0 t545:2
slv-582-0944,t670:2 t670:4 t486:5
slv-582-0971,t670:2 t670:4 t486:5
slv-582-1175,t736:0 t693:1 t636:1 t240:2 t523:3 t523:4 t182:5
slv-582-1390,t903:1 t860:2 t670:3 t601:3 t601:4 t670:5 t545:5 t843:5 t843:5 t670:6 t843:6
slv-582-1686,t905:0 t545:1
slv-582-1977,t788:1 t523:3 t523:4 t581:6
slv-582-2153,t460:1 t240:2 t523:3 t523:3 t569:4 t523:4 t468:5
slv-582-2346,t670:2 t670:4 t486:5
slv-582-2506,t670:2 t670:4 t486:5
slv-582-2894,t167:1 t391:1 t904:2 t545:3
slv-582-3071,t670:2 t670:4 t486:5
slv-582-3093,t670:2 t670:4 t486:5
slv-582-3136,t920:1 t240:2 t523:3 t523:4 t468:5 t860:6
slv-582-3955,t670:2 t670:4 t486:5
slv-582-4122,t240:2 t926:4 t926:5 t523:6 t523:6 t182:7
slv-582-4381,t885:1 t860:3 t523:4 t182:5
slv-582-4490,t903:1 t860:2 t670:3 t601:3 t601:4 t670:5 t545:5 t843:5 t843:5 t670:6 t843:6
slv-582-5182,t860:0 t545:2
slv-582-5340,t670:0 t670:3 t486:5
slv-582-6639,t496:0 t904:0 t496:0 t391:0 t904:1 t545:2 t523:3
slv-582-6879,t693:1 t636:2 t693:3 t670:3 t843:4 t843:4 t601:5 t601:5
slv-582-7211,t167:1 t391:2 t545:3 t523:3 t240:4 t523:4 t523:5 t468:5
slv-582-7854,t523:1 t523:3 t468:3
slv-582-8329,t788:1 t523:2 t523:3 t581:4
slv-582-8468,t670:2 t670:4 t486:5
slv-582-9541,t391:0 t736:1 t112:2 t545:3 t240:3 t523:4 t523:5 t182:6 t764:6 t764:7
slv-583-2015,t670:5 t670:6 t486:7 t670:7
slv-583-2360,t601:1 t601:3 t601:4
slv-583-3274,t545:1 t391:2 t545:3 t739:4 t545:4
slv-583-3432,t670:2 t670:4 t486:5
slv-583-3637,t240:1 t523:1 t523:2 t926:3 t523:3 t468:4
slv-583-4653,t926:1 t523:3 t523:3 t468:3
slv-583-5138,t670:2 t670:4 t486:5
slv-583-5949,t670:2 t486:4 t486:5 t670:5 t670:6
slv-583-6102,t670:2 t670:4 t486:5
slv-583-7075,t670:2 t670:4 t486:5
slv-583-7188,t788:0 t523:3 t523:3 t182:4
slv-583-8422,t545:0 t240:1 t523:1 t240:2 t569:3 t523:3
slv-583-8431,t670:2 t486:4 t670:5 t670:6
slv-583-9602,t920:1 t240:2 t278:2 t523:3 t523:3 t468:4 t764:5 t860:6
slv-583-9637,t579:1 t579:1 t843:3 t843:4
slv-584-0055,t670:2 t670:4 t486:5
slv-584-2111,t448:1 t391:2 t736:3 t112:3 t545:4 t523:4 t523:5 t182:5 t523:6 t581:7
slv-584-2768,t788:0 t523:2 t523:3 t581:4
slv-584-3102,t670:2 t670:4 t486:5
slv-584-3335,t486:2 t486:4 t469:5 t636:5 t730:5 t523:6 t182:7
slv-584-4098,t670:2 t670:4 t486:5
slv-584-5076,t670:2 t486:4 t486:5 t670:5 t670:6
slv-584-6292,t860:0 t391:1 t860:2 t545:3
slv-584-6384,t240:1 t468:3 t240:4 t926:5 t523:5 t523:6 t468:7
slv-584-6679,t672:1 t523:2 t523:3 t581:4
slv-584-7521,t601:1 t601:2 t601:4
slv-584-7645,t448:1 t240:2 t523:3 t523:4 t182:4 t764:5 t885:6
slv-584-8422,t391:0 t904:0 t860:1 t545:3
slv-584-8638,t920:3 t920:4 t920:5
slv-584-8866,t926:1 t468:3
slv-584-9024,t760:0 t670:1 t670:4 t486:6
slv-585-0646,t670:2 t670:4 t486:5
slv-585-0789,t391:0 t736:1 t112:2 t545:3 t240:3 t523:4 t523:4 t581:5 t523:6 t468:6 t764:7
slv-585-1150,t670:2 t670:4 t486:5
slv-585-1494,t670:2 t670:4 t486:5
slv-585-1701,t636:0 t904:3 t885:4 t860:5
slv-585-1757,t670:2 t670:4 t486:5
slv-585-1834,t391:1 t736:2 t112:3 t545:3 t523:4 t240:4 t523:4 t523:5 t581:5 t885:6
slv-585-2402,t240:1 t523:2 t523:2 t569:3 t523:4 t523:4 t468:5
slv-585-3696,t736:0 t693:1 t523:2 t523:3 t182:4
slv-585-3979,t670:2 t486:4 t486:5 t670:5 t670:6
slv-585-4523,t670:2 t670:4 t486:5
slv-585-5156,t670:2 t670:4 t486:5
slv-585-6902,t764:5 t670:6 t670:7 t486:7 t670:7
slv-585-7299,t240:1 t926:1 t468:2 t240:3 t278:3 t523:3 t523:4 t468:5
slv-585-7500,t240:1 t926:3 t468:3 t240:4 t523:4 t468:5
slv-585-7668,t903:1 t860:3 t670:4 t670:5 t843:5 t579:6
slv-585-8829,t523:3 t182:4
slv-585-9046,t670:2 t670:4 t486:5
slv-585-9815,t240:1 t523:2 t523:2 t569:3 t523:4 t523:4 t468:5
slv-586-0136,t391:0 t860:0 t391:0 t545:1
slv-586-0277,t601:1 t601:2 t601:3
slv-586-1588,t448:0 t545:1 t448:2 t240:3 t926:3 t468:4 t764:6
slv-586-1600,t167:0 t391:1 t545:2 t240:3 t523:3 t523:4 t468:4
slv-586-3235,t788:1 t523:2 t523:3 t581:4
slv-586-3271,t920:1 t240:2 t278:2 t523:3 t523:3 t468:4 t764:5 t860:6
slv-586-3356,t920:1 t240:2 t278:2 t523:3 t523:3 t468:4 t764:5 t860:6
slv-586-3384,t903:1 t860:2 t670:3 t601:3 t601:4 t670:5 t545:5 t843:5 t843:5 t670:6 t843:6
slv-586-3815,t788:1 t523:3 t523:3 t182:4
slv-586-4597,t496:0 t860:1 t903:1 t860:2 t545:4
slv-586-4704,t842:5 t842:6
slv-586-5872,t670:2 t670:4 t486:5
slv-586-6088,t903:0 t860:1 t885:1 t860:3 t903:4
slv-586-6755,t486:2 t486:4 t469:5 t636:5 t730:5 t523:6 t182:7
slv-586-7302,t670:2 t670:4 t486:5
slv-586-8200,t240:1 t523:2 t523:2 t569:3 t523:4 t523:4 t468:5
slv-586-8963,t523:1 t523:3 t182:3
slv-586-9003,t523:1 t523:3 t581:4
slv-586-9755,t670:2 t486:4 t486:5 t670:5 t670:6
slv-587-0074,t240:0 t523:1 t240:1 t926:2 t523:3
slv-587-0311,t670:2 t670:4 t486:5
slv-587-1635,t601:1 t601:2 t601:4
slv-587-1712,t693:2 t636:4 t885:5 t860:6
slv-587-2255,t764:2 t670:5 t670:6 t486:6 t670:7
slv-587-3204,t496:0 t391:0 t904:0 t545:2
slv-587-3889,t670:2 t486:4 t486:5 t670:5 t670:6
slv-587-5541,t788:1 t523:3 t523:3 t182:4
slv-587-6147,t391:0 t545:2
slv-587-7388,t670:2 t670:4 t486:5
slv-587-8064,t391:1 t545:2 t920:2 t240:3 t523:4 t523:5 t468:5 t764:6 t764:7
slv-587-9051,t920:1 t240:2 t523:3 t523:4 t468:5 t860:6
slv-587-9189,t670:2 t670:4 t486:5
slv-588-0558,t670:2 t670:4 t486:5
slv-588-0617,t670:2 t670:4 t486:5
slv-588-0982,t670:2 t670:4 t486:5
slv-588-0996,t523:1 t523:3 t581:3
slv-588-1809,t739:1 t545:2 t391:3 t545:4
slv-588-1894,t636:0 t167:0 t496:1 t391:2 t545:3 t240:3 t523:4 t523:4 t468:5
slv-588-1952,t670:2 t670:4 t486:5
slv-588-2353,t486:2 t486:4 t469:5 t636:5 t730:5 t523:6 t182:7
slv-588-2535,t523:2 t523:3 t182:4
slv-588-2703,t460:1 t240:2 t523:3 t569:3 t523:4 t523:4 t468:5
slv-588-4130,t448:0 t240:1 t926:3 t926:4 t523:5 t182:6
slv-588-5111,t240:2 t523:3 t523:4 t182:4 t764:6 t764:6 t636:7 t903:7 t860:7
slv-588-5537,t460:0 t240:1 t926:2 t523:3 t523:3 t926:4 t468:4
slv-588-5778,t885:1 t860:3 t523:4 t182:5
slv-588-6620,t377:1 t377:2 t377:3 t377:4
slv-588-6944,t904:0 t545:0 t391:0 t545:1 t904:2 t860:3 t545:4
slv-588-7098,t670:2 t670:4 t486:5
slv-588-8070,t240:2 t926:4 t926:5 t523:5 t182:6 t240:6 t468:7
slv-588-9593,t670:2 t670:4 t486:5
slv-588-9972,t920:1 t240:2 t278:2 t523:3 t523:3 t468:4 t764:5 t860:6
slv-589-0703,t460:1 t240:2 t926:3 t468:4
slv-589-1638,t693:1 t636:2 t693:3 t670:3 t843:4 t843:4 t601:5 t601:5
slv-589-2011,t885:2 t860:4 t670:5 t670:6
slv-589-2613,t670:2 t670:4 t486:5
slv-589-4235,t788:1 t523:3 t523:3 t182:4
slv-589-4596,t670:0 t670:2 t486:3 t523:4 t523:6 t182:6
slv-589-6217,t167:1 t391:2 t904:3 t860:4 t545:5
slv-589-7788,t920:1 t240:2 t278:2 t523:3 t523:3 t468:4 t764:5 t860:6
slv-589-8747,t670:2 t670:4 t486:5
slv-589-8997,t448:5 t920:5 t391:6 t448:6 t240:6 t523:7
slv-589-9546,t670:2 t670:4 t486:5
slv-589-9994,t240:1 t523:1 t523:2 t569:3 t523:4 t468:5
slv-590-0186,t670:2 t670:4 t486:5
slv-590-0387,t240:2 t926:4 t926:5 t523:6 t523:6 t182:7
slv-590-0657,t670:2 t670:4 t486:5
slv-590-1275,t764:5 t670:6 t670:7 t486:7 t670:7
slv-590-2064,t167:1 t391:2 t545:3 t523:3 t240:4 t523:4 t523:5 t468:5
slv-590-3043,t523:1 t182:3 t885:4 t860:4
slv-590-3574,t814:0 t814:1 t290:2 t290:3 t785:4
slv-590-4087,t670:2 t670:4 t486:5
slv-590-4091,t391:0 t904:0 t545:1 t240:2 t523:2 t523:3 t182:4 t885:4 t860:5
slv-590-5077,t460:1 t240:2 t523:3 t569:3 t523:4 t523:4 t468:5
slv-590-5159,t788:0 t523:2 t523:3 t581:4
slv-590-5197,t920:1 t240:2 t523:3 t523:4 t468:5 t860:6
slv-590-8039,t991:3 t631:5 t631:6 t631:7
slv-590-8080,t601:1 t601:3 t601:4
slv-590-9420,t670:2 t670:4 t486:5
slv-590-9823,t670:2 t670:4 t486:5
slv-591-0117,t788:1 t523:3 t523:4 t581:5
slv-591-1448,t670:2 t670:4 t486:5
slv-591-1882,t670:2 t670:4 t486:5
slv-591-3369,t764:5 t670:6 t670:7 t486:7 t670:7
slv-591-5302,t670:0 t670:2 t486:3 t523:4 t523:6 t182:6
slv-591-7010,t670:0 t670:2 t486:3 t523:4 t523:6 t182:6
slv-591-7379,t240:1 t926:1 t468:2 t240:3 t278:3 t523:3 t523:4 t468:5
slv-591-7532,t396:0 t240:1 t926:2 t468:3 t523:3 t523:4 t468:5
slv-591-7704,t240:1 t926:3 t523:4 t468:5 t240:6 t468:7
slv-591-7712,t391:0 t904:0 t545:1 t240:2 t523:2 t523:3 t182:4 t885:4 t860:5
slv-591-7726,t448:0 t240:2 t523:4 t523:5 t468:6 t764:7 t860:7
slv-591-7963,t670:2 t670:4 t486:5
slv-591-8756,t523:2 t523:3 t182:4
slv-591-9777,t736:0 t693:1 t682:2 t523:3 t523:4 t182:4
slv-592-0074,t670:2 t486:4 t486:5 t670:5 t670:6
slv-592-0351,t788:1 t523:2 t523:3 t581:4
slv-592-0833,t391:0 t545:1 t240:2 t523:3 t523:4
slv-592-1242,t920:3 t920:4 t920:5
slv-592-1580,t523:0 t926:1 t523:2 t523:3 t468:4
slv-592-2307,t670:2 t486:4 t670:5 t670:6
slv-592-2428,t885:1 t860:3 t670:4 t670:5 t843:6
slv-592-2533,t309:2 t460:3 t240:3 t523:4 t569:4 t523:5 t523:5 t468:6
slv-592-3250,t391:0 t905:0 t860:0 t545:2
slv-592-3263,t240:1 t926:3 t926:4 t523:5 t523:5 t182:6 t240:6 t468:7
slv-592-3380,t670:2 t670:4 t486:5
slv-592-3761,t486:2 t486:4 t469:5 t636:5 t730:5 t523:6 t182:7
slv-592-4008,t670:2 t670:4 t486:5
slv-592-5215,t523:1 t523:3 t468:3 t764:6
slv-592-5971,t460:1 t240:2 t523:3 t569:4 t523:5 t523:5 t468:6
slv-592-6860,t167:1 t391:2 t904:3 t860:4 t545:5
slv-592-7117,t391:0 t904:0 t860:0 t545:2
slv-592-8188,t240:2 t926:4 t523:5 t182:6 t523:6 t468:7 t670:7 t670:7
slv-592-8544,t448:0 t240:1 t926:2 t926:3 t468:3 t764:4 t885:5 t860:6
slv-592-8632,t396:0 t240:1 t523:2 t523:3 t182:3 t240:4 t926:4 t468:5
slv-592-8815,t636:0 t736:1 t523:3 t240:4 t523:5 t523:5 t182:6 t764:7
slv-592-9194,t670:2 t670:4 t486:5
slv-592-9201,t448:0 t240:0 t448:3 t468:4 t860:6
slv-592-9230,t885:1 t860:4 t903:4 t860:5
slv-592-9280,t391:1 t545:1 t739:3 t545:4
slv-592-9394,t736:0 t693:1 t636:1 t240:2 t523:3 t523:4 t182:5
slv-593-0206,t240:1 t926:1 t468:2 t240:3 t278:3 t523:3 t523:4 t468:5
slv-593-0222,t670:2 t670:4 t486:5
slv-593-0725,t670:2 t670:4 t486:5
slv-593-0801,t764:5 t670:6 t670:7 t486:7 t670:7
slv-593-2215,t670:2 t670:4 t486:5
slv-593-3079,t920:1 t240:2 t278:2 t523:3 t523:3 t468:4 t764:5 t860:6
slv-593-3419,t636:0 t885:0 t636:1 t904:4 t860:5
slv-593-3518,t670:2 t670:4 t486:5
slv-593-3697,t496:0 t860:1 t903:1 t860:2 t545:4
slv-593-3700,t920:1 t240:2 t278:2 t523:3 t523:3 t468:4 t764:5 t860:6
slv-593-4188,t448:0 t240:0 t448:3 t468:4 t860:6
slv-593-4199,t460:1 t240:2 t926:3 t468:4
slv-593-4300,t920:1 t240:2 t523:3 t523:4 t468:5 t860:6
slv-593-4405,t636:0 t885:0 t903:1 t860:3 t903:5
slv-593-5529,t920:1 t240:2 t278:2 t523:3 t523:3 t468:4 t764:5 t860:6
slv-593-5995,t670:2 t670:4 t486:5
slv-593-6197,t788:0 t523:2 t523:3 t581:4
slv-593-6268,t670:2 t670:4 t486:5
slv-593-7032,t788:0 t523:2 t523:3 t581:4
slv-593-7610,t240:1 t926:1 t523:3 t523:3
slv-593-8572,t764:2 t670:5 t670:6 t486:6 t670:7
slv-593-9475,t240:1 t926:1 t468:2 t240:3 t278:3 t523:3 t523:4 t468:5
slv-593-9492,t670:2 t670:4 t486:5
slv-593-9582,t240:0 t523:1 t523:2 t182:3
slv-593-9970,t926:1 t468:3
slv-594-0126,t670:2 t670:4 t486:5
slv-594-0514,t860:0 t545:1 t391:2 t545:4
slv-594-1491,t460:1 t240:2 t523:3 t569:4 t523:5 t523:5 t468:6
slv-594-1695,t448:0 t240:1 t926:2 t523:3 t523:3 t569:5
slv-594-1855,t788:0 t523:2 t523:3 t581:4
slv-594-1864,t905:0 t545:1
slv-594-2438,t905:0 t545:1
slv-594-2717,t920:1 t240:2 t278:2 t523:3 t523:3 t468:4 t764:5 t860:6
slv-594-2939,t788:0 t523:2 t523:3 t581:4
slv-594-3057,t460:1 t240:2 t523:3 t569:4 t523:5 t523:5 t468:6
slv-594-4022,t760:0 t670:1 t670:4 t486:6
slv-594-5628,t523:2 t523:3 t182:4
slv-594-6408,t926:0 t926:1 t523:2 t523:3 t926:3
slv-594-6974,t106:1 t106:3 t448:3 t240:3 t523:3 t523:4 t926:5 t926:6 t468:6 t764:7
slv-594-7303,t545:0 t523:1 t523:2 t182:3
slv-594-7903,t788:1 t523:2 t523:3 t581:4
slv-594-7927,t670:2 t670:4 t486:5
slv-594-8031,t788:1 t523:3 t523:3 t182:4
slv-594-9588,t523:1 t926:2 t926:3 t523:3 t468:4
slv-594-9781,t391:1 t545:1 t739:3 t545:4
slv-594-9918,t739:1 t545:2 t391:3 t545:4
slv-595-0809,t670:2 t670:4 t486:5
slv-595-0982,t460:1 t240:2 t523:3 t523:3 t569:4 t523:4 t523:5 t468:6
slv-595-1029,t670:2 t670:4 t486:5
slv-595-1109,t460:1 t240:2 t523:3 t569:3 t523:4 t523:4 t468:5
slv-595-1240,t391:0 t736:1 t112:3 t523:4 t523:5 t182:6 t764:6 t764:7 t903:7 t860:7
slv-595-1292,t670:2 t486:4 t486:5 t670:5 t670:6
slv-595-1558,t670:2 t486:4 t486:5 t670:5 t670:6
slv-595-1744,t670:2 t670:4 t486:5
slv-595-1790,t920:3 t920:4 t920:5
slv-595-2367,t448:0 t240:1 t523:2 t523:3 t468:3 t926:4 t468:5
slv-595-2957,t670:1 t670:2 t133:3 t741:3 t396:4 t636:4 t885:4 t860:5
slv-595-3155,t391:0 t545:2
slv-595-3273,t391:0 t545:2
slv-595-4216,t605:1 t240:2 t523:3 t523:3 t468:4 t764:5 t860:6
slv-595-5797,t240:0 t926:1 t523:2 t523:3 t581:3 t569:4 t523:4 t569:5
slv-595-5950,t636:0 t167:0 t391:1 t496:2 t391:2 t545:3
slv-595-7162,t240:1 t926:1 t468:2 t240:3 t278:3 t523:3 t523:4 t468:5
slv-595-7260,t240:1 t926:2 t926:3 t468:4 t240:4 t468:5
slv-595-7476,t460:1 t240:2 t523:3 t569:4 t523:5 t523:5 t468:6
slv-595-8024,t905:0 t545:0 t860:1 t545:3
slv-595-8081,t460:1 t240:2 t523:3 t523:4 t569:5 t523:6 t468:7
slv-595-8259,t601:1 t601:3 t601:4
slv-595-8652,t926:1 t523:3 t523:3 t468:3
slv-595-9017,t460:1 t240:2 t523:3 t569:3 t523:4 t523:4 t468:5
slv-595-9543,t788:0 t523:2 t523:3 t581:4
slv-595-9684,t788:1 t523:3 t523:3 t182:4
slv-596-1270,t693:1 t636:2 t693:3 t670:3 t843:4 t843:4 t601:5 t601:5
slv-596-1648,t523:3 t182:4
slv-596-2597,t926:0 t926:1 t523:3 t468:3
slv-596-2822,t523:0 t182:2 t670:4 t670:6
slv-596-3441,t240:1 t523:1 t523:2 t569:3 t523:4 t468:5
slv-596-4006,t920:1 t240:2 t523:3 t523:4 t468:5 t860:6
slv-596-4864,t601:1 t601:2 t601:4
slv-596-4867,t670:2 t670:4 t486:5
slv-596-4919,t358:1 t536:2 t240:3 t926:3 t468:5
slv-596-5338,t670:2 t670:4 t486:5
slv-596-5585,t670:2 t670:4 t486:5
slv-596-5839,t486:2 t486:4 t469:5 t636:5 t730:5 t523:6 t182:7
slv-596-5885,t764:2 t670:5 t670:6 t486:6 t670:7
slv-596-6558,t670:2 t670:4 t486:5
slv-596-6868,t670:1 t670:2 t133:3 t741:3 t396:4 t636:4 t885:4 t860:5
slv-596-7426,t523:0 t182:2 t885:3 t860:4
slv-596-7943,t903:1 t860:2 t670:3 t601:3 t601:4 t670:5 t545:5 t843:5 t843:5 t670:6 t843:6
slv-596-9628,t523:1 t523:3 t182:3
slv-597-0558,t523:0 t569:1 t523:2 t523:3 t581:3 t569:3 t996:4 t569:5
slv-597-1621,t601:1 t601:2 t601:4
slv-597-1944,t670:2 t670:4 t486:5
slv-597-2876,t670:2 t670:4 t486:5
slv-597-3076,t670:2 t486:4 t486:5 t670:5 t670:6
slv-597-4010,t391:0 t736:1 t112:2 t545:3 t240:3 t523:4 t523:4 t581:5 t523:6 t468:6 t764:7
slv-597-4801,t523:3 t182:4 t764:6 t860:7
slv-597-4970,t920:1 t240:2 t278:2 t523:3 t523:3 t468:4 t764:5 t860:6
slv-597-5692,t329:1 t329:3 t631:4 t631:5
slv-597-6122,t448:0 t240:0 t448:3 t468:4 t860:6
slv-597-6166,t601:1 t601:2 t601:4
slv-597-9017,t358:1 t240:2 t926:3 t468:3 t569:5
slv-597-9479,t670:2 t670:4 t486:5
slv-597-9684,t670:2 t670:4 t486:5
slv-597-9748,t240:0 t926:1 t569:2 t996:2 t569:3 t523:3 t569:4
slv-597-9845,t670:2 t670:4 t486:5
slv-597-9945,t240:2 t926:4 t523:5 t182:6 t523:6 t468:7 t670:7 t670:7
slv-597-9955,t601:1 t601:2 t601:3
slv-598-0928,t523:1 t523:3 t182:3
slv-598-1370,t670:2 t670:4 t486:5
slv-598-1718,t693:2 t636:4 t885:5 t860:6
slv-598-1940,t240:0 t523:1 t569:2 t523:3 t523:4 t468:4
slv-598-2810,t670:2 t670:4 t486:5
slv-598-2899,t601:1 t601:2 t601:4
slv-598-3190,t670:2 t670:4 t486:5
slv-598-3646,t903:0 t860:2 t670:3 t601:4 t601:5 t670:5 t843:6
slv-598-4903,t788:1 t523:2 t523:3 t581:4
slv-598-5748,t523:0 t926:1 t523:2 t523:3 t468:4
slv-598-5910,t605:0 t240:2 t523:3 t523:3 t468:4
slv-598-6130,t523:0 t523:0 t926:2 t926:2 t523:3 t468:3
slv-598-6368,t904:1 t545:3 t523:4 t523:4 t182:6
slv-598-7796,t670:2 t670:4 t486:5
slv-598-8586,t885:0 t904:2 t885:3 t860:4
slv-599-0088,t670:2 t670:4 t486:5
slv-599-0122,t636:0 t885:0 t903:1 t860:3 t903:5
slv-599-2117,t670:2 t670:4 t486:5
slv-599-3056,t448:1 t391:2 t736:3 t112:3 t545:4 t523:4 t523:5 t182:5 t523:6 t581:7
slv-599-3844,t670:2 t670:4 t486:5
slv-599-4879,t240:1 t926:2 t240:3 t468:6
slv-599-5348,t670:2 t670:4 t486:5
slv-599-5697,t670:2 t486:4 t486:5 t670:5 t670:6
slv-599-6060,t391:0 t448:0 t240:1 t926:2 t468:3 t523:3 t468:5
slv-599-6693,t670:2 t670:4 t486:5
slv-599-7928,t396:0 t240:1 t523:2 t523:3 t182:3 t240:3 t926:4 t468:5
slv-599-7954,t653:0 t903:2 t860:4 t391:4 t545:5 t670:6 t670:6
slv-599-9130,t391:0 t860:0 t391:0 t545:1
slv-599-9133,t536:1 t240:1 t926:2 t468:3
slv-600-0073,t448:0 t240:0 t448:3 t468:4 t860:6
slv-600-0387,t670:2 t670:4 t486:5
slv-600-0571,t460:1 t240:2 t523:2 t523:3 t569:3 t523:4 t468:5
slv-600-1331,t903:1 t860:2 t670:3 t601:3 t601:4 t670:5 t545:5 t843:5 t843:5 t670:6 t843:6
slv-600-1763,t764:2 t670:5 t670:6 t486:6 t670:7
slv-600-3147,t579:1 t843:2 t843:3 t579:4 t579:5
slv-600-4987,t391:0 t545:1
slv-600-8700,t860:0 t670:5 t670:7
slv-600-9562,t903:0 t860:1 t885:1 t860:3 t903:4
slv-601-0370,t670:2 t670:4 t486:5
slv-601-0599,t167:1 t391:2 t904:3 t860:4 t545:5
slv-601-0685,t670:2 t670:4 t486:5
slv-601-0770,t788:0 t523:2 t523:3 t581:4
slv-601-2645,t920:1 t240:2 t278:2 t523:3 t523:3 t468:4 t764:5 t860:6
slv-601-3481,t448:0 t240:1 t523:2 t523:3 t468:3 t926:4 t468:5
slv-601-4436,t601:1 t601:2 t601:4
slv-601-4946,t860:0 t545:2
slv-601-5482,t240:0 t569:1 t523:2 t523:3 t569:4
slv-601-5853,t788:0 t523:1 t523:2 t182:3
slv-601-7019,t523:1 t523:3 t182:3
slv-601-7111,t670:2 t670:4 t486:5
slv-601-7653,t670:2 t670:4 t486:5
slv-601-7951,t460:1 t240:2 t926:3 t468:4
slv-601-9358,t670:2 t670:4 t486:5
slv-601-9589,t670:2 t670:4 t486:5
slv-602-0354,t601:1 t601:2 t601:4
slv-602-1488,t903:1 t860:2 t670:3 t601:3 t601:4 t670:5 t545:5 t843:5 t843:5 t670:6 t843:6
slv-602-1823,t670:2 t670:4 t486:5
slv-602-1894,t601:1 t601:2 t601:4
slv-602-2598,t903:1 t860:5 t670:5 t670:6
slv-602-3053,t926:1 t468:3
slv-602-3121,t788:1 t523:2 t523:3 t581:4
slv-602-3450,t670:2 t670:4 t486:5
slv-602-3853,t860:0 t670:5 t670:7
slv-602-3978,t636:0 t391:1 t545:2 t523:3 t240:3 t523:4 t523:4 t468:5 t764:6
slv-602-4154,t448:0 t468:3 t764:5 t860:6
slv-602-4451,t788:1 t523:2 t523:3 t581:4
slv-602-4743,t739:1 t545:2 t391:3 t545:4
slv-602-5398,t903:1 t860:2 t670:3 t601:3 t601:4 t670:5 t545:5 t843:5 t843:5 t670:6 t843:6
slv-602-6334,t523:2 t523:3 t182:4
slv-602-6937,t523:0 t926:1 t523:2 t523:3 t468:4
slv-602-7673,t182:0 t764:5 t764:6 t860:7
slv-602-7885,t670:2 t670:4 t486:5
slv-602-8031,t460:1 t240:2 t926:3 t468:4
slv-603-0176,t670:2 t486:4 t486:5 t670:5 t670:6
slv-603-0400,t764:2 t670:5 t670:6 t486:6 t670:7
slv-603-0627,t391:0 t545:1 t545:2 t523:3 t523:4 t182:4
slv-603-1091,t616:2 t523:3 t523:4 t569:4
slv-603-2344,t670:2 t486:4 t486:5 t670:5 t670:6
slv-603-3387,t601:1 t601:2 t601:4
slv-603-4776,t920:1 t240:2 t523:3 t523:4 t468:5 t860:6
slv-603-5180,t670:3 t670:5 t486:6
slv-603-6115,t736:0 t693:1 t636:1 t240:2 t523:3 t523:4 t182:5
slv-603-6529,t903:5 t860:6 t220:6 t670:7 t670:7
slv-603-6827,t496:0 t391:1 t545:3
slv-603-6936,t991:3 t631:5 t631:6 t631:7
slv-603-7308,t926:1 t468:3
slv-603-7426,t764:2 t670:5 t670:6 t486:6 t670:7
slv-603-7565,t739:1 t545:2 t391:3 t545:4
slv-603-7965,t736:0 t693:1 t636:1 t240:2 t523:3 t523:4 t182:5
slv-603-8029,t670:2 t486:4 t486:5 t670:5 t670:6
slv-603-8264,t736:0 t693:1 t636:1 t240:2 t523:3 t523:4 t182:5
slv-603-8473,t788:0 t523:2 t523:3 t581:4
slv-603-9464,t636:2 t904:4 t545:4 t391:5 t545:5
slv-603-9571,t788:1 t523:2 t523:3 t581:4
slv-603-9776,t391:0 t904:0 t860:0 t545:2
slv-604-0423,t601:1 t601:3 t601:4
slv-604-0479,t920:1 t240:2 t278:2 t523:3 t523:3 t468:4 t764:5 t860:6
slv-604-0612,t631:3 t631:4 t631:5 t631:6
slv-604-0730,t391:0 t904:0 t545:2
slv-604-0835,t601:1 t601:3 t601:4
slv-604-1256,t670:2 t670:4 t486:5
slv-604-2342,t448:0 t240:0 t448:3 t468:4 t860:6
slv-604-2603,t920:1 t240:2 t278:2 t523:3 t523:3 t468:4 t764:5 t860:6
slv-604-3524,t309:2 t460:3 t240:3 t523:4 t569:4 t523:5 t523:5 t468:6
slv-604-3535,t167:1 t391:2 t545:3 t523:3 t240:4 t523:4 t523:5 t468:5
slv-604-6182,t860:0 t545:2
slv-604-6896,t670:2 t670:4 t486:5
slv-604-7002,t670:2 t670:4 t486:5
slv-604-7398,t788:1 t523:3 t523:3 t182:4
slv-604-7563,t843:1 t579:1 t579:2 t843:3 t843:5
slv-604-7569,t448:3 t240:5 t926:5 t926:6 t523:6 t523:7 t468:7
slv-604-7702,t523:1 t523:3 t182:3
slv-604-7785,t240:1 t926:1 t468:2 t240:3 t278:3 t523:3 t523:4 t468:5
slv-604-8371,t670:2 t670:4 t486:5
slv-604-8695,t653:0 t903:2 t860:4 t391:4 t545:5 t670:6 t670:6
slv-604-9105,t920:1 t240:2 t523:3 t523:4 t468:5 t860:6
slv-604-9537,t920:1 t240:2 t278:2 t523:3 t523:3 t468:4 t764:5 t860:6
slv-604-9698,t601:1 t601:2 t601:4
slv-604-9749,t860:5 t670:7 t670:7 t904:7
slv-605-0541,t391:0 t736:1 t112:3 t523:4 t523:5 t182:6 t764:6 t764:7 t903:7 t860:7
slv-605-1340,t167:1 t391:2 t545:3 t523:3 t240:4 t523:4 t523:5 t468:5
slv-605-1493,t814:0 t814:1 t290:2 t290:3
slv-605-3408,t920:1 t240:2 t278:2 t523:3 t523:3 t468:4 t764:5 t860:6
slv-605-3573,t545:1 t523:3 t182:4 t523:5 t581:6
slv-605-3588,t788:1 t523:3 t523:3 t182:4
slv-605-3934,t670:2 t670:4 t486:5
slv-605-5232,t391:0 t545:1 t240:1 t523:2
slv-605-5886,t601:0 t601:2 t377:3 t377:4
slv-605-6442,t545:1 t240:1 t926:2 t468:2 t240:3 t278:3 t523:4 t523:4 t468:5
slv-605-6511,t739:0 t545:1 t240:2 t926:3 t523:3 t523:4 t182:4
slv-605-6752,t670:2 t670:4 t486:5
slv-605-6870,t670:2 t670:4 t486:5
slv-605-7522,t523:1 t523:3 t468:3 t764:6
slv-605-7743,t764:2 t670:5 t670:6 t486:6 t670:7
slv-605-7857,t523:0 t182:6 t670:7 t885:7 t885:7 t860:7
slv-605-8482,t920:1 t240:2 t278:2 t523:3 t523:3 t468:4 t764:5 t860:6
slv-605-9084,t670:2 t670:4 t486:5
slv-605-9177,t391:0 t448:0 t636:1 t240:2 t523:3 t523:4 t468:4 t764:5 t885:6
slv-605-9471,t240:1 t926:2 t523:3 t523:3 t182:4
slv-605-9573,t670:0 t670:3 t486:5
slv-605-9978,t904:0 t545:1 t240:2 t523:3 t523:4 t468:5 t764:6 t764:6 t860:7
slv-606-0672,t460:1 t240:4 t523:5 t523:6 t468:6 t670:7 t670:7
slv-606-1141,t670:2 t486:4 t486:5 t670:5 t670:6
slv-606-1661,t670:0 t670:2 t486:3 t523:5 t182:5
slv-606-1747,t920:1 t240:2 t523:3 t523:4 t468:5 t860:6
slv-606-1877,t670:2 t670:4 t486:5
slv-606-2577,t764:5 t670:6 t670:7 t486:7 t670:7
slv-606-2663,t670:2 t670:4 t486:5
slv-606-4299,t240:1 t523:2 t523:2 t569:3 t523:4 t523:4 t468:5
slv-606-4345,t523:2 t523:3 t182:4
slv-606-4692,t601:1 t601:2 t601:4
slv-606-4846,t760:0 t545:0 t523:2 t523:3 t182:4
slv-606-5289,t860:0 t545:2
slv-606-7528,t601:0 t601:2 t377:3 t377:4
slv-606-8203,t670:2 t486:4 t486:5 t670:5 t670:6
slv-607-0354,t670:2 t670:4 t486:5
slv-607-1060,t601:1 t601:2 t601:4
slv-607-2221,t670:2 t670:4 t486:5
slv-607-2317,t670:2 t670:4 t486:5
slv-607-2599,t670:2 t670:4 t486:5
slv-607-3192,t670:2 t486:4 t486:5 t670:5 t670:6
slv-607-3964,t460:1 t240:2 t523:3 t569:4 t523:5 t523:5 t468:6
slv-607-4618,t460:1 t240:2 t926:3 t468:4
slv-607-4900,t693:4 t636:5 t523:6 t523:6 t182:7
slv-607-5130,t240:1 t926:1 t468:2 t240:3 t278:3 t523:3 t523:4 t468:5
slv-607-5331,t391:0 t545:1
slv-607-6288,t920:1 t240:2 t278:2 t523:3 t523:3 t468:4 t764:5 t860:6
slv-607-6696,t693:1 t636:2 t693:3 t670:3 t843:4 t843:4 t601:5 t601:5
slv-607-9588,t670:2 t670:4 t486:5
slv-608-1477,t460:0 t240:1 t523:2 t523:3 t569:3 t523:4 t468:5
slv-608-1508,t670:2 t670:4 t486:5
slv-608-1531,t670:2 t670:4 t486:5
slv-608-1617,t670:2 t670:4 t486:5
slv-608-2292,t391:1 t736:2 t112:3 t545:3 t523:4 t240:4 t523:4 t523:5 t581:5 t885:6
slv-608-2545,t670:2 t670:4 t486:5
slv-608-2901,t167:1 t391:2 t545:3 t523:3 t240:4 t523:4 t523:5 t468:5
slv-608-2968,t670:2 t486:4 t486:5 t670:5 t670:6
slv-608-3179,t670:2 t486:4 t486:5 t670:5 t670:6
slv-608-3296,t460:1 t240:2 t523:3 t569:4 t523:5 t523:5 t468:6
slv-608-3446,t601:1 t601:2 t601:4
slv-608-3652,t670:2 t486:4 t486:5 t670:5 t670:6
slv-608-3911,t460:1 t240:2 t926:3 t468:4
slv-608-5262,t670:2 t670:4 t486:5
slv-608-7467,t920:3 t920:4 t920:5
slv-608-7796,t545:1 t523:3 t523:4 t182:6
slv-608-8206,t952:0 t860:0 t225:0
slv-608-9882,t670:2 t670:4 t486:5
slv-609-0850,t653:1 t885:3 t860:4 t903:5 t860:6
slv-609-1629,t670:2 t486:4 t486:5 t670:5 t670:6
slv-609-4377,t670:2 t670:4 t486:5
slv-609-4450,t486:2 t486:4 t469:5 t636:5 t730:5 t523:6 t182:7
slv-609-4536,t448:0 t240:2 t523:5 t468:6 t860:7
slv-609-5988,t391:0 t736:1 t112:2 t545:3 t240:3 t523:4 t523:4 t581:5 t523:6 t468:6 t764:7
slv-609-6370,t240:1 t523:1 t523:2 t569:3 t523:4 t468:5
slv-609-8193,t670:2 t670:4 t486:5
slv-609-8659,t926:0 t926:1 t523:3 t468:3
slv-609-9349,t670:2 t670:4 t486:5
slv-610-0454,t920:1 t240:2 t278:2 t523:3 t523:3 t468:4 t764:5 t860:6
slv-610-0802,t670:1 t670:2 t133:3 t741:3 t396:4 t636:4 t885:4 t860:5
slv-610-2576,t536:1 t240:1 t926:2 t468:3
slv-610-2858,t670:2 t670:4 t486:5
slv-610-2891,t920:1 t240:2 t523:3 t523:4 t468:5 t860:6
slv-610-2980,t920:1 t240:2 t523:3 t523:4 t468:5 t860:6
slv-610-3367,t736:0 t693:1 t523:2 t523:3 t182:4
slv-610-3661,t396:0 t240:1 t523:2 t523:3 t182:3 t240:4 t926:4 t468:5
slv-610-3663,t670:2 t670:4 t486:5
slv-610-4272,t920:1 t240:2 t278:2 t523:3 t523:3 t468:4 t764:5 t860:6
slv-610-4345,t926:0 t926:1 t523:2 t523:3 t926:3
slv-610-6044,t240:1 t278:2 t523:3 t523:3 t468:4 t764:5 t885:5 t860:6
slv-610-6340,t764:2 t670:5 t670:6 t486:6 t670:7
slv-610-6757,t670:2 t670:4 t486:5
slv-610-6776,t670:2 t670:4 t486:5
slv-610-7705,t670:2 t670:4 t486:5
slv-610-8799,t670:2 t486:4 t670:5 t670:6
slv-610-9123,t903:1 t860:2 t670:3 t601:3 t601:4 t670:5 t545:5 t843:5 t843:5 t670:6 t843:6
slv-610-9188,t670:2 t670:4 t486:5
slv-610-9750,t545:1 t523:3 t523:4 t182:6
slv-611-0362,t920:1 t240:2 t523:3 t523:4 t468:5 t860:6
slv-611-0626,t460:1 t240:2 t523:3 t523:3 t569:4 t523:4 t468:5
slv-611-0759,t920:1 t240:2 t278:2 t523:3 t523:3 t468:4 t764:5 t860:6
slv-611-1466,t670:2 t670:4 t486:5
slv-611-1916,t736:0 t486:1 t486:3 t670:3 t523:4 t523:5 t182:6
slv-611-3815,t670:2 t670:4 t486:5
slv-611-4303,t670:2 t670:4 t486:5
slv-611-4606,t240:1 t926:1 t468:2 t240:3 t278:3 t523:3 t523:4 t468:5
slv-611-4636,t601:1 t601:3
slv-611-6914,t920:1 t240:2 t278:2 t523:3 t523:3 t468:4 t764:5 t860:6
slv-611-7418,t486:3 t670:5 t670:6
slv-611-8442,t112:2 t523:2 t182:2 t730:3 t240:3 t926:4 t926:4 t468:6
slv-611-9324,t601:1 t601:2 t601:4
slv-612-1101,t240:0 t926:1 t926:3 t468:4
slv-612-1878,t670:2 t670:4 t486:5
slv-612-3456,t167:1 t391:2 t904:3 t860:3 t545:4 t240:4 t523:5
slv-612-4047,t860:5 t670:7 t670:7 t904:7
slv-612-4457,t670:2 t670:4 t486:5
slv-612-4556,t240:1 t523:1 t523:2 t569:3 t523:4 t468:5
slv-612-7416,t545:0 t523:2 t523:3 t182:4
slv-612-7996,t788:0 t523:2 t523:3 t581:4
slv-612-8722,t739:1 t545:2 t391:3 t545:4
slv-612-9290,t693:1 t636:2 t693:3 t670:3 t843:4 t843:4 t601:5 t601:5
slv-612-9434,t240:1 t523:2 t523:2 t569:3 t523:4 t523:4 t468:5
slv-612-9938,t636:0 t736:1 t523:2 t523:3 t581:4 t523:5 t182:6
slv-613-1622,t460:1 t240:4 t523:5 t523:6 t468:6 t670:7 t670:7
slv-613-1839,t670:2 t670:4 t486:5
slv-613-1988,t240:1 t926:3 t468:3 t240:4 t523:4 t468:5
slv-613-2696,t523:0 t523:2 t468:3
slv-613-3358,t736:0 t486:1 t486:3 t670:3 t523:4 t523:5 t182:6
slv-613-3450,t545:1 t523:3 t523:4 t182:6
slv-613-4114,t523:2 t523:3 t182:4
slv-613-4180,t670:2 t670:4 t486:5
slv-613-7346,t523:3 t182:4
slv-613-8533,t670:2 t670:4 t486:5
slv-613-8998,t670:2 t670:4 t486:5
slv-614-0322,t676:1 t523:3 t569:4 t523:5 t523:6 t468:7
slv-614-1859,t670:2 t670:4 t486:5
slv-614-1980,t788:1 t523:2 t523:3 t581:4
slv-614-2442,t860:0 t545:2
slv-614-3252,t829:0 t545:1
slv-614-4705,t670:2 t670:4 t486:5
slv-614-5243,t920:1 t240:2 t278:2 t523:3 t523:3 t468:4 t764:5 t860:6
slv-614-5885,t545:1 t240:2 t926:4 t926:4 t468:4 t670:4 t523:4 t523:6 t468:6 t764:6
slv-614-6538,t991:0 t814:3 t814:4 t631:5 t631:6 t631:7
slv-614-6868,t736:0 t693:1 t682:2 t240:3 t523:3 t523:4
slv-614-7846,t240:0 t523:0 t523:1 t926:2 t523:3 t468:4
slv-615-1869,t240:0 t523:1 t240:1 t926:2 t523:3
slv-615-2351,t739:1 t545:1 t860:2 t545:3 t391:3 t545:4
slv-615-2747,t860:0 t545:2
slv-615-3029,t460:1 t240:2 t523:3 t523:3 t468:4 t569:4 t523:5 t569:6
slv-615-3191,t670:2 t486:4 t486:5 t670:5 t670:6
slv-615-3355,t448:0 t545:1 t523:3 t523:4 t182:5
slv-615-3811,t670:2 t486:4 t486:5 t670:5 t670:6
slv-615-3958,t460:0 t240:2 t926:3 t581:4 t569:5 t569:6 t860:7
slv-615-6260,t920:1 t240:2 t278:2 t523:3 t523:3 t468:4 t764:5 t860:6
slv-615-7242,t486:2 t486:4 t469:5 t636:5 t730:5 t523:6 t182:7
slv-615-7287,t670:2 t670:4 t486:5
slv-615-8261,t693:1 t636:2 t693:3 t670:3 t843:4 t843:4 t601:5 t601:5
slv-615-8378,t670:2 t670:4 t486:5
slv-615-9030,t523:0 t926:1 t523:2 t523:3 t468:4
slv-616-0192,t545:0 t240:1 t523:1 t240:2 t569:3 t523:3
slv-616-2880,t523:6 t182:7 t670:7 t182:7 t885:7 t860:7
slv-616-4888,t693:1 t636:2 t693:3 t670:3 t843:4 t843:4 t601:5 t601:5
slv-616-5118,t670:2 t670:4 t486:5
slv-616-6297,t670:2 t670:4 t486:5
slv-616-6772,t904:0 t860:0 t391:0 t860:1 t545:3
slv-616-8416,t920:1 t240:2 t278:2 t523:3 t523:3 t468:4 t764:5 t860:6
slv-616-8680,t460:1 t240:4 t523:5 t523:6 t468:6 t670:7 t670:7
slv-617-0494,t926:0 t926:1 t523:3 t468:3
slv-617-0886,t391:0 t545:1
slv-617-1227,t670:2 t670:4 t486:5
slv-617-1762,t523:0 t523:2 t468:3
slv-617-2341,t920:1 t240:2 t278:2 t523:3 t523:3 t468:4 t764:5 t860:6
slv-617-4053,t672:1 t523:2 t523:3 t581:4
slv-617-4663,t460:1 t240:1 t926:2 t569:3 t523:3 t523:4 t569:4
slv-617-4921,t523:1 t523:3 t182:3
slv-617-6725,t788:1 t523:3 t523:3 t182:4
slv-617-7227,t903:0 t860:1 t885:1 t860:3 t903:4
slv-617-7444,t670:2 t486:4 t486:5 t670:5 t670:6
slv-617-8072,t670:2 t670:4 t486:5
slv-617-8457,t601:1 t601:2 t601:4
slv-617-9973,t448:0 t545:1 t523:4 t523:5 t182:6
slv-618-0044,t636:0 t167:0 t496:1 t391:2 t545:3 t240:3 t523:4 t523:4 t468:5
slv-618-0909,t460:1 t240:2 t523:3 t569:4 t523:5 t523:5 t468:6
slv-618-2039,t670:2 t670:4 t486:5
slv-618-2220,t670:2 t670:4 t486:5
slv-618-2409,t670:2 t670:4 t486:5
slv-618-2775,t555:2 t486:4 t486:5
slv-618-3119,t523:3 t182:4 t764:6 t860:7
slv-618-3589,t670:2 t670:4 t486:5
slv-618-4163,t670:2 t670:4 t486:5
slv-618-4556,t670:2 t670:4 t486:5
slv-618-4693,t391:0 t545:1
slv-618-5069,t788:1 t523:2 t523:3 t581:4
slv-618-7125,t670:2 t670:4 t486:5
slv-618-8660,t904:5 t693:6 t693:7 t670:7 t693:7 t636:7
slv-618-9918,t167:1 t391:2 t545:3 t523:3 t240:4 t523:4 t523:5 t468:5
slv-619-0009,t460:1 t240:2 t926:3 t468:4
slv-619-0816,t523:3 t182:4
slv-619-1448,t601:1 t601:2 t601:4
slv-619-2624,t636:0 t167:1 t240:1 t926:2 t523:3 t523:4 t926:5
slv-619-2666,t788:1 t523:2 t523:3 t581:4
slv-619-3041,t670:2 t486:4 t486:5 t670:5 t670:6
slv-619-3762,t920:1 t240:2 t523:3 t523:4 t468:5 t860:6
slv-619-3855,t523:1 t523:3 t468:3
slv-619-4389,t670:2 t670:4 t486:5
slv-619-4641,t788:1 t523:2 t523:3 t581:4
slv-619-4695,t920:1 t240:2 t278:2 t523:3 t523:3 t468:4 t764:5 t860:6
slv-619-5861,t670:2 t670:4 t486:5
slv-619-6719,t448:0 t545:1 t523:3 t523:4 t182:5
slv-619-8617,t240:0 t926:2 t523:3 t523:4 t581:5
slv-619-8971,t903:5 t860:6 t764:6 t486:7 t486:7 t670:7 t486:7
slv-619-9415,t391:0 t736:1 t112:2 t545:3 t240:3 t523:4 t523:4 t581:5 t523:6 t468:6 t764:7
slv-620-0723,t670:2 t670:4 t486:5
slv-620-2474,t670:2 t670:4 t486:5
slv-620-3024,t670:2 t486:4 t486:5 t670:5 t670:6
slv-620-3899,t523:1 t926:2 t926:3 t523:3 t468:4
slv-620-5207,t391:1 t736:2 t112:3 t545:3 t523:4 t240:4 t523:4 t523:5 t581:5 t885:6
slv-620-5545,t764:2 t670:5 t670:6 t486:6 t670:7
slv-620-5623,t920:1 t240:2 t278:2 t523:3 t523:3 t468:4 t764:5 t860:6
slv-620-6250,t670:2 t670:4 t486:5
slv-620-7004,t670:2 t670:4 t486:5
slv-620-7169,t670:2 t670:4 t486:5
slv-620-9875,t448:1 t240:3 t523:5 t468:6 t670:6 t670:7 t860:7 t220:7
slv-620-9949,t460:1 t240:2 t523:3 t523:4 t569:4 t523:5 t468:6
slv-621-0414,t788:1 t523:2 t523:3 t581:4
slv-621-1153,t670:2 t670:4 t486:5
slv-621-1271,t670:2 t670:4 t486:5
slv-621-2524,t240:2 t926:4 t926:5 t523:5 t182:6 t240:6 t468:7
slv-621-2666,t788:1 t523:2 t523:3 t581:4
slv-621-2766,t670:2 t670:4 t486:5
slv-621-2825,t670:2 t670:4 t486:5
slv-621-3513,t739:1 t545:2 t391:3 t545:4
slv-621-4145,t920:1 t240:2 t523:3 t523:4 t468:5 t860:6
slv-621-4916,t736:0 t693:1 t636:1 t240:2 t523:3 t523:4 t182:5
slv-621-5215,t601:1 t601:2 t601:4
slv-621-5302,t670:2 t670:4 t486:5
slv-621-6985,t670:2 t670:4 t486:5
slv-621-7360,t545:1 t523:2 t523:3 t182:4
slv-621-7942,t636:0 t167:0 t496:1 t391:2 t545:3 t240:3 t523:4 t523:4 t468:5
slv-621-8515,t579:1 t579:2 t843:3 t843:4 t579:5
slv-622-0461,t670:2 t670:4 t486:5
slv-622-1048,t460:1 t240:2 t523:3 t569:4 t523:5 t523:5 t468:6
slv-622-1263,t167:1 t391:2 t545:3 t523:3 t240:4 t523:4 t523:5 t468:5
slv-622-1459,t569:0 t764:1 t903:5 t860:6 t569:7 t670:7 t670:7
slv-622-2085,t579:1 t579:1 t843:3 t843:4
slv-622-2489,t903:0 t860:0 t670:2 t843:5
slv-622-3456,t885:0 t860:0 t670:5
slv-622-5260,t112:2 t523:2 t182:2 t730:3 t240:3 t926:4 t926:4 t468:6
slv-622-5339,t670:2 t670:4 t486:5
slv-622-5599,t523:0 t523:0 t926:2 t926:2 t523:3 t468:3
slv-622-6925,t670:2 t670:4 t486:5
slv-622-7433,t920:1 t240:2 t278:2 t523:3 t523:3 t468:4 t764:5 t860:6
slv-622-7901,t523:1 t523:3 t581:3
slv-622-8086,t670:2 t486:4 t486:5 t670:5 t670:6
slv-622-8185,t496:0 t391:0 t904:0 t545:2
slv-622-8923,t788:1 t523:3 t523:3 t182:4
slv-622-9423,t739:1 t545:2 t391:3 t545:4
slv-622-9663,t240:1 t468:3 t240:4 t926:5 t523:5 t523:6 t468:7
slv-622-9845,t448:0 t240:1 t926:2 t926:3 t468:3 t764:4 t885:5 t860:6
slv-623-0663,t545:1 t240:2 t926:4 t926:4 t468:4 t670:4 t523:4 t523:6 t468:6 t764:6
slv-623-0998,t739:1 t545:2 t391:3 t545:4
slv-623-1114,t903:0 t860:1 t885:1 t860:3 t903:4
slv-623-1448,t926:1 t523:3 t523:3 t468:3
slv-623-2339,t460:1 t240:2 t523:3 t523:4 t569:4 t523:5 t468:5
slv-623-2535,t601:1 t601:2 t601:4
slv-623-3704,t670:2 t670:4 t486:5
slv-623-3859,t670:2 t670:4 t486:5
slv-623-5368,t670:2 t670:4 t486:5
slv-623-6053,t240:2 t926:4 t523:5 t182:6 t523:6 t468:7 t670:7 t670:7
slv-623-6406,t670:2 t670:4 t486:5
slv-623-6970,t601:1 t601:3 t601:4
slv-623-9216,t523:1 t523:3 t182:3
slv-623-9493,t448:0 t240:1 t523:2 t523:3 t468:3 t926:4 t468:5
slv-624-0787,t670:2 t670:4 t486:5
slv-624-0876,t670:2 t670:4 t486:5
slv-624-1651,t904:4 t631:5 t128:6 t631:6 t631:7
slv-624-1817,t788:1 t523:2 t523:3 t581:4
slv-624-1996,t670:2 t486:4 t670:5 t670:6
slv-624-2556,t391:0 t736:1 t112:2 t545:3 t240:3 t523:4 t523:4 t581:5 t523:6 t468:6 t764:7
slv-624-2613,t764:2 t670:5 t670:6 t486:6 t670:7
slv-624-2985,t670:2 t670:4 t486:5
slv-624-2992,t670:2 t670:4 t486:5
slv-624-5430,t636:0 t167:0 t391:1 t496:2 t391:2 t545:3
slv-624-6016,t920:1 t240:2 t278:2 t523:3 t523:3 t468:4 t764:5 t860:6
slv-624-6095,t240:0 t523:1 t569:2 t523:3 t523:4 t468:5
slv-624-6296,t670:2 t670:4 t486:5
slv-624-6782,t523:2 t523:3 t182:4
slv-624-8665,t240:1 t523:2 t523:2 t569:3 t523:4 t523:4 t468:5
slv-624-9374,t448:0 t240:1 t523:3 t523:3 t468:4 t764:5 t885:6 t860:6
slv-625-0426,t523:4 t182:6 t670:6 t670:7 t885:7 t860:7
slv-625-0836,t601:1 t601:2 t601:4
slv-625-1033,t448:1 t240:2 t523:3 t523:4 t182:4 t764:5 t885:6
slv-625-1210,t240:0 t523:1 t523:2 t569:3 t523:3
slv-625-1743,t460:1 t240:2 t926:3 t468:4
slv-625-1887,t670:2 t486:4 t670:5 t670:6
slv-625-1957,t670:5 t670:6 t486:7 t670:7
slv-625-2519,t128:3 t128:4 t631:5 t631:5 t329:5 t329:6
slv-625-3270,t903:1 t860:2 t670:3 t601:3 t601:4 t670:5 t545:5 t843:5 t843:5 t670:6 t843:6
slv-625-3997,t309:2 t460:3 t240:3 t523:4 t569:4 t523:5 t523:5 t468:6
slv-625-4300,t670:2 t670:4 t486:5
slv-625-4955,t920:1 t240:2 t523:3 t569:5 t523:6 t468:7 t670:7
slv-625-5259,t391:1 t545:1 t739:2 t545:3
slv-625-5514,t670:2 t670:4 t486:5
slv-625-6553,t601:1 t601:2 t601:4
slv-625-6604,t905:0 t545:1
slv-625-6946,t523:3 t182:4
slv-625-7728,t903:0 t860:1 t885:1 t860:3 t903:4
slv-625-7908,t920:1 t240:2 t523:3 t523:4 t468:5 t860:6
slv-625-8176,t167:1 t391:1 t496:2 t391:3 t545:3 t523:4 t523:4 t182:5
slv-626-0229,t460:1 t240:2 t926:3 t468:4
slv-626-3184,t670:2 t670:4 t486:5
slv-626-3230,t601:1 t601:2 t601:4
slv-626-4571,t240:4 t670:6 t885:7 t860:7 t670:7 t670:7 t523:7 t182:7
slv-626-5414,t788:0 t523:2 t523:3 t581:4
slv-626-5964,t523:0 t523:2 t468:3
slv-626-6505,t926:1 t468:3
slv-626-6651,t926:0 t926:1 t523:2 t523:3 t926:3
slv-626-7104,t670:0 t670:3 t486:5
slv-626-7134,t486:4 t486:5 t670:6 t670:6 t486:7
slv-626-7640,t736:0 t486:1 t486:3 t670:3 t523:4 t523:5 t182:6
slv-626-7704,t670:2 t670:4 t486:5
slv-626-7713,t670:2 t486:4 t486:5 t670:5 t670:6
slv-626-7772,t391:0 t545:1 t448:1 t240:1 t926:2 t523:3 t523:3 t182:4 t926:4 t468:5 t764:6
slv-626-7785,t396:0 t523:3 t523:3 t182:4
slv-626-8298,t523:1 t523:3 t182:3
slv-626-8385,t670:2 t486:4 t670:5 t670:6
slv-626-9024,t460:1 t240:2 t523:2 t523:3 t569:3 t523:4 t468:5
slv-626-9426,t536:1 t240:1 t926:2 t240:3 t468:4 t240:6 t569:7
slv-627-0188,t670:2 t670:4 t486:5
slv-627-0525,t240:0 t926:1 t468:3 t885:4 t860:4 t903:5 t860:6
slv-627-1192,t670:2 t670:4 t486:5
slv-627-1494,t904:0 t860:0 t545:1
slv-627-1596,t670:2 t486:4 t486:5 t670:5 t670:6
slv-627-1823,t653:0 t903:2 t860:4 t391:4 t545:5 t670:6 t670:6
slv-627-3174,t545:1 t670:2 t523:3 t523:4 t581:5 t764:5 t885:6
slv-627-3297,t496:0 t391:0 t905:0
slv-627-3387,t693:4 t670:5 t670:6 t523:6 t182:7 t885:7 t860:7
slv-627-5048,t636:0 t736:1 t112:2 t545:2 t240:3 t523:3 t523:4 t581:4 t523:5 t468:7
slv-627-5200,t545:1 t391:2 t545:3 t739:4 t545:4
slv-627-6183,t926:1 t523:3 t523:3 t468:3
slv-627-6283,t670:2 t670:4 t486:5
slv-627-6498,t448:1 t240:2 t523:3 t523:4 t468:5 t764:6
slv-627-6720,t636:0 t885:0 t903:1 t860:3 t903:5
slv-627-7468,t670:2 t486:4 t486:5 t670:5 t670:6
slv-627-7709,t670:2 t670:4 t486:5
slv-627-8827,t670:3 t670:5 t486:6
slv-627-9347,t460:1 t240:1 t926:2 t569:3 t523:3 t523:4 t569:4
slv-627-9431,t788:0 t523:2 t523:3 t581:4
slv-627-9806,t112:2 t523:2 t182:2 t730:3 t240:3 t926:4 t926:4 t468:6
slv-628-0913,t670:2 t670:4 t486:5
slv-628-1909,t920:1 t240:2 t278:2 t523:3 t523:3 t468:4 t764:5 t860:6
slv-628-2380,t670:2 t670:4 t486:5
slv-628-3659,t636:0 t904:3 t885:4 t860:5
slv-628-4057,t788:0 t523:2 t523:3 t581:4
slv-628-4167,t536:1 t240:1 t926:2 t468:3
slv-628-4433,t391:0 t904:0 t545:2
slv-628-5552,t860:0 t391:1 t860:2 t545:4
slv-628-6553,t448:0 t736:0 t112:1 t545:2 t523:3 t523:4 t468:4 t764:5 t885:6
slv-628-7584,t670:2 t670:4 t486:5
slv-628-7588,t670:2 t670:4 t486:5
slv-628-7690,t391:0 t545:1 t545:2 t523:3 t523:4 t182:4
slv-628-8733,t448:3 t920:5 t391:5 t545:5 t448:6 t240:6 t523:6 t523:7
slv-628-8738,t670:2 t670:4 t486:5
slv-628-8981,t240:1 t926:2 t468:3
slv-628-9354,t760:0 t670:1 t670:4 t486:6
slv-629-0604,t636:0 t736:1 t112:2 t545:2 t240:3 t523:3 t523:4 t581:4 t523:5 t468:7
slv-629-1009,t670:2 t670:4 t486:5
slv-629-1234,t670:2 t670:4 t486:5
slv-629-1460,t496:0 t904:0 t496:0 t391:0 t904:1 t545:2 t523:3
slv-629-1494,t764:2 t670:5 t670:6 t486:6 t670:7
slv-629-2719,t920:1 t240:2 t523:3 t523:4 t468:5 t860:6
slv-629-2942,t670:2 t670:4 t486:5
slv-629-3467,t682:0 t240:2 t523:3 t523:3 t182:3 t885:3 t523:4 t468:4 t885:5
slv-629-3834,t523:1 t523:3 t182:3
slv-629-4283,t670:2 t670:4 t486:5
slv-629-4661,t670:2 t670:4 t486:5
slv-629-4688,t545:0 t523:2 t523:3 t182:4
slv-629-5225,t670:2 t670:4 t486:5
slv-629-6479,t460:0 t545:1 t240:1 t523:2 t523:3 t569:4 t523:4 t468:5
slv-629-6499,t670:2 t486:4 t486:5 t670:5 t670:6
slv-629-6819,t616:1 t523:2 t523:3 t569:4
slv-629-6953,t670:2 t670:4 t486:5
slv-629-7057,t788:0 t523:2 t523:3 t581:4
slv-629-7076,t670:2 t670:4 t486:5
slv-630-0953,t670:2 t670:4 t486:5
slv-630-1780,t653:0 t903:2 t860:4 t391:4 t545:5 t670:6 t670:6
slv-630-2620,t670:2 t670:4 t486:5
slv-630-2629,t448:0 t240:1 t926:2 t523:3 t523:3 t569:5
slv-630-3043,t788:1 t523:2 t523:3 t581:4
slv-630-4131,t670:2 t670:4 t486:5
slv-630-5087,t670:2 t670:4 t486:5
slv-630-5887,t788:0 t523:2 t523:3 t581:4
slv-630-6066,t391:0 t736:1 t112:3 t523:4 t523:5 t182:6 t764:6 t764:7 t903:7 t860:7
slv-630-6337,t885:1 t860:2 t903:3 t860:5
slv-630-6687,t460:1 t240:1 t523:2 t569:3 t523:3 t523:4 t468:5
slv-630-7070,t904:4 t631:6 t631:6 t631:7
slv-630-7205,t486:2 t486:4 t469:5 t636:5 t730:5 t523:6 t182:7
slv-630-8405,t670:2 t670:4 t486:5
slv-630-9563,t670:2 t670:4 t486:5
slv-630-9786,t788:1 t523:2 t523:3 t581:4
slv-630-9976,t670:2 t486:4 t486:5 t670:5 t670:6
slv-631-0113,t829:0 t545:1
slv-631-0274,t167:1 t391:2 t545:3 t523:3 t240:4 t523:4 t523:5 t468:5
slv-631-0595,t601:1 t601:3 t601:4
slv-631-1083,t920:1 t240:2 t278:2 t523:3 t523:3 t468:4 t764:5 t860:6
slv-631-1152,t739:1 t545:1 t860:2 t545:3 t391:3 t545:4
slv-631-4144,t991:0 t814:3 t814:4 t631:5 t631:6 t631:7
slv-631-4462,t240:1 t523:2 t523:3 t468:4
slv-631-4465,t920:1 t240:2 t278:2 t523:3 t523:3 t468:4 t764:5 t860:6
slv-631-4949,t670:2 t670:4 t486:5
slv-631-5044,t670:2 t670:4 t486:5
slv-631-6347,t496:0 t391:0 t904:0 t545:2
slv-631-6492,t167:1 t391:2 t545:3 t523:3 t240:4 t523:4 t523:5 t468:5
slv-631-9144,t460:0 t240:1 t926:2 t240:3 t569:6
slv-632-0224,t788:0 t523:2 t523:3 t581:4
slv-632-0971,t788:1 t523:2 t523:3 t581:4
slv-632-1146,t670:2 t670:4 t486:5
slv-632-1607,t545:0 t860:1 t545:2 t391:3 t545:4
slv-632-2295,t788:0 t523:2 t523:3 t581:4
slv-632-2769,t926:0 t926:1 t523:2 t523:3 t926:3
slv-632-2887,t448:0 t240:0 t448:3 t468:4 t860:6
slv-632-3237,t601:1 t601:2 t601:4
slv-632-3514,t486:2 t486:4 t469:5 t636:5 t730:5 t523:6 t182:7
slv-632-4514,t391:0 t448:0 t240:1 t926:2 t468:3 t523:3 t468:5
slv-632-4809,t391:0 t904:0 t860:0
slv-632-5099,t670:2 t670:4 t486:5
slv-632-5287,t601:1 t601:2 t601:3
slv-632-5404,t448:0 t545:1 t523:3 t523:4 t182:5
slv-632-5493,t670:2 t670:4 t486:5
slv-632-6334,t329:3 t329:4 t904:5 t631:5 t631:6
slv-632-6671,t670:2 t670:4 t486:5
slv-632-6857,t670:2 t670:4 t486:5
slv-632-6962,t670:2 t670:4 t486:5
slv-632-6967,t860:0 t670:5 t670:7
slv-632-8006,t601:1 t601:2 t601:4
slv-632-8526,t670:2 t670:4 t486:5
slv-632-8568,t670:2 t670:4 t486:5
slv-632-8640,t240:0 t926:1 t523:2 t523:3 t581:3 t569:4 t523:4 t569:5
slv-632-8776,t670:2 t670:4 t486:5
slv-632-9319,t670:0 t670:3 t486:5
slv-632-9396,t693:2 t636:4 t885:5 t860:6
slv-632-9517,t601:1 t601:3 t601:4
slv-632-9796,t670:2 t486:4 t486:5 t670:5 t670:6
slv-633-0091,t460:1 t240:2 t523:3 t569:4 t523:5 t523:5 t468:6
slv-633-0345,t670:2 t670:4 t486:5
slv-633-1836,t670:2 t670:4 t486:5
slv-633-1998,t545:1 t670:2 t523:3 t523:4 t581:5 t764:5 t885:6
slv-633-2334,t670:2 t670:4 t486:5
slv-633-3874,t788:0 t523:2 t523:3 t581:4
slv-633-3881,t411:1 t411:2 t411:3 t411:5 t411:5 t411:6
slv-633-3892,t448:0 t523:2 t523:3 t182:4
slv-633-4287,t523:2 t523:3 t182:4
slv-633-4581,t920:1 t240:2 t523:3 t523:3 t569:4 t523:4 t468:5
slv-633-5059,t240:1 t926:2 t468:3 t240:4 t468:4 t523:5 t523:5 t182:6
slv-633-7843,t788:0 t523:2 t523:3 t581:4
slv-633-7851,t391:0 t904:0 t545:0 t860:1 t545:3
slv-633-8324,t523:4 t182:6 t670:6 t670:7 t885:7 t860:7
slv-633-8401,t616:1 t523:2 t523:3 t569:4
slv-633-9696,t460:1 t240:2 t523:3 t523:3 t182:4
slv-634-0609,t523:3 t182:4
slv-634-0843,t391:0 t545:1
slv-634-1109,t523:3 t182:4 t764:6 t860:7
slv-634-2004,t670:2 t670:4 t486:5
slv-634-2072,t920:1 t240:2 t523:4 t523:4 t468:5 t860:7
slv-634-3712,t670:6 t670:7 t523:7 t182:7
slv-634-4209,t843:1 t843:3 t670:4 t843:5 t579:6
slv-634-6022,t672:1 t523:2 t523:3 t581:4
slv-634-6057,t460:0 t240:1 t926:2 t523:3 t523:4 t569:5
slv-634-6965,t670:2 t486:4 t486:5 t670:5 t670:6
slv-634-7661,t670:2 t670:4 t486:5
slv-634-7831,t693:2 t636:4 t885:5 t860:6
slv-634-7912,t670:2 t670:4 t486:5
slv-634-8199,t240:2 t926:4 t926:5 t523:5 t182:6 t240:6 t468:7
slv-634-8866,t670:2 t486:4 t486:5 t670:5 t670:6
slv-634-9804,t693:1 t670:3 t670:4 t693:4 t636:5 t885:6 t860:6
slv-634-9967,t670:2 t670:4 t486:5
slv-635-0834,t903:0 t860:1 t885:1 t860:3 t903:4
slv-635-1205,t240:1 t523:2 t523:3 t581:4
slv-635-1418,t391:0 t904:0 t860:0
slv-635-1865,t670:2 t670:4 t486:5
slv-635-2242,t377:1 t377:2 t377:4
slv-635-2386,t670:2 t486:4 t486:5 t670:5 t670:6
slv-635-2700,t991:3 t631:5 t631:6 t631:7
slv-635-2809,t670:2 t670:4 t486:5
slv-635-3464,t670:5 t670:6 t486:7 t670:7
slv-635-4179,t670:0 t670:3 t486:5
slv-635-4225,t448:0 t240:0 t448:3 t468:4 t860:6
slv-635-4380,t460:1 t240:2 t523:3 t569:4 t523:5 t523:5 t468:6
slv-635-6926,t545:0 t391:1 t545:1 t240:2 t926:3 t926:3 t523:3 t523:4 t468:5
slv-635-7221,t885:1 t860:3 t523:4 t182:5
slv-635-7541,t670:2 t486:4 t486:5 t670:5 t670:6
slv-635-7620,t460:1 t240:2 t926:3 t468:4
slv-635-9837,t693:1 t636:2 t693:3 t670:3 t843:4 t843:4 t601:5 t601:5
slv-635-9985,t670:2 t670:4 t486:5
slv-636-0304,t788:1 t523:2 t523:3 t581:4
slv-636-0398,t670:2 t670:4 t486:5
slv-636-0470,t496:0 t391:0 t904:0 t545:2
slv-636-0584,t829:0 t545:1
slv-636-0705,t670:2 t670:4 t486:5
slv-636-1044,t670:2 t670:4 t486:5
slv-636-2379,t670:2 t670:4 t486:5
slv-636-3789,t670:1 t601:3 t601:3 t670:4 t843:5 t843:5
slv-636-4010,t486:2 t486:4 t469:5 t636:5 t730:5 t523:6 t182:7
slv-636-4114,t517:1 t517:3 t517:4 t517:4 t517:5
slv-636-4144,t240:1 t926:1 t468:2 t240:3 t278:3 t523:3 t523:4 t468:5
slv-636-4855,t764:5 t670:6 t670:7 t486:7 t670:7
slv-636-5359,t670:2 t670:4 t486:5
slv-636-5456,t460:1 t240:2 t523:3 t523:3 t468:4 t569:4 t523:5 t569:6
slv-636-6444,t788:1 t523:2 t523:3 t182:3
slv-636-6852,t523:3 t182:4 t764:6 t860:7
slv-636-8369,t167:1 t391:2 t545:3 t523:3 t240:4 t523:4 t523:5 t468:5
slv-636-8842,t670:2 t670:4 t486:5
slv-636-9030,t636:0 t736:1 t523:3 t240:4 t523:5 t523:5 t182:6 t764:7
slv-636-9294,t670:2 t670:4 t486:5
slv-636-9395,t670:0 t670:2 t486:5
slv-636-9751,t991:0 t814:3 t814:4 t631:5 t631:6 t631:7
slv-637-0107,t788:1 t523:2 t523:3 t581:4
slv-637-0936,t523:1 t523:3 t182:3
slv-637-1049,t536:1 t240:1 t926:2 t468:3
slv-637-2172,t167:1 t391:2 t904:3 t860:4 t545:5
slv-637-3351,t391:0 t545:2
slv-637-3496,t605:1 t240:1 t523:2 t523:3 t468:3 t240:4 t926:4 t468:5
slv-637-3653,t670:2 t486:4 t486:5 t670:5 t670:6
slv-637-3872,t670:2 t486:4 t486:5 t670:5 t670:6
slv-637-3948,t670:2 t670:4 t486:5
slv-637-4031,t903:0 t860:1 t670:3 t670:4 t843:5
slv-637-4459,t523:1 t182:3 t885:4 t860:5
slv-637-4488,t693:1 t636:2 t693:3 t670:3 t843:4 t843:4 t601:5 t601:5
slv-637-5075,t601:1 t601:2 t601:4
slv-637-7526,t670:2 t670:4 t486:5
slv-637-8772,t391:0 t904:0 t545:1 t240:2 t523:2 t523:3 t182:4 t885:4 t860:5
slv-638-0971,t460:1 t240:2 t523:3 t569:4 t523:5 t523:5 t468:6
slv-638-1286,t905:0 t545:0 t860:1 t545:2
slv-638-1538,t920:1 t240:2 t278:2 t523:3 t523:3 t468:4 t764:5 t860:6
slv-638-2968,t764:2 t670:5 t670:6 t486:6 t670:7
slv-638-3048,t670:2 t670:4 t486:5
slv-638-3451,t523:3 t182:4
slv-638-4375,t693:1 t636:2 t693:3 t670:3 t843:4 t843:4 t601:5 t601:5
slv-638-4712,t670:2 t486:4 t486:5 t670:5 t670:6
slv-638-4809,t670:2 t670:4 t486:5
slv-638-4867,t601:1 t601:3 t601:4
slv-638-5761,t905:0 t545:1
slv-638-5921,t670:2 t670:4 t486:5
slv-638-6092,t788:1 t523:2 t523:3 t581:4
slv-638-7355,t670:2 t670:4 t486:5
slv-638-7796,t496:1 t860:2 t545:3 t523:3 t523:4 t182:4
slv-638-8157,t829:0 t545:1
slv-638-8197,t670:2 t670:4 t486:5
slv-638-9975,t920:1 t240:2 t523:3 t523:4 t468:5 t860:6
slv-639-0685,t788:0 t523:2 t523:3 t581:4
slv-639-2384,t905:0 t545:1
slv-639-2588,t670:2 t670:4 t486:5
slv-639-4904,t670:2 t670:4 t486:5
slv-639-5227,t814:1 t814:4 t631:5 t631:6 t631:6
slv-639-5352,t670:0 t670:3 t486:5
slv-639-5942,t736:0 t693:1 t682:2 t523:3 t523:4 t182:4
slv-639-5954,t448:0 t240:0 t448:3 t468:4 t860:6
slv-639-6063,t391:0 t736:1 t112:3 t523:4 t523:5 t182:6 t764:6 t764:7 t903:7 t860:7
slv-639-6900,t460:2 t240:5 t523:6 t523:6 t468:7 t670:7 t670:7 t636:7
slv-639-8051,t788:0 t523:2 t523:3 t581:4
slv-639-9835,t496:0 t391:0 t904:0 t545:3
slv-640-1336,t670:2 t670:4 t486:5
slv-640-2169,t670:2 t670:4 t486:5
slv-640-2566,t927:1 t927:2 t927:3 t927:4
slv-640-2863,t904:5 t693:6 t693:7 t670:7 t693:7 t636:7
slv-640-3298,t601:0 t601:2 t377:3 t377:4
slv-640-4315,t523:1 t523:3 t182:3
slv-640-4390,t523:1 t523:3 t182:3
slv-640-4526,t670:2 t670:4 t486:5
slv-640-5175,t391:1 t736:2 t112:3 t545:3 t523:4 t240:4 t523:4 t523:5 t581:5 t885:6
slv-640-5442,t460:2 t240:5 t523:6 t523:6 t468:7 t670:7 t670:7 t636:7
slv-640-5665,t920:1 t240:2 t278:2 t523:3 t523:3 t468:4 t764:5 t860:6
slv-640-6188,t670:2 t670:4 t486:5
slv-640-6537,t670:2 t670:4 t486:5
slv-640-6973,t240:1 t926:1 t468:2 t240:3 t278:3 t523:3 t523:4 t468:5
slv-640-7263,t605:1 t240:1 t523:2 t523:3 t468:3 t926:4 t468:5
slv-640-8385,t391:1 t545:1 t739:2 t545:3
slv-640-8602,t670:2 t670:4 t486:5
slv-641-0950,t904:5 t693:6 t693:7 t670:7 t693:7 t636:7
slv-641-1274,t396:0 t240:1 t926:2 t523:3 t523:3 t926:4 t468:5
slv-641-2736,t601:1 t601:2 t601:4
slv-641-3012,t670:2 t670:4 t486:5
slv-641-3122,t860:0 t903:1 t860:1 t545:3
slv-641-3182,t670:3 t670:5 t486:6
slv-641-3445,t240:1 t926:2 t926:3 t523:3 t926:4 t468:4
slv-641-3893,t670:2 t670:4 t486:5
slv-641-4177,t670:2 t670:4 t486:5
slv-641-4633,t920:1 t240:2 t278:2 t523:3 t523:3 t468:4 t764:5 t860:6
slv-641-4856,t601:1 t601:2 t601:4
slv-641-6304,t391:0 t545:1
slv-641-7579,t904:5 t693:6 t693:7 t670:7 t693:7 t636:7
slv-641-8406,t605:1 t240:2 t523:3 t523:3 t468:4 t764:5 t860:6
slv-641-8848,t329:4 t329:5 t904:6 t631:6 t631:7
slv-641-9338,t670:2 t670:4 t486:5
slv-641-9458,t670:2 t670:4 t486:5
slv-642-0014,t579:1 t579:1 t843:3 t843:4
slv-642-0130,t920:1 t240:2 t278:2 t523:3 t523:3 t468:4 t764:5 t860:6
slv-642-0431,t396:0 t240:1 t926:2 t523:3 t523:3 t926:4 t468:5
slv-642-2674,t601:1 t601:2 t601:4
slv-642-3093,t670:2 t670:4 t486:5
slv-642-3683,t240:1 t926:1 t468:2 t240:3 t278:3 t523:3 t523:4 t468:5
slv-642-3921,t670:2 t670:4 t486:5
slv-642-5284,t904:0 t860:0 t545:3
slv-642-5374,t636:0 t167:1 t240:1 t926:2 t523:3 t523:4 t926:5
slv-642-5445,t460:0 t240:1 t545:2 t240:3 t523:4 t523:5 t468:6
slv-642-5605,t788:1 t523:3 t523:3 t182:4
slv-642-5621,t670:2 t670:4 t486:5
slv-642-5829,t670:2 t670:4 t486:5
slv-642-7932,t240:1 t926:2 t523:3 t523:3 t926:4 t468:4
slv-642-8182,t764:5 t670:6 t670:7 t486:7 t670:7
slv-643-0759,t788:1 t523:2 t523:3 t581:4
slv-643-1656,t670:2 t486:4 t486:5 t670:5 t670:6
slv-643-3673,t460:1 t240:2 t926:3 t468:4
slv-643-4109,t920:1 t240:2 t278:2 t523:3 t523:3 t468:4 t764:5 t860:6
slv-643-4111,t920:1 t240:2 t523:3 t523:4 t468:5 t860:6
slv-643-4654,t904:3 t631:5 t631:6 t631:6
slv-643-5880,t904:0 t545:1 t240:2 t523:3 t523:4 t468:5 t764:6 t764:6 t860:7
slv-643-6301,t670:2 t486:4 t670:5 t670:6
slv-643-6818,t927:1 t927:2 t927:4
slv-643-6930,t391:0 t448:0 t636:1 t240:2 t523:3 t523:4 t468:5
slv-643-7563,t670:2 t670:4 t486:5
slv-643-7787,t904:1 t545:3 t523:4 t523:4 t182:6
slv-643-7841,t670:2 t486:4 t486:5 t670:5 t670:6
slv-643-8114,t860:0 t545:2
slv-643-9195,t523:1 t523:3 t468:3
slv-643-9711,t670:2 t670:4 t486:5
slv-643-9743,t903:0 t860:1 t885:1 t860:3 t903:4
slv-643-9898,t670:2 t670:4 t486:5
slv-644-0298,t670:2 t670:4 t486:5
slv-644-0920,t920:1 t240:2 t278:2 t523:3 t523:3 t468:4 t764:5 t860:6
slv-644-1245,t601:1 t601:2 t601:4
slv-644-1247,t760:0 t670:1 t670:4 t486:6
slv-644-1497,t904:4 t631:5 t128:6 t631:6 t631:7
slv-644-1626,t670:2 t486:4 t670:5 t670:6
slv-644-2109,t670:2 t670:4 t486:5
slv-644-2805,t788:1 t523:2 t523:3 t581:4
slv-644-3350,t391:0 t736:1 t112:2 t545:3 t240:3 t523:4 t523:4 t581:5 t523:6 t468:6 t764:7
slv-644-4099,t555:1 t486:3 t523:4 t523:5 t182:7
slv-644-4456,t670:2 t670:4 t486:5
slv-644-5046,t670:2 t486:4 t486:5 t670:5 t670:6
slv-644-5480,t788:0 t523:2 t523:3 t581:4
slv-644-5771,t670:2 t670:4 t486:5
slv-644-6032,t885:0 t860:0 t903:0 t860:2
slv-644-7818,t391:0 t904:0 t545:2
slv-644-8198,t693:0 t670:4 t670:5 t182:6 t523:6 t523:6 t182:7
slv-644-8447,t885:1 t860:3 t670:4 t670:5 t843:6
slv-644-8772,t920:1 t240:2 t523:3 t569:5 t523:6 t468:7 t670:7
slv-644-9608,t523:2 t523:3 t182:4
slv-645-0043,t670:2 t670:4 t486:5
slv-645-0726,t736:0 t693:1 t682:2 t240:3 t523:3 t523:4
slv-645-1084,t670:2 t670:4 t486:5
slv-645-1929,t670:2 t670:4 t486:5
slv-645-2040,t391:0 t545:1
slv-645-2227,t240:1 t926:3 t926:4 t523:5 t523:5 t182:6 t240:6 t468:7
slv-645-2644,t460:1 t240:2 t523:3 t569:4 t523:5 t523:5 t468:6
slv-645-3657,t693:2 t636:4 t885:5 t860:6
slv-645-4778,t670:2 t486:4 t486:5 t670:5 t670:6
slv-645-5111,t903:1 t860:2 t670:3 t601:3 t601:4 t670:5 t545:5 t843:5 t843:5 t670:6 t843:6
slv-645-6266,t167:1 t391:2 t545:3 t523:3 t240:4 t523:4 t523:5 t468:5
slv-645-7031,t904:0 t545:0 t391:1 t545:3
slv-645-7516,t920:1 t240:2 t278:2 t523:3 t523:3 t468:4 t764:5 t860:6
slv-645-9154,t670:2 t670:4 t486:5
slv-645-9382,t670:2 t486:4 t486:5 t670:5 t670:6
slv-645-9559,t905:0 t545:1
slv-645-9761,t240:2 t926:4 t523:5 t182:6 t523:6 t468:7 t670:7 t670:7
slv-645-9978,t523:3 t182:4 t764:6 t860:7
slv-646-0099,t670:2 t670:4 t486:5
slv-646-0520,t448:0 t240:1 t926:2 t926:3 t468:3 t764:4 t885:5 t860:6
slv-646-2489,t670:1 t843:3 t843:4 t523:4 t182:7
slv-646-2511,t670:0 t670:3 t486:5
slv-646-3146,t670:2 t670:4 t486:5
slv-646-4467,t601:1 t601:3 t601:4
slv-646-4883,t448:0 t240:1 t523:2 t523:3 t240:3 t926:4 t468:5 t764:6
slv-646-4884,t903:1 t860:2 t670:3 t601:3 t601:4 t670:5 t545:5 t843:5 t843:5 t670:6 t843:6
slv-646-4921,t523:3 t182:4
slv-646-5147,t814:0 t814:1 t290:2 t290:3
slv-646-5463,t670:2 t670:4 t486:5
slv-646-5826,t788:1 t523:2 t523:3 t581:4
slv-646-6524,t670:2 t670:4 t486:5
slv-646-6806,t460:1 t240:2 t926:3 t468:4
slv-646-8089,t601:1 t601:2 t601:3
slv-646-8885,t605:1 t240:1 t523:2 t523:3 t468:3 t240:4 t926:4 t468:5
slv-646-9206,t764:5 t670:6 t670:7 t486:7 t670:7
slv-646-9784,t240:1 t926:3 t468:3 t240:4 t523:4 t468:5
slv-647-0580,t860:0 t903:1 t860:1 t545:3
slv-647-0677,t486:2 t486:4 t469:5 t636:5 t730:5 t523:6 t182:7
slv-647-0862,t240:1 t926:3 t523:4 t468:5 t240:6 t468:7
slv-647-1628,t167:1 t391:2 t545:3 t523:3 t240:4 t523:4 t523:5 t468:5
slv-647-4397,t860:5 t670:7 t670:7 t904:7
slv-647-5624,t739:0 t545:1 t391:1 t545:2 t860:2 t545:3
slv-647-6812,t905:0 t545:1
slv-647-7276,t904:5 t693:6 t693:7 t670:7 t693:7 t636:7
slv-647-8558,t523:1 t523:3 t182:3
slv-647-8616,t920:1 t240:2 t278:2 t523:3 t523:3 t468:4 t764:5 t860:6
slv-647-8729,t391:0 t905:0
slv-647-8907,t736:0 t693:1 t682:2 t240:3 t523:3 t523:4
slv-647-8915,t736:0 t693:1 t636:1 t240:2 t523:3 t523:4 t182:5
slv-647-9255,t670:2 t670:4 t486:5
slv-647-9576,t523:3 t182:3
slv-647-9768,t788:1 t523:3 t523:3 t581:5
slv-647-9851,t636:0 t736:1 t112:2 t545:2 t240:3 t523:3 t523:4 t581:4 t523:5 t468:7
slv-648-0738,t601:1 t601:2 t601:4
slv-648-1266,t670:2 t670:4 t486:5
slv-648-2131,t460:1 t240:1 t523:2 t523:3 t569:3 t523:4 t468:5
slv-648-2387,t670:1 t670:2 t133:3 t741:3 t396:4 t636:4 t885:4 t860:5
slv-648-2771,t670:2 t670:4 t486:5
slv-648-2786,t670:2 t670:4 t486:5
slv-648-3582,t396:0 t240:1 t926:2 t523:3 t523:3 t926:4 t468:5
slv-648-4152,t788:1 t523:3 t523:3 t182:4
slv-648-4907,t523:1 t523:3 t182:3
slv-648-5827,t391:0 t904:0 t545:2
slv-648-7041,t391:0 t545:2
slv-648-7499,t670:2 t670:4 t486:5
slv-648-8303,t672:1 t523:2 t523:3 t581:4
slv-648-8493,t670:2 t486:4 t486:5 t670:5 t670:6
slv-648-8831,t670:2 t670:4 t486:5
slv-648-9813,t670:2 t486:4 t486:5 t670:5 t670:6
slv-649-2174,t240:0 t926:1 t523:2 t523:3 t581:3 t569:4 t523:4 t569:5
slv-649-2280,t920:1 t240:2 t523:3 t523:4 t468:5 t860:6
slv-649-3471,t523:2 t523:3 t182:4
slv-649-3662,t670:3 t670:5 t486:6
slv-649-3919,t486:2 t486:4 t469:5 t636:5 t730:5 t523:6 t182:7
slv-649-4093,t670:2 t486:4 t486:5 t670:5 t670:6
slv-649-5713,t448:1 t240:3 t523:5 t468:6 t670:6 t670:7 t860:7 t220:7
slv-649-6346,t739:1 t545:1 t860:2 t545:3 t391:3 t545:4
slv-649-6584,t391:0 t545:1
slv-649-7816,t391:0 t904:0 t545:1 t240:2 t523:2 t523:3 t182:4 t885:4 t860:5
slv-649-8469,t670:2 t670:4 t486:5
slv-649-8479,t188:1 t188:3 t240:4 t926:5 t926:5 t523:6 t182:7
slv-649-8570,t240:1 t523:2 t523:2 t569:3 t523:4 t523:4 t468:5
slv-650-0343,t448:0 t240:1 t926:2 t468:3 t523:3 t523:4 t468:5 t764:6
slv-650-1282,t670:2 t670:4 t486:5
slv-650-1469,t636:0 t167:0 t496:1 t391:2 t545:3 t240:3 t523:4 t523:4 t468:5
slv-650-1666,t670:2 t670:4 t486:5
slv-650-2052,t523:2 t523:3 t182:4
slv-650-3918,t391:0 t904:0 t545:2
slv-650-4964,t240:1 t926:2 t240:3 t468:6
slv-650-6441,t736:0 t693:1 t682:2 t523:3 t523:4 t182:4
slv-650-7116,t448:1 t240:3 t523:5 t468:6 t670:6 t670:7 t860:7 t220:7
slv-650-7363,t670:2 t670:4 t486:5
slv-650-8357,t523:1 t523:3 t182:3
slv-650-8772,t391:0 t736:1 t112:2 t545:3 t240:3 t523:4 t523:4 t581:5 t523:6 t468:6 t764:7
slv-650-8879,t545:0 t391:1 t545:4
slv-650-8992,t739:1 t545:2 t391:3 t545:4
slv-650-9198,t785:0 t814:1 t814:3 t517:4 t517:5
slv-650-9575,t523:3 t182:4 t764:6 t860:7
slv-650-9692,t391:0 t545:2
slv-650-9821,t885:0 t860:2 t903:3 t860:5
slv-650-9964,t167:1 t391:2 t545:3 t523:3 t240:4 t523:4 t523:5 t468:5
slv-651-0694,t730:1 t240:2 t926:3 t926:4 t523:4 t468:5
slv-651-1135,t391:0 t736:1 t112:2 t545:3 t240:3 t523:4 t523:4 t581:5 t523:6 t468:6 t764:7
slv-651-1760,t670:0 t670:2 t636:3 t167:4 t391:4 t904:5 t496:5 t391:5 t545:5
slv-651-1968,t788:1 t523:2 t523:3 t581:4
slv-651-3504,t670:2 t486:4 t486:5 t670:5 t670:6
slv-651-5196,t814:1 t290:3 t290:4 t814:4 t814:6
slv-651-5568,t670:2 t486:4 t486:5 t670:5 t670:6
slv-651-6413,t670:2 t670:4 t486:5
slv-651-6656,t670:2 t486:4 t486:5 t670:5 t670:6
slv-651-6811,t670:2 t486:4 t670:5 t670:6
slv-651-8564,t536:1 t240:1 t926:2 t468:3
slv-651-9733,t920:1 t240:2 t523:3 t523:4 t468:5 t860:6
slv-652-0518,t670:0 t670:2 t486:3 t523:4 t523:6 t182:6
slv-652-0577,t391:1 t545:2 t240:3 t523:4 t523:5 t569:5 t523:6 t468:7
slv-652-1526,t670:2 t486:4 t486:5 t670:5 t670:6
slv-652-1582,t523:5 t182:7 t670:7 t182:7 t885:7 t860:7
slv-652-2735,t764:5 t670:6 t670:7 t486:7 t670:7
slv-652-3835,t448:1 t240:2 t523:3 t523:4 t182:4 t764:5 t885:6
slv-652-3871,t182:0 t764:5 t764:6 t860:7
slv-652-4587,t523:1 t926:1 t523:2 t523:3 t468:4
slv-652-6155,t601:1 t601:3 t601:4
slv-652-6297,t523:3 t182:4 t764:6 t860:7
slv-652-6431,t788:1 t523:3 t523:3 t182:4
slv-652-7497,t128:3 t128:4 t631:5 t631:5 t329:5 t329:6
slv-652-7902,t672:1 t523:2 t523:3 t581:4
slv-652-8264,t523:1 t523:3 t182:3
slv-652-8844,t523:0 t523:0 t926:2 t926:2 t523:3 t468:3
slv-652-9369,t278:0 t523:0 t926:2 t926:2 t523:3 t468:4
slv-652-9668,t601:1 t601:2 t601:4
slv-653-1632,t788:0 t523:2 t523:3 t581:4
slv-653-2354,t240:0 t523:1 t240:2 t926:2 t240:3 t569:3 t523:4 t523:5
slv-653-3973,t396:0 t240:1 t523:2 t523:3 t182:3 t240:3 t926:4 t468:5
slv-653-4590,t460:1 t240:2 t926:3 t468:4
slv-653-5191,t670:2 t670:4 t486:5
slv-653-5218,t788:1 t523:2 t523:3 t581:4
slv-653-5474,t523:1 t523:3 t182:3
slv-653-5733,t670:2 t670:4 t486:5
slv-653-6659,t670:2 t670:4 t486:5
slv-653-7133,t569:0 t523:1 t523:1 t926:3
slv-653-8948,t670:2 t670:4 t486:5
slv-653-9133,t904:0 t860:0 t391:1 t545:3
slv-653-9870,t460:1 t240:2 t523:3 t569:3 t523:4 t523:4 t468:5
slv-654-2342,t605:1 t240:1 t523:2 t523:3 t468:3 t278:3 t278:4 t926:4 t468:5
slv-654-3458,t670:2 t670:4 t486:5
slv-654-3662,t903:1 t860:2 t670:3 t601:3 t601:4 t670:5 t545:5 t843:5 t843:5 t670:6 t843:6
slv-654-4531,t670:2 t670:4 t486:5
slv-654-4540,t885:3 t860:4 t903:4 t860:5
slv-654-4644,t788:1 t523:2 t523:3 t581:4
slv-654-5556,t788:0 t523:2 t523:3 t581:4
slv-654-7323,t536:1 t240:1 t926:2 t468:3
slv-654-7346,t670:2 t486:4 t486:5 t670:5 t670:6
slv-654-7643,t670:2 t670:4 t486:5
slv-654-8247,t601:1 t601:2 t601:4
slv-654-8999,t905:0 t545:1
slv-654-9477,t670:2 t670:4 t486:5
slv-655-0178,t920:1 t240:2 t278:2 t523:3 t523:3 t468:4 t764:5 t860:6
slv-655-1013,t764:2 t670:5 t670:6 t486:6 t670:7
slv-655-1359,t411:1 t411:2 t411:3 t411:5 t411:5 t411:6
slv-655-1549,t670:2 t670:4 t486:5
slv-655-3580,t670:2 t670:4 t486:5
slv-655-5582,t601:1 t601:2 t601:4
slv-655-6658,t240:1 t926:3 t926:4 t523:5 t523:5 t182:6 t240:6 t468:7
slv-655-7004,t920:1 t240:2 t278:2 t523:3 t523:3 t468:4 t764:5 t860:6
slv-655-7085,t670:2 t670:4 t486:5
slv-655-7958,t670:2 t670:4 t486:5
slv-655-8005,t448:0 t240:0 t448:3 t468:4 t860:6
slv-655-8464,t601:1 t601:2 t601:4
slv-655-8574,t926:0 t926:1 t523:2 t523:3 t926:3
slv-655-8702,t670:2 t670:4 t486:5
slv-655-9069,t904:5 t904:6 t670:7 t670:7
slv-655-9456,t496:0 t391:1 t545:3
slv-655-9984,t670:2 t670:4 t486:5
slv-656-0104,t885:3 t860:4 t903:4 t860:5
slv-656-1204,t670:2 t670:4 t486:5
slv-656-2854,t670:2 t670:4 t486:5
slv-656-3315,t670:2 t670:4 t486:5
slv-656-3604,t693:1 t670:3 t670:4 t693:4 t636:5 t885:6 t860:6
slv-656-5248,t788:1 t523:2 t523:3 t581:4
slv-656-5346,t905:0 t545:1
slv-656-5525,t670:2 t670:4 t486:5
slv-656-6041,t670:2 t670:4 t486:5
slv-656-7586,t523:1 t523:3 t468:4 t860:5 t523:6 t764:6 t860:7 t670:7
slv-656-8082,t860:0 t903:1 t860:1 t545:4
slv-656-8342,t670:2 t670:4 t486:5
slv-656-9073,t670:2 t670:4 t486:5
slv-656-9468,t670:5 t670:7 t486:7 t670:7
slv-656-9724,t670:2 t486:4 t486:5 t670:5 t670:6
slv-657-1134,t448:1 t240:2 t523:3 t569:4 t523:4 t523:5 t468:6 t860:7
slv-657-1409,t670:2 t486:4 t486:5 t670:5 t670:6
slv-657-1445,t788:0 t523:3 t523:3 t182:4
slv-657-1814,t860:0 t545:2
slv-657-1868,t240:0 t926:1 t523:2 t523:3 t581:3 t569:4 t523:4 t569:5
slv-657-2097,t391:0 t904:0 t545:0 t860:1 t545:3
slv-657-3766,t736:0 t693:1 t682:2 t523:3 t523:4 t182:4
slv-657-4526,t396:0 t240:1 t926:2 t523:3 t523:3 t926:4 t468:5
slv-657-4597,t601:0 t601:2 t377:3 t377:4
slv-657-4642,t682:0 t240:2 t523:3 t523:3 t182:3 t885:3 t523:4 t468:4 t885:5
slv-657-4860,t670:2 t670:4 t486:5
slv-657-5525,t486:2 t486:4 t469:5 t636:5 t730:5 t523:6 t182:7
slv-657-5782,t601:1 t601:2 t601:4
slv-657-6784,t448:0 t240:1 t523:2 t523:3 t468:3 t926:4 t468:5
slv-657-7323,t391:0 t904:0 t545:2
slv-657-7880,t788:1 t523:2 t523:3 t581:4
slv-657-7982,t448:1 t240:2 t523:3 t523:4 t182:4 t764:5 t885:6
slv-657-8016,t240:0 t523:1 t569:2 t523:3 t523:4 t468:5
slv-657-8078,t448:0 t240:0 t448:3 t468:4 t860:6
slv-657-8380,t523:1 t523:3 t468:4 t860:5 t523:6 t764:6 t860:7 t670:7
slv-657-8486,t670:2 t670:4 t486:5
slv-658-0415,t926:1 t468:3
slv-658-0459,t670:2 t670:4 t486:5
slv-658-1624,t460:0 t240:1 t523:6 t569:6 t860:6 t670:6 t670:7 t523:7 t468:7
slv-658-1640,t396:0 t240:1 t523:2 t523:3 t182:3 t240:3 t926:4 t468:5
slv-658-2966,t391:0 t904:0 t545:1 t240:2 t523:2 t523:3 t182:4 t885:4 t860:5
slv-658-3095,t905:0 t545:1
slv-658-3118,t904:4 t631:5 t128:6 t631:6 t631:7
slv-658-3173,t860:5 t670:7 t670:7 t904:7
slv-658-4328,t636:0 t736:1 t112:2 t545:2 t240:3 t523:3 t523:4 t581:4 t523:5 t468:7
slv-658-4776,t496:0 t391:0 t904:0 t545:3
slv-658-4938,t788:0 t523:2 t523:3 t581:4
slv-658-5142,t670:2 t670:4 t486:5
slv-658-5598,t904:0 t545:1 t391:1 t545:3 t523:3
slv-658-6534,t764:2 t670:5 t670:6 t486:6 t670:7
slv-658-7917,t885:0 t860:1 t903:3 t860:4
slv-658-8592,t920:1 t240:2 t278:2 t523:3 t523:3 t468:4 t764:5 t860:6
slv-659-0872,t670:2 t670:4 t486:5
slv-659-1101,t523:0 t926:1 t523:2 t523:3 t468:4
slv-659-1686,t391:0 t904:0 t670:1 t885:2 t860:4 t670:5
slv-659-2473,t670:2 t670:4 t486:5
slv-659-2664,t448:0 t240:0 t448:3 t468:4 t860:6
slv-659-3211,t448:0 t240:0 t448:3 t468:4 t860:6
slv-659-3442,t605:1 t240:2 t523:3 t523:3 t468:4 t764:5 t860:6
slv-659-4138,t396:0 t240:1 t523:2 t523:3 t182:3 t240:3 t926:4 t468:5
slv-659-4143,t448:0 t240:0 t448:3 t468:4 t860:6
slv-659-5303,t670:5 t670:6 t486:7 t670:7
slv-659-5492,t903:1 t860:2 t670:3 t601:3 t601:4 t670:5 t545:5 t843:5 t843:5 t670:6 t843:6
slv-659-7015,t736:0 t693:1 t682:2 t523:3 t523:4 t182:4
slv-659-7316,t240:1 t926:3 t926:4 t523:5 t523:5 t182:6 t240:6 t468:7
slv-659-8683,t448:3 t920:5 t391:5 t545:5 t448:6 t240:6 t523:6 t523:7
slv-659-8734,t693:2 t636:4 t885:5 t860:6
slv-659-8928,t670:2 t670:4 t486:5
slv-659-9731,t670:2 t486:4 t486:5 t670:5 t670:6
slv-660-0251,t391:0 t860:0 t545:2
slv-660-0451,t670:2 t486:4 t486:5 t670:5 t670:6
slv-660-4968,t739:1 t545:2 t391:3 t545:4
slv-660-5391,t739:0 t545:1 t391:1 t545:3
slv-660-6608,t670:2 t670:4 t486:5
slv-660-6883,t448:0 t736:0 t112:1 t545:2 t523:3 t523:4 t468:4 t764:5 t885:6
slv-660-7201,t670:0 t670:2 t486:3 t523:5 t182:5
slv-660-7359,t601:1 t601:2 t601:4
slv-660-8206,t670:2 t486:4 t486:5 t670:5 t670:6
slv-660-9310,t460:1 t240:2 t523:3 t569:4 t523:5 t523:5 t468:6
slv-661-0291,t605:1 t240:2 t523:3 t523:3 t468:4 t764:5 t860:6
slv-661-0964,t829:0 t545:1
slv-661-1092,t523:3 t182:4 t764:6 t860:7
slv-661-1355,t523:2 t523:3 t182:4
slv-661-1480,t523:0 t182:2 t885:3 t860:4
slv-661-1815,t523:1 t523:3 t182:3
slv-661-1908,t391:0 t736:1 t112:2 t545:3 t240:3 t523:4 t523:4 t581:5 t523:6 t468:6 t764:7
slv-661-2067,t905:0 t545:1
slv-661-2315,t670:2 t670:4 t486:5
slv-661-2544,t309:0 t904:0 t860:0
slv-661-3072,t670:2 t670:4 t486:5
slv-661-3737,t240:1 t468:3 t240:4 t926:5 t523:5 t523:6 t468:7
slv-661-3867,t448:1 t240:2 t523:3 t523:4 t182:4 t764:5 t885:6
slv-661-4118,t391:0 t904:0 t860:0 t545:2
slv-661-4130,t670:2 t670:4 t486:5
slv-661-4639,t460:1 t240:1 t926:2 t569:3 t523:3 t523:4 t569:4
slv-661-4960,t903:5 t860:6 t764:6 t486:7 t486:7 t670:7 t486:7
slv-661-5305,t448:1 t240:2 t523:3 t523:4 t182:4 t764:5 t885:6
slv-661-6356,t814:1 t814:4 t631:5 t631:6 t631:6
slv-661-6385,t670:2 t670:4 t486:5
slv-661-6414,t730:1 t240:2 t926:3 t926:4 t523:4 t468:5
slv-661-6559,t523:1 t523:3 t182:3
slv-661-7471,t905:0 t545:1
slv-661-8630,t605:1 t240:2 t926:2 t926:3 t240:4 t523:4 t523:5 t468:6
slv-661-8694,t106:1 t106:2 t240:3 t926:4 t926:4 t468:5 t670:5 t670:6 t903:6 t860:7
slv-661-9018,t760:0 t670:1 t670:4 t486:6
slv-662-0013,t396:0 t240:1 t926:2 t523:3 t523:3 t182:3 t926:4 t468:5
slv-662-1678,t860:0 t545:2
slv-662-1684,t240:1 t523:2 t523:3 t468:4
slv-662-2265,t860:0 t545:2
slv-662-2553,t920:1 t240:2 t278:2 t523:3 t523:3 t468:4 t764:5 t860:6
slv-662-3546,t670:2 t486:4 t486:5 t670:5 t670:6
slv-662-4089,t682:0 t240:2 t523:3 t523:3 t182:3 t885:3 t523:4 t468:4 t885:5
slv-662-5482,t460:1 t240:2 t523:3 t569:4 t523:5 t523:5 t468:6
slv-662-6085,t885:3 t860:4 t903:4 t860:5
slv-662-6118,t670:0 t670:3 t486:5
slv-662-7231,t670:2 t670:4 t486:5
slv-662-7772,t670:2 t486:4 t486:5 t670:5 t670:6
slv-662-9382,t788:1 t523:2 t523:3 t581:4
slv-663-0308,t636:0 t736:1 t112:2 t545:2 t240:3 t523:3 t523:4 t581:4 t523:5 t468:7
slv-663-0588,t601:1 t601:2 t601:4
slv-663-0891,t829:0 t545:1
slv-663-1616,t601:1 t601:3 t601:4
slv-663-1677,t460:1 t240:2 t523:3 t523:4 t569:4 t523:5 t468:6
slv-663-2867,t670:2 t670:4 t486:5
slv-663-3526,t670:2 t486:4 t486:5 t670:5 t670:6
slv-663-5441,t636:0 t246:3 t460:4 t240:4 t523:5 t523:6 t468:6 t670:7 t670:7
slv-663-7567,t670:2 t486:4 t486:5 t670:5 t670:6
slv-663-7882,t920:1 t240:2 t278:2 t523:3 t523:3 t468:4 t764:5 t860:6
slv-663-8985,t636:0 t885:0 t636:1 t904:4 t860:5
slv-664-0423,t670:2 t670:4 t486:5
slv-664-0967,t670:2 t670:4 t486:5
slv-664-3184,t601:1 t601:3
slv-664-4383,t693:1 t636:2 t693:3 t670:3 t843:4 t843:4 t601:5 t601:5
slv-664-4893,t952:0 t860:0 t225:0
slv-664-5024,t391:0 t904:0 t545:2
slv-664-5576,t240:1 t926:1 t468:2 t240:3 t278:3 t523:3 t523:4 t468:5
slv-664-6201,t670:2 t670:4 t486:5
slv-664-6444,t670:2 t670:4 t486:5
slv-664-7815,t601:1 t601:2 t601:4
slv-664-8050,t885:0 t860:1 t545:2 t391:3 t545:4
slv-664-8514,t396:0 t240:1 t523:2 t523:3 t182:3 t240:4 t926:4 t468:5
slv-664-8901,t670:2 t670:4 t486:5
slv-664-9082,t605:1 t240:1 t523:2 t523:3 t468:3 t926:4 t468:5
slv-664-9338,t904:0 t545:1 t240:2 t523:3 t523:4 t468:5 t764:6 t764:6 t860:7
slv-664-9744,t670:2 t670:4 t486:5
slv-664-9917,t601:1 t601:2 t601:4
slv-665-0573,t391:0 t904:0 t545:1 t240:2 t523:2 t523:3 t182:4 t885:4 t860:5
slv-665-0675,t860:0 t545:1 t391:2 t545:4
slv-665-0926,t358:1 t536:2 t240:3 t926:3 t468:5
slv-665-1494,t788:0 t523:2 t523:3 t581:4
slv-665-1826,t670:2 t670:4 t486:5
slv-665-2748,t670:1 t670:2 t133:3 t741:3 t396:4 t636:4 t885:4 t860:5
slv-665-2752,t670:2 t670:4 t486:5
slv-665-3004,t670:2 t670:4 t486:5
slv-665-3083,t601:1 t601:3 t670:4 t843:5 t843:5 t579:6
slv-665-3213,t601:1 t601:2 t601:3
slv-665-4081,t670:2 t486:4 t486:5 t670:5 t670:6
slv-665-5385,t448:1 t240:2 t523:3 t523:4 t182:4 t764:5 t885:6
slv-665-5789,t391:0 t545:1
slv-665-5797,t860:0 t670:5 t670:7
slv-665-6023,t167:0 t391:1 t545:1 t391:2
slv-665-6136,t240:1 t926:1 t468:2 t240:3 t278:3 t523:3 t523:4 t468:5
slv-665-8291,t448:1 t240:3 t523:4 t523:5 t468:6 t764:6 t860:7
slv-665-8596,t240:0 t523:1 t523:2 t569:3 t523:3
slv-666-0170,t788:1 t523:2 t523:3 t581:4
slv-666-1488,t670:2 t670:4 t486:5
slv-666-2231,t358:1 t536:2 t240:3 t926:3 t468:5
slv-666-2376,t460:0 t240:1 t926:2 t240:3 t569:6
slv-666-3920,t670:2 t670:4 t486:5
slv-666-4096,t601:0 t601:2 t377:3 t377:4
slv-666-4556,t682:0 t240:2 t523:3 t523:3 t182:4
slv-666-5249,t391:0 t860:0 t545:2
slv-666-5747,t391:0 t860:0 t545:2
slv-666-6316,t391:0 t736:1 t112:3 t523:4 t523:5 t182:6 t764:6 t764:7 t903:7 t860:7
slv-666-6649,t670:2 t670:4 t486:5
slv-666-6713,t670:2 t670:4 t486:5
slv-666-6783,t391:0 t545:0 t391:0 t904:2 t545:3 t670:5 t523:5 t523:6 t468:6 t670:6
slv-666-8183,t605:0 t240:2 t523:3 t523:3 t468:4
slv-666-8777,t788:0 t523:2 t523:3 t581:4
slv-666-9998,t903:1 t860:2 t670:3 t601:3 t601:4 t670:5 t545:5 t843:5 t843:5 t670:6 t843:6
slv-667-2977,t670:2 t486:4 t486:5 t670:5 t670:6
slv-667-3015,t448:1 t240:2 t523:3 t523:4 t182:4 t764:5 t885:6
slv-667-3257,t920:1 t240:2 t523:3 t523:4 t468:5 t860:6
slv-667-3851,t926:1 t468:3
slv-667-3885,t670:2 t670:4 t486:5
slv-667-4021,t240:0 t523:1 t240:2 t926:2 t240:3 t569:3 t523:4 t523:5
slv-667-4322,t460:0 t545:1 t240:1 t523:2 t523:3 t569:4 t523:4 t468:5
slv-667-4772,t670:2 t670:4 t486:5
slv-667-5360,t448:1 t240:2 t523:3 t523:3 t468:4 t764:5 t885:6 t860:6
slv-667-5571,t860:0 t545:0 t905:1 t545:2
slv-667-8118,t926:1 t468:3
slv-667-8424,t391:0 t736:1 t112:2 t545:3 t240:3 t523:4 t523:4 t581:5 t523:6 t468:6 t764:7
slv-667-8823,t636:0 t904:3 t885:4 t860:5
slv-667-8908,t741:1 t240:3 t926:3 t926:4 t468:5
slv-667-8952,t920:1 t240:2 t278:2 t523:3 t523:3 t468:4 t764:5 t860:6
slv-667-9384,t240:0 t569:1 t240:2 t523:3
slv-667-9923,t391:0 t736:1 t112:2 t545:3 t240:3 t523:4 t523:4 t581:5 t523:6 t468:6 t764:7
slv-668-0417,t523:0 t926:1 t523:2 t523:3 t468:3
slv-668-0453,t670:2 t670:4 t486:5
slv-668-0708,t391:0 t545:2
slv-668-2487,t670:2 t670:4 t486:5
slv-668-2932,t240:1 t926:2 t240:3 t468:6
slv-668-3311,t788:1 t523:3 t523:3 t182:4
slv-668-3998,t905:0 t545:0 t860:1 t545:2
slv-668-4253,t391:0 t545:1
slv-668-5016,t788:0 t523:2 t523:3 t581:4
slv-668-5822,t448:0 t240:1 t523:2 t523:3 t182:3 t523:4 t468:5
slv-668-6425,t920:1 t240:2 t278:2 t523:3 t523:3 t468:4 t764:5 t860:6
slv-668-6701,t788:1 t523:3 t523:3 t182:4
slv-668-7202,t788:0 t523:2 t523:3 t581:4
slv-668-7688,t829:0 t545:1
slv-668-7717,t670:2 t670:4 t486:5
slv-668-7855,t545:1 t670:2 t523:3 t523:4 t581:5 t764:5 t885:6
slv-668-8100,t670:2 t670:4 t486:5
slv-668-8880,t670:2 t486:4 t486:5 t670:5 t670:6
slv-668-9202,t240:1 t926:3 t926:3 t523:4 t926:4 t468:5
slv-668-9863,t377:1 t377:2 t377:4
slv-669-1094,t926:2 t523:4 t523:5 t182:6
slv-669-2258,t636:0 t885:0 t636:1 t904:4 t860:5
slv-669-2429,t670:2 t670:4 t486:5
slv-669-3616,t670:0 t670:3 t486:5
slv-669-4817,t788:0 t523:2 t523:3 t581:4
slv-669-5133,t670:2 t670:4 t486:5
slv-669-5137,t636:0 t885:0 t903:1 t860:3 t903:5
slv-669-6627,t670:2 t670:4 t486:5
slv-669-7506,t670:2 t670:4 t486:5
slv-669-7739,t903:1 t860:2 t670:3 t601:3 t601:4 t670:5 t545:5 t843:5 t843:5 t670:6 t843:6
slv-669-8421,t670:2 t670:4 t486:5
slv-669-8773,t670:2 t486:4 t486:5 t670:5 t670:6
slv-669-8960,t670:2 t670:4 t486:5
slv-669-9757,t240:4 t670:6 t885:7 t860:7 t670:7 t670:7 t523:7 t182:7
slv-669-9832,t920:1 t240:2 t278:2 t523:3 t523:3 t468:4 t764:5 t860:6
slv-670-0080,t764:5 t670:6 t670:7 t486:7 t670:7
slv-670-0398,t885:3 t860:4 t903:4 t860:5
slv-670-1649,t860:0 t545:2
slv-670-3871,t448:0 t545:1 t523:3 t523:4 t182:5
slv-670-4724,t670:2 t670:4 t486:5
slv-670-5545,t670:2 t670:4 t486:5
slv-670-6664,t391:1 t545:1 t670:2 t545:3 t240:3 t926:4 t468:5 t764:6
slv-670-7134,t523:3 t182:4 t764:6 t860:7
slv-670-7194,t670:2 t670:4 t486:5
slv-670-8948,t920:1 t240:2 t523:3 t523:4 t468:5 t860:6
slv-670-9020,t920:1 t240:2 t523:3 t523:4 t468:5 t860:6
slv-671-0051,t885:0 t904:2 t885:3 t860:4
slv-671-0218,t636:0 t885:0 t636:1 t904:4 t860:5
slv-671-0917,t670:2 t670:4 t486:5
slv-671-1310,t920:1 t240:2 t523:3 t523:4 t468:5 t860:6
slv-671-1388,t523:1 t523:3 t182:3
slv-671-1862,t788:1 t523:2 t523:3 t581:4
slv-671-2427,t670:5 t670:6 t486:7 t670:7
slv-671-3359,t920:1 t240:2 t278:2 t523:3 t523:3 t468:4 t764:5 t860:6
slv-671-3530,t670:2 t670:4 t486:5
slv-671-3863,t670:2 t670:4 t486:5
slv-671-4936,t926:1 t468:3
slv-671-5187,t670:2 t670:4 t486:5
slv-671-5194,t670:2 t486:4 t486:5 t670:5 t670:6
slv-671-5597,t460:2 t240:5 t523:6 t523:6 t468:7 t670:7 t670:7 t636:7
slv-671-5622,t903:1 t860:2 t670:3 t601:3 t601:4 t670:5 t545:5 t843:5 t843:5 t670:6 t843:6
slv-671-5687,t536:1 t240:1 t926:2 t468:3
slv-671-5968,t670:2 t670:4 t486:5
slv-671-6968,t670:0 t670:3 t486:5
slv-671-7080,t670:2 t670:4 t486:5
slv-671-8287,t670:2 t670:4 t486:5
slv-672-0631,t860:0 t545:2
slv-672-1595,t693:1 t636:2 t693:3 t670:3 t843:4 t843:4 t601:5 t601:5
slv-672-1861,t670:2 t670:4 t486:5
slv-672-1937,t636:0 t736:1 t112:2 t545:2 t240:3 t523:3 t523:4 t581:4 t523:5 t468:7
slv-672-2699,t670:5 t670:6 t486:7 t670:7
slv-672-2910,t670:2 t670:4 t486:5
slv-672-4336,t631:3 t631:5 t631:6
slv-672-5079,t693:1 t636:2 t693:3 t670:3 t843:4 t843:4 t601:5 t601:5
slv-672-5217,t240:1 t926:2 t240:3 t468:6
slv-672-5243,t764:2 t670:5 t670:6 t486:6 t670:7
slv-672-5952,t920:1 t240:2 t278:2 t523:3 t523:3 t468:4 t764:5 t860:6
slv-672-6160,t788:1 t523:2 t523:3 t581:4
slv-672-6513,t601:1 t601:2 t601:4
slv-672-6926,t682:0 t240:2 t523:3 t523:3 t182:3 t885:3 t523:4 t468:4 t885:5
slv-672-7092,t670:2 t670:4 t486:5
slv-672-7308,t391:1 t736:2 t112:3 t545:3 t523:4 t240:4 t523:4 t523:5 t581:5 t885:6
slv-672-8641,t523:1 t523:3 t581:3
slv-672-9036,t670:2 t670:4 t486:5
slv-673-0486,t396:0 t240:1 t926:2 t523:3 t523:3 t926:4 t468:5
slv-673-0846,t670:2 t670:4 t486:5
slv-673-3514,t905:0 t545:1
slv-673-4264,t460:1 t240:2 t523:3 t569:4 t523:5 t523:5 t468:6
slv-673-4426,t605:1 t240:3 t523:4 t523:5 t468:5 t860:6
slv-673-4687,t670:2 t670:4 t486:5
slv-673-4888,t905:0 t545:1
slv-673-5783,t670:2 t670:4 t486:5
slv-673-6441,t460:1 t240:4 t523:5 t523:6 t468:6 t670:7 t670:7
slv-673-6513,t829:1 t523:1 t460:1 t240:2 t523:2 t523:3 t182:4
slv-673-6679,t842:5 t842:6
slv-673-7052,t545:0 t240:1 t569:2 t523:4 t240:5 t523:6 t468:7
slv-673-7094,t391:0 t736:1 t112:2 t545:3 t240:3 t523:4 t523:4 t581:5 t523:6 t468:6 t764:7
slv-673-7201,t736:0 t486:1 t486:3 t670:3 t523:4 t523:5 t182:6
slv-673-7264,t920:1 t240:2 t278:2 t523:3 t523:3 t468:4 t764:5 t860:6
slv-673-7274,t605:1 t240:3 t523:4 t523:5 t468:5 t860:6
slv-673-7526,t391:0 t904:2 t885:2 t860:3 t391:4 t545:5
slv-673-7861,t167:1 t391:1 t904:2 t860:3 t545:3 t523:4 t523:4 t926:5
slv-673-7989,t290:1 t785:3 t785:3 t814:4 t814:5
slv-673-8082,t670:2 t670:4 t486:5
slv-673-9772,t739:1 t545:1 t860:2 t545:3 t391:3 t545:4
slv-674-0983,t391:0 t904:0 t860:1 t545:3
slv-674-1160,t460:1 t240:2 t926:3 t468:4
slv-674-1530,t926:1 t523:2 t523:3
slv-674-1924,t670:2 t670:4 t486:5
slv-674-2333,t788:0 t523:2 t523:3 t581:4
slv-674-2568,t670:2 t670:4 t486:5
slv-674-2994,t391:0 t545:1 t240:2 t523:3 t523:4
slv-674-3079,t240:0 t926:1 t468:2 t240:3 t523:3 t523:4 t468:5
slv-674-3353,t670:2 t670:4 t486:5
slv-674-3632,t788:1 t523:2 t523:3 t581:4
slv-674-4501,t536:1 t240:1 t926:2 t240:3 t468:4 t240:6 t569:7
slv-674-5256,t167:1 t391:2 t496:2 t391:3 t545:3 t523:4 t240:4 t523:4 t523:5 t468:5
slv-674-5323,t670:2 t670:4 t486:5
slv-675-0451,t739:1 t545:2
slv-675-0698,t736:0 t693:1 t636:1 t240:2 t523:3 t523:4 t182:5
slv-675-1970,t601:1 t601:2 t601:4
slv-675-2048,t764:2 t670:5 t670:6 t486:6 t670:7
slv-675-2103,t920:1 t240:2 t523:3 t523:4 t468:5 t860:6
slv-675-4109,t670:2 t670:4 t486:5
slv-675-4164,t788:0 t523:2 t523:3 t581:4
slv-675-4344,t788:1 t523:2 t523:3 t581:4
slv-675-5139,t764:3 t670:5 t670:6 t486:6 t670:7
slv-675-5599,t764:2 t670:5 t670:6 t486:6 t670:7
slv-675-7511,t670:2 t670:4 t486:5
slv-675-8639,t396:0 t240:1 t926:2 t523:3 t523:3 t926:4 t468:5
slv-676-2285,t523:0 t523:0 t926:2 t926:2 t523:3 t468:3
slv-676-2870,t605:1 t240:2 t523:3 t523:3 t468:4 t764:5 t860:6
slv-676-3114,t448:0 t240:1 t926:3 t926:4 t523:5 t182:6
slv-676-3141,t736:0 t693:1 t682:2 t523:3 t523:4 t182:4
slv-676-3651,t670:2 t670:4 t486:5
slv-676-4230,t240:1 t523:1 t523:2 t926:3 t523:3 t468:4
slv-676-6327,t885:1 t860:3 t523:4 t182:5
slv-676-6869,t860:0 t545:1 t904:2 t545:3 t391:4 t545:4
slv-676-8182,t670:2 t670:4 t486:5
slv-676-8521,t329:3 t329:4 t904:5 t631:5 t631:6
slv-676-8681,t448:0 t240:1 t926:2 t523:3 t523:3 t569:5
slv-676-8939,t736:0 t693:1 t636:1 t240:2 t523:3 t523:4 t182:5
slv-676-9535,t670:2 t670:4 t486:5
slv-676-9811,t670:2 t670:4 t486:5
slv-676-9833,t670:5 t670:6 t486:7 t670:7
slv-677-1736,t670:2 t670:4 t486:5
slv-677-3540,t670:2 t670:4 t486:5
slv-677-3891,t670:2 t670:4 t486:5
slv-677-5038,t670:2 t670:4 t486:5
slv-677-5305,t545:0 t391:1 t545:2 t904:3 t545:4
slv-677-5578,t601:1 t601:2 t601:4
slv-677-5601,t670:2 t670:4 t486:5
slv-677-5749,t788:0 t523:2 t523:3 t581:4
slv-677-5771,t391:0 t545:1 t545:2 t523:3 t523:4 t182:4
slv-677-5981,t670:2 t670:4 t486:5
slv-677-6023,t926:1 t523:3 t523:3 t468:3
slv-677-7341,t920:1 t240:2 t523:2 t569:3 t523:4 t523:4 t468:5
slv-677-7856,t920:1 t240:2 t523:3 t523:4 t468:5 t860:6
slv-677-7866,t670:2 t670:4 t486:5
slv-677-8325,t788:1 t523:3 t523:3 t182:4
slv-677-8964,t240:1 t926:3 t468:3 t240:4 t523:4 t468:5
slv-677-9179,t448:0 t240:1 t926:3 t926:4 t523:5 t182:6
slv-677-9905,t920:1 t240:2 t523:3 t523:4 t468:5 t860:6
slv-678-0129,t764:2 t670:5 t670:6 t486:6 t670:7
slv-678-0168,t905:0 t545:1
slv-678-1709,t391:0 t545:1 t545:2 t523:3 t523:4 t182:4
slv-678-2772,t391:0 t545:1 t670:2 t670:4 t486:5 t670:6
slv-678-3328,t739:1 t545:2 t391:3 t545:4
slv-678-3447,t601:1 t601:3
slv-678-5327,t693:4 t636:5 t523:6 t523:6 t182:7
slv-678-5688,t523:3 t182:4 t764:6 t860:7
slv-678-7069,t920:1 t240:2 t523:3 t523:4 t468:5 t860:6
slv-678-8260,t670:2 t670:4 t486:5
slv-678-8743,t670:2 t670:4 t486:5
slv-678-8796,t653:1 t885:3 t860:4 t903:5 t860:6
slv-679-0202,t391:1 t545:1 t391:2 t860:3 t545:3 t240:3 t523:4 t468:5
slv-679-0781,t523:1 t926:2 t926:3 t523:3 t468:4
slv-679-1075,t920:1 t240:2 t523:3 t523:4 t468:5 t860:6
slv-679-1097,t523:1 t523:3 t182:3
slv-679-1099,t460:1 t240:2 t926:3 t468:4
slv-679-1453,t736:0 t693:1 t523:2 t523:3 t182:4
slv-679-3665,t670:2 t670:4 t486:5
slv-679-4483,t396:0 t240:1 t926:2 t523:3 t523:3 t926:4 t468:5
slv-679-4522,t670:2 t670:4 t486:5
slv-679-4540,t670:2 t670:4 t486:5
slv-679-4889,t920:1 t240:2 t523:4 t523:4 t468:5 t860:7
slv-679-5098,t905:0 t545:1
slv-679-5666,t926:1 t468:3
slv-679-5848,t240:1 t523:1 t523:2 t569:3 t523:4 t468:5
slv-679-7240,t309:2 t460:3 t240:3 t523:4 t569:4 t523:5 t523:5 t468:6
slv-679-7329,t616:1 t523:2 t523:3
slv-679-7785,t460:1 t240:2 t523:3 t569:3 t523:4 t523:4 t468:5
slv-680-0054,t670:2 t486:4 t670:5 t670:6
slv-680-0217,t523:3 t182:4 t764:6 t860:7
slv-680-0548,t920:3 t920:4 t920:5
slv-680-0733,t601:1 t601:3 t601:4
slv-680-1007,t670:2 t670:4 t486:5
slv-680-1046,t536:1 t240:1 t926:2 t240:3 t468:4 t240:6 t569:7
slv-680-1670,t672:1 t523:2 t523:3 t581:4
slv-680-1800,t670:2 t670:4 t486:5
slv-680-2120,t670:2 t670:4 t486:5
slv-680-2344,t486:2 t486:4 t469:5 t636:5 t730:5 t523:6 t182:7
slv-680-2734,t670:2 t670:4 t486:5
slv-680-2927,t670:2 t670:4 t486:5
slv-680-3960,t240:1 t523:1 t523:2 t926:3 t523:3 t468:4
slv-680-4123,t670:2 t670:4 t486:5
slv-680-4492,t670:2 t670:4 t486:5
slv-680-4775,t788:0 t523:2 t523:3 t581:4
slv-680-5040,t920:1 t240:2 t278:2 t523:3 t523:3 t468:4 t764:5 t860:6
slv-680-5209,t670:1 t843:3 t843:4 t523:4 t182:7
slv-680-5800,t396:0 t240:1 t926:2 t523:3 t523:3 t926:4 t468:5
slv-680-5861,t391:0 t545:1
slv-680-6568,t860:0 t391:1 t860:2 t545:4
slv-680-7071,t240:0 t926:2 t523:3 t523:4 t581:5
slv-680-7938,t682:0 t240:2 t523:3 t523:3 t182:3 t885:3 t523:4 t468:4 t885:5
slv-680-8511,t920:1 t240:2 t523:3 t569:5 t523:6 t468:7 t670:7
slv-680-8973,t670:2 t670:4 t486:5
slv-680-9046,t670:2 t670:4 t486:5
slv-680-9757,t788:0 t523:2 t523:3 t581:4
slv-680-9967,t693:2 t636:4 t885:5 t860:6
slv-681-0226,t636:0 t885:0 t903:1 t860:3 t903:5
slv-681-0293,t904:0 t545:1 t240:2 t523:3 t523:4 t468:5 t764:6 t764:6 t860:7
slv-681-0695,t670:2 t670:4 t486:5
slv-681-1452,t523:2 t523:3 t182:4
slv-681-4002,t670:2 t670:4 t486:5
slv-681-5903,t814:1 t290:3 t290:4 t814:4 t814:6
slv-681-6078,t240:0 t523:1 t569:2 t523:3 t523:3 t468:4
slv-681-6297,t496:0 t860:1 t903:1 t860:2 t545:4
slv-681-7564,t693:4 t636:5 t523:6 t523:6 t182:7
slv-681-7930,t240:1 t926:1 t468:2 t240:3 t278:3 t523:3 t523:4 t468:5
slv-681-8093,t448:0 t468:3 t764:5 t860:6
slv-681-8273,t240:0 t523:1 t523:2 t569:3 t523:4 t468:5
slv-681-9536,t601:1 t601:3 t601:4
slv-682-0868,t391:0 t736:1 t112:2 t545:3 t240:3 t523:4 t523:4 t581:5 t523:6 t468:6 t764:7
slv-682-1204,t843:1 t843:3 t670:4 t843:5 t579:6
slv-682-2075,t391:0 t904:2 t885:2 t860:3 t391:4 t545:5
slv-682-2496,t670:2 t670:4 t486:5
slv-682-3234,t670:2 t670:4 t486:5
slv-682-3710,t670:2 t670:4 t486:5
slv-682-4050,t788:1 t523:2 t523:3 t581:4
slv-682-4117,t788:1 t523:2 t523:3 t581:4
slv-682-4598,t829:0 t545:1
slv-682-4613,t670:2 t670:4 t486:5
slv-682-4649,t523:6 t182:7 t670:7 t182:7 t885:7 t860:7
slv-682-4970,t670:2 t486:4 t486:5 t670:5 t670:6
slv-682-5567,t601:1 t601:2 t601:4
slv-682-6152,t670:2 t670:4 t486:5
slv-682-8231,t860:0 t670:5 t670:7
slv-682-8355,t523:3 t182:5
slv-682-8782,t636:0 t885:0 t636:1 t904:4 t860:5
slv-682-9041,t860:0 t545:2
slv-682-9227,t240:1 t926:3 t926:3 t523:4 t926:4 t468:5
slv-682-9368,t926:1 t996:1
slv-682-9376,t670:2 t670:4 t486:5
slv-683-1769,t991:3 t631:5 t631:6 t631:7
slv-683-2047,t240:1 t926:1 t468:2 t240:3 t278:3 t523:3 t523:4 t468:5
slv-683-2310,t693:4 t636:5 t523:6 t523:6 t182:7
slv-683-2568,t448:1 t920:2 t240:3 t523:3 t523:5 t278:5 t926:5 t468:6 t764:6
slv-683-3182,t670:2 t486:4 t670:5 t670:6
slv-683-3363,t448:0 t240:0 t448:3 t468:4 t860:6
slv-683-4771,t631:3 t631:4 t631:5 t631:6
slv-683-5179,t670:2 t670:4 t486:5
slv-683-5755,t676:1 t523:3 t569:4 t523:5 t523:6 t468:7
slv-683-8330,t670:2 t670:4 t486:5
slv-683-8426,t391:0 t860:0 t391:0 t545:1 t240:2 t523:3 t523:4
slv-683-8936,t448:0 t240:1 t523:2 t523:3 t468:3 t926:4 t468:5
slv-684-0145,t788:0 t523:2 t523:3 t581:4
slv-684-0171,t448:1 t240:2 t523:3 t523:4 t182:4 t764:5 t885:6
slv-684-0743,t670:0 t670:3 t486:5
slv-684-1786,t523:1 t523:3 t182:4
slv-684-2523,t167:1 t391:1 t904:2 t860:3 t545:3 t523:4 t523:4 t926:5
slv-684-2998,t240:0 t926:1 t523:2 t523:3 t581:3 t569:4 t523:4 t569:5
slv-684-3355,t523:3 t182:4 t764:6 t860:7
slv-684-3816,t486:2 t486:4 t469:5 t636:5 t730:5 t523:6 t182:7
slv-684-4843,t460:1 t240:2 t926:3 t468:4
slv-684-5273,t240:0 t926:2 t523:3 t523:4 t581:5
slv-684-5564,t555:4 t486:6
slv-684-5627,t601:1 t601:2 t601:4
slv-684-6123,t636:0 t885:0 t636:1 t904:4 t860:5
slv-684-7370,t240:0 t569:1 t523:1 t523:2 t240:3 t926:4
slv-684-9064,t788:1 t523:2 t523:3 t182:3
slv-684-9070,t460:1 t240:2 t523:3 t523:4 t569:4 t523:5 t468:5
slv-684-9881,t693:2 t636:4 t885:5 t860:6
slv-685-0283,t545:1 t240:2 t926:4 t926:4 t468:4 t670:4 t523:4 t523:6 t468:6 t764:6
slv-685-0550,t670:2 t670:4 t486:5
slv-685-2526,t693:2 t636:4 t885:5 t860:6
slv-685-2608,t670:0 t670:2 t636:3 t167:4 t391:4 t904:5 t496:5 t391:5 t545:5
slv-685-3739,t814:1 t290:3 t290:4 t814:4 t814:6
slv-685-3836,t860:0 t545:1 t391:2 t545:4
slv-685-3944,t631:3 t631:4 t631:5 t631:6
slv-685-4525,t523:0 t926:1 t523:2 t523:3 t468:4
slv-685-4954,t278:0 t523:1 t523:2 t468:3
slv-685-4971,t670:2 t670:4 t486:5
slv-685-6108,t545:1 t391:2 t545:3 t739:4 t545:4
slv-685-6431,t885:0 t860:0 t903:0 t860:2
slv-685-6494,t391:0 t448:0 t240:1 t926:2 t468:3 t523:3 t468:5
slv-685-6558,t670:2 t670:4 t486:5
slv-685-7221,t523:0 t182:2 t885:3 t860:4
slv-685-7312,t764:2 t670:5 t670:6 t486:6 t670:7
slv-685-7482,t920:1 t240:2 t523:2 t569:3 t523:4 t523:4 t468:5
slv-685-7950,t670:2 t670:4 t486:5
slv-685-8357,t460:1 t240:2 t523:2 t523:3 t569:3 t523:4 t468:5
slv-685-9215,t167:1 t391:2 t545:3 t523:3 t240:4 t523:4 t523:5 t468:5
slv-685-9340,t920:3 t920:4 t920:5
slv-685-9459,t739:0 t670:1 t670:3 t843:3 t843:4 t885:4 t860:5
slv-685-9497,t545:1 t670:2 t523:3 t523:4 t581:5 t764:5 t885:6
slv-685-9839,t860:0 t545:2
slv-686-0022,t670:2 t670:4 t486:5
slv-686-0069,t920:1 t240:2 t278:2 t523:3 t523:3 t468:4 t764:5 t860:6
slv-686-1265,t920:1 t240:2 t523:3 t523:4 t468:5 t860:6
slv-686-1286,t523:3 t182:5
slv-686-1765,t391:1 t736:2 t112:3 t545:3 t523:4 t240:4 t523:4 t523:5 t581:5 t885:6
slv-686-2819,t672:1 t523:2 t523:3 t581:4
slv-686-3531,t391:1 t736:2 t112:3 t545:3 t523:4 t240:4 t523:4 t523:5 t581:5 t885:6
slv-686-4791,t496:0 t391:0 t904:0 t545:2
slv-686-6005,t903:1 t860:2 t670:3 t601:3 t601:4 t670:5 t545:5 t843:5 t843:5 t670:6 t843:6
slv-686-6442,t240:0 t523:2 t523:4 t468:5 t764:6 t860:7
slv-686-7327,t448:1 t240:2 t523:3 t523:4 t182:4 t764:5 t885:6
slv-686-7803,t636:0 t885:0 t903:1 t860:3 t903:5
slv-686-7953,t460:0 t240:1 t926:2 t523:3 t523:4 t569:5
slv-686-7958,t920:1 t240:2 t523:3 t523:4 t468:5 t860:6
slv-686-8035,t670:2 t670:4 t486:5
slv-686-8281,t670:2 t670:4 t486:5
slv-686-8781,t670:2 t670:4 t486:5
slv-687-0168,t903:0 t860:2 t670:3 t601:4 t601:5 t670:5 t843:6
slv-687-0169,t670:2 t670:4 t486:5
slv-687-0992,t448:0 t736:0 t112:1 t545:2 t523:3 t523:4 t468:4 t764:5 t885:6
slv-687-1627,t545:0 t240:1 t523:1 t240:2 t569:3 t523:3
slv-687-1663,t670:2 t486:4 t486:5 t670:5 t670:6
slv-687-1806,t670:2 t486:4 t486:5 t670:5 t670:6
slv-687-3328,t523:3 t182:4
slv-687-3957,t904:0 t545:1 t240:2 t523:3 t523:4 t468:5 t764:6 t764:6 t860:7
slv-687-4150,t448:1 t240:2 t523:3 t523:4 t182:4 t764:5 t885:6
slv-687-4216,t391:0 t860:0 t545:2
slv-687-4982,t523:5 t182:7 t670:7 t182:7 t885:7 t860:7
slv-687-6028,t448:0 t468:3 t764:5 t860:6
slv-687-6124,t670:2 t670:4 t486:5
slv-687-6480,t670:2 t486:4 t486:5 t670:5 t670:6
slv-687-6678,t788:1 t523:3 t523:3 t182:4
slv-687-7860,t788:0 t523:2 t523:3 t581:4
slv-687-8188,t523:6 t182:7 t670:7 t182:7 t885:7 t860:7
slv-688-0100,t523:1 t523:3 t468:3
slv-688-1217,t682:0 t240:2 t523:3 t523:3 t182:3 t885:3 t523:4 t468:4 t885:5
slv-688-1849,t391:0 t545:1
slv-688-3056,t167:0 t391:1 t545:2
slv-688-3628,t636:0 t167:1 t240:1 t926:2 t523:3 t523:4 t926:5
slv-688-4694,t905:0 t545:1
slv-688-5334,t670:2 t670:4 t486:5
slv-688-7149,t670:2 t670:4 t486:5
slv-688-7264,t670:2 t486:4 t486:5 t670:5 t670:6
slv-688-7902,t670:3 t670:5 t486:6
slv-689-0317,t670:0 t670:2 t486:3 t523:4 t523:6 t182:6
slv-689-0799,t670:2 t670:4 t486:5
slv-689-1181,t682:0 t240:2 t523:3 t523:3 t182:3 t885:3 t523:4 t468:4 t885:5
slv-689-2272,t391:0 t545:1 t545:2 t523:3 t523:4 t182:4
slv-689-3372,t670:2 t486:4 t486:5 t670:5 t670:6
slv-689-5363,t460:1 t240:2 t926:3 t468:4
slv-689-5689,t693:1 t636:2 t693:3 t670:3 t843:4 t843:4 t601:5 t601:5
slv-689-6127,t860:0 t545:1 t545:2 t523:3 t182:4
slv-689-7630,t764:5 t670:6 t670:7 t486:7 t670:7
slv-689-8628,t860:0 t545:0 t391:1 t545:3
slv-689-9044,t682:0 t240:2 t523:3 t523:3 t182:3 t885:3 t523:4 t468:4 t885:5
slv-689-9316,t391:0 t905:0 t391:0 t545:1
slv-690-0010,t670:2 t670:4 t486:5
slv-690-0077,t523:1 t523:3 t182:3
slv-690-1322,t920:1 t240:2 t278:2 t523:3 t523:3 t468:4 t764:5 t860:6
slv-690-1550,t736:0 t693:1 t682:2 t523:3 t523:4 t182:4
slv-690-1849,t523:2 t523:3 t182:4
slv-690-2226,t601:1 t601:2 t601:4
slv-690-2501,t545:0 t391:1 t545:1 t240:2 t926:3 t926:3 t523:3 t523:4 t468:5
slv-690-3071,t670:2 t670:4 t486:5
slv-690-3127,t764:2 t670:5 t670:6 t486:6 t670:7
slv-690-3196,t448:0 t240:1 t523:4 t523:6 t182:7
slv-690-3765,t391:0 t736:1 t112:2 t545:3 t240:3 t523:4 t523:4 t581:5 t523:6 t468:6 t764:7
slv-690-4038,t860:0 t545:2
slv-690-4764,t739:1 t545:2 t391:3 t545:4
slv-690-4914,t545:1 t240:2 t926:4 t926:4 t468:4 t670:4 t523:4 t523:6 t468:6 t764:6
slv-690-5321,t903:1 t860:2 t670:3 t601:3 t601:4 t670:5 t545:5 t843:5 t843:5 t670:6 t843:6
slv-690-5897,t670:2 t670:4 t486:5
slv-690-6272,t670:2 t670:4 t486:5
slv-690-6488,t448:0 t636:2 t523:3 t523:5 t182:6
slv-690-6501,t693:1 t670:3 t670:4 t693:4 t636:5 t885:6 t860:6
slv-690-7678,t391:0 t545:2
slv-690-7833,t391:0 t904:0 t860:0 t545:3
slv-690-8423,t670:2 t670:4 t486:5
slv-690-8650,t240:0 t523:2 t523:3 t182:4
slv-690-9416,t788:0 t523:2 t523:3 t581:4
slv-691-0664,t670:2 t670:4 t486:5
slv-691-0970,t448:1 t391:2 t736:3 t112:3 t545:4 t523:4 t523:5 t182:5 t523:6 t581:7
slv-691-1731,t788:1 t523:2 t523:3 t581:4
slv-691-2853,t788:1 t523:2 t523:3 t581:4
slv-691-2932,t391:0 t904:0 t860:0 t545:2
slv-691-3416,t391:0 t904:0 t545:0 t860:1 t545:3
slv-691-3656,t920:1 t240:2 t523:3 t523:4 t468:5 t860:6
slv-691-3874,t788:1 t523:2 t523:3 t581:4
slv-691-4574,t920:1 t240:2 t523:3 t523:4 t468:5 t860:6
slv-691-7335,t788:1 t523:3 t523:4 t581:5
slv-691-8449,t764:5 t670:6 t670:7 t486:7 t670:7
slv-692-0076,t523:1 t926:2 t926:3 t523:3 t468:4
slv-692-0087,t903:0 t860:1 t885:1 t860:3 t903:4
slv-692-1124,t240:1 t523:1 t523:2 t926:3 t523:3 t468:4
slv-692-1607,t290:1 t290:2 t785:3 t785:3 t814:4 t814:5 t785:6
slv-692-2194,t391:0 t904:2 t885:2 t860:3 t391:4 t545:5
slv-692-2892,t601:1 t601:2 t601:4
slv-692-3477,t670:2 t670:4 t486:5
slv-692-3921,t391:0 t860:0 t391:0 t545:1
slv-692-3996,t523:0 t926:1 t523:2 t523:3 t468:4
slv-692-4189,t739:1 t545:2 t391:3 t545:4
slv-692-5857,t670:2 t670:4 t486:5
slv-692-7262,t391:0 t736:1 t112:3 t523:4 t523:5 t182:6 t764:6 t764:7 t903:7 t860:7
slv-692-8990,t739:1 t545:2
slv-692-9554,t670:2 t670:4 t486:5
slv-692-9557,t672:0 t523:1 t523:2 t182:3
slv-692-9821,t670:2 t670:4 t486:5
slv-693-0520,t523:1 t523:3 t182:3
slv-693-1032,t240:0 t926:1 t926:3 t468:4
slv-693-2900,t764:2 t670:5 t670:6 t486:6 t670:7
slv-693-2921,t605:1 t240:3 t523:4 t523:5 t468:5 t860:6
slv-693-3238,t670:2 t670:4 t486:5
slv-693-3712,t523:1 t523:3 t468:3 t764:6
slv-693-3727,t670:2 t486:4 t486:5 t670:5 t670:6
slv-693-4324,t240:1 t926:3 t468:3 t240:4 t523:4 t468:5
slv-693-4331,t670:2 t486:4 t486:5 t670:5 t670:6
slv-693-5028,t670:2 t670:4 t486:5
slv-693-5783,t486:2 t486:4 t469:5 t636:5 t730:5 t523:6 t182:7
slv-693-6048,t670:2 t486:4 t486:5 t670:5 t670:6
slv-693-8272,t670:2 t670:4 t486:5
slv-693-9129,t545:0 t391:1 t545:2 t904:3 t545:4
slv-693-9145,t240:0 t523:1 t569:2 t523:3 t523:4 t468:4
slv-693-9690,t736:0 t693:1 t523:2 t523:3 t182:4
slv-693-9896,t670:2 t670:4 t486:5
slv-694-0090,t670:2 t670:4 t486:5
slv-694-1331,t670:2 t670:4 t486:5
slv-694-1457,t670:2 t670:4 t486:5
slv-694-1702,t788:1 t523:3 t523:3 t182:4
slv-694-1892,t764:2 t670:5 t670:6 t486:6 t670:7
slv-694-2328,t545:1 t240:1 t926:2 t468:2 t240:3 t278:3 t523:4 t523:4 t468:5
slv-694-3672,t601:1 t601:2 t601:4
slv-694-4216,t167:1 t391:2 t545:3 t523:3 t240:4 t523:4 t523:5 t468:5
slv-694-4579,t670:2 t670:4 t486:5
slv-694-5024,t396:0 t240:1 t926:2 t523:3 t523:3 t926:4 t468:5
slv-694-5312,t670:2 t670:4 t486:5
slv-694-5445,t460:1 t240:2 t926:3 t468:4
slv-694-5485,t670:2 t486:4 t486:5 t670:5 t670:6
slv-694-5912,t670:2 t670:4 t486:5
slv-694-7110,t601:1 t601:3 t601:4
slv-694-7940,t670:2 t670:4 t486:5
slv-694-8298,t788:1 t523:2 t523:3 t581:4
slv-694-8602,t309:2 t460:3 t240:3 t523:4 t569:4 t523:5 t523:5 t468:6
slv-694-8927,t391:0 t545:2
slv-694-8938,t670:2 t486:4 t486:5 t670:5 t670:6
slv-694-8947,t670:2 t670:4 t486:5
slv-694-9033,t167:1 t391:2 t545:3 t523:3 t240:4 t523:4 t523:5 t468:5
slv-694-9083,t788:1 t523:2 t523:3 t581:4
slv-694-9323,t920:1 t240:2 t523:3 t523:4 t468:5 t860:6
slv-694-9336,t309:0 t904:0 t545:0 t885:2 t860:3 t545:4
slv-694-9495,t991:3 t631:5 t631:6 t631:7
slv-694-9511,t788:1 t523:3 t523:3 t182:4
slv-694-9627,t670:2 t670:4 t486:5
slv-694-9639,t670:2 t670:4 t636:5 t460:5 t240:6 t523:7 t523:7
slv-695-1391,t486:4 t670:5 t670:6 t486:6 t523:7 t182:7
slv-695-2206,t739:1 t545:2 t391:3 t545:4
slv-695-2494,t601:1 t601:2 t601:4
slv-695-3465,t670:2 t670:4 t486:5
slv-695-3467,t670:2 t670:4 t486:5
slv-695-3687,t860:0 t545:1 t391:2 t545:4
slv-695-4875,t545:0 t240:1 t523:1 t240:2 t569:3 t523:3
slv-695-5039,t448:5 t920:5 t391:6 t448:6 t240:6 t523:7
slv-695-5960,t788:1 t523:3 t523:3 t182:4
slv-695-6118,t670:2 t670:4 t486:5
slv-695-6211,t670:2 t670:4 t486:5
slv-695-7243,t860:0 t545:2
slv-695-7376,t670:2 t670:4 t486:5
slv-695-7841,t670:2 t670:4 t486:5
slv-695-8288,t631:3 t631:4 t631:5 t631:6
slv-695-8818,t391:0 t545:1 t860:2 t545:4
slv-695-9156,t670:2 t670:4 t486:5
slv-695-9349,t636:0 t736:1 t112:2 t545:2 t240:3 t523:3 t523:4 t581:4 t523:5 t468:7
slv-695-9352,t670:3 t670:5 t486:6
slv-696-0050,t926:0 t926:1 t523:2 t523:3 t926:3
slv-696-1588,t670:2 t670:4 t486:5
slv-696-2249,t903:0 t860:1 t670:3 t670:4 t843:5
slv-696-3140,t670:2 t670:4 t486:5
slv-696-3290,t631:3 t631:5 t631:6
slv-696-4538,t240:1 t569:2 t860:5 t240:6 t523:7 t468:7
slv-696-4642,t523:1 t523:3 t468:3
slv-696-6240,t448:1 t240:2 t523:3 t523:4 t182:4 t764:5 t885:6
slv-696-6509,t545:0 t391:1 t545:1 t240:2 t926:3 t926:3 t523:3 t523:4 t468:5
slv-696-7015,t391:0 t904:0 t545:1 t240:2 t523:2 t523:3 t182:4 t885:4 t860:5
slv-696-8007,t682:0 t240:2 t523:3 t523:3 t182:3 t885:3 t523:4 t468:4 t885:5
slv-696-9260,t903:5 t860:6 t764:6 t486:7 t486:7 t670:7 t486:7
slv-697-0158,t240:1 t523:2 t523:2 t569:3 t523:4 t523:4 t468:5
slv-697-0231,t670:2 t670:4 t486:5
slv-697-0546,t448:0 t240:1 t523:2 t523:3 t468:3 t926:4 t468:5
slv-697-1052,t240:0 t926:1 t240:2 t523:3 t926:3
slv-697-1596,t741:1 t240:3 t926:3 t926:4 t468:5
slv-697-3401,t670:2 t670:4 t486:5
slv-697-3436,t523:0 t523:0 t926:2 t926:2 t523:3 t468:3
slv-697-3974,t448:1 t523:3 t523:3 t182:4
slv-697-4229,t569:0 t523:1 t523:2 t926:3
slv-697-5628,t601:1 t601:2 t601:4
slv-697-6038,t523:3 t182:4
slv-697-7094,t670:2 t670:4 t486:5
slv-697-8707,t670:2 t670:4 t486:5
slv-697-9364,t693:1 t636:2 t693:3 t670:3 t843:4 t843:4 t601:5 t601:5
slv-697-9550,t601:1 t601:2 t601:4
slv-698-0269,t523:0 t182:2 t885:3 t860:4
slv-698-0456,t670:2 t670:4 t486:5
slv-698-0609,t523:3 t182:4
slv-698-0645,t670:2 t670:4 t486:5
slv-698-0907,t601:1 t601:2 t601:3
slv-698-1407,t920:1 t240:2 t523:3 t523:4 t468:5 t860:6
slv-698-1414,t736:0 t693:1 t682:2 t523:3 t523:4 t182:4
slv-698-2433,t240:1 t926:2 t240:3 t468:6
slv-698-2893,t670:2 t486:4 t486:5 t670:5 t670:6
slv-698-3537,t670:2 t670:4 t486:5
slv-698-3659,t670:5 t670:6 t486:7 t670:7
slv-698-4713,t670:2 t670:4 t486:5
slv-698-5045,t920:1 t240:2 t278:2 t523:3 t523:3 t468:4 t764:5 t860:6
slv-698-5117,t920:1 t240:2 t278:2 t523:3 t523:3 t468:4 t764:5 t860:6
slv-698-5551,t670:2 t486:4 t486:5 t670:5 t670:6
slv-698-6331,t240:2 t926:5 t926:6 t523:7 t182:7 t693:7 t670:7 t885:7 t860:7
slv-698-6406,t920:1 t240:2 t278:2 t523:3 t523:3 t468:4 t764:5 t860:6
slv-698-6650,t569:0 t523:1 t523:1 t926:3
slv-698-7421,t670:2 t670:4 t486:5
slv-698-7586,t670:2 t670:4 t486:5
slv-698-8321,t670:2 t670:4 t486:5
slv-699-0432,t670:2 t670:4 t486:5
slv-699-1589,t670:2 t670:4 t486:5
slv-699-2423,t670:2 t670:4 t486:5
slv-699-4279,t670:2 t670:4 t486:5
slv-699-4755,t670:2 t486:4 t486:5 t670:5 t670:6
slv-699-7050,t670:0 t670:3 t486:5
slv-699-7068,t670:2 t670:4 t486:5
slv-699-7547,t670:2 t670:4 t486:5
slv-699-8429,t693:2 t636:4 t885:5 t860:6
slv-699-9258,t601:1 t601:3 t601:4
slv-699-9263,t631:3 t631:4 t631:5 t631:6
slv-700-0290,t670:2 t486:4 t486:5 t670:5 t670:6
slv-700-0773,t920:1 t240:2 t278:2 t523:3 t523:3 t468:4 t764:5 t860:6
slv-700-1991,t391:0 t736:1 t112:2 t545:3 t240:3 t523:4 t523:4 t581:5 t523:6 t468:6 t764:7
slv-700-2663,t670:2 t486:4 t486:5 t670:5 t670:6
slv-700-3032,t523:1 t523:3 t581:3
slv-700-3415,t920:3 t920:4 t920:5
slv-700-4550,t167:1 t391:2 t545:3 t523:3 t240:4 t523:4 t523:5 t468:5
slv-700-4717,t670:2 t670:4 t486:5
slv-700-4726,t670:2 t486:4 t486:5 t670:5 t670:6
slv-700-5243,t486:1 t670:3 t670:4 t486:5 t486:6
slv-700-6001,t391:0 t545:2
slv-700-7296,t730:1 t240:2 t926:3 t926:4 t523:4 t468:5
slv-700-8376,t601:1 t601:2 t601:4
slv-700-9371,t670:2 t670:4 t486:5
slv-700-9605,t309:2 t460:3 t240:3 t523:4 t569:4 t523:5 t523:5 t468:6
slv-700-9849,t670:2 t486:4 t486:5 t670:5 t670:6
slv-701-0086,t391:0 t905:0 t860:0 t545:2
slv-701-0152,t391:0 t904:0 t545:0 t860:1 t545:3
slv-701-0168,t240:2 t926:4 t523:5 t182:6 t523:6 t468:7 t670:7 t670:7
slv-701-0493,t240:1 t468:3 t240:4 t926:5 t523:5 t523:6 t468:7
slv-701-0997,t670:2 t670:4 t486:5
slv-701-2849,t486:2 t486:4 t469:5 t636:5 t730:5 t523:6 t182:7
slv-701-2905,t391:0 t904:0 t860:0 t545:2
slv-701-3211,t523:3 t182:3
slv-701-3698,t693:1 t636:2 t693:3 t670:3 t843:4 t843:4 t601:5 t601:5
slv-701-4484,t670:2 t670:4 t486:5
slv-701-4602,t396:0 t240:1 t926:2 t926:3 t468:3 t523:4 t523:4 t182:5
slv-701-5090,t448:0 t240:1 t926:2 t926:3 t468:3 t764:4 t885:5 t860:6
slv-701-5240,t670:2 t670:4 t486:5
slv-701-6168,t788:1 t523:3 t523:3 t182:4
slv-701-7240,t920:1 t240:2 t278:2 t523:3 t523:3 t468:4 t764:5 t860:6
slv-701-7572,t788:1 t523:2 t523:3 t581:4
slv-701-9924,t167:0 t391:0 t860:1 t391:1 t545:3
slv-702-0725,t676:1 t523:3 t569:4 t523:5 t523:6 t468:7
slv-702-0986,t391:0 t736:1 t112:3 t523:4 t523:5 t182:6 t764:6 t764:7 t903:7 t860:7
slv-702-1662,t764:2 t670:5 t670:6 t486:6 t670:7
slv-702-1916,t240:1 t926:1 t523:2 t523:3 t569:4
slv-702-3593,t788:1 t523:2 t523:2 t182:3
slv-702-5102,t240:0 t523:1 t523:2 t926:3 t523:4
slv-702-5120,t670:0 t670:3 t486:5
slv-702-5469,t693:1 t670:3 t670:4 t693:4 t636:5 t885:6 t860:6
slv-702-5926,t670:2 t670:4 t486:5
slv-702-7222,t693:1 t636:2 t693:3 t670:3 t843:4 t843:4 t601:5 t601:5
slv-702-7277,t788:1 t523:2 t523:3 t581:4
slv-702-8522,t670:2 t670:4 t486:5
slv-703-0652,t788:5 t523:6 t523:7 t581:7
slv-703-0781,t670:2 t670:4 t486:5
slv-703-0822,t106:1 t106:2 t240:3 t926:4 t926:4 t468:5 t670:5 t670:6 t903:6 t860:7
slv-703-1293,t391:0 t736:1 t112:2 t545:3 t240:3 t523:4 t523:4 t581:5 t523:6 t468:6 t764:7
slv-703-1884,t903:0 t860:1 t670:3 t670:4 t843:5
slv-703-5657,t860:0 t545:0 t391:1 t545:3
slv-703-6303,t460:1 t240:1 t523:2 t569:3 t523:3 t523:4
slv-703-6417,t670:2 t670:4 t486:5
slv-703-6499,t670:2 t670:4 t486:5
slv-703-7137,t904:0 t545:1 t240:2 t523:3 t523:4 t468:5 t764:6 t764:6 t860:7
slv-703-7228,t391:0 t545:2
slv-703-7332,t693:2 t636:4 t885:5 t860:6
slv-703-8840,t670:2 t670:4 t486:5
slv-703-9105,t764:5 t670:6 t670:7 t486:7 t670:7
slv-703-9925,t670:2 t670:4 t486:5
slv-704-0720,t788:1 t523:2 t523:3 t581:4
slv-704-1243,t903:1 t860:2 t670:3 t601:3 t601:4 t670:5 t545:5 t843:5 t843:5 t670:6 t843:6
slv-704-1299,t670:2 t670:4 t486:5
slv-704-1303,t391:0 t904:0 t545:2
slv-704-2045,t391:0 t904:2 t885:2 t860:3 t391:4 t545:5
slv-704-3384,t523:3 t182:5
slv-704-3925,t523:0 t523:2 t468:3
slv-704-4588,t788:1 t523:2 t523:3 t581:4
slv-704-5174,t396:0 t523:3 t523:4 t182:5
slv-704-6329,t670:2 t670:4 t486:5
slv-704-6376,t240:0 t523:1 t523:2 t569:3 t523:3
slv-704-6398,t670:2 t670:4 t486:5
slv-704-8312,t739:1 t545:2 t391:3 t545:4
slv-704-8497,t920:3 t920:4 t920:5
slv-704-8583,t391:0 t736:1 t112:2 t545:3 t240:3 t523:4 t523:4 t581:5 t523:6 t468:6 t764:7
slv-704-9364,t240:1 t926:2 t468:3 t240:4 t468:4 t523:5 t523:5 t182:6
slv-705-1901,t736:0 t486:1 t486:3 t670:3 t523:4 t523:5 t182:6
slv-705-1947,t670:2 t670:4 t486:5
slv-705-2072,t788:1 t523:3 t523:3 t182:4
slv-705-2417,t636:0 t885:0 t636:1 t904:4 t860:5
slv-705-2938,t240:1 t523:2 t523:3 t468:3 t996:3 t569:5
slv-705-3835,t670:2 t670:4 t486:5
slv-705-5746,t670:2 t670:4 t486:5
slv-705-5875,t460:1 t240:2 t926:3 t468:4
slv-705-7319,t670:2 t670:4 t486:5
slv-705-7472,t448:0 t240:1 t926:2 t926:3 t468:3 t764:4 t885:5 t860:6
slv-705-7712,t670:2 t670:4 t486:5
slv-705-7998,t448:0 t736:0 t112:1 t545:2 t523:3 t523:4 t468:4 t764:5 t885:6
slv-705-9166,t920:1 t240:2 t523:3 t523:4 t468:5 t860:6
slv-706-0004,t926:1 t523:2 t523:3
slv-706-1041,t448:0 t240:0 t448:3 t468:4 t860:6
slv-706-1624,t523:3 t182:3
slv-706-1842,t926:1 t468:3
slv-706-1912,t670:0 t670:2 t636:3 t167:4 t391:4 t904:5 t496:5 t391:5 t545:5
slv-706-4449,t920:1 t240:2 t278:2 t523:3 t523:3 t468:4 t764:5 t860:6
slv-706-5882,t670:2 t670:4 t486:5
slv-706-5945,t905:0 t545:1
slv-706-6829,t788:1 t523:2 t523:3 t581:4
slv-706-8778,t670:1 t843:3 t843:4 t523:4 t182:7
slv-706-9099,t448:1 t240:2 t523:3 t523:4 t182:4 t764:5 t885:6
slv-706-9738,t670:3 t670:5 t486:6
slv-707-0074,t601:1 t601:2 t601:4
slv-707-0791,t240:1 t926:1 t468:2 t240:3 t278:3 t523:3 t523:4 t468:5
slv-707-1067,t496:0 t860:1 t903:1 t860:2 t545:4
slv-707-4048,t670:2 t670:4 t486:5
slv-707-6664,t460:1 t240:2 t523:3 t569:3 t523:4 t523:4 t468:5
slv-707-7028,t523:1 t523:3 t581:3
slv-707-7864,t636:0 t167:0 t496:1 t391:2 t545:3 t240:3 t523:4 t523:4 t468:5
slv-707-8139,t730:1 t240:2 t926:3 t926:4 t523:4 t468:5
slv-707-8296,t905:0 t545:1
slv-707-8631,t920:1 t240:2 t278:2 t523:3 t523:3 t468:4 t764:5 t860:6
slv-707-9420,t240:1 t926:1 t468:2 t240:3 t278:3 t523:3 t523:4 t468:5
slv-708-0123,t496:0 t391:0 t904:0 t545:3
slv-708-0828,t670:1 t601:3 t601:3 t670:4 t843:5 t843:5
slv-708-1378,t670:2 t670:4 t486:5
slv-708-2339,t670:0 t670:2 t486:3 t523:4 t523:6 t182:6
slv-708-2389,t240:0 t926:2 t523:3 t523:4 t581:5
slv-708-3636,t788:0 t523:2 t523:3 t581:4
slv-708-3913,t670:0 t670:3 t486:5
slv-708-5880,t670:2 t670:4 t486:5
slv-708-6156,t601:1 t601:3 t601:4
slv-708-6592,t829:0 t545:1
slv-708-6615,t920:1 t240:2 t278:2 t523:3 t523:3 t468:4 t764:5 t860:6
slv-708-7895,t601:1 t601:2 t601:4
slv-708-8401,t523:0 t523:1 t926:2
slv-708-8677,t601:1 t601:3 t670:4 t843:5 t843:5 t579:6
slv-708-9737,t920:1 t240:2 t523:3 t523:4 t468:5 t860:6
slv-709-0530,t636:0 t391:0 t545:1 t670:2 t670:3 t486:3 t240:3 t523:3 t523:3 t182:5
slv-709-0700,t920:1 t240:2 t523:3 t523:4 t468:5 t860:6
slv-709-0853,t167:1 t391:1 t904:2 t391:3 t545:4
slv-709-0910,t764:5 t670:6 t670:7 t486:7 t670:7
slv-709-1406,t670:2 t670:4 t486:5
slv-709-1506,t670:2 t670:4 t486:5
slv-709-2142,t601:1 t601:2 t601:4
slv-709-2536,t460:1 t240:2 t523:3 t569:4 t523:5 t523:5 t468:6
slv-709-2581,t460:1 t240:2 t926:3 t468:4
slv-709-4679,t905:0 t545:1
slv-709-5187,t240:1 t926:3 t523:4 t468:5 t240:6 t468:7
slv-709-5899,t523:3 t182:4
slv-709-7593,t670:2 t670:4 t486:5
slv-709-8875,t788:1 t523:2 t523:3 t581:4
slv-709-8914,t670:2 t670:4 t486:5
slv-709-9348,t240:0 t523:1 t523:2 t569:3 t523:4 t468:5
slv-709-9897,t829:2 t788:3 t523:4 t523:4 t581:5
slv-710-0178,t670:2 t670:4 t486:5
slv-710-0590,t460:1 t240:2 t523:3 t523:4 t569:4 t523:5 t468:5
slv-710-1804,t670:2 t670:4 t486:5
slv-710-1962,t670:2 t670:4 t486:5
slv-710-2570,t616:1 t523:2 t523:3 t569:4
slv-710-2571,t920:1 t240:2 t523:3 t523:4 t468:5 t860:6
slv-710-2722,t460:1 t240:2 t523:3 t569:4 t523:5 t523:5 t468:6
slv-710-3025,t523:3 t182:4 t764:6 t860:7
slv-710-3562,t391:0 t545:1 t240:2 t523:3 t523:3 t926:3 t468:4
slv-710-3937,t670:2 t670:4 t486:5
slv-710-5159,t670:2 t486:4 t486:5 t670:5 t670:6
slv-710-5791,t240:1 t926:2 t523:3 t523:4 t569:5
slv-710-5849,t736:0 t693:1 t682:2 t240:3 t523:3 t523:4
slv-710-7136,t670:2 t670:4 t486:5
slv-710-7593,t523:0 t182:2 t885:3 t860:4
slv-710-8680,t920:1 t240:2 t523:3 t523:4 t468:5 t860:6
slv-710-8736,t788:0 t523:2 t523:3 t581:4
slv-710-8993,t903:5 t860:6 t764:6 t486:7 t486:7 t670:7 t486:7
slv-710-9193,t670:2 t670:4 t486:5
slv-710-9724,t670:2 t670:4 t486:5
slv-711-0331,t788:1 t523:2 t523:3 t581:4
slv-711-0634,t670:2 t670:4 t486:5
slv-711-3589,t693:1 t636:2 t693:3 t670:3 t843:4 t843:4 t601:5 t601:5
slv-711-3956,t788:1 t523:3 t523:3 t182:4
slv-711-4889,t670:2 t486:4 t670:5 t670:6
slv-711-5199,t693:1 t636:2 t693:3 t670:3 t843:4 t843:4 t601:5 t601:5
slv-711-5596,t788:0 t523:2 t523:3 t581:4
slv-711-6285,t920:1 t240:2 t523:3 t523:4 t468:5 t860:6
slv-711-7035,t952:0 t860:0 t225:0
slv-711-7879,t764:5 t670:6 t670:7 t486:7 t670:7
slv-711-8334,t670:2 t670:4 t486:5
slv-711-8943,t764:2 t670:5 t670:6 t486:6 t670:7
slv-711-9541,t693:2 t636:4 t885:5 t860:6
slv-712-0082,t523:0 t926:2 t523:3 t523:3 t182:4
slv-712-0285,t764:2 t670:5 t670:6 t486:6 t670:7
slv-712-0773,t920:1 t240:2 t278:2 t523:3 t523:3 t468:4 t764:5 t860:6
slv-712-1037,t670:5 t670:6 t486:7 t670:7
slv-712-1054,t764:2 t670:5 t670:6 t486:6 t670:7
slv-712-1196,t736:0 t693:1 t523:2 t523:3 t182:4
slv-712-1273,t523:1 t523:3 t182:3
slv-712-1368,t670:1 t843:3 t843:4 t523:4 t182:7
slv-712-3115,t788:1 t523:3 t523:3 t182:4
slv-712-3860,t545:1 t523:2 t523:3 t182:4
slv-712-4112,t496:0 t860:1 t903:1 t860:2 t545:4
slv-712-4695,t670:2 t670:4 t486:5
slv-712-5005,t788:1 t523:3 t523:3 t182:4
slv-712-5028,t636:0 t167:0 t391:1 t496:1 t391:2 t545:3
slv-712-6266,t448:0 t240:1 t926:2 t523:3 t523:3 t569:5
slv-712-7957,t670:2 t670:4 t486:5
slv-712-8416,t396:0 t240:1 t926:2 t523:3 t523:3 t926:4 t468:5
slv-713-0318,t523:1 t523:4 t182:5 t764:6 t903:6 t860:7 t486:7 t670:7
slv-713-0576,t670:3 t670:5 t486:6
slv-713-0659,t739:1 t545:2 t391:3 t545:4
slv-713-0991,t670:2 t670:4 t486:5
slv-713-1876,t670:2 t670:4 t486:5
slv-713-1976,t496:0 t860:1 t903:1 t860:2 t545:4
slv-713-3561,t670:2 t670:4 t486:5
slv-713-3968,t670:2 t670:4 t486:5
slv-713-4592,t843:1 t843:3 t670:4 t843:5 t579:6
slv-713-4840,t693:1 t636:2 t693:3 t670:3 t843:4 t843:4 t601:5 t601:5
slv-713-5627,t486:3 t670:5 t670:6
slv-713-6003,t391:0 t904:0 t545:0 t860:1 t545:3
slv-713-6142,t448:1 t240:2 t523:3 t523:4 t182:4 t764:5 t885:6
slv-713-7291,t693:1 t636:2 t693:3 t670:3 t843:4 t843:4 t601:5 t601:5
slv-713-8504,t764:2 t670:5 t670:6 t486:6 t670:7
slv-713-8608,t926:1 t468:3
slv-713-8781,t391:0 t904:0 t545:1 t240:2 t523:2 t523:3 t182:4 t885:4 t860:5
slv-713-9041,t631:3 t631:4 t631:5 t631:6
slv-713-9513,t920:1 t240:2 t523:3 t523:3 t569:4 t523:4 t468:5
slv-714-1052,t693:1 t636:2 t693:3 t670:3 t843:4 t843:4 t601:5 t601:5
slv-714-1114,t764:2 t670:5 t670:6 t486:6 t670:7
slv-714-1574,t764:5 t670:6 t670:7 t486:7 t670:7
slv-714-1959,t670:2 t670:4 t486:5
slv-714-1983,t601:1 t601:2 t601:4
slv-714-2051,t670:2 t670:4 t486:5
slv-714-2237,t670:2 t670:4 t486:5
slv-714-2350,t670:2 t670:4 t486:5
slv-714-2521,t741:0 t670:1 t670:2 t396:3
slv-714-2905,t240:0 t523:1 t523:2 t569:3 t523:4 t468:5
slv-714-3126,t391:0 t545:0 t904:1 t860:2 t545:3 t739:3 t545:4
slv-714-3497,t885:1 t860:3 t523:4 t182:5
slv-714-4463,t903:1 t860:2 t670:3 t601:3 t601:4 t670:5 t545:5 t843:5 t843:5 t670:6 t843:6
slv-714-5778,t788:1 t523:2 t523:3 t581:4
slv-714-5926,t926:1 t468:3
slv-714-6441,t670:2 t486:4 t486:5 t670:5 t670:6
slv-714-6472,t670:2 t670:4 t486:5
slv-714-6679,t523:1 t523:3 t581:3
slv-714-7685,t523:1 t523:3 t182:3
slv-714-9284,t903:0 t860:0 t903:1
slv-715-0203,t448:0 t240:1 t926:2 t926:3 t468:3 t764:4 t885:5 t860:6
slv-715-1270,t788:1 t523:3 t523:3 t182:4
slv-715-2038,t670:2 t486:4 t486:5 t670:5 t670:6
slv-715-2084,t905:0 t545:1
slv-715-2326,t448:0 t736:0 t112:1 t545:2 t523:3 t523:4 t468:4 t764:5 t885:6
slv-715-4636,t396:0 t240:1 t926:2 t468:3 t523:3 t523:4 t182:5
slv-715-5205,t670:2 t486:4 t486:5 t670:5 t670:6
slv-715-6315,t670:2 t486:4 t486:5 t670:5 t670:6
slv-715-6462,t670:2 t670:4 t486:5
slv-715-7049,t670:2 t670:4 t486:5
slv-715-7193,t523:1 t523:3 t581:3
slv-715-8034,t670:2 t670:4 t486:5
slv-715-8222,t448:0 t240:0 t448:3 t468:4 t860:6
slv-715-8257,t670:2 t670:4 t486:5
slv-715-8873,t670:2 t670:4 t486:5
slv-716-0016,t486:2 t486:4 t469:5 t636:5 t730:5 t523:6 t182:7
slv-716-1557,t670:2 t670:4 t486:5
slv-716-2300,t670:2 t670:4 t486:5
slv-716-2343,t391:0 t736:1 t112:2 t545:3 t240:3 t523:4 t523:4 t581:5 t523:6 t468:6 t764:7
slv-716-2527,t670:2 t670:4 t486:5
slv-716-3415,t545:0 t860:1 t545:2 t391:3 t545:4
slv-716-3484,t278:0 t278:2 t926:3 t926:4 t468:5
slv-716-3716,t670:2 t670:4 t486:5
slv-716-4439,t764:2 t670:5 t670:6 t486:6 t670:7
slv-716-4665,t523:0 t926:1 t523:2 t523:3 t468:3
slv-716-5074,t788:0 t523:2 t523:3 t581:4
slv-716-5519,t693:2 t636:4 t885:5 t860:6
slv-716-8112,t523:3 t182:4
slv-716-8494,t460:1 t240:2 t926:3 t468:4
slv-716-8548,t736:0 t693:1 t636:1 t240:2 t523:3 t523:4 t182:5
slv-717-1186,t920:1 t240:1 t468:3 t926:3 t468:3 t523:4 t523:5 t468:5 t670:5
slv-717-1250,t545:1 t240:1 t926:2 t468:2 t240:3 t278:3 t523:4 t523:4 t468:5
slv-717-1383,t670:2 t670:4 t486:5
slv-717-1554,t460:1 t240:2 t523:3 t569:4 t523:5 t523:5 t468:6
slv-717-1862,t391:0 t448:0 t636:1 t240:2 t523:3 t523:4 t468:4 t764:5 t885:6
slv-717-1870,t920:1 t240:2 t278:2 t523:3 t523:3 t468:4 t764:5 t860:6
slv-717-2107,t391:0 t904:0 t860:0 t545:3
slv-717-2418,t670:2 t486:4 t486:5 t670:5 t670:6
slv-717-2573,t996:0 t569:0
slv-717-2891,t788:0 t523:2 t523:3 t581:4
slv-717-3209,t920:1 t240:2 t523:3 t523:4 t468:5 t860:6
slv-717-3909,t601:1 t601:2 t601:4
slv-717-4415,t905:0 t545:0 t545:1 t860:2 t545:2
slv-717-5180,t601:1 t601:2 t601:4
slv-717-5241,t670:2 t670:4 t486:5
slv-717-6235,t670:2 t670:4 t486:5
slv-717-6359,t545:0 t523:2 t523:3 t182:4
slv-717-6687,t739:1 t545:2 t391:3 t545:4
slv-717-6863,t670:2 t670:4 t486:5
slv-717-7345,t736:0 t693:1 t682:2 t240:3 t523:3 t523:4
slv-717-7547,t670:5 t670:6 t486:7 t670:7
slv-717-7748,t920:1 t240:2 t523:3 t523:4 t468:5 t860:6
slv-717-7751,t601:1 t601:2 t601:3
slv-717-8146,t903:1 t860:2 t670:3 t601:3 t601:4 t670:5 t545:5 t843:5 t843:5 t670:6 t843:6
slv-717-9515,t670:2 t670:4 t486:5
slv-718-0369,t391:0 t736:1 t112:2 t545:3 t240:3 t523:4 t523:4 t581:5 t523:6 t468:6 t764:7
slv-718-0986,t636:0 t167:0 t496:1 t391:2 t545:2 t240:3 t523:4 t523:4 t182:5
slv-718-1128,t391:0 t904:0 t545:1 t240:2 t523:2 t523:3 t182:4 t885:4 t860:5
slv-718-1903,t764:2 t670:5 t670:6 t486:6 t670:7
slv-718-3528,t860:0 t903:1 t860:4 t670:6
slv-718-3745,t523:3 t182:4
slv-718-3959,t741:0 t670:1 t670:2 t396:3
slv-718-4535,t545:0 t391:1 t545:1 t240:2 t926:3 t926:3 t523:3 t523:4 t468:5
slv-718-5960,t920:1 t240:2 t523:3 t523:4 t468:5 t860:6
slv-718-7210,t736:0 t693:1 t636:1 t240:2 t523:3 t523:4 t182:5
slv-718-7389,t240:0 t523:1 t523:2 t926:3 t523:3 t581:4
slv-718-7516,t240:1 t926:1 t523:2 t523:3 t182:3 t926:4 t926:4 t468:5
slv-718-7569,t903:1 t860:2 t670:3 t601:3 t601:4 t670:5 t545:5 t843:5 t843:5 t670:6 t843:6
slv-718-7652,t670:2 t486:4 t486:5 t670:5 t670:6
slv-718-9752,t736:0 t693:1 t636:1 t240:2 t523:3 t523:4 t182:5
slv-719-0131,t601:1 t601:2 t601:4
slv-719-0434,t670:2 t670:4 t486:5
slv-719-0702,t670:2 t670:4 t486:5
slv-719-2007,t829:0 t545:1
slv-719-2086,t860:0 t545:2
slv-719-2232,t448:0 t545:1 t448:2 t240:3 t926:3 t468:4 t764:6
slv-719-2298,t670:2 t670:4 t486:5
slv-719-2511,t860:0 t391:1 t860:2 t545:3
slv-719-2986,t391:0 t545:1 t448:1 t240:1 t926:2 t523:3 t523:3 t182:4 t926:4 t468:5 t764:6
slv-719-4048,t920:1 t240:2 t523:3 t523:4 t468:5 t860:6
slv-719-4466,t860:0 t670:5 t670:7
slv-719-4900,t670:2 t670:4 t486:5
slv-719-5128,t670:2 t670:4 t486:5
slv-719-5275,t693:2 t636:4 t885:5 t860:6
slv-719-6105,t672:1 t523:2 t523:3 t581:4
slv-719-6402,t601:1 t601:2 t601:4
slv-719-7053,t670:2 t670:4 t486:5
slv-719-8504,t670:2 t670:4 t486:5
slv-719-8625,t460:1 t240:2 t523:3 t569:3 t523:4 t523:4 t468:5
slv-719-8768,t860:0 t903:1 t860:4 t670:6
slv-719-8951,t920:3 t920:4 t920:5
slv-719-9093,t670:2 t486:4 t670:5 t670:6
slv-719-9756,t670:0 t670:3 t486:5
slv-719-9831,t920:1 t240:2 t523:3 t523:4 t468:5 t860:6
slv-719-9927,t670:2 t670:4 t486:5
slv-720-1678,t240:1 t926:2 t523:3 t523:3 t569:4
slv-720-1935,t670:2 t670:4 t486:5
slv-720-2076,t920:1 t240:2 t523:3 t523:4 t468:5 t860:6
slv-720-3797,t670:2 t486:4 t486:5 t670:5 t670:6
slv-720-4136,t391:1 t736:2 t112:3 t545:3 t523:4 t240:4 t523:4 t523:5 t581:5 t885:6
slv-720-4344,t391:0 t448:0 t240:1 t523:2
slv-720-4593,t670:2 t670:4 t486:5
slv-720-5825,t670:2 t670:4 t486:5
slv-720-5837,t523:1 t523:3 t182:3
slv-720-6663,t670:2 t670:4 t486:5
slv-720-6986,t601:1 t601:2 t601:4
slv-720-7534,t860:0 t391:0 t860:0 t545:2
slv-720-8116,t670:2 t486:4 t486:5 t670:5 t670:6
slv-720-8251,t920:1 t240:2 t523:3 t523:4 t468:5 t860:6
slv-720-8435,t601:1 t601:2 t601:4
slv-720-8594,t693:1 t636:2 t693:3 t670:3 t843:4 t843:4 t601:5 t601:5
slv-720-9922,t670:2 t486:4 t486:5 t670:5 t670:6
slv-721-0044,t555:1 t486:3 t523:4 t523:5 t182:7
slv-721-0406,t523:1 t523:3 t581:3
slv-721-0484,t670:0 t670:3 t486:5
slv-721-0877,t670:2 t670:4 t486:5
slv-721-1207,t167:0 t391:1 t545:2
slv-721-1436,t391:0 t904:0 t545:2
slv-721-2206,t860:0 t545:2
slv-721-3078,t920:3 t920:4 t920:5
slv-721-3678,t523:3 t182:3 t764:6
slv-721-4714,t670:2 t670:4 t486:5
slv-721-6534,t670:2 t670:4 t486:5
slv-721-6917,t670:2 t670:4 t486:5
slv-721-7002,t670:2 t486:4 t486:5 t670:5 t670:6
slv-721-7068,t670:2 t670:4 t486:5
slv-721-7280,t670:2 t670:4 t486:5
slv-721-8006,t240:2 t523:3 t523:4 t182:4 t764:6 t764:6 t636:7 t903:7 t860:7
slv-721-8042,t240:1 t926:1 t468:2 t240:3 t278:3 t523:3 t523:4 t468:5
slv-721-8443,t240:1 t926:1 t468:2 t240:3 t278:3 t523:3 t523:4 t468:5
slv-721-8505,t240:0 t523:1 t523:2 t569:3 t523:3
slv-721-8555,t903:0 t860:0 t903:1
slv-721-8661,t448:1 t240:2 t523:3 t523:4 t182:4 t764:5 t885:6
slv-721-9016,t670:2 t670:4 t486:5
slv-722-0987,t670:2 t670:4 t486:5
slv-722-0999,t885:0 t860:1 t545:2 t860:3 t391:3 t545:4
slv-722-1057,t670:2 t670:4 t486:5
slv-722-1998,t670:2 t486:4 t486:5 t670:5 t670:6
slv-722-2116,t670:0 t670:3 t486:5
slv-722-3037,t448:0 t240:1 t523:2 t523:3 t240:3 t926:4 t468:5 t764:6
slv-722-3527,t391:0 t545:1
slv-722-3813,t448:0 t523:2 t523:3 t182:4
slv-722-4039,t555:1 t486:3 t523:4 t523:5 t182:7
slv-722-4059,t396:0 t240:1 t926:2 t523:3 t523:3 t926:4 t468:5
slv-722-4882,t391:0 t736:1 t112:2 t545:3 t240:3 t523:4 t523:4 t581:5 t523:6 t468:6 t764:7
slv-722-5138,t460:1 t240:2 t523:2 t523:3 t569:3 t523:4 t468:5
slv-722-5821,t926:1 t468:3
slv-722-6006,t670:2 t670:4 t486:5
slv-722-7720,t885:1 t860:3 t523:4 t182:5
slv-722-8162,t391:0 t860:0 t545:2
slv-722-8653,t670:2 t670:4 t486:5
slv-722-9634,t904:0 t545:1 t240:2 t523:3 t523:4 t468:5 t764:6 t764:6 t860:7
slv-723-0310,t631:3 t631:4 t631:5 t631:6
slv-723-0723,t693:1 t670:3 t670:4 t693:4 t636:5 t885:6 t860:6
slv-723-1087,t670:2 t486:4 t486:5 t670:5 t670:6
slv-723-1164,t693:2 t636:4 t885:5 t860:6
slv-723-1267,t167:1 t391:2 t545:3 t523:3 t240:4 t523:4 t523:5 t468:5
slv-723-1292,t167:1 t391:2 t545:3 t523:3 t240:4 t523:4 t523:5 t468:5
slv-723-1775,t240:1 t926:1 t468:2 t240:3 t278:3 t523:3 t523:4 t468:5
slv-723-1808,t736:0 t693:1 t682:2 t240:3 t523:3 t523:4
slv-723-3012,t693:2 t636:4 t885:5 t860:6
slv-723-3146,t670:2 t670:4 t486:5
slv-723-3453,t670:2 t670:4 t486:5
slv-723-3697,t670:1 t670:2 t133:3 t741:3 t396:4 t636:4 t885:4 t860:5
slv-723-3710,t903:1 t860:2 t670:3 t601:3 t601:4 t670:5 t545:5 t843:5 t843:5 t670:6 t843:6
slv-723-3830,t523:5 t182:7 t670:7 t182:7 t885:7 t860:7
slv-723-3858,t788:0 t523:1 t523:2 t182:3
slv-723-4104,t672:0 t523:1 t523:2 t182:3
slv-723-4384,t601:1 t601:3 t601:4
slv-723-4512,t377:1 t377:2 t377:3 t377:4
slv-723-4600,t670:2 t670:4 t486:5
slv-723-5218,t631:3 t631:5 t631:6
slv-723-5226,t460:1 t240:2 t926:3 t468:4
slv-723-6242,t905:0 t545:0 t545:1 t860:2 t545:2
slv-723-6851,t788:1 t523:3 t523:3 t182:4
slv-723-8336,t920:1 t240:2 t278:2 t523:3 t523:3 t468:4 t764:5 t860:6
slv-723-9170,t693:1 t636:2 t693:3 t670:3 t843:4 t843:4 t601:5 t601:5
slv-723-9267,t927:1 t927:2 t927:3 t927:4
slv-723-9308,t601:1 t601:2 t601:4
slv-723-9863,t670:2 t670:4 t486:5
slv-723-9889,t128:3 t128:4 t631:5 t631:5 t329:5 t329:6
slv-724-0804,t670:2 t670:4 t486:5
slv-724-0943,t693:1 t636:2 t693:3 t670:3 t843:4 t843:4 t601:5 t601:5
slv-724-1513,t670:5 t670:6 t486:7 t670:7
slv-724-2039,t523:1 t523:3 t581:3
slv-724-2153,t670:2 t670:4 t486:5
slv-724-2251,t920:1 t240:2 t278:2 t523:3 t523:3 t468:4 t764:5 t860:6
slv-724-2314,t670:2 t670:4 t486:5
slv-724-3410,t448:0 t240:1 t926:2 t926:3 t468:3 t764:4 t885:5 t860:6
slv-724-4718,t523:1 t523:3 t468:3 t764:6
slv-724-5751,t670:2 t670:4 t486:5
slv-724-6211,t670:2 t670:4 t486:5
slv-724-7331,t682:0 t240:2 t523:3 t523:3 t182:3 t885:3 t523:4 t468:4 t885:5
slv-724-7978,t670:2 t670:4 t486:5
slv-724-8693,t670:2 t670:4 t486:5
slv-724-8753,t670:2 t670:4 t486:5
slv-724-8956,t653:1 t903:1 t860:2 t545:4
slv-724-9266,t448:0 t545:1 t448:2 t240:3 t926:3 t468:4 t764:6
slv-725-0135,t926:2 t523:4 t523:5 t182:6
slv-725-1037,t670:2 t670:4 t486:5
slv-725-2017,t788:1 t523:3 t523:3 t182:4
slv-725-2422,t788:1 t523:2 t523:3 t581:4
slv-725-2869,t670:2 t670:4 t486:5
slv-725-4670,t670:5 t670:6 t885:7 t860:7 t670:7 t693:7
slv-725-4681,t391:0 t545:2
slv-725-5198,t670:2 t670:4 t486:5
slv-725-6206,t391:0 t545:2
slv-725-7903,t788:1 t523:2 t523:3 t581:4
slv-726-0805,t860:0 t903:1 t860:1 t545:3
slv-726-0866,t601:1 t601:2 t601:4
slv-726-0892,t926:0 t926:1 t523:2 t523:3 t926:3
slv-726-1012,t670:2 t670:4 t486:5
slv-726-1566,t788:1 t523:3 t523:3 t182:4
slv-726-1623,t670:2 t670:4 t486:5
slv-726-1733,t167:1 t391:1 t496:2 t391:3 t545:3 t523:4 t523:4 t182:5
slv-726-3014,t523:1 t523:3 t468:3
slv-726-3523,t788:0 t523:1 t523:2 t182:3
slv-726-3584,t670:5 t670:6 t486:7 t670:7
slv-726-4224,t829:0 t545:1
slv-726-4354,t905:0 t545:1 t523:2 t182:4
slv-726-4602,t788:1 t523:2 t523:3 t581:4
slv-726-4733,t396:0 t240:1 t523:2 t523:3 t182:3 t240:3 t926:4 t468:5
slv-726-5144,t523:0 t523:1 t581:1 t523:2 t569:3 t996:4 t569:5
slv-726-6537,t764:5 t670:6 t670:7 t486:7 t670:7
slv-726-6804,t670:2 t670:4 t486:5
slv-726-7579,t670:2 t670:4 t486:5
slv-726-7713,t240:1 t523:1 t523:2 t182:3
slv-726-7757,t670:2 t486:4 t486:5 t670:5 t670:6
slv-726-8917,t523:3 t182:4 t764:6 t860:7
slv-726-9606,t788:1 t523:3 t523:3 t182:4
slv-726-9731,t670:2 t670:4 t486:5
slv-726-9745,t670:2 t670:4 t486:5
slv-727-0948,t448:0 t240:1 t523:2 t523:3 t468:3 t926:4 t468:5
slv-727-1468,t788:1 t523:3 t523:3 t182:4
slv-727-1951,t391:0 t905:0 t860:0 t545:2
slv-727-3116,t460:1 t240:2 t926:3 t468:4
slv-727-4982,t601:1 t601:3 t601:4
slv-727-6468,t391:0 t736:1 t112:3 t523:4 t523:5 t182:6 t764:6 t764:7 t903:7 t860:7
slv-727-6713,t920:1 t240:2 t278:2 t523:3 t523:3 t468:4 t764:5 t860:6
slv-727-6806,t460:1 t240:2 t523:3 t569:3 t523:4 t523:4 t468:5
slv-727-8089,t670:2 t670:4 t486:5
slv-727-8597,t240:1 t468:3 t240:4 t926:5 t523:5 t523:6 t468:7
slv-727-9768,t396:0 t240:1 t926:2 t391:2 t545:3 t240:3 t523:3 t523:4 t468:5
slv-727-9885,t739:1 t545:2 t391:3 t545:4
slv-727-9970,t391:0 t545:1
slv-728-2333,t670:2 t670:4 t486:5
slv-728-2675,t670:2 t670:4 t486:5
slv-728-2678,t391:0 t904:0 t545:1 t240:2 t523:2 t523:3 t182:4 t885:4 t860:5
slv-728-2797,t523:0 t523:2 t468:3
slv-728-3606,t240:1 t926:1 t523:3 t523:3
slv-728-4344,t788:1 t523:2 t523:3 t581:4
slv-728-4395,t670:2 t670:4 t486:5
slv-728-4975,t240:1 t926:2 t240:3 t468:6
slv-728-5633,t920:1 t240:2 t523:3 t523:4 t468:5 t860:6
slv-728-5955,t991:3 t631:5 t631:6 t631:7
slv-728-6208,t240:0 t926:1 t523:2 t523:3 t581:3 t569:4 t523:4 t569:5
slv-728-6800,t670:2 t670:4 t486:5
slv-728-7400,t670:2 t670:4 t486:5
slv-728-8129,t240:1 t523:1 t523:3 t569:3 t523:4 t468:5
slv-728-8283,t903:0 t860:1 t885:1 t860:3 t903:4
slv-728-8440,t391:0 t904:0 t860:0
slv-728-8929,t670:2 t670:4 t486:5
slv-728-9457,t829:2 t788:3 t523:4 t523:4 t581:5
slv-729-0148,t920:1 t240:2 t523:3 t523:4 t468:5 t860:6
slv-729-0820,t920:1 t240:2 t523:3 t523:4 t468:5 t860:6
slv-729-1267,t670:2 t670:4 t486:5
slv-729-1270,t788:0 t523:2 t523:3 t581:4
slv-729-1613,t670:2 t670:4 t486:5
slv-729-1718,t903:1 t860:2 t670:3 t601:3 t601:4 t670:5 t545:5 t843:5 t843:5 t670:6 t843:6
slv-729-2093,t670:2 t670:4 t486:5
slv-729-2644,t460:1 t240:2 t523:3 t569:3 t523:4 t523:4 t468:5
slv-729-2824,t693:1 t636:2 t693:3 t670:3 t843:4 t843:4 t601:5 t601:5
slv-729-3256,t670:2 t670:4 t486:5
slv-729-4041,t309:2 t460:3 t240:3 t523:4 t569:4 t523:5 t523:5 t468:6
slv-729-4839,t764:2 t670:5 t670:6 t486:6 t670:7
slv-729-5870,t814:1 t290:3 t290:4 t814:4 t814:6
slv-729-6488,t739:1 t545:2 t391:3 t545:4
slv-729-6966,t460:2 t240:3 t523:4 t523:4 t569:5 t523:5 t468:6
slv-729-7555,t670:2 t670:4 t486:5
slv-729-8621,t670:3 t670:5 t486:6
slv-729-9048,t670:2 t670:4 t486:5
slv-729-9471,t636:2 t904:4 t545:4 t391:5 t545:5
slv-729-9940,t885:0 t860:0 t670:5
slv-730-0534,t670:2 t670:4 t486:5
slv-730-0694,t670:2 t670:4 t486:5
slv-730-1755,t670:2 t670:4 t486:5
slv-730-2239,t670:2 t670:4 t486:5
slv-730-2604,t788:1 t523:2 t523:3 t581:4
slv-730-3462,t670:2 t670:4 t486:5
slv-730-3700,t670:2 t670:4 t486:5
slv-730-4041,t904:5 t904:6 t670:7 t670:7
slv-730-4837,t523:3 t182:4
slv-730-5690,t670:2 t670:4 t486:5
slv-730-6448,t670:5 t670:6 t486:7 t670:7
slv-730-7046,t523:1 t523:3 t581:3
slv-730-7602,t860:0 t670:5 t670:7
slv-730-9644,t788:0 t523:2 t523:3 t581:4
slv-730-9700,t670:2 t670:4 t486:5
slv-731-0301,t670:0 t670:3 t486:5
slv-731-0348,t167:0 t391:0 t545:1 t240:2
slv-731-0822,t991:0 t814:3 t814:4 t631:5 t631:6 t631:7
slv-731-2109,t842:5 t842:6
slv-731-2496,t670:2 t486:4 t486:5 t670:5 t670:6
slv-731-3603,t240:1 t926:3 t523:4 t468:5 t240:6 t468:7
slv-731-4233,t670:2 t486:4 t486:5 t670:5 t670:6
slv-731-5267,t670:2 t670:4 t486:5
slv-731-6412,t460:1 t240:2 t926:3 t468:4
slv-731-6656,t448:1 t240:2 t523:3 t523:4 t182:4 t764:5 t885:6
slv-731-8043,t788:0 t523:2 t523:3 t581:4
slv-731-8315,t460:1 t240:3 t523:4 t523:5 t468:6
slv-731-9875,t860:0 t545:1 t391:2 t545:3
slv-732-0265,t670:2 t670:4 t486:5
slv-732-0615,t523:1 t523:3 t468:3
slv-732-1618,t670:2 t670:4 t486:5
slv-732-2148,t903:1 t860:2 t670:3 t601:3 t601:4 t670:5 t545:5 t843:5 t843:5 t670:6 t843:6
slv-732-2322,t240:1 t523:2 t523:2 t569:3 t523:4 t523:4 t468:5
slv-732-2511,t240:1 t523:2
slv-732-4088,t601:1 t601:3 t601:4
slv-732-4316,t736:0 t693:1 t636:1 t240:2 t523:3 t523:4 t182:5
slv-732-4485,t904:3 t631:5 t631:6 t631:6
slv-732-4674,t448:1 t240:2 t523:3 t523:4 t182:4 t764:5 t885:6
slv-732-5350,t240:0 t523:1 t523:3 t468:4 t764:5 t860:7
slv-732-5484,t670:2 t670:4 t486:5
slv-732-6288,t670:2 t486:4 t486:5 t670:5 t670:6
slv-732-6419,t448:1 t240:2 t523:3 t523:4 t182:4 t764:5 t885:6
slv-732-6519,t605:1 t240:3 t523:4 t523:5 t468:5 t860:6
slv-732-6733,t788:1 t523:3 t523:3 t182:4
slv-732-6923,t523:1 t523:3 t182:3
slv-732-7200,t905:0 t545:1
slv-732-7697,t739:1 t545:2 t391:3 t545:4
slv-732-8363,t670:2 t670:4 t486:5
slv-732-9223,t903:1 t860:2 t670:3 t601:3 t601:4 t670:5 t545:5 t843:5 t843:5 t670:6 t843:6
slv-732-9368,t764:2 t670:5 t670:6 t486:6 t670:7
slv-733-0157,t240:1 t926:1 t468:2 t240:3 t278:3 t523:3 t523:4 t468:5
slv-733-0265,t601:1 t601:2 t601:4
slv-733-1901,t670:2 t670:4 t486:5
slv-733-2157,t926:1 t468:3
slv-733-2253,t739:1 t545:2 t391:3 t545:4
slv-733-2431,t920:1 t240:2 t278:2 t523:3 t523:3 t468:4 t764:5 t860:6
slv-733-2525,t240:0 t523:2 t523:2 t926:3 t523:3 t581:4
slv-733-4783,t670:2 t670:4 t486:5
slv-733-5502,t670:3 t670:5 t486:6
slv-733-6222,t670:2 t670:4 t486:5
slv-733-6236,t905:0 t545:1
slv-733-7033,t670:2 t670:4 t486:5
slv-733-7725,t460:0 t240:1 t523:2 t523:3 t569:3 t523:4 t468:5
slv-733-7819,t391:0 t736:1 t112:2 t545:3 t240:3 t523:4 t523:4 t581:5 t523:6 t468:6 t764:7
slv-733-8176,t920:3 t920:4 t920:5
slv-733-9095,t670:2 t670:4 t486:5
slv-733-9143,t788:1 t523:3 t523:3 t182:4
slv-733-9536,t448:0 t240:0 t448:3 t468:4 t860:6
slv-733-9681,t788:1 t523:2 t523:3 t581:4
slv-734-0269,t920:1 t240:2 t278:2 t523:3 t523:3 t468:4 t764:5 t860:6
slv-734-0701,t670:2 t670:4 t486:5
slv-734-1453,t670:2 t670:4 t486:5
slv-734-1617,t682:0 t240:2 t523:3 t523:3 t182:3 t885:3 t523:4 t468:4 t885:5
slv-734-2951,t636:1 t904:3 t885:4 t860:5
slv-734-2983,t670:2 t670:4 t486:5
slv-734-3262,t920:1 t240:2 t278:2 t523:3 t523:3 t468:4 t764:5 t860:6
slv-734-3675,t460:1 t240:2 t926:3 t468:4
slv-734-4120,t670:2 t670:4 t486:5
slv-734-4375,t670:2 t670:4 t486:5
slv-734-4402,t601:1 t601:2 t601:3
slv-734-4934,t460:1 t240:2 t523:3 t569:4 t523:5 t523:5 t468:6
slv-734-5420,t670:2 t670:4 t486:5
slv-734-5479,t167:1 t391:1 t496:2 t391:3 t545:3 t523:4 t523:4 t182:5
slv-734-5710,t670:2 t670:4 t486:5
slv-734-6461,t536:1 t240:1 t926:2 t468:3
slv-734-6799,t788:0 t523:2 t523:3 t581:4
slv-734-7295,t670:2 t670:4 t486:5
slv-734-7314,t601:1 t601:2 t601:4
slv-734-7679,t670:2 t670:4 t486:5
slv-734-8307,t860:0 t670:5 t670:7
slv-734-8522,t991:3 t631:5 t631:6 t631:7
slv-734-8626,t670:2 t670:4 t486:5
slv-734-8647,t670:2 t670:4 t486:5
slv-734-8780,t670:5 t670:6 t486:7 t670:7
slv-734-8888,t670:2 t670:4 t486:5
slv-734-9608,t905:0 t545:0 t860:1 t545:2
slv-734-9848,t670:2 t670:4 t486:5
slv-735-0163,t693:4 t636:5 t523:6 t523:6 t182:7
slv-735-0419,t920:1 t240:2 t523:4 t523:4 t468:5 t860:7
slv-735-1730,t391:0 t736:1 t112:2 t545:3 t240:3 t523:4 t523:4 t581:5 t523:6 t468:6 t764:7
slv-735-2387,t670:2 t670:4 t486:5
slv-735-2548,t605:1 t240:2 t926:3 t468:4
slv-735-2998,t920:1 t240:2 t278:2 t523:3 t523:3 t468:4 t764:5 t860:6
slv-735-3410,t523:4 t182:6 t670:6 t670:7 t885:7 t860:7
slv-735-3708,t605:1 t240:3 t523:4 t523:5 t468:5 t860:6
slv-735-4543,t693:1 t636:2 t693:3 t670:3 t843:4 t843:4 t601:5 t601:5
slv-735-5083,t396:0 t240:1 t926:2 t523:3 t523:3 t926:4 t468:5
slv-735-5555,t670:2 t670:4 t486:5
slv-735-6733,t523:3 t182:4
slv-735-6804,t904:5 t670:6 t885:7 t860:7 t670:7 t523:7 t182:7
slv-735-6873,t736:0 t693:1 t636:1 t240:2 t523:3 t523:4 t182:5
slv-735-7214,t903:0 t860:1 t885:1 t860:3 t903:4
slv-735-8418,t448:1 t240:2 t523:3 t523:4 t468:5 t764:6
slv-735-8657,t670:2 t486:4 t486:5 t670:5 t670:6
slv-735-8706,t460:1 t240:2 t523:3 t569:4 t523:5 t523:5 t468:6
slv-735-8789,t670:2 t486:4 t670:5 t670:6
slv-735-9774,t670:2 t670:4 t486:5
slv-736-0294,t788:0 t523:2 t523:3 t581:4
slv-736-0598,t788:0 t523:2 t523:3 t581:4
slv-736-1145,t329:1 t329:3 t631:4 t631:5
slv-736-1787,t682:0 t240:2 t523:3 t523:3 t182:3 t885:3 t523:4 t468:4 t885:5
slv-736-2329,t240:1 t523:2 t523:3 t468:4
slv-736-2596,t391:0 t545:1
slv-736-3969,t920:1 t240:2 t523:3 t523:4 t468:5 t860:6
slv-736-4345,t670:2 t670:4 t486:5
slv-736-4805,t920:1 t240:2 t278:2 t523:3 t523:3 t468:4 t764:5 t860:6
slv-736-4932,t448:3 t240:5 t926:5 t926:6 t523:6 t523:7 t468:7
slv-736-5624,t736:0 t693:1 t523:2 t523:3 t182:4
slv-736-6225,t670:2 t670:4 t486:5
slv-736-6951,t460:1 t240:1 t926:2 t569:3 t523:3 t523:4 t569:4
slv-736-6999,t601:1 t601:2 t601:4
slv-736-7014,t903:1 t860:2 t670:3 t601:3 t601:4 t670:5 t545:5 t843:5 t843:5 t670:6 t843:6
slv-736-7739,t885:1 t860:4 t903:4 t860:5
slv-737-0270,t670:2 t670:4 t486:5
slv-737-2012,t736:0 t693:1 t682:2 t523:3 t523:4 t182:4
slv-737-2648,t601:1 t601:2 t601:4
slv-737-3598,t670:2 t670:4 t486:5
slv-737-4563,t670:2 t670:4 t486:5
slv-737-4599,t601:1 t601:2 t601:4
slv-737-5767,t670:2 t486:4 t486:5 t670:5 t670:6
slv-737-5874,t670:5 t670:6 t486:7 t670:7
slv-737-6891,t904:0 t545:0 t523:2 t523:3 t182:4
slv-737-6903,t167:1 t391:2 t545:3 t523:3 t240:4 t523:4 t523:5 t468:5
slv-737-8399,t764:5 t670:6 t670:7 t486:7 t670:7
slv-737-9994,t523:0 t523:1 t581:1 t523:2 t569:3 t996:4 t569:5
slv-738-0213,t670:2 t670:4 t486:5
slv-738-0549,t904:0 t545:2 t670:3 t843:4 t523:5 t182:6
slv-738-1497,t788:1 t523:2 t523:3 t581:4
slv-738-1912,t448:1 t240:2 t523:3 t523:4 t182:4 t764:5 t885:6
slv-738-2387,t920:1 t240:2 t278:2 t523:3 t523:3 t468:4 t764:5 t860:6
slv-738-2668,t670:0 t670:3 t486:5
slv-738-3067,t486:2 t486:4 t469:5 t636:5 t730:5 t523:6 t182:7
slv-738-3751,t904:5 t693:6 t693:7 t670:7 t693:7 t636:7
slv-738-6102,t670:0 t670:3 t486:5
slv-738-7500,t670:2 t486:4 t486:5 t670:5 t670:6
slv-738-7859,t523:1 t182:3 t885:4 t860:5
slv-738-7983,t391:0 t760:0 t391:0 t545:1 t670:3
slv-739-1298,t536:1 t240:1 t926:2 t468:3
slv-739-2784,t167:1 t391:2 t904:3 t860:4 t545:5
slv-739-4579,t391:0 t545:1 t391:4
slv-739-6636,t670:2 t670:4 t486:5
slv-739-7168,t736:0 t240:1 t523:3 t523:4 t182:4
slv-739-7560,t670:2 t670:4 t486:5
slv-739-7612,t523:0 t523:0 t926:2 t926:2 t523:3 t468:3
slv-739-8247,t920:1 t240:2 t523:3 t523:4 t468:5 t860:6
slv-739-8570,t670:2 t670:4 t486:5
slv-739-8842,t670:2 t670:4 t486:5
slv-739-8978,t601:1 t601:3 t601:4
slv-739-9242,t693:1 t636:2 t693:3 t670:3 t843:4 t843:4 t601:5 t601:5
slv-739-9797,t670:2 t670:4 t486:5
slv-739-9995,t920:1 t240:2 t523:2 t569:3 t523:4 t523:4 t468:5
slv-740-0363,t670:2 t670:4 t486:5
slv-740-2836,t670:2 t670:4 t486:5
slv-740-3276,t460:1 t240:2 t523:3 t569:4 t523:5 t523:5 t468:6
slv-740-3390,t555:1 t486:3 t523:4 t523:5 t182:7
slv-740-4134,t905:0 t545:1
slv-740-5396,t926:1 t468:3
slv-740-6233,t670:2 t670:4 t486:5
slv-740-6780,t860:0 t545:2
slv-740-7053,t670:2 t670:4 t486:5
slv-740-7977,t920:1 t240:2 t278:2 t523:3 t523:3 t468:4 t764:5 t860:6
slv-740-7981,t182:0 t764:5 t764:6 t860:7
slv-740-8503,t460:1 t240:2 t926:3 t468:4
slv-740-8648,t670:2 t670:4 t486:5
slv-740-9089,t670:2 t670:4 t486:5
slv-740-9231,t670:2 t670:4 t486:5
slv-740-9270,t601:1 t601:2 t601:3
slv-740-9483,t670:2 t670:4 t486:5
slv-741-0770,t167:1 t391:2 t904:3 t860:4 t545:5
slv-741-1209,t670:2 t670:4 t486:5
slv-741-3013,t736:0 t693:1 t636:1 t240:2 t523:3 t523:4 t182:5
slv-741-3032,t904:0 t860:0 t545:1
slv-741-3206,t670:2 t670:4 t486:5
slv-741-4137,t670:2 t486:4 t486:5 t670:5 t670:6
slv-741-4162,t920:1 t240:2 t278:2 t523:3 t523:3 t468:4 t764:5 t860:6
slv-741-5130,t829:2 t788:3 t523:4 t523:4 t581:5
slv-741-5136,t905:0 t545:1
slv-741-5595,t396:0 t523:2 t523:3 t182:4
slv-741-5847,t926:1 t996:1
slv-741-6059,t670:2 t670:4 t486:5
slv-741-9048,t670:2 t670:4 t486:5
slv-741-9962,t601:1 t601:2 t601:4
slv-742-0201,t523:3 t182:4
slv-742-0216,t670:2 t670:4 t486:5
slv-742-0392,t676:1 t523:3 t569:4 t523:5 t523:6 t468:7
slv-742-0923,t670:2 t670:4 t486:5
slv-742-1103,t829:2 t788:3 t523:4 t523:4 t581:5
slv-742-1252,t904:0 t545:0 t391:1 t545:3
slv-742-1717,t391:0 t545:1
slv-742-2504,t391:0 t736:1 t112:3 t523:4 t523:5 t182:6 t764:6 t764:7 t903:7 t860:7
slv-742-2635,t636:0 t736:1 t523:3 t240:4 t523:5 t523:5 t182:6 t764:7
slv-742-3436,t693:1 t636:2 t693:3 t670:3 t843:4 t843:4 t601:5 t601:5
slv-742-3976,t670:2 t670:4 t486:5
slv-742-5630,t128:3 t128:5 t631:6 t631:7
slv-742-6319,t670:2 t486:4 t486:5 t670:5 t670:6
slv-742-6587,t545:1 t523:3 t182:4 t523:5 t581:6
slv-742-6748,t670:2 t670:4 t486:5
slv-742-7345,t670:2 t670:4 t486:5
slv-742-7395,t631:3 t631:5 t631:6
slv-742-8151,t764:5 t670:6 t670:7 t486:7 t670:7
slv-742-8603,t920:1 t240:2 t278:2 t523:3 t523:3 t468:4 t764:5 t860:6
slv-742-8918,t670:2 t670:4 t486:5
slv-742-9031,t448:0 t240:0 t448:3 t468:4 t860:6
slv-743-0640,t670:2 t670:4 t486:5
slv-743-1563,t523:3 t182:5
slv-743-1580,t788:1 t523:3 t523:3 t182:4
slv-743-2496,t616:1 t523:2 t523:3 t581:4 t523:4 t569:5
slv-743-4243,t736:0 t693:1 t636:1 t240:2 t523:3 t523:4 t182:5
slv-743-4659,t391:0 t736:1 t112:3 t523:4 t523:5 t182:6 t764:6 t764:7 t903:7 t860:7
slv-743-7857,t486:2 t486:4 t469:5 t636:5 t730:5 t523:6 t182:7
slv-743-8163,t739:1 t545:2 t391:3 t545:4
slv-743-8358,t391:0 t905:0 t904:0 t860:0 t545:1 t391:2 t545:4
slv-743-8725,t448:1 t240:2 t523:3 t523:4 t182:4 t764:5 t885:6
slv-743-9543,t676:1 t523:3 t569:4 t523:5 t523:6 t468:7
slv-743-9560,t309:2 t460:3 t240:3 t523:4 t569:4 t523:5 t523:5 t468:6
slv-743-9634,t670:2 t670:4 t486:5
slv-744-0343,t167:0 t391:1 t545:2
slv-744-1213,t636:0 t167:1 t240:1 t926:2 t523:3 t523:4 t926:5
slv-744-2555,t676:1 t523:3 t569:4 t523:5 t523:6 t468:7
slv-744-3301,t670:2 t486:4 t486:5 t670:5 t670:6
slv-744-3525,t670:2 t670:4 t486:5
slv-744-4008,t167:1 t391:1 t496:2 t391:3 t545:3 t523:4 t523:4 t182:5
slv-744-4354,t904:3 t904:5 t670:6 t670:7 t693:7 t636:7
slv-744-5699,t448:0 t240:1 t523:2 t523:3 t182:3 t523:4 t468:5
slv-744-6400,t670:2 t670:4 t486:5
slv-744-6613,t736:0 t693:1 t636:1 t240:2 t523:3 t523:4 t182:5
slv-744-6709,t860:0 t545:1 t904:2 t545:3 t391:4 t545:4
slv-744-7296,t486:2 t486:4 t469:5 t636:5 t730:5 t523:6 t182:7
slv-744-7297,t555:1 t486:3 t523:4 t523:5 t182:7
slv-744-7979,t670:2 t670:4 t486:5
slv-744-8094,t670:2 t670:4 t486:5
slv-744-8198,t764:2 t670:5 t670:6 t486:6 t670:7
slv-744-9182,t536:1 t240:1 t926:2 t468:3
slv-745-0028,t693:2 t636:4 t885:5 t860:6
slv-745-0080,t460:2 t240:5 t523:6 t523:6 t468:7 t670:7 t670:7 t636:7
slv-745-1292,t601:1 t601:2 t601:4
slv-745-1380,t920:1 t240:2 t278:2 t523:3 t523:3 t468:4 t764:5 t860:6
slv-745-2435,t670:2 t670:4 t486:5
slv-745-2479,t545:0 t391:1 t545:2 t904:3 t545:4
slv-745-3131,t670:2 t670:4 t486:5
slv-745-3313,t670:2 t670:4 t486:5
slv-745-4856,t670:2 t486:4 t486:5 t670:5 t670:6
slv-745-5845,t240:1 t468:3 t240:4 t926:5 t523:5 t523:6 t468:7
slv-745-5938,t670:2 t670:4 t486:5
slv-745-6080,t486:2 t486:4 t469:5 t636:5 t730:5 t523:6 t182:7
slv-745-6132,t670:2 t670:4 t486:5
slv-745-6137,t523:2 t523:3 t182:4
slv-745-6505,t926:1 t996:1
slv-745-6866,t240:0 t569:1 t240:2 t523:3
slv-745-7123,t670:2 t670:4 t486:5
slv-745-7785,t788:1 t523:3 t523:3 t182:4
slv-745-8276,t670:2 t486:4 t486:5 t670:5 t670:6
slv-745-9336,t536:1 t240:1 t926:2 t468:3
slv-746-0527,t670:2 t670:4 t486:5
slv-746-0719,t240:1 t523:2 t523:3 t468:3 t996:3 t569:5
slv-746-1068,t670:1 t843:3 t843:4 t523:4 t182:7
slv-746-2052,t496:0 t391:0 t904:0 t545:2
slv-746-2236,t391:0 t545:1
slv-746-4109,t670:2 t670:4 t486:5
slv-746-4973,t905:0 t545:0 t860:1 t545:2
slv-746-5315,t448:1 t240:2 t523:3 t523:4 t182:4 t764:5 t885:6
slv-746-7386,t670:2 t670:4 t486:5
slv-746-7745,t905:0 t545:1
slv-746-7757,t240:1 t278:1 t240:2 t523:3 t523:3 t278:3 t278:4 t523:4 t468:5
slv-746-8059,t545:0 t391:1 t545:1 t240:2 t926:3 t926:3 t523:3 t523:4 t468:5
slv-746-8685,t496:0 t391:0 t904:0 t545:2
slv-746-8776,t391:1 t736:2 t112:3 t545:3 t523:4 t240:4 t523:4 t523:5 t581:5 t885:6
slv-747-0405,t523:1 t523:3 t581:3
slv-747-0579,t616:1 t523:2 t523:3
slv-747-2171,t601:1 t601:2 t601:4
slv-747-2452,t670:2 t670:4 t486:5
slv-747-3118,t670:2 t670:4 t486:5
slv-747-3580,t670:2 t670:4 t486:5
slv-747-3715,t736:0 t486:1 t486:3 t670:3 t523:4 t523:5 t182:6
slv-747-3829,t523:3 t182:4
slv-747-4334,t670:2 t670:4 t486:5
slv-747-4422,t670:2 t670:4 t486:5
slv-747-5611,t670:2 t670:4 t486:5
slv-747-6117,t670:2 t486:4 t486:5 t670:5 t670:6
slv-747-6209,t670:2 t670:4 t486:5
slv-747-7007,t460:1 t240:1 t523:2 t569:3 t523:3 t523:4 t468:5
slv-747-7442,t391:1 t545:1 t739:3 t545:4
slv-747-7595,t739:1 t545:2 t391:3 t545:4
slv-747-7972,t523:1 t523:2 t468:3 t670:4 t523:5 t581:6
slv-747-8484,t920:1 t240:1 t278:2 t523:3 t468:3 t278:3 t278:4 t926:5 t468:6
slv-747-9233,t670:2 t670:4 t486:5
slv-747-9869,t670:2 t670:4 t486:5
slv-748-0478,t670:2 t670:4 t486:5
slv-748-1235,t579:1 t579:2 t843:3 t843:4 t579:5
slv-748-1264,t670:2 t670:4 t486:5
slv-748-2205,t693:4 t670:5 t670:6 t523:6 t182:7 t885:7 t860:7
slv-748-2835,t601:1 t601:2 t601:3
slv-748-4780,t788:5 t523:6 t523:7 t581:7
slv-748-5317,t523:3 t182:3
slv-748-5386,t391:0 t448:0 t460:1 t240:3 t523:5 t523:6 t468:6 t670:7 t670:7
slv-748-5924,t670:2 t670:4 t486:5
slv-748-6058,t240:1 t926:2 t240:3 t468:6
slv-748-6670,t523:1 t523:3 t182:3
slv-748-8049,t670:2 t670:4 t486:5
slv-748-8077,t860:0 t545:2
slv-748-8222,t670:2 t670:4 t486:5
slv-748-9266,t396:0 t240:1 t523:2 t523:3 t182:3 t240:3 t926:4 t468:5
slv-748-9773,t167:1 t391:2 t904:2 t545:3
slv-748-9869,t670:2 t670:4 t486:5
slv-748-9921,t670:2 t670:4 t486:5
slv-748-9949,t905:0 t545:1
slv-749-1471,t693:4 t636:5 t523:6 t523:6 t182:7
slv-749-1477,t920:1 t240:2 t523:3 t523:4 t468:5 t860:6
slv-749-2201,t523:1 t523:2 t182:3
slv-749-3714,t670:2 t670:4 t486:5
slv-749-4216,t788:1 t523:2 t523:3 t581:4
slv-749-4462,t167:1 t391:1 t496:2 t391:3 t545:3 t523:4 t523:4 t182:5
slv-749-4717,t670:2 t670:4 t486:5
slv-749-4770,t670:2 t670:4 t486:5
slv-749-5307,t240:2 t926:4 t926:5 t523:6 t523:6 t182:7
slv-749-6205,t920:1 t240:2 t278:2 t523:3 t523:3 t468:4 t764:5 t860:6
slv-749-7162,t788:1 t523:3 t523:4 t581:5
slv-749-9611,t904:0 t545:2 t670:3 t843:4 t523:5 t182:6
slv-750-1415,t670:2 t670:4 t486:5
slv-750-2795,t788:1 t523:2 t523:3 t581:4
slv-750-4082,t391:0 t545:1 t545:2 t523:3 t523:4 t182:4
slv-750-4637,t905:0 t545:0 t860:1 t545:2
slv-750-4756,t448:1 t240:3 t523:5 t468:6 t670:6 t670:7 t860:7 t220:7
slv-750-5033,t920:1 t240:2 t278:2 t523:3 t523:3 t468:4 t764:5 t860:6
slv-750-6394,t920:1 t240:2 t278:2 t523:3 t523:3 t468:4 t764:5 t860:6
slv-750-6447,t670:2 t670:4 t486:5
slv-750-6819,t536:1 t240:1 t926:2 t468:3
slv-750-7598,t670:2 t670:4 t486:5
slv-750-8072,t167:0 t391:1 t545:2
slv-750-8089,t448:0 t240:1 t523:2 t523:3 t468:3 t926:4 t468:5
slv-750-8206,t240:4 t670:6 t885:7 t860:7 t670:7 t670:7 t523:7 t182:7
slv-750-8241,t579:1 t579:1 t843:3 t843:4
slv-750-9588,t885:1 t860:2 t903:4 t860:6
slv-750-9771,t670:2 t670:4 t486:5
slv-750-9775,t670:2 t670:4 t486:5
slv-750-9821,t670:2 t486:4 t486:5 t670:5 t670:6
slv-751-0258,t240:1 t926:1 t468:2 t240:3 t278:3 t523:3 t523:4 t468:5
slv-751-1461,t670:2 t670:4 t486:5
slv-751-2943,t670:2 t670:4 t486:5
slv-751-3156,t112:2 t523:2 t182:2 t730:3 t240:3 t926:4 t926:4 t468:6
slv-751-3308,t167:1 t391:2 t545:3 t523:3 t240:4 t523:4 t523:5 t468:5
slv-751-3328,t631:3 t631:5 t631:6
slv-751-4390,t904:5 t693:6 t693:7 t670:7 t693:7 t636:7
slv-751-4510,t167:1 t391:2 t545:3 t523:3 t240:4 t523:4 t523:5 t468:5
slv-751-4698,t670:2 t670:4 t486:5
slv-751-5725,t460:1 t240:2 t523:3 t569:4 t523:5 t523:5 t468:6
slv-751-5952,t601:1 t601:2 t601:4
slv-751-6191,t391:1 t545:1 t739:3 t545:4
slv-751-6717,t670:2 t670:4 t486:5
slv-751-6988,t391:1 t736:2 t112:3 t545:3 t523:4 t240:4 t523:4 t523:5 t581:5 t885:6
slv-751-7665,t636:0 t885:0 t903:1 t860:3 t903:5
slv-751-8910,t670:2 t670:4 t486:5
slv-751-9086,t670:2 t670:4 t486:5
slv-751-9784,t569:0 t523:1 t523:2 t926:3
slv-752-0756,t670:2 t486:4 t486:5 t670:5 t670:6
slv-752-1229,t670:2 t670:4 t486:5
slv-752-2222,t670:2 t670:4 t486:5
slv-752-2758,t670:2 t670:4 t486:5
slv-752-3655,t920:1 t240:2 t278:2 t523:3 t523:3 t468:4 t764:5 t860:6
slv-752-5082,t636:0 t391:0 t545:1 t670:2 t670:3 t486:3 t240:3 t523:3 t523:3 t182:5
slv-752-5204,t496:0 t391:0 t904:0 t545:3
slv-752-5475,t377:1 t377:2 t377:3 t377:4
slv-752-5931,t670:2 t670:4 t486:5
slv-752-6074,t814:0 t814:2 t517:4 t517:5
slv-752-6148,t670:2 t670:4 t486:5
slv-752-6596,t788:1 t523:2 t523:3 t182:3
slv-752-6807,t693:1 t636:2 t693:3 t670:3 t843:4 t843:4 t601:5 t601:5
slv-752-7772,t391:0 t905:0 t860:0 t545:2
slv-752-9177,t670:2 t670:4 t486:5
slv-753-1816,t391:0 t545:2
slv-753-2402,t523:5 t182:6 t670:7 t885:7 t860:7 t670:7 t182:7
slv-753-2781,t670:2 t486:4 t670:5 t670:6
slv-753-3941,t448:0 t240:0 t448:3 t468:4 t860:6
slv-753-3981,t926:1 t523:3 t523:3 t468:3
slv-753-4037,t670:2 t670:4 t486:5
slv-753-5198,t523:3 t182:4
slv-753-5494,t460:1 t240:2 t926:3 t468:4
slv-753-7267,t240:1 t926:2 t240:3 t468:6
slv-753-8039,t523:2 t523:3 t182:4
slv-753-8259,t616:1 t523:2 t523:3 t569:4
slv-753-8495,t860:0 t545:2
slv-753-9493,t670:2 t670:4 t486:5
slv-754-0008,t670:2 t486:4 t486:5 t670:5 t670:6
slv-754-0604,t676:1 t523:3 t569:4 t523:5 t523:6 t468:7
slv-754-0630,t523:1 t523:3 t182:3
slv-754-0860,t920:1 t240:2 t278:2 t523:3 t523:3 t468:4 t764:5 t860:6
slv-754-2126,t670:2 t670:4 t486:5
slv-754-2765,t536:1 t240:1 t926:2 t468:3
slv-754-5335,t788:1 t523:3 t523:4 t581:5
slv-754-6673,t670:2 t670:4 t486:5
slv-754-7291,t670:2 t670:4 t486:5
slv-754-8312,t605:1 t240:3 t523:4 t523:5 t468:5 t860:6
slv-754-8904,t920:1 t240:2 t523:3 t523:4 t468:5 t860:6
slv-754-9173,t460:0 t240:1 t926:2 t523:3 t523:4 t569:5
slv-754-9261,t240:2 t926:4 t523:5 t182:6 t523:6 t468:7 t670:7 t670:7
slv-755-1349,t920:1 t240:2 t523:3 t523:4 t468:5 t860:6
slv-755-1533,t460:1 t240:2 t523:3 t523:3 t569:4 t523:4 t523:5 t468:6
slv-755-1916,t636:0 t167:0 t496:1 t391:2 t545:2 t240:3 t523:4 t523:4 t182:5
slv-755-2517,t920:3 t920:4 t920:5
slv-755-2585,t167:1 t391:1 t496:2 t391:3 t545:3 t523:4 t523:4 t182:5
slv-755-2610,t670:2 t670:4 t486:5
slv-755-2845,t693:1 t636:2 t693:3 t670:3 t843:4 t843:4 t601:5 t601:5
slv-755-3596,t670:2 t670:4 t486:5
slv-755-3729,t670:2 t670:4 t486:5
slv-755-4897,t496:0 t391:0 t904:0 t545:3
slv-755-5827,t670:0 t670:3 t486:5
slv-755-6282,t860:0 t545:1 t391:2 t545:4
slv-755-6340,t523:2 t523:3 t182:4
slv-755-6388,t601:1 t601:3 t601:4
slv-755-6755,t670:2 t670:4 t486:5
slv-755-6821,t670:2 t670:4 t486:5
slv-755-7754,t523:3 t182:4 t764:6 t860:7
slv-755-8204,t730:1 t240:2 t926:3 t926:4 t523:4 t468:5
slv-755-8366,t391:0 t736:1 t112:3 t523:4 t523:5 t182:6 t764:6 t764:7 t903:7 t860:7
slv-755-8378,t920:1 t240:2 t278:2 t523:3 t523:3 t468:4 t764:5 t860:6
slv-755-8731,t670:1 t843:3 t843:4 t523:4 t182:7
slv-755-8739,t920:1 t240:2 t523:3 t523:4 t468:5 t860:6
slv-755-9726,t670:2 t670:4 t486:5
slv-755-9753,t391:0 t545:1 t240:2 t523:3 t523:3 t926:3 t468:4
slv-755-9873,t391:0 t904:0 t545:1 t240:2 t523:2 t523:3 t182:4 t885:4 t860:5
slv-756-0022,t670:2 t670:4 t486:5
slv-756-0061,t523:2 t523:3 t182:4
slv-756-0071,t920:1 t240:2 t523:2 t569:3 t523:4 t523:4 t468:5
slv-756-0138,t670:2 t670:4 t486:5
slv-756-0206,t523:0 t569:1 t523:2 t523:3 t581:3 t569:3 t996:4 t569:5
slv-756-0377,t788:0 t523:3 t523:3 t182:4
slv-756-0381,t670:2 t670:4 t486:5
slv-756-0560,t391:0 t736:1 t112:2 t545:3 t240:3 t523:4 t523:4 t581:5 t523:6 t468:6 t764:7
slv-756-0622,t290:1 t785:3 t785:3 t814:4 t814:5
slv-756-0682,t631:3 t631:4 t631:5 t631:6
slv-756-1246,t448:0 t545:1 t448:2 t240:3 t926:3 t468:4 t764:6
slv-756-2554,t670:2 t670:4 t486:5
slv-756-2897,t670:2 t670:4 t486:5
slv-756-4734,t396:0 t523:3 t523:4 t182:4
slv-756-6480,t496:0 t391:0 t904:0 t545:3
slv-756-6763,t670:2 t670:4 t486:5
slv-756-7509,t523:0 t569:1 t523:2 t523:3 t581:3 t569:3 t996:4 t569:5
slv-756-7634,t736:0 t693:1 t523:2 t523:3 t182:4
slv-756-7882,t670:0 t670:3 t486:5
slv-756-8735,t240:1 t523:2
slv-756-9742,t920:3 t920:4 t920:5
slv-756-9812,t920:1 t240:2 t278:2 t523:3 t523:3 t468:4 t764:5 t860:6
slv-757-0086,t523:0 t569:1 t523:2 t523:3 t581:3 t569:3 t996:4 t569:5
slv-757-0360,t601:1 t601:2 t601:3
slv-757-0852,t903:1 t860:2 t670:3 t601:3 t601:4 t670:5 t545:5 t843:5 t843:5 t670:6 t843:6
slv-757-1062,t240:1 t926:1 t468:2 t240:3 t278:3 t523:3 t523:4 t468:5
slv-757-1104,t636:0 t904:3 t885:4 t860:5
slv-757-2470,t670:2 t486:4 t486:5 t670:5 t670:6
slv-757-2914,t670:2 t670:4 t486:5
slv-757-3472,t460:0 t240:2 t523:3 t569:3 t523:4 t523:4 t468:5
slv-757-3836,t670:2 t670:4 t486:5
slv-757-4029,t496:0 t860:1 t903:1 t860:2 t545:4
slv-757-4133,t601:1 t601:3 t601:4
slv-757-4767,t670:2 t670:4 t486:5
slv-757-5026,t391:0 t545:1 t240:2 t523:3 t523:4
slv-757-5689,t448:1 t240:3 t523:5 t468:6 t670:6 t670:7 t860:7 t220:7
slv-757-5942,t523:2 t523:3 t182:4
slv-757-6399,t670:2 t670:4 t486:5
slv-757-6707,t391:0 t860:0 t545:2
slv-757-6900,t240:1 t926:1 t468:2 t240:3 t278:3 t523:3 t523:4 t468:5
slv-757-7063,t240:1 t523:1 t523:2 t569:3 t523:4 t468:5
slv-757-7095,t920:3 t920:4 t920:5
slv-757-7256,t670:2 t670:4 t486:5
slv-757-7417,t736:0 t693:1 t636:1 t240:2 t523:3 t523:4 t182:5
slv-757-8672,t167:1 t391:2 t545:3 t523:3 t240:4 t523:4 t523:5 t468:5
slv-757-9504,t788:1 t523:2 t523:3 t581:4
slv-757-9743,t240:2 t926:5 t926:6 t523:7 t182:7 t693:7 t670:7 t885:7 t860:7
slv-758-0585,t309:2 t460:3 t240:3 t523:4 t569:4 t523:5 t523:5 t468:6
slv-758-1084,t240:2 t523:3 t523:4 t182:4 t764:6 t764:6 t636:7 t903:7 t860:7
slv-758-1497,t670:2 t670:4 t486:5
slv-758-1592,t391:0 t904:0 t860:0 t545:2
slv-758-2831,t860:4 t670:6 t670:7 t904:7 t670:7
slv-758-2928,t496:0 t391:0 t905:0 t391:1 t545:3
slv-758-3228,t670:5 t670:6 t486:7 t670:7
slv-758-4426,t730:1 t240:2 t926:3 t926:4 t523:4 t468:5
slv-758-4468,t670:2 t670:4 t486:5
slv-758-4851,t670:2 t670:4 t486:5
slv-758-5143,t448:2 t112:3 t523:4 t523:5 t581:6
slv-758-6459,t545:0 t391:1 t545:2 t904:3 t545:4
slv-758-6666,t920:1 t240:2 t278:2 t523:3 t523:3 t468:4 t764:5 t860:6
slv-758-7174,t670:2 t486:4 t486:5 t670:5 t670:6
slv-758-7922,t670:2 t670:4 t486:5
slv-758-8633,t670:2 t670:4 t486:5
slv-758-8809,t670:2 t670:4 t486:5
slv-758-9549,t391:0 t904:0 t545:0 t860:1 t545:3
slv-758-9857,t920:1 t240:2 t523:3 t523:4 t468:5 t860:6
slv-759-0095,t920:1 t240:2 t278:2 t523:3 t523:3 t468:4 t764:5 t860:6
slv-759-0460,t636:0 t904:3 t885:4 t860:5
slv-759-2029,t391:0 t904:0 t860:0 t545:2
slv-759-3114,t991:3 t631:5 t631:6 t631:7
slv-759-4695,t391:0 t736:1 t112:3 t523:4 t523:5 t182:6 t764:6 t764:7 t903:7 t860:7
slv-759-4706,t670:2 t670:4 t486:5
slv-759-4766,t460:1 t240:2 t523:3 t569:3 t523:4 t523:4 t468:5
slv-759-4817,t240:2 t926:4 t926:5 t523:6 t523:6 t182:7
slv-759-4823,t523:3 t182:4
slv-759-5531,t670:2 t670:4 t486:5
slv-759-7139,t670:2 t670:4 t486:5
slv-759-7473,t396:0 t240:1 t523:2 t523:3 t182:3 t240:4 t926:4 t468:5
slv-759-8840,t670:2 t670:4 t486:5
slv-759-9162,t670:0 t670:3 t486:5
slv-760-0557,t920:1 t240:2 t523:2 t569:3 t523:4 t523:4 t468:5
slv-760-0632,t670:2 t670:4 t486:5
slv-760-0892,t920:1 t240:2 t523:3 t523:4 t468:5 t860:6
slv-760-1237,t670:2 t670:4 t486:5
slv-760-2374,t764:2 t670:5 t670:6 t486:6 t670:7
slv-760-2426,t460:1 t240:2 t523:3 t523:3 t569:4 t523:4 t468:5
slv-760-2939,t693:1 t636:2 t693:3 t670:3 t843:4 t843:4 t601:5 t601:5
slv-760-3587,t676:1 t523:3 t569:4 t523:5 t523:6 t468:7
slv-760-3594,t670:2 t670:4 t486:5
slv-760-4331,t991:3 t631:5 t631:6 t631:7
slv-760-4488,t920:1 t240:2 t278:2 t523:3 t523:3 t468:4 t764:5 t860:6
slv-760-5087,t670:2 t670:4 t486:5
slv-760-5176,t670:2 t670:4 t486:5
slv-760-5607,t240:1 t926:2 t468:3 t885:3 t860:4 t903:4 t860:6
slv-760-6882,t523:2 t182:4 t885:5 t860:6 t670:7
slv-760-7212,t670:0 t670:3 t486:5
slv-760-7559,t741:0 t670:1 t670:2 t396:3
slv-760-7696,t788:0 t523:1 t523:2 t182:3
slv-760-7840,t448:0 t240:2 t523:4 t523:5 t468:6 t764:7 t860:7
slv-760-8791,t460:1 t240:2 t523:3 t569:4 t523:5 t523:5 t468:6
slv-761-0039,t885:0 t860:0
slv-761-0125,t448:0 t240:0 t448:3 t468:4 t860:6
slv-761-1190,t670:2 t670:4 t486:5
slv-761-1408,t670:2 t670:4 t486:5
slv-761-1528,t636:0 t523:2 t523:4 t182:4 t486:5 t670:6 t486:6 t486:7
slv-761-1651,t788:1 t523:2 t523:3 t182:3
slv-761-1671,t905:0 t545:0 t860:1 t545:2
slv-761-2669,t885:0 t860:1 t545:2 t860:3 t391:3 t545:4
slv-761-3403,t670:2 t670:4 t486:5
slv-761-3830,t670:2 t670:4 t486:5
slv-761-4559,t240:1 t926:2 t468:3
slv-761-5071,t764:2 t670:5 t670:6 t486:6 t670:7
slv-761-7058,t670:2 t486:4 t486:5 t670:5 t670:6
slv-761-7167,t448:1 t240:3 t523:5 t468:6 t670:6 t670:7 t860:7 t220:7
slv-761-7489,t739:1 t545:2
slv-761-7625,t167:1 t391:2 t545:3 t523:3 t240:4 t523:4 t523:5 t468:5
slv-761-7994,t670:2 t670:4 t486:5
slv-761-8081,t926:1 t468:3
slv-761-8407,t926:1 t996:1
slv-761-8411,t670:2 t670:4 t486:5
slv-761-9039,t739:0 t545:1 t329:2 t329:3 t545:4
slv-761-9261,t670:2 t670:4 t486:5
slv-761-9488,t905:0 t545:0 t545:1 t860:2 t545:2
slv-761-9912,t523:1 t523:3 t182:4 t885:5 t860:6 t903:6 t860:7
slv-761-9946,t670:0 t670:3 t486:5
slv-762-0274,t905:0 t545:1
slv-762-0298,t670:2 t670:4 t486:5
slv-762-0805,t670:2 t670:4 t486:5
slv-762-2304,t460:0 t240:1 t926:2 t240:2 t523:3
slv-762-3886,t788:1 t523:2 t523:3 t581:4
slv-762-4451,t670:2 t486:4 t486:5 t670:5 t670:6
slv-762-4459,t358:1 t536:2 t240:3 t926:3 t468:5
slv-762-4710,t670:2 t670:4 t486:5
slv-762-4932,t829:2 t788:3 t523:4 t523:4 t581:5
slv-762-5158,t670:0 t670:3 t486:5
slv-762-8219,t448:1 t240:2 t523:3 t523:4 t182:4 t764:5 t885:6
slv-762-8415,t448:1 t240:2 t523:3 t523:4 t468:4 t764:6
slv-762-8652,t391:0 t904:0 t860:0
slv-762-9014,t904:3 t631:5 t631:6 t631:6
slv-762-9318,t670:2 t486:4 t486:5 t670:5 t670:6
slv-762-9751,t460:1 t240:2 t523:3 t569:3 t523:4 t523:4 t468:5
slv-763-0357,t920:1 t240:2 t523:3 t523:4 t468:5 t860:6
slv-763-0812,t670:2 t670:4 t486:5
slv-763-1314,t601:1 t601:2 t601:4
slv-763-1960,t391:0 t860:0 t545:2
slv-763-2198,t167:1 t391:2 t904:3 t860:4 t545:5
slv-763-3596,t676:1 t523:3 t569:4 t523:5 t523:6 t468:7
slv-763-4326,t601:1 t601:3 t601:4
slv-763-5277,t448:0 t240:1 t523:2 t523:3 t468:3 t926:4 t468:5
slv-763-5771,t670:2 t670:4 t486:5
slv-763-5805,t920:1 t240:2 t278:2 t523:3 t523:3 t468:4 t764:5 t860:6
slv-763-6048,t670:2 t670:4 t486:5
slv-763-6240,t448:2 t523:3 t523:4 t182:5 t523:5 t581:6
slv-763-6741,t670:2 t670:4 t486:5
slv-763-6779,t240:2 t523:3 t523:4 t182:4 t764:6 t764:6 t636:7 t903:7 t860:7
slv-763-6841,t448:1 t240:2 t523:3 t523:4 t182:4 t764:5 t885:6
slv-763-7010,t670:2 t670:4 t486:5
slv-763-8083,t460:0 t240:0 t569:1 t569:3 t860:4 t664:5
slv-763-8648,t240:0 t523:1 t523:2 t926:3 t523:3 t581:4
slv-764-0414,t636:2 t904:4 t545:4 t391:5 t545:5
slv-764-1856,t885:0 t904:2 t885:3 t860:4
slv-764-2349,t391:0 t904:0 t860:1 t545:3
slv-764-2937,t486:3 t670:5 t670:6
slv-764-3181,t788:1 t523:2 t523:3 t581:4
slv-764-3323,t860:0 t903:1 t860:1 t545:4
slv-764-3544,t670:2 t670:4 t486:5
slv-764-4101,t523:5 t182:7 t670:7 t182:7 t885:7 t860:7
slv-764-4297,t391:0 t545:1
slv-764-4925,t670:2 t670:4 t486:5
slv-764-6538,t670:2 t486:4 t486:5 t670:5 t670:6
slv-764-7148,t788:1 t523:2 t523:3 t581:4
slv-764-7581,t670:2 t670:4 t486:5
slv-764-8370,t842:5 t842:6
slv-764-8495,t240:1 t926:3 t926:4 t523:5 t523:5 t182:6 t240:6 t468:7
slv-764-8934,t128:1 t128:3 t631:4 t631:5
slv-764-9276,t788:1 t523:3 t523:3 t182:4
slv-764-9370,t523:3 t182:4 t764:6 t860:7
slv-764-9695,t670:2 t670:4 t486:5
slv-765-1231,t188:1 t188:3 t240:4 t926:5 t926:5 t523:6 t182:7
slv-765-4559,t523:3 t182:4 t764:6 t860:7
slv-765-5380,t460:1 t240:2 t523:3 t523:3 t182:4
slv-765-6064,t920:3 t920:4 t920:5
slv-765-6731,t904:0 t545:2 t670:3 t843:4 t523:5 t182:6
slv-765-7027,t905:0 t545:1
slv-765-7058,t920:1 t240:2 t523:3 t523:4 t468:5 t860:6
slv-765-7856,t670:2 t670:4 t486:5
slv-765-8170,t670:2 t670:4 t486:5
slv-765-8881,t448:0 t240:1 t926:2 t523:3 t523:3 t569:5
slv-765-9168,t788:1 t523:3 t523:3 t182:4
slv-765-9932,t670:2 t670:4 t486:5
slv-766-0201,t670:2 t670:4 t486:5
slv-766-0471,t920:1 t240:2 t523:2 t569:3 t523:4 t523:4 t468:5
slv-766-0571,t670:5 t670:6 t486:7 t670:7
slv-766-0618,t670:2 t670:4 t486:5
slv-766-1085,t523:0 t926:2 t523:3 t523:3 t182:4
slv-766-2315,t670:2 t670:4 t486:5
slv-766-3056,t764:2 t670:5 t670:6 t486:6 t670:7
slv-766-3728,t670:2 t670:4 t486:5
slv-766-3778,t670:2 t670:4 t486:5
slv-766-3869,t670:2 t670:4 t486:5
slv-766-5286,t904:4 t631:5 t128:6 t631:6 t631:7
slv-766-5458,t920:1 t240:2 t278:2 t523:3 t523:3 t468:4 t764:5 t860:6
slv-766-5539,t764:2 t670:5 t670:6 t486:6 t670:7
slv-766-5555,t128:3 t128:4 t631:5 t631:5 t329:5 t329:6
slv-766-6399,t167:1 t391:2 t545:3 t523:3 t240:4 t523:4 t523:5 t468:5
slv-766-6565,t670:2 t670:4 t486:5
slv-766-7294,t670:2 t670:4 t486:5
slv-766-8223,t920:1 t240:2 t278:2 t523:3 t523:3 t468:4 t764:5 t860:6
slv-766-8364,t670:2 t670:4 t486:5
slv-766-8737,t240:1 t278:2 t523:3 t523:3 t468:4 t764:5 t885:5 t860:6
slv-766-9148,t670:2 t670:4 t486:5
slv-766-9555,t670:2 t670:4 t486:5
slv-766-9793,t885:1 t860:4 t903:4 t860:5
slv-767-1135,t670:2 t670:4 t486:5
slv-767-1413,t670:2 t670:4 t486:5
slv-767-1552,t670:2 t670:4 t486:5
slv-767-1800,t460:1 t240:2 t523:3 t569:3 t523:4 t523:4 t468:5
slv-767-1857,t448:1 t391:2 t736:3 t112:3 t545:4 t523:4 t523:5 t182:5 t523:6 t581:7
slv-767-2093,t860:0 t903:1 t860:1 t545:3
slv-767-2172,t670:2 t670:4 t486:5
slv-767-2344,t920:1 t240:2 t523:4 t523:4 t468:5 t860:7
slv-767-2740,t523:1 t926:2 t926:3 t523:3 t468:4
slv-767-2823,t545:0 t391:1 t545:1 t240:2 t926:3 t926:3 t523:3 t523:4 t468:5
slv-767-2976,t788:1 t523:2 t523:3 t581:4
slv-767-3055,t670:2 t670:4 t486:5
slv-767-3436,t240:2 t926:4 t926:5 t523:6 t523:6 t182:7
slv-767-3472,t167:1 t391:1 t904:2 t391:3 t545:4
slv-767-4672,t788:1 t523:2 t523:3 t182:3
slv-767-4828,t788:1 t523:3 t523:3 t182:4
slv-767-6054,t682:0 t240:2 t523:3 t523:3 t182:3 t885:3 t523:4 t468:4 t885:5
slv-767-6178,t391:1 t736:2 t112:3 t545:3 t523:4 t240:4 t523:4 t523:5 t581:5 t885:6
slv-767-6506,t240:1 t523:1 t523:2 t926:3 t523:3 t468:4
slv-767-8551,t391:0 t545:1 t240:2 t523:3 t523:4
slv-767-8874,t670:2 t670:4 t486:5
slv-767-9929,t670:2 t670:4 t486:5
slv-768-0835,t670:2 t670:4 t486:5
slv-768-0926,t545:0 t391:1 t545:1 t240:2 t926:3 t926:3 t523:3 t523:4 t468:5
slv-768-1678,t523:1 t523:3 t468:3
slv-768-3499,t670:2 t670:4 t486:5
slv-768-3791,t396:0 t523:3 t523:4 t182:5
slv-768-3793,t670:2 t670:4 t486:5
slv-768-3870,t670:2 t670:4 t486:5
slv-768-4435,t240:1 t926:1 t468:2 t240:3 t278:3 t523:3 t523:4 t468:5
slv-768-4444,t396:0 t240:1 t523:2 t523:3 t182:3 t240:4 t926:4 t468:5
slv-768-5214,t682:0 t240:2 t523:3 t523:3 t182:3 t885:3 t523:4 t468:4 t885:5
slv-768-5800,t670:2 t670:4 t486:5
slv-768-7624,t167:1 t391:2 t545:3 t523:3 t240:4 t523:4 t523:5 t468:5
slv-768-8605,t920:1 t240:2 t523:3 t523:4 t468:5 t860:6
slv-768-8951,t486:2 t486:4 t469:5 t636:5 t730:5 t523:6 t182:7
slv-768-9425,t391:0 t736:1 t112:2 t545:3 t240:3 t523:4 t523:4 t581:5 t523:6 t468:6 t764:7
slv-769-0193,t460:1 t240:2 t523:3 t569:4 t523:5 t523:5 t468:6
slv-769-1049,t926:0 t926:1 t523:2 t523:3 t926:3
slv-769-1346,t920:1 t240:2 t523:2 t569:3 t523:4 t523:4 t468:5
slv-769-2457,t670:2 t486:4 t486:5 t670:5 t670:6
slv-769-2660,t391:0 t736:1 t112:2 t545:3 t240:3 t523:4 t523:4 t581:5 t523:6 t468:6 t764:7
slv-769-3942,t460:1 t240:2 t523:3 t523:3 t182:4
slv-769-4093,t240:1 t278:2 t523:3 t523:3 t468:4 t764:5 t885:5 t860:6
slv-769-4229,t670:2 t670:4 t486:5
slv-769-5708,t601:1 t601:2 t601:4
slv-769-6509,t167:1 t391:2 t545:3 t523:3 t240:4 t523:4 t523:5 t468:5
slv-769-7210,t920:3 t920:4 t920:5
slv-769-8281,t670:2 t670:4 t486:5
slv-769-9007,t670:2 t670:4 t486:5
slv-769-9814,t670:2 t486:4 t486:5 t670:5 t670:6
slv-770-0902,t920:1 t240:2 t278:2 t523:3 t523:3 t468:4 t764:5 t860:6
slv-770-1933,t670:2 t670:4 t486:5
slv-770-2666,t391:0 t736:1 t112:3 t523:4 t523:5 t182:6 t764:6 t764:7 t903:7 t860:7
slv-770-3562,t391:1 t736:2 t112:3 t545:3 t523:4 t240:4 t523:4 t523:5 t581:5 t885:6
slv-770-4797,t167:0 t391:1 t545:2 t240:3 t523:3 t523:4 t468:4
slv-770-4907,t788:0 t523:1 t523:2 t182:3
slv-770-5038,t391:1 t736:2 t112:3 t545:3 t523:4 t240:4 t523:4 t523:5 t581:5 t885:6
slv-770-5261,t670:2 t486:4 t486:5 t670:5 t670:6
slv-770-5367,t391:0 t736:1 t112:3 t523:4 t523:5 t182:6 t764:6 t764:7 t903:7 t860:7
slv-770-5513,t670:2 t486:4 t486:5 t670:5 t670:6
slv-770-5526,t496:0 t391:0 t904:0 t545:2
slv-770-7344,t920:1 t240:2 t523:3 t523:4 t468:5 t860:6
slv-770-9743,t736:0 t486:1 t486:3 t670:3 t523:4 t523:5 t182:6
slv-771-0601,t670:2 t670:4 t486:5
slv-771-0710,t601:1 t601:3 t601:4
slv-771-0802,t920:1 t240:2 t523:3 t569:5 t523:6 t468:7 t670:7
slv-771-1593,t670:2 t670:4 t486:5
slv-771-2006,t670:2 t670:4 t486:5
slv-771-2412,t391:0 t545:2
slv-771-3000,t631:3 t631:4 t631:5 t631:6
slv-771-3257,t920:1 t240:2 t523:3 t523:4 t468:5 t860:6
slv-771-3330,t670:2 t670:4 t486:5
slv-771-3751,t860:0 t545:2
slv-771-5028,t926:1 t468:3
slv-771-5116,t670:1 t670:2 t133:3 t741:3 t396:4 t636:4 t885:4 t860:5
slv-771-5722,t670:2 t486:4 t486:5 t670:5 t670:6
slv-771-6412,t670:2 t670:4 t486:5
slv-771-7334,t926:1 t468:3
slv-771-7901,t545:0 t240:1 t569:2 t523:4 t240:5 t523:6 t468:7
slv-771-9354,t670:2 t486:4 t486:5 t670:5 t670:6
slv-771-9679,t240:0 t523:0 t523:1 t926:2 t523:3 t468:4
slv-772-0455,t391:0 t904:0 t860:1 t545:3
slv-772-0857,t736:0 t693:1 t636:1 t240:2 t523:3 t523:4 t182:5
slv-772-1464,t391:0 t904:0 t670:1 t885:2 t860:4 t670:5
slv-772-1478,t391:0 t904:0 t545:2
slv-772-1524,t670:2 t670:4 t486:5
slv-772-2201,t523:3 t182:4 t764:6 t860:7
slv-772-2795,t616:1 t523:2 t523:3 t569:4
slv-772-3860,t391:0 t736:1 t112:3 t523:4 t523:5 t182:6 t764:6 t764:7 t903:7 t860:7
slv-772-4310,t240:1 t926:1 t468:2 t240:3 t278:3 t523:3 t523:4 t468:5
slv-772-9525,t670:2 t670:4 t486:5
slv-773-0200,t391:0 t736:1 t112:2 t545:3 t240:3 t523:4 t523:4 t581:5 t523:6 t468:6 t764:7
slv-773-0831,t903:1 t860:2 t670:3 t601:3 t601:4 t670:5 t545:5 t843:5 t843:5 t670:6 t843:6
slv-773-1117,t240:0 t523:1 t240:1 t926:2 t523:3
slv-773-2339,t670:2 t670:4 t486:5
slv-773-2862,t670:2 t670:4 t486:5
slv-773-2922,t631:3 t631:5 t631:6
slv-773-4303,t670:2 t670:4 t486:5
slv-773-5325,t670:2 t670:4 t486:5
slv-773-5707,t391:0 t904:0 t545:1 t240:2 t523:2 t523:3 t182:4 t885:4 t860:5
slv-773-5983,t240:0 t523:2 t523:3 t182:4
slv-773-6329,t601:1 t601:2 t601:4
slv-773-6950,t682:0 t240:2 t523:3 t523:3 t182:3 t885:3 t523:4 t468:4 t885:5
slv-773-8457,t391:1 t736:2 t112:3 t545:3 t523:4 t240:4 t523:4 t523:5 t581:5 t885:6
slv-773-8941,t670:2 t670:4 t486:5
slv-773-9089,t764:2 t670:5 t670:6 t486:6 t670:7
slv-773-9342,t670:2 t670:4 t486:5
slv-773-9472,t670:2 t670:4 t486:5
slv-773-9645,t788:0 t523:2 t523:3 t581:4
slv-773-9874,t788:1 t523:2 t523:3 t581:4
slv-774-1115,t670:2 t670:4 t486:5
slv-774-3497,t920:1 t240:2 t523:3 t523:4 t468:5 t860:6
slv-774-3575,t670:0 t670:3 t486:5
slv-774-4206,t601:1 t601:3 t601:4
slv-774-4956,t920:1 t240:2 t523:3 t523:4 t468:5 t860:6
slv-774-7325,t601:1 t601:2 t601:4
slv-774-7910,t788:0 t523:2 t523:3 t581:4
slv-774-9665,t601:1 t601:2 t601:4
slv-774-9839,t616:1 t523:2 t523:3 t569:4
slv-775-1081,t496:0 t391:0 t904:0 t545:2
slv-775-1381,t670:1 t843:3 t843:4 t523:4 t182:7
slv-775-1685,t523:1 t523:3 t182:3
slv-775-2351,t788:1 t523:2 t523:3 t581:4
slv-775-2422,t391:0 t905:0 t860:0 t545:2
slv-775-3007,t545:1 t523:2 t523:3 t182:4
slv-775-3073,t920:1 t240:2 t278:2 t523:3 t523:3 t468:4 t764:5 t860:6
slv-775-3113,t391:0 t760:0 t391:0 t545:1 t670:3
slv-775-3505,t920:1 t240:2 t278:2 t523:3 t523:3 t468:4 t764:5 t860:6
slv-775-3760,t920:1 t240:2 t278:2 t523:3 t523:3 t468:4 t764:5 t860:6
slv-775-3905,t112:2 t523:2 t182:2 t730:3 t240:3 t926:4 t926:4 t468:6
slv-775-4144,t885:1 t860:3 t670:4 t670:5 t843:6
slv-775-4243,t240:1 t523:1 t523:3 t569:3 t523:4 t468:5
slv-775-4767,t523:0 t523:2 t468:3
slv-775-4814,t290:0 t785:0 t785:1 t814:2 t814:3 t290:3 t290:5
slv-775-5197,t860:0 t545:2
slv-775-7120,t788:1 t523:2 t523:3 t581:4
slv-775-7142,t788:1 t523:3 t523:3 t182:4
slv-775-9015,t460:1 t240:2 t523:3 t569:4 t523:5 t523:5 t468:6
slv-775-9740,t240:1 t569:2 t860:5 t240:6 t523:7 t468:7
slv-776-0190,t926:1 t523:3 t523:3 t468:3
slv-776-0850,t460:1 t240:2 t926:3 t468:4
slv-776-1836,t670:2 t670:4 t486:5
slv-776-2208,t636:0 t885:0 t903:1 t860:3 t903:5
slv-776-2303,t290:0 t785:0 t785:1 t814:2 t814:3 t290:3 t290:5
slv-776-5095,t523:1 t523:3 t581:3
slv-776-5595,t631:3 t631:5 t631:6
slv-776-5734,t460:0 t240:1 t569:2 t523:3 t523:4 t569:5
slv-776-6600,t167:1 t391:2 t904:3 t860:4 t545:5
slv-776-6642,t739:0 t670:1 t670:3 t843:3 t843:4 t885:4 t860:5
slv-776-7709,t920:3 t920:4 t920:5
slv-776-8056,t670:2 t670:4 t486:5
slv-777-0160,t240:1 t926:1 t468:2 t240:3 t278:3 t523:3 t523:4 t468:5
slv-777-0380,t309:2 t460:3 t240:3 t523:4 t569:4 t523:5 t523:5 t468:6
slv-777-0547,t739:1 t545:2 t391:3 t545:4
slv-777-1334,t736:0 t693:1 t636:1 t240:2 t523:3 t523:4 t182:5
slv-777-1413,t523:3 t182:4 t764:6 t860:7
slv-777-1545,t523:1 t523:3 t581:3
slv-777-2657,t788:1 t523:2 t523:3 t581:4
slv-777-2972,t167:1 t391:2 t545:3 t523:3 t240:4 t523:4 t523:5 t468:5
slv-777-3145,t523:1 t523:3 t182:3
slv-777-5059,t670:2 t670:4 t486:5
slv-777-5303,t788:1 t523:3 t523:3 t581:4
slv-777-5856,t670:2 t670:4 t486:5
slv-777-6942,t391:0 t545:1 t448:1 t240:1 t926:2 t523:3 t523:3 t182:4 t926:4 t468:5 t764:6
slv-777-7855,t240:1 t278:2 t523:3 t523:3 t468:4 t764:5 t885:5 t860:6
slv-777-7907,t448:1 t240:2 t523:3 t523:4 t182:4 t764:5 t885:6
slv-777-9144,t605:1 t240:2 t523:3 t523:3 t468:4 t764:5 t860:6
slv-777-9414,t926:1 t468:3
slv-777-9708,t926:1 t523:3 t523:3 t468:3
slv-777-9806,t670:5 t670:6 t486:7 t670:7
slv-777-9995,t240:0 t926:1 t523:2 t523:3 t581:3 t569:4 t523:4 t569:5
slv-778-0477,t920:3 t920:4 t920:5
slv-778-0761,t670:2 t670:4 t486:5
slv-778-2985,t240:1 t523:2 t523:3 t468:4
slv-778-3017,t920:1 t240:2 t278:2 t523:3 t523:3 t468:4 t764:5 t860:6
slv-778-4163,t764:3 t764:6 t670:6 t670:7 t486:7 t670:7
slv-778-4965,t670:2 t670:4 t486:5
slv-778-5272,t601:1 t601:3 t601:4
slv-778-5595,t496:0 t391:0 t904:0 t545:3
slv-778-5835,t670:5 t670:6 t486:7 t670:7
slv-778-6209,t736:0 t693:1 t636:1 t240:2 t523:3 t523:4 t182:5
slv-778-6492,t670:2 t670:4 t486:5
slv-778-7467,t240:1 t926:2 t240:3 t468:6
slv-778-7694,t391:0 t904:0 t545:2
slv-778-8674,t309:2 t460:3 t240:3 t523:4 t569:4 t523:5 t523:5 t468:6
slv-778-8876,t926:1 t468:3
slv-778-9735,t670:2 t670:4 t486:5
slv-778-9971,t523:0 t523:2 t468:3
slv-779-0048,t860:0 t670:5 t670:7
slv-779-0061,t396:0 t240:1 t926:2 t523:3 t523:3 t926:4 t468:5
slv-779-0273,t788:1 t523:3 t523:3 t182:4
slv-779-0798,t788:0 t523:2 t523:3 t581:4
slv-779-1259,t788:0 t523:2 t523:3 t581:4
slv-779-1853,t788:0 t523:2 t523:3 t581:4
slv-779-1900,t670:2 t670:4 t486:5
slv-779-3073,t636:0 t167:0 t496:1 t391:2 t545:2 t240:3 t523:4 t523:4 t182:5
slv-779-3774,t905:0 t545:1
slv-779-3905,t670:2 t670:4 t486:5
slv-779-4571,t486:2 t486:4 t469:5 t636:5 t730:5 t523:6 t182:7
slv-779-5000,t764:2 t670:5 t670:6 t486:6 t670:7
slv-779-5193,t860:0 t903:1 t860:1 t545:3
slv-779-5397,t670:2 t670:4 t486:5
slv-779-6001,t764:5 t670:6 t670:7 t486:7 t670:7
slv-779-6560,t920:3 t920:4 t920:5
slv-779-7095,t903:5 t860:6 t220:6 t670:7 t670:7
slv-779-7230,t601:1 t601:2 t601:3
slv-779-7402,t788:1 t523:2 t523:3 t581:4
slv-779-7657,t636:2 t904:4 t545:4 t391:5 t545:5
slv-779-7692,t670:1 t843:3 t843:4 t523:4 t182:7
slv-779-8161,t601:1 t601:2 t601:4
slv-779-8966,t670:2 t670:4 t486:5
slv-779-9105,t460:1 t240:1 t523:2 t523:3 t569:3 t523:4 t468:5
slv-779-9247,t670:2 t670:4 t486:5
slv-779-9412,t670:2 t486:4 t486:5 t670:5 t670:6
slv-779-9537,t842:5 t842:6
slv-779-9736,t460:1 t240:1 t926:2 t569:3 t523:3 t523:4 t569:4
slv-780-0378,t240:0 t926:1 t523:2 t523:3 t581:3 t569:4 t523:4 t569:5
slv-780-0901,t240:1 t926:3 t926:4 t523:5 t523:5 t182:6 t240:6 t468:7
slv-780-1368,t905:0 t545:1
slv-780-2940,t741:0 t240:1 t926:2 t523:3 t523:3 t926:4 t468:5
slv-780-3449,t670:2 t670:4 t486:5
slv-780-5219,t670:2 t670:4 t486:5
slv-780-5327,t788:0 t523:2 t523:3 t581:4
slv-780-7266,t920:3 t920:4 t920:5
slv-780-8088,t601:1 t601:2 t601:3
slv-780-9194,t764:2 t670:5 t670:6 t486:6 t670:7
slv-780-9343,t523:0 t926:1 t523:2 t523:3 t468:4
slv-780-9400,t788:1 t523:3 t523:3 t182:4
slv-781-1084,t240:1 t926:2 t240:3 t468:6
slv-781-1340,t391:0 t736:1 t112:2 t545:3 t240:3 t523:4 t523:4 t581:5 t523:6 t468:6 t764:7
slv-781-2422,t670:2 t670:4 t486:5
slv-781-3972,t920:1 t240:2 t278:2 t523:3 t523:3 t468:4 t764:5 t860:6
slv-781-4136,t670:2 t670:4 t486:5
slv-781-5506,t670:2 t670:4 t486:5
slv-781-5632,t616:1 t523:2 t523:3 t581:4 t523:4 t569:5
slv-781-6154,t682:0 t240:2 t523:3 t523:3 t182:3 t885:3 t523:4 t468:4 t885:5
slv-781-6215,t670:2 t670:4 t486:5
slv-781-6936,t396:0 t240:1 t926:2 t523:3 t523:3 t926:4 t468:5
slv-781-7266,t240:0 t926:2 t926:3 t523:3 t468:5
slv-781-7552,t601:1 t601:2 t601:4
slv-781-8158,t391:0 t736:1 t112:2 t545:3 t240:3 t523:4 t523:4 t581:5 t523:6 t468:6 t764:7
slv-781-9295,t670:2 t486:4 t486:5 t670:5 t670:6
slv-781-9667,t448:0 t240:1 t926:2 t926:3 t468:3 t764:4 t885:5 t860:6
slv-781-9877,t391:0 t545:1
slv-782-1758,t670:2 t670:4 t486:5
slv-782-2395,t167:1 t391:2 t904:3 t860:4 t545:5
slv-782-2650,t920:1 t240:2 t278:2 t523:3 t523:3 t468:4 t764:5 t860:6
slv-782-3711,t670:2 t670:4 t486:5
slv-782-4849,t672:1 t523:2 t523:3 t581:4
slv-782-5831,t391:0 t545:1 t240:2 t523:3 t523:4
slv-782-6693,t670:2 t486:4 t486:5 t670:5 t670:6
slv-782-7419,t920:1 t240:2 t278:2 t523:3 t523:3 t468:4 t764:5 t860:6
slv-782-8097,t670:2 t670:4 t486:5
slv-782-8427,t788:1 t523:3 t523:3 t182:4
slv-782-8658,t670:2 t670:4 t486:5
slv-782-8792,t523:1 t182:3 t885:4 t860:5
slv-782-8975,t167:1 t391:2 t545:3 t523:3 t240:4 t523:4 t523:5 t468:5
slv-783-0010,t448:1 t391:2 t736:3 t112:3 t545:4 t523:4 t523:5 t182:5 t523:6 t581:7
slv-783-0716,t670:2 t670:4 t486:5
slv-783-0980,t670:3 t670:5 t486:6
slv-783-1133,t920:1 t240:2 t523:3 t523:4 t468:5 t860:6
slv-783-1331,t788:0 t523:1 t523:2 t182:3
slv-783-1574,t391:0 t904:0 t391:0 t860:1
slv-783-2142,t486:2 t486:4 t469:5 t636:5 t730:5 t523:6 t182:7
slv-783-4183,t920:1 t240:2 t278:2 t523:3 t523:3 t468:4 t764:5 t860:6
slv-783-4418,t523:1 t523:3 t581:3
slv-783-4459,t920:1 t240:2 t278:2 t523:3 t523:3 t468:4 t764:5 t860:6
slv-783-4553,t670:2 t670:4 t486:5
slv-783-5670,t920:3 t920:4 t920:5
slv-783-6858,t670:2 t670:4 t486:5
slv-783-6956,t670:2 t670:4 t486:5
slv-783-6992,t460:1 t240:2 t926:3 t468:4
slv-783-7232,t670:2 t670:4 t486:5
slv-783-7555,t670:0 t670:3 t486:5
slv-783-7730,t693:1 t636:2 t693:3 t670:3 t843:4 t843:4 t601:5 t601:5
slv-783-8103,t885:1 t860:3 t523:4 t182:5
slv-783-9578,t693:1 t670:3 t670:4 t693:4 t636:5 t885:6 t860:6
slv-784-0141,t523:3 t182:4
slv-784-1798,t486:4 t670:6 t670:6 t486:7
slv-784-1854,t670:2 t670:4 t486:5
slv-784-2238,t670:2 t670:4 t486:5
slv-784-2890,t391:0 t545:1
slv-784-4878,t905:0 t545:0 t860:1 t545:2
slv-784-5014,t814:1 t290:3 t290:4 t814:4 t814:6
slv-784-5424,t391:0 t736:1 t112:2 t545:3 t240:3 t523:4 t523:4 t581:5 t523:6 t468:6 t764:7
slv-784-6214,t920:1 t240:2 t278:2 t523:3 t523:3 t468:4 t764:5 t860:6
slv-784-6549,t885:0 t860:0
slv-784-7164,t736:0 t693:1 t636:1 t240:2 t523:3 t523:4 t182:5
slv-784-7180,t670:2 t670:4 t486:5
slv-784-7565,t693:2 t636:4 t885:5 t860:6
slv-784-7759,t631:3 t631:4 t631:5 t631:6
slv-784-7987,t670:2 t670:4 t486:5
slv-784-8508,t636:0 t246:3 t460:4 t240:4 t523:5 t523:6 t468:6 t670:7 t670:7
slv-784-8935,t764:5 t670:6 t670:7 t486:7 t670:7
slv-784-9134,t785:0 t814:2 t814:3 t785:4 t785:5
slv-785-0044,t517:1 t517:3 t517:4 t517:4 t517:5
slv-785-0207,t670:2 t670:4 t486:5
slv-785-0443,t391:0 t736:1 t112:2 t545:3 t240:3 t523:4 t523:4 t581:5 t523:6 t468:6 t764:7
slv-785-1557,t670:2 t486:4 t486:5 t670:5 t670:6
slv-785-1902,t670:2 t670:4 t486:5
slv-785-2662,t670:2 t670:4 t486:5
slv-785-4472,t188:1 t188:3 t240:4 t926:5 t926:5 t523:6 t182:7
slv-785-4957,t904:4 t631:5 t128:6 t631:6 t631:7
slv-785-5123,t736:0 t693:1 t682:2 t240:3 t523:3 t523:4
slv-785-5169,t523:3 t182:4
slv-785-5312,t523:2 t523:3 t182:4
slv-785-6637,t670:2 t670:4 t486:5
slv-785-7832,t486:4 t670:5 t670:6 t486:6 t523:7 t182:7
slv-786-1050,t788:0 t523:2 t523:3 t581:4
slv-786-1597,t460:1 t240:2 t523:3 t569:3 t523:4 t523:4 t468:5
slv-786-2080,t240:0 t926:2 t926:3 t523:3 t468:5
slv-786-2314,t693:1 t636:2 t693:3 t670:3 t843:4 t843:4 t601:5 t601:5
slv-786-2538,t670:2 t670:4 t486:5
slv-786-2703,t670:2 t670:4 t486:5
slv-786-2777,t448:1 t240:2 t523:3 t523:4 t182:4 t764:5 t885:6
slv-786-3272,t545:0 t391:1 t545:1 t240:2 t926:3 t926:3 t523:3 t523:4 t468:5
slv-786-3999,t670:2 t670:4 t486:5
slv-786-4687,t926:0 t926:1 t523:2 t523:3 t926:3
slv-786-5671,t682:0 t240:2 t523:3 t523:3 t182:3 t885:3 t523:4 t468:4 t885:5
slv-786-5934,t788:0 t523:2 t523:3 t581:4
slv-786-7023,t486:2 t486:4 t469:5 t636:5 t730:5 t523:6 t182:7
slv-786-7657,t391:0 t905:0 t860:0 t545:2
slv-786-7784,t764:2 t670:5 t670:6 t486:6 t670:7
slv-786-8114,t240:1 t523:2 t523:3 t468:4
slv-786-8914,t670:2 t486:4 t486:5 t670:5 t670:6
slv-786-9316,t920:3 t920:4 t920:5
slv-786-9482,t460:1 t240:2 t926:3 t468:4
slv-787-1019,t764:5 t670:6 t670:7 t486:7 t670:7
slv-787-1173,t396:0 t240:1 t926:2 t523:3 t523:3 t926:4 t468:5
slv-787-3827,t788:1 t523:3 t523:3 t581:5
slv-787-4480,t670:2 t670:4 t486:5
slv-787-4734,t926:1 t926:2 t468:3 t926:4 t523:5 t468:6
slv-787-4879,t496:0 t391:0 t904:0 t545:3
slv-787-5207,t240:0 t926:1 t569:2 t996:2 t569:3 t523:3 t569:4
slv-787-5851,t391:0 t736:1 t112:2 t545:3 t240:3 t523:4 t523:4 t581:5 t523:6 t468:6 t764:7
slv-787-5930,t788:0 t523:2 t523:3 t581:4
slv-787-5998,t788:0 t523:2 t523:3 t581:4
slv-787-6555,t670:2 t670:4 t486:5
slv-787-6802,t636:0 t167:0 t496:1 t391:2 t545:3 t240:3 t523:4 t523:4 t468:5
slv-787-7312,t391:0 t905:0 t860:0 t545:2
slv-787-7450,t391:0 t904:0 t545:0 t860:1 t545:3
slv-787-7580,t885:0 t860:1 t903:3 t860:5
slv-787-9085,t391:0 t736:1 t112:3 t523:4 t523:5 t182:6 t764:6 t764:7 t903:7 t860:7
slv-787-9202,t605:1 t240:1 t523:2 t523:3 t468:3 t278:3 t278:4 t926:4 t468:5
slv-787-9420,t601:1 t601:2 t601:4
slv-787-9934,t860:0 t545:2
slv-787-9983,t240:2 t926:4 t523:5 t182:6 t523:6 t468:7 t670:7 t670:7
slv-788-0642,t670:2 t670:4 t486:5
slv-788-0651,t391:0 t904:0 t860:1 t545:3
slv-788-1074,t920:1 t240:2 t523:3 t523:4 t468:5 t860:6
slv-788-1436,t670:2 t670:4 t486:5
slv-788-1609,t167:1 t391:2 t545:3 t523:3 t240:4 t523:4 t523:5 t468:5
slv-788-2450,t670:2 t670:4 t486:5
slv-788-2558,t670:0 t670:3 t486:5
slv-788-2955,t240:1 t523:1 t523:2 t569:3 t523:4 t468:5
slv-788-3887,t693:2 t636:4 t885:5 t860:6
slv-788-4359,t106:1 t106:2 t106:3 t631:3 t631:5
slv-788-4626,t670:2 t670:4 t486:5
slv-788-4846,t670:2 t670:4 t486:5
slv-788-4893,t523:1 t926:1 t523:2 t523:3 t468:4
slv-788-5415,t670:2 t670:4 t486:5
slv-788-6699,t885:1 t860:3 t903:5 t860:6
slv-788-6989,t670:2 t486:4 t486:5 t670:5 t670:6
slv-788-7341,t391:0 t545:1
slv-788-8448,t670:2 t670:4 t486:5
slv-788-8655,t240:0 t569:1 t240:2 t523:3
slv-788-8660,t460:1 t240:1 t523:2 t569:3 t523:3 t523:4 t468:4 t569:5
slv-788-9267,t670:2 t486:4 t486:5 t670:5 t670:6
slv-788-9562,t670:2 t670:4 t486:5
slv-789-0013,t523:1 t182:3 t885:4 t860:5
slv-789-0326,t920:1 t240:2 t278:2 t523:3 t523:3 t468:4 t764:5 t860:6
slv-789-1381,t391:0 t905:0
slv-789-1437,t523:1 t926:2 t926:3 t523:3 t468:4
slv-789-1664,t536:1 t240:2 t926:3 t468:3 t569:3 t569:4 t996:5 t569:6 t926:7
slv-789-2731,t670:2 t670:4 t486:5
slv-789-2959,t523:3 t523:6 t182:7 t670:7 t885:7 t860:7
slv-789-3298,t788:0 t523:1 t523:2 t182:3
slv-789-4672,t240:1 t523:2 t523:3 t468:4
slv-789-5001,t536:1 t240:1 t926:2 t240:3 t468:4 t240:6 t569:7
slv-789-6112,t670:2 t670:4 t486:5
slv-789-6995,t601:1 t601:2 t601:4
slv-789-7025,t391:0 t736:1 t112:2 t545:3 t240:3 t523:4 t523:4 t581:5 t523:6 t468:6 t764:7
slv-789-7490,t764:2 t670:5 t670:6 t486:6 t670:7
slv-789-7719,t240:1 t926:3 t926:4 t523:5 t523:5 t182:6 t240:6 t468:7
slv-789-7775,t736:0 t693:1 t636:1 t240:2 t523:3 t523:4 t182:5
slv-789-7938,t167:1 t391:2 t545:3 t523:3 t240:4 t523:4 t523:5 t468:5
slv-789-8165,t523:1 t926:2 t926:3 t523:3 t468:4
slv-790-0519,t736:0 t486:1 t486:3 t670:3 t523:4 t523:5 t182:6
slv-790-1866,t920:1 t240:2 t523:4 t523:4 t468:5 t860:7
slv-790-2369,t670:2 t670:4 t486:5
slv-790-2627,t240:2 t926:4 t523:5 t182:6 t523:6 t468:7 t670:7 t670:7
slv-790-2721,t920:1 t240:2 t278:2 t523:3 t523:3 t468:4 t764:5 t860:6
slv-790-3249,t486:4 t670:6 t670:6 t486:7
slv-790-5201,t670:2 t670:4 t486:5
slv-790-5379,t460:1 t240:2 t523:3 t569:4 t523:5 t523:5 t468:6
slv-790-6455,t391:0 t736:1 t112:3 t523:4 t523:5 t182:6 t764:6 t764:7 t903:7 t860:7
slv-790-7226,t920:1 t240:2 t278:2 t523:3 t523:3 t468:4 t764:5 t860:6
slv-790-7383,t555:4 t486:6
slv-790-7529,t670:2 t486:4 t486:5 t670:5 t670:6
slv-790-7829,t670:2 t670:4 t486:5
slv-790-8176,t636:0 t167:0 t391:1 t496:2 t391:2 t545:3
slv-790-8495,t670:2 t486:4 t486:5 t670:5 t670:6
slv-791-0641,t601:1 t601:2 t601:3
slv-791-0935,t523:3 t182:4 t764:6 t860:7
slv-791-0945,t167:1 t391:2 t904:3 t860:4 t545:5
slv-791-1072,t670:2 t486:4 t486:5 t670:5 t670:6
slv-791-1257,t601:1 t601:2 t601:4
slv-791-1357,t904:0 t860:0 t545:0 t391:1 t545:3
slv-791-3431,t523:1 t523:3 t581:3
slv-791-3498,t670:2 t670:4 t486:5
slv-791-3895,t670:0 t670:3 t486:5
slv-791-5307,t601:1 t601:2 t601:4
slv-791-7743,t240:0 t523:1 t523:3 t468:4 t764:5 t860:7
slv-791-8670,t670:2 t670:4 t486:5
slv-791-8779,t670:2 t670:4 t486:5
slv-791-8800,t523:0 t523:0 t926:2 t926:2 t523:3 t468:3
slv-791-8913,t693:1 t636:2 t693:3 t670:3 t843:4 t843:4 t601:5 t601:5
slv-792-1976,t903:5 t860:6 t764:6 t486:7 t486:7 t670:7 t486:7
slv-792-3031,t496:0 t391:0 t905:0
slv-792-3532,t670:2 t670:4 t486:5
slv-792-4354,t670:2 t486:4 t486:5 t670:5 t670:6
slv-792-4412,t601:1 t601:2 t601:4
slv-792-4620,t605:1 t240:3 t523:4 t523:5 t468:5 t860:6
slv-792-6352,t523:3 t182:4
slv-792-6678,t670:0 t670:3 t486:5
slv-792-9156,t670:2 t670:4 t486:5
slv-792-9521,t448:0 t240:0 t448:3 t468:4 t860:6
slv-792-9935,t636:0 t904:3 t885:4 t860:5
slv-793-0271,t788:0 t523:2 t523:3 t581:4
slv-793-0364,t736:0 t693:1 t636:1 t240:2 t523:3 t523:4 t182:5
slv-793-0792,t167:1 t391:2 t545:3 t523:3 t240:4 t523:4 t523:5 t468:5
slv-793-0810,t460:1 t240:2 t523:3 t523:4 t569:4 t523:5 t468:5
slv-793-1340,t601:1 t601:2 t601:4
slv-793-1533,t448:1 t240:3 t523:5 t468:6 t670:6 t670:7 t860:7 t220:7
slv-793-2158,t391:0 t545:1
slv-793-2430,t240:1 t278:2 t523:3 t523:3 t468:4 t764:5 t885:5 t860:6
slv-793-2964,t905:0 t545:1
slv-793-3096,t670:2 t670:4 t486:5
slv-793-4029,t904:0 t860:0 t391:0 t860:1 t545:3
slv-793-5291,t396:0 t240:1 t523:2 t523:3 t182:3 t240:4 t926:4 t468:5
slv-793-6311,t788:0 t523:2 t523:3 t581:4
slv-793-6531,t670:2 t670:4 t486:5
slv-793-7242,t730:1 t240:2 t926:3 t926:4 t523:4 t468:5
slv-793-7288,t391:1 t545:2 t920:2 t240:3 t523:4 t523:5 t468:5 t764:6 t764:7
slv-793-7504,t448:1 t240:2 t523:3 t523:4 t182:4 t764:5 t885:6
slv-793-7538,t670:2 t670:4 t486:5
slv-793-8323,t693:1 t636:2 t693:3 t670:3 t843:4 t843:4 t601:5 t601:5
slv-793-9008,t448:0 t240:1 t926:2 t523:3 t523:3 t569:5
slv-793-9121,t676:1 t523:3 t569:4 t523:5 t523:6 t468:7
slv-793-9594,t670:2 t486:4 t486:5 t670:5 t670:6
slv-794-0586,t905:0 t545:1
slv-794-0931,t631:3 t631:5 t631:6
slv-794-1168,t903:5 t860:6 t764:6 t486:7 t486:7 t670:7 t486:7
slv-794-1276,t601:1 t601:2 t601:4
slv-794-1668,t788:1 t523:2 t523:3 t581:4
slv-794-1854,t693:4 t636:5 t523:6 t523:6 t182:7
slv-794-1880,t601:1 t601:3 t601:4
slv-794-2224,t460:1 t240:2 t926:3 t468:4
slv-794-2868,t693:0 t636:0 t904:1 t860:2 t545:3 t391:4 t545:4 t240:5 t523:5
slv-794-3321,t788:1 t523:3 t523:3 t182:4
slv-794-3936,t670:2 t486:4 t486:5 t670:5 t670:6
slv-794-4141,t736:0 t693:1 t636:1 t240:2 t523:3 t523:4 t182:5
slv-794-4629,t391:0 t860:0 t391:0 t545:1
slv-794-5401,t670:2 t670:4 t486:5
slv-794-6337,t693:2 t636:4 t885:5 t860:6
slv-794-6453,t329:3 t329:4 t904:5 t631:5 t631:6
slv-794-8002,t903:1 t860:2 t670:3 t601:3 t601:4 t670:5 t545:5 t843:5 t843:5 t670:6 t843:6
slv-794-8465,t460:1 t240:2 t926:3 t468:4
slv-794-8782,t391:0 t545:1 t448:1 t240:1 t926:2 t523:3 t523:3 t182:4 t926:4 t468:5 t764:6
slv-795-0097,t670:2 t670:4 t486:5
slv-795-0912,t926:0 t926:1 t523:2 t523:3 t926:3
slv-795-1198,t636:0 t736:1 t112:2 t545:2 t240:3 t523:3 t523:4 t581:4 t523:5 t468:7
slv-795-1678,t670:2 t670:4 t486:5
slv-795-1752,t670:0 t670:3 t486:5
slv-795-1911,t903:0 t860:1 t545:2 t523:3 t523:3 t182:4
slv-795-2661,t670:2 t670:4 t486:5
slv-795-2764,t788:0 t523:2 t523:3 t581:4
slv-795-4175,t670:2 t486:4 t486:5 t670:5 t670:6
slv-795-4499,t670:2 t486:4 t486:5 t670:5 t670:6
slv-795-4641,t904:5 t693:6 t693:7 t670:7 t693:7 t636:7
slv-795-5188,t496:0 t391:0 t904:0 t545:3
slv-795-6111,t903:0 t860:1 t885:1 t860:3 t903:4
slv-795-7114,t676:1 t523:3 t569:4 t523:5 t523:6 t468:7
slv-795-7179,t670:2 t486:4 t486:5 t670:5 t670:6
slv-795-7595,t460:0 t240:1 t523:2 t523:3 t569:3 t523:4 t468:5
slv-795-8231,t670:2 t486:4 t486:5 t670:5 t670:6
slv-795-9014,t523:6 t182:7 t670:7 t182:7 t885:7 t860:7
slv-795-9116,t460:1 t240:2 t523:3 t523:3 t182:4
slv-795-9771,t636:0 t885:0 t636:1 t904:4 t860:5
slv-795-9810,t905:0 t545:1
slv-796-1652,t290:1 t785:3 t785:3 t814:4 t814:5
slv-796-2000,t391:0 t545:2 t670:4 t670:5 t486:6 t486:6 t670:7
slv-796-4073,t391:0 t545:2 t486:3 t670:4 t670:5 t486:6 t486:6
slv-796-5139,t670:2 t670:4 t486:5
slv-796-5301,t460:1 t240:2 t523:3 t569:3 t523:4 t523:4 t468:5
slv-796-6018,t523:3 t182:4
slv-796-6240,t523:3 t182:4 t764:6 t860:7
slv-796-6315,t448:0 t240:1 t926:2 t926:3 t468:3 t764:4 t885:5 t860:6
slv-796-6942,t240:1 t926:2 t468:4 t904:7
slv-796-7276,t240:0 t523:1 t240:2 t926:2 t240:3 t569:3 t523:4 t523:5
slv-796-7488,t605:1 t240:2 t523:3 t523:3 t468:4 t764:5 t860:6
slv-796-7885,t670:2 t670:4 t486:5
slv-796-8006,t814:1 t814:4 t631:5 t631:6 t631:6
slv-796-9235,t926:1 t468:3
slv-796-9892,t903:1 t860:2 t670:3 t601:3 t601:4 t670:5 t545:5 t843:5 t843:5 t670:6 t843:6
slv-797-0496,t167:1 t391:1 t496:2 t391:3 t545:3 t523:4 t523:4 t182:5
slv-797-0952,t460:1 t240:2 t523:2 t523:3 t569:3 t523:4 t468:5
slv-797-1720,t579:1 t579:1 t843:3 t843:4
slv-797-1940,t616:2 t523:3 t523:4 t569:4
slv-797-2382,t240:0 t926:1 t523:2 t523:3 t581:3 t569:4 t523:4 t569:5
slv-797-2781,t670:2 t486:4 t486:5 t670:5 t670:6
slv-797-2917,t523:3 t182:4
slv-797-4533,t670:2 t670:4 t486:5
slv-797-4755,t860:0 t670:5 t670:7
slv-797-5115,t391:0 t545:1 t240:2 t523:3 t523:3 t926:3 t468:4
slv-797-5415,t329:4 t329:5 t904:6 t631:6 t631:7
slv-797-6201,t920:1 t240:2 t278:2 t523:3 t523:3 t468:4 t764:5 t860:6
slv-797-6259,t167:1 t391:2 t545:3 t523:3 t240:4 t523:4 t523:5 t468:5
slv-797-7532,t788:0 t523:2 t523:3 t581:4
slv-797-7695,t309:2 t460:3 t240:3 t523:4 t569:4 t523:5 t523:5 t468:6
slv-797-9037,t616:1 t523:2 t523:3 t569:4
slv-798-0080,t670:2 t670:4 t486:5
slv-798-0349,t920:1 t240:2 t523:3 t523:4 t468:5 t860:6
slv-798-0403,t920:1 t240:2 t523:2 t569:3 t523:4 t523:4 t468:5
slv-798-1172,t670:2 t670:4 t486:5
slv-798-1831,t670:2 t670:4 t486:5
slv-798-1838,t736:0 t693:1 t682:2 t523:3 t523:4 t182:4
slv-798-2263,t569:0 t523:1 t523:1 t926:3
slv-798-3850,t670:0 t670:3 t486:5
slv-798-4669,t670:2 t670:4 t486:5
slv-798-5218,t920:1 t240:1 t468:3 t926:3 t468:3 t523:4 t523:5 t468:5 t670:5
slv-798-6086,t860:0 t670:5 t670:7
slv-798-6358,t555:4 t486:6
slv-798-6627,t739:1 t545:2 t391:3 t545:4
slv-798-6718,t785:0 t814:2 t814:3 t785:4 t785:5
slv-798-6927,t926:1 t523:2 t523:3
slv-798-7094,t788:1 t523:2 t523:3 t581:4
slv-798-7703,t920:3 t920:4 t920:5
slv-798-8168,t670:2 t670:4 t486:5
slv-799-0621,t460:2 t240:5 t523:6 t523:6 t468:7 t670:7 t670:7 t636:7
slv-799-0762,t670:2 t670:4 t486:5
slv-799-1317,t741:0 t240:1 t523:2 t523:3 t468:4
slv-799-1546,t788:1 t523:3 t523:3 t182:4
slv-799-1555,t920:1 t240:2 t278:2 t523:3 t523:3 t468:4 t764:5 t860:6
slv-799-2622,t601:1 t601:2 t601:4
slv-799-2685,t486:2 t486:4 t469:5 t636:5 t730:5 t523:6 t182:7
slv-799-3420,t240:1 t278:2 t523:3 t523:3 t468:4 t764:5 t885:5 t860:6
slv-799-3452,t448:0 t240:1 t523:3 t523:3 t468:4 t764:5 t885:6
slv-799-4026,t788:0 t523:1 t523:2 t182:3
slv-799-4428,t240:1 t523:1 t523:2 t569:3 t523:4 t468:5
slv-799-5135,t670:2 t486:4 t670:5 t670:6
slv-799-5239,t670:2 t670:4 t486:5
slv-799-5660,t788:1 t523:3 t523:3 t182:4
slv-799-5840,t636:0 t167:0 t496:1 t391:2 t545:3 t240:3 t523:4 t523:4 t468:5
slv-799-6163,t670:5 t670:6 t486:7 t670:7
slv-799-7191,t240:1 t926:1 t523:2 t523:3 t569:4
slv-799-7736,t736:0 t693:1 t636:1 t240:2 t523:3 t523:4 t182:5
slv-799-8749,t391:0 t545:2
slv-799-8760,t670:2 t670:4 t486:5
slv-799-9540,t670:2 t670:4 t486:5
slv-799-9692,t860:0 t545:2
slv-800-0395,t670:2 t670:4 t486:5
slv-800-1063,t523:3 t182:5
slv-800-1887,t240:1 t468:3 t240:4 t926:5 t523:5 t523:6 t468:7
slv-800-3054,t920:1 t240:2 t278:2 t523:3 t523:3 t468:4 t764:5 t860:6
slv-800-3951,t788:1 t523:3 t523:3 t182:4
slv-800-5058,t670:2 t486:4 t486:5 t670:5 t670:6
slv-800-5321,t903:0 t860:1 t885:1 t860:3 t903:4
slv-800-5347,t904:0 t860:0 t391:0 t545:2
slv-800-6137,t693:1 t636:2 t693:3 t670:3 t843:4 t843:4 t601:5 t601:5
slv-800-7055,t860:0 t545:1 t545:2 t523:3 t182:4
slv-800-8162,t523:1 t523:3 t182:3
slv-800-8387,t920:1 t240:2 t523:3 t523:4 t468:5 t860:6
slv-800-8409,t670:2 t670:4 t486:5
slv-800-9814,t670:2 t670:4 t486:5
slv-801-0403,t670:2 t486:4 t486:5 t670:5 t670:6
slv-801-0989,t523:1 t523:3 t182:3
slv-801-1388,t860:0 t545:2
slv-801-3459,t736:0 t693:1 t523:2 t523:3 t182:4
slv-801-3477,t670:2 t670:4 t486:5
slv-801-4098,t240:0 t926:1 t523:2 t523:3 t581:3 t569:4 t523:4 t569:5
slv-801-4110,t670:2 t670:4 t486:5
slv-801-4314,t523:3 t182:4 t764:6 t860:7
slv-801-4429,t670:2 t486:4 t486:5 t670:5 t670:6
slv-801-4448,t460:2 t240:5 t523:6 t523:6 t468:7 t670:7 t670:7 t636:7
slv-801-4645,t670:2 t670:4 t486:5
slv-801-4773,t460:1 t240:2 t926:3 t468:4
slv-801-6105,t240:1 t569:2 t860:5 t240:6 t523:7 t468:7
slv-801-6208,t670:2 t670:4 t486:5
slv-801-7794,t460:1 t240:2 t926:3 t468:4
slv-801-8049,t920:1 t240:2 t523:3 t523:4 t468:5 t860:6
slv-801-8575,t670:2 t670:4 t486:5
slv-801-8786,t670:2 t486:4 t486:5 t670:5 t670:6
slv-801-9471,t920:3 t920:4 t920:5
slv-802-0243,t523:0 t569:2 t523:3 t523:4 t468:5
slv-802-0327,t523:1 t523:3 t468:3
slv-802-2457,t670:2 t486:4 t486:5 t670:5 t670:6
slv-802-2537,t764:2 t670:5 t670:6 t486:6 t670:7
slv-802-3606,t569:5 t860:6 t670:7 t670:7 t636:7
slv-802-3806,t670:2 t670:4 t486:5
slv-802-3973,t788:0 t523:1 t523:2 t182:3
slv-802-4330,t682:0 t240:2 t523:3 t523:3 t182:3 t885:3 t523:4 t468:4 t885:5
slv-802-4577,t636:1 t904:3 t885:4 t860:5
slv-802-4638,t601:1 t601:3 t601:4
slv-802-4776,t670:2 t486:4 t486:5 t670:5 t670:6
slv-802-5200,t670:2 t670:4 t486:5
slv-802-5939,t670:2 t486:4 t486:5 t670:5 t670:6
slv-802-6117,t670:2 t670:4 t486:5
slv-802-7348,t167:1 t391:2 t904:3 t860:3 t545:4 t240:4 t523:5
slv-802-7450,t920:1 t240:2 t278:2 t523:3 t523:3 t468:4 t764:5 t860:6
slv-802-7892,t904:5 t693:6 t693:7 t670:7 t693:7 t636:7
slv-802-8029,t920:1 t240:2 t523:2 t569:3 t523:4 t523:4 t468:5
slv-802-8146,t920:1 t240:2 t523:3 t523:4 t468:5 t860:6
slv-802-8242,t905:0 t545:1
slv-802-9038,t631:3 t631:5 t631:6
slv-802-9042,t788:0 t523:2 t523:3 t581:4
slv-802-9522,t920:1 t240:2 t278:2 t523:3 t523:3 t468:4 t764:5 t860:6
slv-802-9795,t905:0 t545:1
slv-802-9903,t448:0 t240:0 t448:3 t468:4 t860:6
slv-803-0429,t860:0 t545:2
slv-803-0695,t693:1 t636:2 t693:3 t670:3 t843:4 t843:4 t601:5 t601:5
slv-803-0708,t670:2 t670:4 t486:5
slv-803-1499,t460:1 t240:2 t926:3 t468:4
slv-803-1728,t396:0 t240:1 t523:2 t523:3 t182:3 t240:3 t926:4 t468:5
slv-803-2080,t670:2 t670:4 t486:5
slv-803-2134,t670:0 t486:0 t670:0 t670:3 t636:3 t523:3 t523:4 t182:4
slv-803-2324,t920:1 t240:2 t278:2 t523:3 t523:3 t468:4 t764:5 t860:6
slv-803-2399,t670:2 t670:4 t486:5
slv-803-2511,t670:2 t670:4 t486:5
slv-803-2887,t448:0 t240:0 t448:3 t468:4 t860:6
slv-803-3217,t860:0 t545:2
slv-803-3372,t460:0 t240:1 t926:2 t523:3 t523:4 t569:5
slv-803-3384,t240:0 t523:2 t523:3 t182:4
slv-803-4148,t670:2 t670:4 t486:5
slv-803-4569,t240:1 t926:3 t523:4 t468:5 t240:6 t468:7
slv-803-4955,t764:2 t670:5 t670:6 t486:6 t670:7
slv-803-5279,t240:1 t523:1 t523:2 t926:3 t523:3 t468:4
slv-803-5473,t636:0 t736:1 t112:2 t545:2 t240:3 t523:3 t523:4 t581:4 t523:5 t468:7
slv-803-5505,t904:3 t904:5 t670:6 t670:7 t693:7 t636:7
slv-803-5534,t670:2 t670:4 t486:5
slv-803-6287,t885:1 t860:3 t523:4 t182:5
slv-803-7238,t523:1 t523:3 t468:3
slv-803-7348,t545:0 t391:1 t545:1 t240:2 t926:3 t926:3 t523:3 t523:4 t468:5
slv-803-7400,t391:0 t904:0 t860:0 t545:2
slv-803-8282,t636:0 t523:2 t523:4 t182:4 t486:5 t670:6 t486:6 t486:7
slv-803-9725,t601:1 t601:3 t601:4
slv-804-0130,t448:0 t545:0 t523:1 t182:2 t240:3 t523:3 t523:4 t468:5
slv-804-0153,t860:0 t670:5 t670:7
slv-804-0925,t670:2 t670:4 t486:5
slv-804-1730,t670:2 t670:4 t486:5
slv-804-2048,t905:0 t545:1 t523:2 t182:4
slv-804-2181,t843:1 t843:3 t670:4 t843:5 t579:6
slv-804-2507,t670:2 t670:4 t486:5
slv-804-2745,t788:1 t523:2 t523:3 t581:4
slv-804-4162,t358:1 t536:2 t240:3 t926:3 t468:5
slv-804-6458,t601:1 t601:3 t601:4
slv-804-6482,t764:2 t670:5 t670:6 t486:6 t670:7
slv-804-6610,t920:3 t920:4 t920:5
slv-804-6827,t448:1 t240:2 t523:3 t523:4 t182:4 t764:5 t885:6
slv-804-7391,t860:0 t545:1 t391:2 t545:4
slv-804-8664,t920:1 t240:2 t278:2 t523:3 t523:3 t468:4 t764:5 t860:6
slv-804-9979,t240:1 t523:2 t523:3 t581:4
slv-805-0326,t523:1 t523:3 t581:3
slv-805-0583,t240:1 t523:1 t523:2 t569:3 t523:4 t468:5
slv-805-1075,t670:2 t670:4 t486:5
slv-805-2029,t920:1 t240:2 t523:4 t523:4 t468:5 t860:7
slv-805-2743,t486:2 t486:4 t469:5 t636:5 t730:5 t523:6 t182:7
slv-805-3325,t391:1 t545:1 t670:2 t545:3 t240:3 t926:4 t468:5 t764:6
slv-805-3430,t240:1 t523:2 t523:2 t569:3 t523:4 t523:4 t468:5
slv-805-3760,t460:1 t240:2 t523:2 t569:3 t523:3 t523:4 t468:5 t569:6
slv-805-4103,t920:1 t240:2 t523:3 t523:4 t468:5 t860:6
slv-805-5451,t240:1 t926:2 t468:3
slv-805-5863,t391:1 t736:2 t112:3 t545:3 t523:4 t240:4 t523:4 t523:5 t581:5 t885:6
slv-805-6158,t460:0 t240:1 t926:2 t523:3 t523:3 t926:4 t468:4
slv-805-8468,t523:3 t182:4 t764:6 t860:7
slv-805-8624,t670:2 t670:4 t486:5
slv-805-9326,t670:2 t670:4 t486:5
slv-805-9827,t391:0 t545:1 t240:2 t523:3 t523:4
slv-806-0081,t670:2 t670:4 t486:5
slv-806-0125,t920:3 t920:4 t920:5
slv-806-0232,t460:1 t240:2 t926:3 t468:4
slv-806-0918,t670:2 t670:4 t486:5
slv-806-1174,t670:2 t670:4 t486:5
slv-806-2348,t905:0 t545:0 t860:1 t545:2
slv-806-2523,t860:0 t545:2
slv-806-2725,t920:1 t240:2 t278:2 t523:3 t523:3 t468:4 t764:5 t860:6
slv-806-3382,t670:2 t670:4 t486:5
slv-806-4505,t670:2 t486:4 t486:5 t670:5 t670:6
slv-806-4749,t240:0 t523:1 t523:2 t569:3 t523:4 t468:5
slv-806-4920,t670:2 t670:4 t486:5
slv-806-5372,t240:1 t523:1 t523:2 t569:3 t523:4 t468:5
slv-806-7101,t448:0 t545:1 t448:2 t240:3 t926:3 t468:4 t764:6
slv-806-7516,t523:1 t523:3 t182:3
slv-806-7782,t460:1 t240:2 t523:3 t569:4 t523:5 t523:5 t468:6
slv-806-7999,t670:2 t670:4 t486:5
slv-806-8236,t329:1 t329:3 t631:4 t631:5
slv-806-8522,t920:1 t240:2 t523:3 t523:4 t468:5 t860:6
slv-806-9441,t670:2 t670:4 t486:5
slv-806-9495,t670:2 t670:4 t486:5
slv-807-0512,t670:2 t670:4 t486:5
slv-807-0750,t764:5 t670:6 t670:7 t486:7 t670:7
slv-807-1047,t670:2 t670:4 t486:5
slv-807-1079,t636:0 t246:3 t460:4 t240:4 t523:5 t523:6 t468:6 t670:7 t670:7
slv-807-2023,t670:2 t670:4 t486:5
slv-807-2055,t486:2 t486:4 t469:5 t636:5 t730:5 t523:6 t182:7
slv-807-3300,t927:1 t927:2 t927:3 t927:4
slv-807-5448,t670:2 t670:4 t486:5
slv-807-8588,t240:2 t926:4 t523:5 t182:6 t523:6 t468:7 t670:7 t670:7
slv-807-8927,t920:1 t240:2 t278:2 t523:3 t523:3 t468:4 t764:5 t860:6
slv-807-9210,t903:1 t860:2 t670:3 t601:3 t601:4 t670:5 t545:5 t843:5 t843:5 t670:6 t843:6
slv-807-9306,t736:1 t112:1 t240:3 t523:4 t523:5 t182:6 t764:6 t764:7 t903:7 t860:7
slv-807-9456,t601:1 t601:2 t601:4
slv-808-0093,t396:0 t240:1 t523:2 t523:3 t182:3 t240:3 t926:4 t468:5
slv-808-0713,t670:2 t670:4 t486:5
slv-808-1031,t920:1 t240:2 t278:2 t523:3 t523:3 t468:4 t764:5 t860:6
slv-808-1960,t670:2 t486:4 t486:5 t670:5 t670:6
slv-808-1992,t448:0 t468:3 t764:5 t860:6
slv-808-2535,t920:1 t240:2 t523:3 t523:4 t468:5 t860:6
slv-808-2731,t636:0 t885:0 t636:1 t904:4 t860:5
slv-808-3785,t396:0 t240:1 t523:2 t523:3 t182:3 t240:4 t926:4 t468:5
slv-808-3927,t523:0 t569:1 t523:2 t523:3 t581:3 t569:3 t996:4 t569:5
slv-808-4501,t167:1 t391:2 t545:3 t523:3 t240:4 t523:4 t523:5 t468:5
slv-808-6752,t736:0 t486:1 t486:3 t670:3 t523:4 t523:5 t182:6
slv-808-7521,t523:1 t523:3 t182:3
slv-808-9210,t391:0 t736:1 t112:2 t545:3 t240:3 t523:4 t523:4 t581:5 t523:6 t468:6 t764:7
slv-808-9252,t523:3 t182:4 t764:6 t860:7
slv-808-9425,t670:2 t670:4 t486:5
slv-809-0647,t670:2 t670:4 t486:5
slv-809-1062,t670:2 t670:4 t486:5
slv-809-1656,t167:0 t391:1 t545:2 t240:3 t523:3 t523:4 t468:4
slv-809-1790,t920:1 t240:2 t523:2 t569:3 t523:4 t523:4 t468:5
slv-809-2552,t391:0 t904:0 t545:1 t240:2 t523:2 t523:3 t182:4 t885:4 t860:5
slv-809-3440,t920:1 t240:2 t523:3 t523:3 t569:4 t523:4 t468:5
slv-809-3582,t536:1 t240:1 t926:2 t468:3
slv-809-4758,t670:2 t670:4 t486:5
slv-809-5245,t391:1 t736:2 t112:3 t545:3 t523:4 t240:4 t523:4 t523:5 t581:5 t885:6
slv-809-5602,t670:2 t670:4 t486:5
slv-809-5614,t670:2 t486:4 t486:5 t670:5 t670:6
slv-809-6196,t920:1 t240:2 t278:2 t523:3 t523:3 t468:4 t764:5 t860:6
slv-809-7877,t448:0 t240:0 t448:3 t468:4 t860:6
slv-809-8767,t760:0 t670:1 t670:4 t486:6
slv-809-9529,t741:1 t240:3 t926:3 t926:4 t468:5
slv-809-9893,t240:1 t523:2 t523:3 t468:3 t996:3 t569:5
slv-810-0266,t670:0 t670:2 t486:3 t523:4 t523:6 t182:6
slv-810-1086,t523:1 t523:3 t182:4
slv-810-2241,t670:2 t670:4 t486:5
slv-810-2618,t860:0 t391:1 t860:2 t545:3
slv-810-4027,t670:2 t670:4 t486:5
slv-810-5838,t788:0 t523:2 t523:3 t581:4
slv-810-6039,t926:0 t121:0 t523:2 t182:3
slv-810-6139,t670:2 t670:4 t486:5
slv-810-6979,t670:2 t670:4 t486:5
slv-810-8595,t920:1 t240:2 t523:3 t523:4 t468:5 t860:6
slv-811-0691,t693:2 t636:4 t885:5 t860:6
slv-811-0981,t736:0 t693:1 t682:2 t523:3 t523:4 t182:4
slv-811-0999,t391:0 t545:2
slv-811-1070,t904:4 t631:5 t128:6 t631:6 t631:7
slv-811-1256,t670:2 t670:4 t486:5
slv-811-1614,t670:2 t670:4 t486:5
slv-811-2412,t448:0 t240:0 t448:3 t468:4 t860:6
slv-811-2640,t788:1 t523:3 t523:3 t182:4
slv-811-3048,t391:0 t736:1 t112:2 t545:3 t240:3 t523:4 t523:4 t581:5 t523:6 t468:6 t764:7
slv-811-3463,t523:1 t523:3 t581:3
slv-811-6889,t670:2 t670:4 t486:5
slv-811-7043,t670:2 t670:4 t486:5
slv-811-7155,t523:1 t523:3 t182:3
slv-811-8464,t788:1 t523:3 t523:3 t182:4
slv-811-8544,t523:3 t182:4 t764:6 t860:7
slv-811-8795,t670:2 t670:4 t486:5
slv-811-9728,t860:0 t903:1 t860:1 t545:3
slv-812-0674,t616:1 t523:2 t523:3 t569:4
slv-812-2091,t545:0 t391:1 t545:1 t240:2 t926:3 t926:3 t523:3 t523:4 t468:5
slv-812-2277,t920:1 t240:2 t278:2 t523:3 t523:3 t468:4 t764:5 t860:6
slv-812-2502,t788:1 t523:3 t523:3 t182:4
slv-812-2889,t601:1 t601:2 t601:3
slv-812-3134,t448:0 t240:0 t448:3 t468:4 t860:6
slv-812-3308,t391:0 t736:1 t112:3 t523:4 t523:5 t182:6 t764:6 t764:7 t903:7 t860:7
slv-812-3523,t182:0 t764:5 t764:6 t860:7
slv-812-3584,t860:0 t545:1 t391:2 t545:4
slv-812-3612,t860:0 t545:0 t905:1 t545:2
slv-812-4225,t523:1 t523:3 t581:3
slv-812-4833,t670:2 t670:4 t486:5
slv-812-5184,t670:2 t486:4 t486:5 t670:5 t670:6
slv-812-5283,t905:0 t545:1
slv-812-5533,t670:2 t670:4 t486:5
slv-812-6027,t391:0 t545:1 t240:2 t523:3 t523:3 t926:3 t468:4
slv-812-6200,t904:0 t860:1 t545:2 t391:3 t545:4
slv-812-7167,t391:0 t545:2 t486:3 t670:4 t670:5 t486:6 t486:6
slv-812-7663,t764:2 t670:5 t670:6 t486:6 t670:7
slv-812-8188,t601:1 t601:2 t601:4
slv-812-8527,t670:2 t670:4 t486:5
slv-812-9334,t670:2 t670:4 t486:5
slv-812-9879,t670:2 t486:4 t486:5 t670:5 t670:6
slv-813-0012,t670:2 t486:4 t486:5 t670:5 t670:6
slv-813-0337,t601:1 t601:2 t601:4
slv-813-0345,t920:2 t240:3 t926:3 t468:4 t523:4 t523:5 t468:6 t670:7
slv-813-2211,t523:2 t523:3 t182:4
slv-813-2895,t991:3 t631:5 t631:6 t631:7
slv-813-3118,t764:5 t670:6 t670:7 t486:7 t670:7
slv-813-3157,t670:2 t670:4 t486:5
slv-813-3295,t693:2 t636:4 t885:5 t860:6
slv-813-4013,t240:1 t926:1 t468:2 t240:3 t278:3 t523:3 t523:4 t468:5
slv-813-4196,t670:2 t486:4 t486:5 t670:5 t670:6
slv-813-4517,t523:0 t926:1 t523:2 t523:3 t468:3
slv-813-5253,t920:1 t240:1 t468:3 t926:3 t468:3 t523:4 t523:5 t468:5 t670:5
slv-813-5454,t391:0 t545:0 t760:0 t545:1 t670:2 t523:3 t523:4 t182:5
slv-813-5688,t670:2 t670:4 t486:5
slv-813-7045,t670:2 t486:4 t486:5 t670:5 t670:6
slv-813-7135,t309:2 t460:3 t240:3 t523:4 t569:4 t523:5 t523:5 t468:6
slv-813-7511,t670:2 t670:4 t486:5
slv-813-8780,t592:1 t592:1 t377:2 t377:3 t601:3 t601:4
slv-813-9131,t670:2 t670:4 t486:5
slv-813-9146,t670:2 t670:4 t486:5
slv-813-9449,t670:2 t486:4 t486:5 t670:5 t670:6
slv-813-9640,t788:0 t523:2 t523:3 t581:4
slv-813-9820,t391:0 t545:1
slv-814-0074,t670:2 t670:4 t486:5
slv-814-0641,t545:1 t391:2 t545:3 t739:4 t545:4
slv-814-0892,t670:2 t486:4 t486:5 t670:5 t670:6
slv-814-1205,t693:4 t670:5 t670:6 t523:6 t182:7 t885:7 t860:7
slv-814-1531,t309:2 t460:3 t240:3 t523:4 t569:4 t523:5 t523:5 t468:6
slv-814-2963,t842:5 t842:6
slv-814-3402,t523:1 t523:3 t182:4
slv-814-3447,t448:0 t240:0 t448:3 t468:4 t860:6
slv-814-4382,t670:2 t670:4 t486:5
slv-814-5493,t670:2 t670:4 t486:5
slv-814-5950,t240:1 t278:2 t523:3 t523:3 t468:4 t764:5 t885:5 t860:6
slv-814-7422,t448:5 t920:5 t391:6 t448:6 t240:6 t523:7
slv-814-8221,t920:1 t240:2 t523:3 t569:5 t523:6 t468:7 t670:7
slv-814-8932,t860:0 t903:1 t860:1 t545:3
slv-815-0117,t670:2 t670:4 t486:5
slv-815-0376,t486:2 t486:4 t469:5 t636:5 t730:5 t523:6 t182:7
slv-815-1264,t670:2 t670:4 t486:5
slv-815-2023,t523:1 t523:3 t581:3
slv-815-2203,t670:2 t670:4 t486:5
slv-815-3366,t605:1 t240:3 t523:4 t523:5 t468:5 t860:6
slv-815-5293,t920:1 t240:2 t523:3 t523:4 t468:5 t860:6
slv-815-6444,t167:1 t391:2 t545:3 t523:3 t240:4 t523:4 t523:5 t468:5
slv-815-6584,t670:2 t670:4 t486:5
slv-815-6673,t240:1 t523:1 t523:3 t569:3 t523:4 t468:5
slv-815-6746,t167:1 t391:2 t545:3 t523:3 t240:4 t523:4 t523:5 t468:5
slv-815-7003,t240:1 t468:3 t240:4 t926:5 t523:5 t523:6 t468:7
slv-815-7563,t555:1 t486:3 t523:4 t523:5 t182:7
slv-815-7818,t523:1 t523:3 t182:3
slv-815-9246,t670:2 t670:4 t486:5
slv-815-9346,t523:0 t926:1 t523:2 t523:3 t468:3
slv-815-9958,t860:0 t545:2
slv-816-0427,t601:1 t601:2 t601:4
slv-816-0613,t448:1 t240:2 t523:3 t523:4 t182:4 t764:5 t885:6
slv-816-1474,t545:1 t240:2 t926:4 t926:4 t468:4 t670:4 t523:4 t523:6 t468:6 t764:6
slv-816-1497,t636:0 t885:0 t903:1 t860:3 t903:5
slv-816-1627,t448:0 t545:1 t523:3 t523:4 t182:5
slv-816-3128,t920:1 t240:2 t278:2 t523:3 t523:3 t468:4 t764:5 t860:6
slv-816-3370,t523:1 t523:3 t581:3
slv-816-3669,t670:2 t670:4 t486:5
slv-816-3711,t670:2 t670:4 t486:5
slv-816-4209,t670:2 t670:4 t486:5
slv-816-4639,t391:0 t904:0 t545:1 t240:2 t523:2 t523:3 t182:4 t885:4 t860:5
slv-816-4661,t991:0 t991:2 t631:4 t814:4 t814:5 t631:6 t631:7
slv-816-5040,t764:5 t670:6 t670:7 t486:7 t670:7
slv-816-5044,t903:5 t860:6 t764:6 t486:7 t486:7 t670:7 t486:7
slv-816-5270,t670:2 t670:4 t486:5
slv-816-6314,t460:1 t240:2 t926:3 t468:4
slv-816-6460,t240:1 t926:1 t468:2 t240:3 t278:3 t523:3 t523:4 t468:5
slv-816-7432,t601:1 t601:2 t601:3
slv-816-7906,t523:1 t523:3 t182:3
slv-816-8153,t693:1 t636:2 t693:3 t670:3 t843:4 t843:4 t601:5 t601:5
slv-816-8418,t240:1 t278:2 t523:3 t523:3 t468:4 t764:5 t885:5 t860:6
slv-816-8459,t670:2 t670:4 t486:5
slv-816-9901,t670:2 t486:4 t486:5 t670:5 t670:6
slv-817-0495,t670:2 t670:4 t486:5
slv-817-0568,t682:0 t240:2 t523:3 t523:3 t182:3 t885:3 t523:4 t468:4 t885:5
slv-817-0873,t670:2 t670:4 t486:5
slv-817-0925,t460:1 t240:2 t523:3 t569:3 t523:4 t523:4 t468:5
slv-817-1061,t920:1 t240:2 t278:2 t523:3 t523:3 t468:4 t764:5 t860:6
slv-817-2186,t391:0 t905:0 t391:0 t904:0 t860:1
slv-817-2979,t523:0 t926:1 t926:2 t523:3 t468:4
slv-817-3079,t391:0 t736:1 t112:2 t545:3 t240:3 t523:4 t523:4 t581:5 t523:6 t468:6 t764:7
slv-817-3234,t460:1 t240:2 t523:3 t523:3 t569:4 t523:4 t468:5
slv-817-5092,t885:0 t860:0
slv-817-7007,t240:1 t926:2 t926:3 t523:3 t926:4 t468:4
slv-817-7328,t448:0 t736:0 t112:1 t545:2 t523:3 t523:4 t468:4 t764:5 t885:6
slv-817-8287,t601:1 t601:2 t601:4
slv-817-8666,t670:2 t670:4 t486:5
slv-817-9772,t391:0 t545:2
slv-817-9957,t605:1 t240:2 t523:3 t523:3 t468:4 t764:5 t860:6
slv-818-0089,t670:2 t670:4 t486:5
slv-818-0378,t920:1 t240:2 t523:3 t523:4 t468:5 t860:6
slv-818-2153,t670:2 t670:4 t486:5
slv-818-2808,t605:1 t240:3 t523:4 t523:5 t468:5 t860:6
slv-818-3824,t736:0 t693:1 t636:1 t240:2 t523:3 t523:4 t182:5
slv-818-4223,t670:2 t670:4 t486:5
slv-818-4513,t670:2 t670:4 t486:5
slv-818-4568,t391:0 t860:0 t545:2
slv-818-4701,t670:2 t486:4 t486:5 t670:5 t670:6
slv-818-6186,t391:0 t905:0 t860:0 t545:2
slv-818-6691,t523:2 t523:3 t182:4
slv-818-6818,t670:2 t670:4 t486:5
slv-818-9800,t670:2 t670:4 t486:5
slv-818-9887,t670:2 t670:4 t486:5
slv-819-0125,t496:0 t860:1 t903:1 t860:2 t545:4
slv-819-1253,t670:2 t670:4 t486:5
slv-819-2321,t736:0 t693:1 t523:2 t523:3 t182:4
slv-819-2697,t693:1 t636:2 t693:3 t670:3 t843:4 t843:4 t601:5 t601:5
slv-819-3924,t545:0 t240:1 t523:1 t240:2 t569:3 t523:3
slv-819-3985,t240:1 t468:3 t240:4 t926:5 t523:5 t523:6 t468:7
slv-819-6283,t788:1 t523:2 t523:3 t581:4
slv-819-8720,t670:2 t670:4 t486:5
slv-819-9472,t736:0 t693:1 t636:1 t240:2 t523:3 t523:4 t182:5
slv-819-9591,t670:2 t670:4 t486:5
slv-819-9930,t391:0 t904:0 t860:0 t545:3
slv-820-0040,t523:1 t523:3 t581:3
slv-820-0064,t788:0 t523:2 t523:3 t581:4
slv-820-0122,t670:2 t486:4 t486:5 t670:5 t670:6
slv-820-0552,t788:1 t523:2 t523:3 t581:4
slv-820-1854,t903:5 t860:6 t764:6 t486:7 t486:7 t670:7 t486:7
slv-820-2281,t670:2 t670:4 t486:5
slv-820-2399,t460:1 t240:2 t523:3 t523:4 t569:5 t523:6 t468:7
slv-820-4740,t903:0 t860:2 t670:3 t601:4 t601:5 t670:5 t843:6
slv-820-5081,t545:0 t240:1 t523:1 t240:2 t569:3 t523:3
slv-820-6904,t788:0 t523:2 t523:3 t581:4
slv-820-6909,t788:1 t523:3 t523:3 t182:4
slv-820-8259,t670:2 t670:4 t486:5
slv-821-0883,t920:1 t240:2 t278:2 t523:3 t523:3 t468:4 t764:5 t860:6
slv-821-2724,t920:1 t240:2 t278:2 t523:3 t523:3 t468:4 t764:5 t860:6
slv-821-3295,t670:2 t670:4 t486:5
slv-821-4696,t670:2 t670:4 t486:5
slv-821-5478,t670:2 t670:4 t486:5
slv-821-5731,t391:0 t545:2
slv-821-7188,t396:0 t240:1 t523:2 t523:3 t182:3 t240:4 t926:4 t468:5
slv-821-7236,t788:1 t523:3 t523:3 t182:4
slv-821-7602,t555:1 t486:3 t523:4 t523:5 t182:7
slv-821-7654,t240:1 t523:2 t523:2 t569:3 t523:4 t523:4 t468:5
slv-821-8108,t391:0 t904:0 t545:0 t860:1 t545:3
slv-821-8956,t396:0 t240:1 t926:2 t523:3 t523:3 t182:3 t926:4 t468:5
slv-821-9600,t523:0 t523:0 t926:2 t926:2 t523:3 t468:3
slv-822-0835,t240:0 t926:1 t523:2 t523:3 t581:3 t569:4 t523:4 t569:5
slv-822-1061,t523:4 t182:6 t670:6 t670:7 t885:7 t860:7
slv-822-2157,t448:0 t736:0 t112:1 t545:2 t523:3 t523:4 t468:4 t764:5 t885:6
slv-822-2607,t460:2 t240:5 t523:6 t523:6 t468:7 t670:7 t670:7 t636:7
slv-822-2858,t693:1 t636:2 t693:3 t670:3 t843:4 t843:4 t601:5 t601:5
slv-822-3059,t670:2 t670:4 t486:5
slv-822-3643,t240:0 t523:1 t523:2 t569:3 t523:3
slv-822-3780,t486:2 t486:4 t469:5 t636:5 t730:5 t523:6 t182:7
slv-822-3781,t670:2 t670:4 t486:5
slv-822-4183,t920:1 t240:2 t278:2 t523:3 t523:3 t468:4 t764:5 t860:6
slv-822-6805,t240:1 t926:1 t468:2 t240:3 t278:3 t523:3 t523:4 t468:5
slv-822-6994,t926:1 t468:3
slv-822-7090,t536:1 t240:1 t926:2 t468:3
slv-822-7746,t240:1 t926:1 t468:2 t240:3 t278:3 t523:3 t523:4 t468:5
slv-822-8474,t670:1 t843:3 t523:4 t182:5
slv-822-9286,t788:1 t523:2 t523:3 t581:4
slv-823-0023,t670:2 t670:4 t486:5
slv-823-0601,t736:0 t693:1 t682:2 t523:3 t523:4 t182:4
slv-823-0748,t736:0 t486:1 t486:3 t670:3 t523:4 t523:5 t182:6
slv-823-1669,t920:1 t240:2 t523:3 t569:5 t523:6 t468:7 t670:7
slv-823-2468,t670:2 t486:4 t486:5 t670:5 t670:6
slv-823-2526,t860:0 t670:5 t670:7
slv-823-2843,t920:1 t240:2 t523:3 t523:4 t468:5 t860:6
slv-823-2853,t670:2 t670:4 t486:5
slv-823-3179,t536:1 t240:2 t926:3 t468:3 t569:3 t569:4 t996:5 t569:6 t926:7
slv-823-6199,t670:2 t486:4 t486:5 t670:5 t670:6
slv-823-6335,t523:1 t523:3 t581:4
slv-823-6438,t670:2 t670:4 t486:5
slv-823-8044,t448:1 t240:2 t523:3 t523:4 t182:4 t764:5 t885:6
slv-823-8812,t788:0 t523:2 t523:3 t581:4
slv-823-8922,t670:2 t670:4 t486:5
slv-823-8952,t860:0 t545:1 t545:2 t523:3 t182:4
slv-823-9394,t555:1 t486:3 t523:4 t523:5 t182:7
slv-824-0228,t670:2 t670:4 t486:5
slv-824-0275,t670:2 t486:4 t486:5 t670:5 t670:6
slv-824-0635,t670:2 t670:4 t486:5
slv-824-1744,t460:1 t240:4 t523:5 t523:6 t468:6 t670:7 t670:7
slv-824-4661,t391:0 t545:0 t391:0 t904:1 t860:3 t545:4
slv-824-6174,t670:2 t670:4 t486:5
slv-824-6791,t926:1 t468:3
slv-824-7228,t693:1 t636:2 t693:3 t670:3 t843:4 t843:4 t601:5 t601:5
slv-824-7302,t106:1 t106:2 t240:3 t926:4 t926:4 t468:5 t670:5 t670:6 t903:6 t860:7
slv-824-7977,t903:1 t860:2 t670:3 t601:3 t601:4 t670:5 t545:5 t843:5 t843:5 t670:6 t843:6
slv-824-8232,t670:2 t670:4 t486:5
slv-825-0535,t240:1 t278:2 t523:3 t523:3 t468:4 t764:5 t885:5 t860:6
slv-825-1289,t920:1 t240:2 t278:2 t523:3 t523:3 t468:4 t764:5 t860:6
slv-825-2430,t670:2 t670:4 t486:5
slv-825-2510,t670:2 t670:4 t486:5
slv-825-3777,t670:2 t670:4 t486:5
slv-825-4215,t670:2 t670:4 t486:5
slv-825-4366,t240:0 t523:1 t569:2 t523:3 t523:4 t468:5
slv-825-4817,t670:5 t670:6 t486:7 t670:7
slv-825-5113,t926:0 t121:0 t523:2 t182:3
slv-825-5251,t448:1 t240:2 t523:3 t523:4 t182:4 t764:5 t885:6
slv-825-5385,t579:1 t843:2 t843:3 t579:4 t579:5
slv-825-5926,t670:2 t670:4 t486:5
slv-825-6667,t523:3 t182:4 t764:6 t860:7
slv-825-7407,t523:1 t523:3 t468:3
slv-825-8178,t523:4 t182:6 t670:6 t670:7 t885:7 t860:7
slv-825-8188,t670:2 t670:4 t486:5
slv-825-9537,t670:2 t670:4 t486:5
slv-825-9539,t391:0 t904:0 t860:1 t545:3
slv-826-0894,t920:1 t240:2 t523:3 t523:4 t468:5 t860:6
slv-826-1258,t670:2 t670:4 t486:5
slv-826-1336,t693:2 t636:4 t885:5 t860:6
slv-826-1590,t693:1 t636:2 t693:3 t670:3 t843:4 t843:4 t601:5 t601:5
slv-826-2048,t670:2 t670:4 t486:5
slv-826-5129,t920:1 t240:2 t278:2 t523:3 t523:3 t468:4 t764:5 t860:6
slv-826-6316,t670:2 t670:4 t486:5
slv-826-8072,t670:2 t670:4 t486:5
slv-826-8792,t693:2 t636:4 t885:5 t860:6
slv-826-9971,t670:2 t670:4 t486:5
slv-827-0740,t601:1 t601:2 t601:4
slv-827-2231,t788:1 t523:2 t523:3 t581:4
slv-827-2292,t920:1 t240:2 t523:3 t523:4 t468:5 t860:6
slv-827-3516,t670:2 t670:4 t486:5
slv-827-3912,t391:0 t545:2 t670:4 t670:5 t486:6 t486:6 t670:7
slv-827-3954,t920:1 t240:2 t278:2 t523:3 t523:3 t468:4 t764:5 t860:6
slv-827-3996,t670:2 t486:4 t486:5 t670:5 t670:6
slv-827-4223,t920:1 t240:2 t278:2 t523:3 t523:3 t468:4 t764:5 t860:6
slv-827-4817,t670:5 t670:6 t486:7 t670:7
slv-827-5734,t601:1 t601:2 t601:4
slv-827-5783,t920:1 t240:2 t523:2 t569:3 t523:4 t523:4 t468:5
slv-827-6412,t240:1 t926:1 t468:2 t240:3 t278:3 t523:3 t523:4 t468:5
slv-827-6536,t670:2 t670:4 t486:5
slv-827-6550,t601:1 t601:2 t601:4
slv-827-6855,t448:1 t240:2 t523:3 t523:4 t182:4 t764:5 t885:6
slv-827-8405,t601:1 t601:2 t601:4
slv-827-8995,t670:2 t670:4 t486:5
slv-827-9478,t240:1 t926:1 t468:2 t240:3 t278:3 t523:3 t523:4 t468:5
slv-828-0284,t601:1 t601:2 t601:4
slv-828-0402,t920:1 t240:2 t278:2 t523:3 t523:3 t468:4 t764:5 t860:6
slv-828-0518,t760:0 t670:1 t670:4 t486:6
slv-828-0647,t670:2 t670:4 t486:5
slv-828-1233,t788:1 t523:2 t523:3 t581:4
slv-828-2264,t670:1 t843:3 t843:4 t523:4 t182:7
slv-828-3979,t670:2 t670:4 t486:5
slv-828-4755,t670:3 t670:5 t486:6
slv-828-4836,t486:2 t486:4 t469:5 t636:5 t730:5 t523:6 t182:7
slv-828-6263,t788:1 t523:2 t523:3 t581:4
slv-828-7127,t616:1 t523:2 t523:3 t569:4
slv-828-7175,t460:1 t240:2 t523:3 t523:3 t569:4 t523:4 t468:5
slv-828-7358,t670:2 t670:4 t486:5
slv-828-8260,t920:1 t240:2 t523:3 t523:4 t468:5 t860:6
slv-828-9317,t670:2 t670:4 t486:5
slv-828-9450,t670:2 t670:4 t486:5
slv-829-0655,t670:2 t486:4 t486:5 t670:5 t670:6
slv-829-2052,t636:0 t736:1 t112:2 t545:2 t240:3 t523:3 t523:4 t581:4 t523:5 t468:7
slv-829-2820,t670:2 t486:4 t486:5 t670:5 t670:6
slv-829-5054,t788:1 t523:2 t523:3 t581:4
slv-829-5251,t167:1 t391:1 t904:2 t545:3
slv-829-5489,t460:2 t240:5 t523:6 t523:6 t468:7 t670:7 t670:7 t636:7
slv-829-5570,t730:1 t240:2 t926:3 t926:4 t523:4 t468:5
slv-829-6320,t693:0 t636:0 t904:1 t860:2 t545:3 t391:4 t545:4 t240:5 t523:5
slv-829-6613,t670:2 t486:4 t486:5 t670:5 t670:6
slv-829-7017,t764:2 t670:5 t670:6 t486:6 t670:7
slv-829-7268,t240:0 t926:1 t523:2 t523:3 t581:3 t569:4 t523:4 t569:5
slv-829-7441,t448:0 t545:1 t523:3 t523:4 t182:5
slv-829-7793,t788:0 t523:2 t523:3 t581:4
slv-829-7876,t860:5 t670:7 t670:7 t904:7
slv-829-8402,t764:5 t670:6 t670:7 t486:7 t670:7
slv-829-8754,t920:1 t240:2 t278:2 t523:3 t523:3 t468:4 t764:5 t860:6
slv-829-9184,t764:5 t670:6 t670:7 t486:7 t670:7
slv-829-9445,t670:2 t670:4 t486:5
slv-830-1498,t448:0 t240:1 t926:2 t468:3 t523:3 t523:4 t468:5 t764:6
slv-830-1708,t739:1 t545:2 t391:3 t545:4
slv-830-2277,t240:0 t926:1 t569:2 t996:2 t569:3 t523:3 t569:4
slv-830-2629,t523:0 t182:6 t670:7 t885:7 t885:7 t860:7
slv-830-3280,t920:1 t240:2 t523:3 t523:4 t468:5 t860:6
slv-830-3587,t391:0 t545:2
slv-830-4620,t601:1 t601:3 t601:4
slv-830-5489,t670:2 t670:4 t486:5
slv-830-5593,t670:2 t486:4 t486:5 t670:5 t670:6
slv-830-6121,t730:1 t240:2 t926:3 t926:4 t523:4 t468:5
slv-830-6159,t391:0 t736:1 t112:2 t545:3 t240:3 t523:4 t523:4 t581:5 t523:6 t468:6 t764:7
slv-830-6783,t920:1 t240:2 t523:3 t523:3 t569:4 t523:4 t468:5
slv-830-7282,t926:0 t926:1 t523:2 t523:3 t926:3
slv-830-7642,t920:1 t240:2 t523:3 t523:4 t468:5 t860:6
slv-830-8469,t601:1 t601:2 t601:4
slv-830-9125,t579:1 t579:1 t843:3 t843:4
slv-830-9663,t670:2 t670:4 t486:5
slv-831-0935,t670:2 t670:4 t486:5
slv-831-1592,t391:0 t545:1
slv-831-2038,t670:2 t670:4 t486:5
slv-831-2601,t760:0 t545:0 t523:2 t523:3 t182:4
slv-831-2825,t391:1 t545:1 t739:2 t545:3
slv-831-3694,t240:1 t278:2 t523:3 t523:3 t468:4 t764:5 t885:5 t860:6
slv-831-3695,t926:1 t468:3
slv-831-3981,t523:2 t523:3 t182:4
slv-831-4576,t670:0 t670:3 t486:5
slv-831-6803,t601:1 t601:2 t601:3
slv-831-8081,t523:1 t523:3 t581:3
slv-831-8627,t788:0 t523:2 t523:3 t581:4
slv-831-9040,t670:2 t670:4 t486:5
slv-831-9072,t670:2 t670:4 t486:5
slv-831-9121,t448:1 t240:2 t523:3 t523:4 t182:4 t764:5 t885:6
slv-832-0156,t523:3 t182:4 t764:6 t860:7
slv-832-1353,t670:2 t670:4 t486:5
slv-832-1987,t448:0 t240:1 t926:2 t523:3 t523:3 t569:5
slv-832-2425,t391:0 t545:1 t448:1 t240:1 t926:2 t523:3 t523:3 t182:4 t926:4 t468:5 t764:6
slv-832-3066,t636:0 t167:0 t391:1 t496:2 t391:2 t545:3
slv-832-3497,t670:2 t670:4 t486:5
slv-832-3519,t670:2 t670:4 t486:5
slv-832-3808,t523:0 t926:1 t523:2 t523:3 t468:3
slv-832-4813,t670:2 t670:4 t486:5
slv-832-4918,t920:1 t240:2 t523:3 t523:4 t468:5 t860:6
slv-832-5168,t920:1 t240:2 t523:3 t523:4 t468:5 t860:6
slv-832-5190,t764:3 t764:6 t670:6 t670:7 t486:7 t670:7
slv-832-5343,t631:3 t631:4 t631:5 t631:6
slv-832-5746,t670:2 t486:4 t486:5 t670:5 t670:6
slv-832-7522,t926:1 t468:3
slv-832-7833,t905:0 t545:1
slv-832-9357,t903:1 t860:2 t670:3 t601:3 t601:4 t670:5 t545:5 t843:5 t843:5 t670:6 t843:6
slv-833-0035,t920:1 t240:2 t278:2 t523:3 t523:3 t468:4 t764:5 t860:6
slv-833-0289,t240:0 t926:1 t523:2 t523:2 t926:3 t468:4
slv-833-0293,t670:2 t670:4 t486:5
slv-833-1653,t240:0 t523:1 t523:3 t523:4 t468:5
slv-833-2309,t670:0 t670:3 t486:5
slv-833-2392,t788:0 t523:1 t523:2 t182:3
slv-833-3653,t693:1 t636:2 t693:3 t670:3 t843:4 t843:4 t601:5 t601:5
slv-833-3683,t167:1 t391:2 t545:3 t523:3 t240:4 t523:4 t523:5 t468:5
slv-833-3790,t764:2 t670:5 t670:6 t486:6 t670:7
slv-833-4666,t670:0 t670:3 t486:5
slv-833-5726,t523:1 t523:3 t182:4
slv-833-5760,t670:2 t670:4 t486:5
slv-833-6298,t670:2 t670:4 t486:5
slv-833-7447,t670:2 t670:4 t486:5
slv-833-7846,t670:2 t486:4 t670:5 t670:6
slv-833-7896,t240:1 t926:2 t523:3 t523:3 t926:4 t468:4
slv-833-8878,t903:1 t860:2 t670:3 t601:3 t601:4 t670:5 t545:5 t843:5 t843:5 t670:6 t843:6
slv-833-9152,t670:2 t670:4 t486:5
slv-833-9897,t905:0 t545:1
slv-833-9907,t616:1 t523:2 t523:3 t569:4
slv-834-0412,t391:0 t545:0 t391:0 t904:2 t545:3 t670:5 t523:5 t523:6 t468:6 t670:6
slv-834-0803,t523:1 t523:3 t182:3
slv-834-1156,t391:0 t545:2
slv-834-1275,t764:2 t670:5 t670:6 t486:6 t670:7
slv-834-1782,t240:2 t926:5 t523:6 t182:7 t885:7 t860:7 t903:7 t860:7 t670:7 t670:7
slv-834-5254,t905:0 t545:1
slv-834-5297,t814:1 t814:4 t631:5 t631:6 t631:6
slv-834-5374,t636:1 t904:3 t885:4 t860:5
slv-834-5631,t788:1 t523:2 t523:3 t581:4
slv-834-5718,t391:0 t904:0 t860:0 t391:1 t545:3
slv-834-6727,t523:6 t182:7 t670:7 t182:7 t885:7 t860:7
slv-834-7101,t240:0 t926:1 t569:2 t996:2 t569:3 t523:3 t569:4
slv-834-8916,t391:0 t904:0 t860:0
slv-834-8937,t920:1 t240:2 t523:3 t523:4 t468:5 t860:6
slv-834-9172,t670:2 t486:4 t486:5 t670:5 t670:6
slv-834-9795,t391:0 t904:0 t545:1 t240:2 t523:2 t523:3 t182:4 t885:4 t860:5
slv-835-0045,t920:1 t240:2 t523:3 t523:4 t468:5 t860:6
slv-835-0975,t670:1 t670:2 t133:3 t741:3 t396:4 t636:4 t885:4 t860:5
slv-835-1028,t240:1 t926:3 t926:4 t523:5 t523:5 t182:6 t240:6 t468:7
slv-835-1448,t670:2 t670:4 t486:5
slv-835-1873,t240:1 t926:3 t926:3 t468:4 t523:5 t523:5 t468:6
slv-835-2164,t920:3 t920:4 t920:5
slv-835-3617,t860:0 t545:2
slv-835-3704,t693:2 t636:4 t885:5 t860:6
slv-835-3858,t920:1 t240:2 t278:2 t523:3 t523:3 t468:4 t764:5 t860:6
slv-835-4373,t670:2 t670:4 t486:5
slv-835-4425,t167:1 t391:2 t545:3 t523:3 t240:4 t523:4 t523:5 t468:5
slv-835-4792,t391:0 t736:1 t112:2 t545:3 t240:3 t523:4 t523:4 t581:5 t523:6 t468:6 t764:7
slv-835-4931,t788:0 t523:1 t523:2 t182:3
slv-835-5115,t486:2 t486:4 t469:5 t636:5 t730:5 t523:6 t182:7
slv-835-5192,t391:0 t736:1 t112:3 t523:4 t523:5 t182:6 t764:6 t764:7 t903:7 t860:7
slv-835-5491,t672:1 t523:2 t523:3 t581:4
slv-835-5525,t670:2 t670:4 t486:5
slv-835-6218,t920:3 t920:4 t920:5
slv-835-6965,t601:1 t601:3 t601:4
slv-835-7974,t240:0 t926:1 t523:2 t523:3 t581:3 t569:4 t523:4 t569:5
slv-835-8428,t920:1 t240:2 t278:2 t523:3 t523:3 t468:4 t764:5 t860:6
slv-835-8894,t885:1 t860:3 t903:4 t860:5
slv-835-9010,t601:0 t601:2 t377:3 t377:4
slv-835-9704,t670:2 t670:4 t486:5
slv-836-0008,t670:2 t670:4 t486:5
slv-836-1703,t523:2 t523:3 t182:4
slv-836-3344,t670:2 t670:4 t486:5
slv-836-3449,t736:0 t486:1 t486:3 t670:3 t523:4 t523:5 t182:6
slv-836-4144,t396:0 t240:1 t926:2 t523:3 t523:3 t926:4 t468:5
slv-836-4287,t920:1 t240:2 t278:2 t523:3 t523:3 t468:4 t764:5 t860:6
slv-836-4929,t391:0 t904:0 t545:2
slv-836-5023,t670:2 t670:4 t486:5
slv-836-5150,t860:0 t391:1 t860:2 t545:3
slv-836-5378,t448:0 t545:1 t448:2 t240:3 t926:3 t468:4 t764:6
slv-836-5870,t788:0 t523:2 t523:3 t581:4
slv-836-6621,t670:2 t670:4 t486:5
slv-836-7189,t920:1 t240:2 t523:3 t523:4 t468:5 t860:6
slv-836-7706,t670:2 t670:4 t486:5
slv-836-8189,t670:2 t486:4 t670:5 t670:6
slv-836-9987,t920:1 t240:2 t278:2 t523:3 t523:3 t468:4 t764:5 t860:6
slv-837-0119,t670:0 t670:3 t486:5
slv-837-0194,t693:2 t636:4 t885:5 t860:6
slv-837-0779,t860:0 t670:5 t670:7
slv-837-1217,t670:1 t843:3 t843:4 t523:4 t182:7
slv-837-2560,t670:2 t670:4 t486:5
slv-837-2737,t460:1 t240:2 t523:3 t523:3 t569:4 t523:4 t468:5
slv-837-2803,t670:2 t670:4 t486:5
slv-837-2820,t672:1 t523:2 t523:3 t581:4
slv-837-3981,t788:0 t523:2 t523:3 t581:4
slv-837-4197,t448:1 t523:3 t523:3 t182:4
slv-837-5613,t920:1 t240:2 t278:2 t523:3 t523:3 t468:4 t764:5 t860:6
slv-837-6064,t278:1 t278:2 t926:3 t926:4 t468:5
slv-837-6518,t448:0 t240:1 t523:4 t182:6 t670:7 t182:7
slv-837-6891,t460:1 t240:2 t523:3 t523:3 t569:4 t523:4 t468:5
slv-837-7716,t670:2 t670:4 t486:5
slv-837-7979,t523:1 t523:3 t182:3
slv-838-0049,t920:1 t240:2 t278:2 t523:3 t523:3 t468:4 t764:5 t860:6
slv-838-0458,t523:1 t523:3 t182:3
slv-838-1375,t920:1 t240:2 t523:2 t569:3 t523:4 t523:4 t468:5
slv-838-3032,t682:0 t240:2 t523:3 t523:3 t182:3 t885:3 t523:4 t468:4 t885:5
slv-838-3760,t860:0 t545:1 t904:2 t545:3 t391:4 t545:4
slv-838-5512,t605:1 t240:1 t523:2 t523:3 t468:3 t240:4 t926:4 t468:5
slv-838-5878,t523:1 t182:3 t885:4 t860:4
slv-838-6223,t670:2 t670:4 t486:5
slv-838-6592,t670:2 t670:4 t486:5
slv-838-6838,t920:1 t240:2 t278:2 t523:3 t523:3 t468:4 t764:5 t860:6
slv-838-7149,t670:2 t670:4 t486:5
slv-838-7375,t736:0 t693:1 t682:2 t523:3 t523:4 t182:4
slv-838-7857,t764:5 t670:6 t670:7 t486:7 t670:7
slv-838-8628,t764:2 t670:5 t670:6 t486:6 t670:7
slv-838-8793,t391:1 t736:2 t112:3 t545:3 t523:4 t240:4 t523:4 t523:5 t581:5 t885:6
slv-838-8950,t670:2 t486:4 t486:5 t670:5 t670:6
slv-838-9519,t670:2 t670:4 t486:5
slv-839-1568,t860:0 t670:5 t670:7
slv-839-3024,t764:2 t670:5 t670:6 t486:6 t670:7
slv-839-3603,t391:0 t736:1 t112:2 t545:3 t240:3 t523:4 t523:4 t581:5 t523:6 t468:6 t764:7
slv-839-6226,t601:1 t601:2 t601:3
slv-839-6260,t240:1 t926:3 t468:3 t240:4 t523:4 t468:5
slv-839-6489,t391:0 t736:1 t112:2 t545:3 t240:3 t523:4 t523:4 t581:5 t523:6 t468:6 t764:7
slv-839-6579,t240:1 t523:2
slv-839-8478,t240:1 t926:2 t240:3 t468:6
slv-839-9405,t670:2 t670:4 t486:5
slv-840-0162,t448:1 t240:2 t523:3 t523:4 t182:4 t764:5 t885:6
slv-840-1313,t523:1 t523:3 t581:3
slv-840-1443,t670:2 t670:4 t486:5
slv-840-1730,t670:2 t670:4 t486:5
slv-840-1867,t545:0 t391:1 t545:2 t904:3 t545:4
slv-840-2462,t605:1 t240:3 t523:4 t523:5 t468:5 t860:6
slv-840-3418,t860:0 t391:1 t860:2 t545:3
slv-840-4041,t240:0 t926:2 t523:3 t523:4 t581:5
slv-840-4283,t670:0 t670:3 t486:5
slv-840-4420,t601:1 t601:2 t601:3
slv-840-4686,t396:0 t240:1 t926:2 t523:3 t523:3 t926:4 t468:5
slv-840-5153,t670:2 t670:4 t486:5
slv-840-5646,t788:1 t523:3 t523:3 t182:4
slv-840-5877,t240:1 t926:2 t468:3
slv-840-6112,t391:0 t736:1 t112:2 t545:3 t240:3 t523:4 t523:4 t581:5 t523:6 t468:6 t764:7
slv-840-6351,t460:0 t240:1 t926:2 t523:3 t523:4 t569:5
slv-840-6526,t523:1 t523:3 t182:3
slv-840-7657,t670:2 t670:4 t486:5
slv-840-7923,t788:1 t523:2 t523:3 t581:4
slv-840-8094,t670:2 t670:4 t486:5
slv-840-9961,t920:1 t240:2 t523:2 t569:3 t523:4 t523:4 t468:5
slv-841-0650,t391:0 t860:0 t391:0 t545:1
slv-841-1000,t240:1 t523:1 t523:3 t569:3 t523:4 t468:5
slv-841-1476,t670:2 t670:4 t486:5
slv-841-1692,t670:2 t670:4 t486:5
slv-841-1801,t670:2 t670:4 t486:5
slv-841-1805,t670:1 t670:2 t133:3 t741:3 t396:4 t636:4 t885:4 t860:5
slv-841-3234,t670:2 t670:4 t486:5
slv-841-5001,t905:0 t545:1
slv-841-5719,t670:2 t670:4 t486:5
slv-841-6032,t396:0 t240:1 t523:2 t523:3 t182:3 t240:4 t926:4 t468:5
slv-841-6408,t391:0 t736:1 t112:2 t545:3 t240:3 t523:4 t523:4 t581:5 t523:6 t468:6 t764:7
slv-841-7021,t670:2 t670:4 t486:5
slv-841-7243,t486:1 t670:2 t329:3 t329:4
slv-841-7245,t460:1 t240:2 t523:3 t523:3 t569:4 t523:4 t523:5 t468:6
slv-841-7885,t920:1 t240:2 t278:2 t523:3 t523:3 t468:4 t764:5 t860:6
slv-841-8162,t670:1 t601:3 t601:3 t670:4 t843:5 t843:5
slv-841-9814,t601:1 t601:2 t601:4
slv-841-9873,t240:0 t523:1 t240:2 t926:2 t240:3 t569:3 t523:4 t523:5
slv-842-0828,t523:4 t182:6 t670:6 t670:7 t885:7 t860:7
slv-842-2960,t601:1 t601:2 t601:4
slv-842-3280,t736:0 t693:1 t523:2 t523:3 t182:4
slv-842-3341,t555:2 t486:4 t486:5
slv-842-3612,t670:2 t670:4 t486:5
slv-842-4310,t391:0 t736:1 t112:2 t545:3 t240:3 t523:4 t523:4 t581:5 t523:6 t468:6 t764:7
slv-842-4435,t670:4 t885:6 t860:6 t903:7 t860:7
slv-842-6157,t396:0 t240:1 t523:2 t523:3 t182:3 t240:4 t926:4 t468:5
slv-842-6866,t448:0 t240:1 t926:3 t926:4 t523:5 t182:6
slv-842-6992,t670:2 t670:4 t486:5
slv-842-7703,t670:1 t843:3 t843:4 t523:4 t182:7
slv-842-7859,t670:2 t670:4 t486:5
slv-842-7897,t523:1 t523:3 t182:3
slv-842-8161,t670:2 t670:4 t486:5
slv-842-9998,t448:0 t736:0 t112:1 t545:2 t523:3 t523:4 t468:4 t764:5 t885:6
slv-843-0032,t693:1 t636:2 t693:3 t670:3 t843:4 t843:4 t601:5 t601:5
slv-843-0178,t693:2 t636:4 t885:5 t860:6
slv-843-0760,t764:5 t670:6 t670:7 t486:7 t670:7
slv-843-1407,t670:2 t670:4 t486:5
slv-843-2077,t616:1 t523:2 t523:3 t569:4
slv-843-2299,t682:0 t240:2 t523:3 t523:3 t182:3 t885:3 t523:4 t468:4 t885:5
slv-843-3121,t670:2 t670:4 t486:5
slv-843-3203,t860:0 t670:5 t670:7
slv-843-3750,t885:1 t860:3 t523:4 t182:5
slv-843-4076,t788:1 t523:2 t523:3 t581:4
slv-843-4160,t693:1 t670:3 t670:4 t693:4 t636:5 t885:6 t860:6
slv-843-4171,t605:1 t240:1 t523:2 t523:3 t468:3 t278:3 t278:4 t926:4 t468:5
slv-843-4345,t391:0 t904:0 t860:0 t545:3
slv-843-5309,t167:1 t391:1 t904:2 t545:3
slv-843-6545,t448:1 t240:2 t523:3 t523:4 t182:4 t764:5 t885:6
slv-843-6863,t240:1 t468:3 t240:4 t926:5 t523:5 t523:6 t468:7
slv-843-7278,t601:1 t601:2 t601:3
slv-843-8363,t391:1 t736:2 t112:3 t545:3 t523:4 t240:4 t523:4 t523:5 t581:5 t885:6
slv-843-9301,t670:2 t670:4 t486:5
slv-844-0083,t391:0 t904:0 t860:1 t545:2
slv-844-0200,t927:1 t927:2 t927:3 t927:4
slv-844-0564,t448:0 t636:2 t523:3 t523:5 t182:6
slv-844-1365,t670:2 t670:4 t486:5
slv-844-1485,t670:2 t670:4 t486:5
slv-844-1645,t555:4 t486:6
slv-844-2180,t670:2 t486:4 t486:5 t670:5 t670:6
slv-844-2314,t545:1 t523:3 t182:4
slv-844-3618,t670:2 t486:4 t486:5 t670:5 t670:6
slv-844-3727,t240:0 t926:1 t278:1 t523:2 t523:3 t926:3 t468:4
slv-844-4187,t523:3 t182:4 t764:6 t860:7
slv-844-4602,t739:1 t545:2 t391:3 t545:4
slv-844-6080,t448:0 t545:1 t448:2 t240:3 t926:3 t468:4 t764:6
slv-844-6908,t670:2 t670:4 t486:5
slv-844-7474,t739:1 t545:2 t391:3 t545:4
slv-844-7556,t670:2 t670:4 t486:5
slv-844-7967,t636:0 t885:2 t904:4 t545:4 t391:5 t545:5
slv-844-8124,t601:1 t601:2 t601:4
slv-844-8618,t670:2 t670:4 t486:5
slv-844-8643,t670:2 t486:4 t486:5 t670:5 t670:6
slv-844-8660,t240:1 t926:1 t468:2 t240:3 t278:3 t523:3 t523:4 t468:5
slv-844-8845,t523:0 t523:2 t468:3
slv-844-9421,t670:2 t670:4 t486:5
slv-845-2358,t670:2 t486:4 t486:5 t670:5 t670:6
slv-845-2590,t670:2 t670:4 t486:5
slv-845-2702,t670:2 t670:4 t486:5
slv-845-3676,t670:2 t670:4 t486:5
slv-845-3842,t670:2 t486:4 t486:5 t670:5 t670:6
slv-845-3920,t670:2 t670:4 t486:5
slv-845-4810,t670:2 t670:4 t486:5
slv-845-4925,t240:1 t926:2 t468:3
slv-845-5606,t904:5 t693:6 t693:7 t670:7 t693:7 t636:7
slv-845-7196,t601:1 t601:3
slv-845-7264,t904:0 t693:0 t636:3 t904:5 t670:6 t670:7
slv-845-7787,t764:5 t670:6 t670:7 t486:7 t670:7
slv-845-7960,t905:0 t545:1
slv-845-8176,t601:1 t601:3 t670:4 t843:5 t843:5 t579:6
slv-845-8204,t670:2 t670:4 t486:5
slv-845-9345,t670:2 t670:4 t486:5
slv-845-9711,t569:0 t523:1 t523:1 t926:3
slv-845-9746,t523:1 t523:3 t468:3 t764:6
slv-845-9936,t601:1 t601:2 t601:4
slv-845-9966,t670:2 t670:4 t486:5
slv-846-2186,t670:2 t670:4 t486:5
slv-846-3091,t448:0 t240:2 t523:4 t523:5 t468:6 t764:7 t860:7
slv-846-3825,t670:2 t670:4 t486:5
slv-846-4728,t736:0 t693:1 t682:2 t523:3 t523:4 t182:4
slv-846-5232,t523:1 t926:2 t926:3 t523:3 t468:4
slv-846-5330,t240:1 t926:2 t240:3 t468:6
slv-846-5770,t788:1 t523:3 t523:3 t182:4
slv-846-5980,t391:0 t736:1 t112:2 t545:3 t240:3 t523:4 t523:4 t581:5 t523:6 t468:6 t764:7
slv-846-7088,t764:2 t670:5 t670:6 t486:6 t670:7
slv-846-8532,t391:0 t545:1 t391:1 t860:2 t545:4
slv-847-0786,t788:5 t523:6 t523:7 t581:7
slv-847-2598,t460:1 t240:4 t523:5 t523:6 t468:6 t670:7 t670:7
slv-847-3190,t670:2 t670:4 t486:5
slv-847-3683,t391:1 t545:1 t739:2 t545:3
slv-847-4149,t240:1 t926:1 t468:2 t240:3 t278:3 t523:3 t523:4 t468:5
slv-847-4997,t391:0 t448:0 t636:1 t240:2 t523:3 t523:4 t468:4 t764:5 t885:6
slv-847-6332,t814:1 t814:4 t631:5 t631:6 t631:6
slv-847-7615,t601:0 t601:2 t377:3 t377:4
slv-847-8040,t670:2 t670:4 t486:5
slv-847-9269,t926:0 t926:1 t523:2 t523:3 t926:3
slv-847-9748,t670:2 t486:4 t486:5 t670:5 t670:6
slv-847-9938,t739:1 t545:2
slv-848-0032,t167:1 t391:2 t545:3 t523:3 t240:4 t523:4 t523:5 t468:5
slv-848-1830,t240:0 t523:1 t569:2 t523:3 t523:4 t468:5
slv-848-2468,t670:2 t670:4 t486:5
slv-848-2617,t616:1 t523:2 t523:3 t569:4
slv-848-3649,t764:5 t670:6 t670:7 t486:7 t670:7
slv-848-4200,t579:1 t579:2 t843:3 t843:4 t579:5
slv-848-5232,t496:0 t391:0 t905:0
slv-848-7794,t670:2 t670:4 t486:5
slv-848-9194,t240:0 t523:1 t569:2 t523:3 t523:4 t468:4
slv-848-9343,t670:2 t670:4 t486:5
slv-849-1009,t240:1 t523:2 t523:2 t569:3 t523:4 t523:4 t468:5
slv-849-2700,t460:1 t240:2 t523:3 t569:3 t523:4 t523:4 t468:5
slv-849-3682,t860:0 t545:2
slv-849-4351,t523:1 t523:3 t468:3 t764:6
slv-849-5672,t523:3 t182:4 t764:6 t860:7
slv-849-7198,t670:0 t670:3 t486:5
slv-849-8015,t693:2 t636:4 t885:5 t860:6
slv-849-8267,t670:2 t670:4 t486:5
slv-849-9166,t693:1 t636:2 t693:3 t670:3 t843:4 t843:4 t601:5 t601:5
slv-850-0124,t670:2 t670:4 t486:5
slv-850-0563,t670:2 t670:4 t486:5
slv-850-0880,t167:1 t391:1 t496:2 t391:3 t545:3 t523:4 t523:4 t182:5
slv-850-2029,t167:1 t391:2 t545:3 t523:3 t240:4 t523:4 t523:5 t468:5
slv-850-2515,t920:1 t240:2 t278:2 t523:3 t523:3 t468:4 t764:5 t860:6
slv-850-2612,t670:2 t670:4 t486:5
slv-850-3899,t670:2 t670:4 t486:5
slv-850-4003,t670:2 t670:4 t486:5
slv-850-4680,t682:0 t240:2 t523:3 t523:3 t182:3 t885:3 t523:4 t468:4 t885:5
slv-850-4766,t391:0 t448:0 t636:1 t240:2 t523:3 t523:4 t468:4 t764:5 t885:6
slv-850-4871,t448:0 t240:0 t448:3 t468:4 t860:6
slv-850-5345,t523:0 t926:1 t523:2 t523:3 t468:3
slv-850-6596,t523:3 t182:4 t764:6 t860:7
slv-850-8630,t814:1 t814:4 t631:5 t631:6 t631:6
slv-850-9619,t670:2 t670:4 t486:5
slv-850-9662,t904:5 t904:6 t670:7 t670:7
slv-851-0000,t788:1 t523:3 t523:3 t182:4
slv-851-0655,t670:2 t670:4 t486:5
slv-851-0684,t736:0 t486:1 t486:3 t670:3 t523:4 t523:5 t182:6
slv-851-1418,t905:0 t545:0 t545:1 t860:2 t545:2
slv-851-1778,t391:0 t545:1 t448:1 t240:1 t926:2 t523:3 t523:3 t182:4 t926:4 t468:5 t764:6
slv-851-2962,t391:1 t736:2 t112:3 t545:3 t523:4 t240:4 t523:4 t523:5 t581:5 t885:6
slv-851-3092,t788:1 t523:2 t523:3 t581:4
slv-851-3808,t764:2 t670:5 t670:6 t486:6 t670:7
slv-851-4018,t523:4 t182:6 t670:6 t670:7 t885:7 t860:7
slv-851-4451,t788:1 t523:2 t523:3 t581:4
slv-851-5175,t670:2 t670:4 t486:5
slv-851-6723,t903:1 t860:2 t670:3 t601:3 t601:4 t670:5 t545:5 t843:5 t843:5 t670:6 t843:6
slv-851-7266,t460:1 t240:1 t926:2 t569:3 t523:3 t523:4 t569:4
slv-851-7500,t523:1 t523:3 t581:3
slv-851-8305,t670:2 t670:4 t486:5
slv-851-8533,t670:2 t670:4 t486:5
slv-852-0178,t391:0 t545:1 t240:2 t523:3 t523:4
slv-852-0296,t670:2 t670:4 t486:5
slv-852-1508,t670:2 t670:4 t486:5
slv-852-2185,t670:2 t670:4 t486:5
slv-852-2465,t391:0 t905:0 t860:0 t545:2
slv-852-2724,t788:1 t523:3 t523:3 t182:4
slv-852-3163,t523:1 t523:3 t182:3
slv-852-5946,t670:2 t670:4 t486:5
slv-852-7356,t670:2 t670:4 t486:5
slv-852-7856,t788:0 t523:2 t523:3 t581:4
slv-852-9165,t670:2 t670:4 t486:5
slv-852-9260,t523:0 t523:0 t926:2 t926:2 t523:3 t468:3
slv-852-9677,t670:2 t670:4 t486:5
slv-853-0492,t670:2 t670:4 t486:5
slv-853-0972,t920:1 t240:2 t523:3 t523:4 t468:5 t860:6
slv-853-1041,t391:0 t904:0 t545:1 t240:2 t523:2 t523:3 t182:4 t885:4 t860:5
slv-853-1724,t904:0 t545:1 t240:2 t523:3 t523:4 t468:5 t764:6 t764:6 t860:7
slv-853-2248,t391:1 t545:1 t739:3 t545:4
slv-853-3354,t523:1 t523:3 t182:3
slv-853-4170,t396:0 t240:1 t926:2 t523:3 t523:3 t926:4 t468:5
slv-853-4472,t523:0 t569:1 t523:2 t523:3 t581:3 t569:3 t996:4 t569:5
slv-853-4531,t670:2 t670:4 t486:5
slv-853-5633,t670:3 t670:5 t486:6
slv-853-6708,t672:1 t523:2 t523:3 t581:4
slv-853-7241,t670:2 t670:4 t486:5
slv-853-8284,t670:2 t670:4 t486:5
slv-853-8494,t788:1 t523:2 t523:3 t581:4
slv-853-8516,t460:1 t240:2 t926:3 t468:4
slv-853-8867,t579:1 t579:1 t843:3 t843:4
slv-853-9941,t904:2 t670:5 t670:5 t885:6 t860:6 t903:7 t860:7
slv-854-1004,t545:1 t240:2 t926:4 t926:4 t468:4 t670:4 t523:4 t523:6 t468:6 t764:6
slv-854-1531,t670:2 t670:4 t486:5
slv-854-1606,t670:2 t486:4 t486:5 t670:5 t670:6
slv-854-3697,t523:0 t523:0 t926:2 t926:2 t523:3 t468:3
slv-854-3700,t788:0 t523:2 t523:3 t581:4
slv-854-5066,t391:0 t545:1 t240:2 t523:3 t523:4
slv-854-5561,t536:1 t240:1 t926:2 t468:3
slv-854-5790,t860:0 t545:2
slv-854-7760,t601:1 t601:3 t601:4
slv-854-8410,t682:0 t240:2 t523:3 t523:3 t182:3 t885:3 t523:4 t468:4 t885:5
slv-854-8748,t764:5 t670:6 t670:7 t486:7 t670:7
slv-854-9235,t523:5 t182:6 t670:6 t670:7 t885:7 t860:7
slv-855-0098,t670:2 t670:4 t486:5
slv-855-0817,t860:0 t903:1 t860:1 t545:3
slv-855-1065,t670:0 t670:3 t486:5
slv-855-1311,t486:2 t486:4 t469:5 t636:5 t730:5 t523:6 t182:7
slv-855-2204,t391:0 t905:0 t860:0 t545:2
slv-855-3077,t670:2 t670:4 t486:5
slv-855-3515,t240:1 t468:3 t240:4 t926:5 t523:5 t523:6 t468:7
slv-855-3566,t523:3 t182:4
slv-855-3660,t920:1 t240:2 t523:3 t523:4 t468:5 t860:6
slv-855-5961,t167:1 t391:2 t545:3 t523:3 t240:4 t523:4 t523:5 t468:5
slv-855-7120,t670:2 t670:4 t486:5
slv-855-7547,t670:2 t670:4 t486:5
slv-855-8000,t536:1 t240:1 t926:2 t468:3
slv-855-9407,t670:2 t486:4 t486:5 t670:5 t670:6
slv-855-9958,t240:1 t926:1 t468:2 t240:3 t278:3 t523:3 t523:4 t468:5
slv-856-0239,t391:0 t545:1 t240:2 t523:3 t523:3 t926:3 t468:4
slv-856-0619,t448:0 t545:1 t448:2 t240:3 t926:3 t468:4 t764:6
slv-856-2101,t670:2 t670:4 t486:5
slv-856-2483,t569:0 t523:1 t523:1 t926:3
slv-856-2790,t523:3 t182:5
slv-856-3175,t670:2 t670:4 t486:5
slv-856-3302,t523:0 t926:1 t523:2 t523:3 t468:4
slv-856-3542,t670:2 t670:4 t486:5
slv-856-3695,t739:1 t545:2 t391:3 t545:4
slv-856-4066,t391:0 t905:0 t860:0 t545:2
slv-856-5546,t860:0 t670:5 t670:7
slv-856-5583,t920:1 t240:2 t523:3 t523:4 t468:5 t860:6
slv-856-6200,t167:0 t391:1 t545:2
slv-856-6367,t920:1 t240:2 t523:2 t569:3 t523:4 t523:4 t468:5
slv-856-6559,t240:1 t523:2 t523:3 t468:3 t996:3 t569:5
slv-856-7617,t670:3 t670:5 t486:6
slv-856-7874,t240:2 t926:5 t926:6 t523:7 t182:7 t693:7 t670:7 t885:7 t860:7
slv-856-7989,t523:2 t523:3 t182:4
slv-856-8223,t579:1 t843:2 t843:3 t579:4 t579:5
slv-857-0190,t601:1 t601:3 t601:4
slv-857-1292,t391:0 t736:1 t112:2 t545:3 t240:3 t523:4 t523:4 t581:5 t523:6 t468:6 t764:7
slv-857-1689,t670:0 t670:3 t486:5
slv-857-2152,t670:2 t486:4 t486:5 t670:5 t670:6
slv-857-4412,t670:2 t486:4 t486:5 t670:5 t670:6
slv-857-6167,t391:0 t904:0 t391:0 t860:1
slv-857-6495,t788:0 t523:2 t523:3 t581:4
slv-857-6992,t240:1 t926:1 t468:2 t240:3 t278:3 t523:3 t523:4 t468:5
slv-857-7597,t670:2 t670:4 t486:5
slv-857-8665,t788:0 t523:2 t523:3 t581:4
slv-857-8962,t601:1 t601:2 t601:4
slv-857-9468,t670:2 t486:4 t486:5 t670:5 t670:6
slv-858-1380,t569:0 t523:1 t523:2 t926:3
slv-858-1400,t486:2 t486:4 t469:5 t636:5 t730:5 t523:6 t182:7
slv-858-1529,t670:2 t670:4 t486:5
slv-858-2254,t670:2 t670:4 t486:5
slv-858-2785,t670:2 t670:4 t486:5
slv-858-3198,t523:0 t182:2 t885:3 t860:4
slv-858-3569,t920:1 t240:2 t278:2 t523:3 t523:3 t468:4 t764:5 t860:6
slv-858-3955,t926:1 t523:3 t523:3 t468:3
slv-858-4792,t240:1 t468:3 t240:4 t926:5 t523:5 t523:6 t468:7
slv-858-4891,t523:2 t523:3 t182:4
slv-858-5659,t391:0 t545:2
slv-858-6339,t391:0 t904:0 t860:0 t545:2
slv-858-6855,t670:2 t670:4 t486:5
slv-858-6914,t670:2 t670:4 t486:5
slv-858-7353,t670:2 t670:4 t486:5
slv-858-8144,t670:2 t670:4 t486:5
slv-858-8972,t926:1 t468:3
slv-858-9104,t240:1 t468:3 t240:4 t926:5 t523:5 t523:6 t468:7
slv-859-1463,t486:4 t670:6 t670:6 t486:7
slv-859-1970,t920:1 t240:2 t278:2 t523:3 t523:3 t468:4 t764:5 t860:6
slv-859-2100,t486:2 t486:4 t469:5 t636:5 t730:5 t523:6 t182:7
slv-859-2610,t693:4 t636:5 t523:6 t523:6 t182:7
slv-859-3080,t240:1 t926:1 t468:2 t240:3 t278:3 t523:3 t523:4 t468:5
slv-859-6096,t460:1 t240:2 t523:3 t569:4 t523:5 t523:5 t468:6
slv-859-7112,t523:0 t523:2 t468:3
slv-859-7199,t764:2 t670:5 t670:6 t486:6 t670:7
slv-859-7827,t670:2 t486:4 t486:5 t670:5 t670:6
slv-859-8542,t920:1 t240:2 t523:3 t523:4 t468:5 t860:6
slv-859-9589,t377:1 t377:2
slv-860-0641,t670:2 t670:4 t486:5
slv-860-0658,t670:2 t670:4 t486:5
slv-860-1112,t670:2 t670:4 t486:5
slv-860-1640,t670:2 t670:4 t486:5
slv-860-1717,t448:0 t240:1 t926:3 t926:4 t523:5 t182:6
slv-860-1992,t670:2 t670:4 t486:5
slv-860-2717,t670:2 t670:4 t486:5
slv-860-2859,t670:1 t843:3 t843:4 t523:4 t182:7
slv-860-3582,t860:0 t670:5 t670:7
slv-860-3639,t670:2 t670:4 t486:5
slv-860-5042,t788:1 t523:2 t523:3 t581:4
slv-860-5193,t391:0 t904:0 t860:1 t545:3
slv-860-5354,t920:1 t240:2 t523:4 t523:4 t468:5 t860:7
slv-860-5792,t523:1 t926:2 t926:3 t523:3 t468:4
slv-860-6129,t991:3 t631:5 t631:6 t631:7
slv-860-7232,t670:2 t670:4 t486:5
slv-860-7460,t670:2 t670:4 t486:5
slv-860-8130,t670:2 t670:4 t486:5
slv-860-8324,t601:1 t601:2 t601:4
slv-860-9371,t653:0 t903:2 t860:4 t391:4 t545:5 t670:6 t670:6
slv-860-9657,t601:1 t601:2 t601:3
slv-861-1230,t555:1 t486:3 t523:4 t523:5 t182:7
slv-861-1942,t693:1 t636:2 t693:3 t670:3 t843:4 t843:4 t601:5 t601:5
slv-861-2152,t920:1 t240:2 t523:3 t523:4 t468:5 t860:6
slv-861-2446,t670:2 t670:4 t486:5
slv-861-2753,t920:1 t240:2 t523:3 t523:4 t468:5 t860:6
slv-861-2871,t670:2 t670:4 t486:5
slv-861-3022,t860:0 t545:2
slv-861-4669,t670:2 t670:4 t486:5
slv-861-5165,t670:2 t670:4 t486:5
slv-861-5825,t920:1 t240:2 t278:2 t523:3 t523:3 t468:4 t764:5 t860:6
slv-861-6151,t391:0 t904:0 t545:2
slv-861-6222,t920:1 t240:2 t523:3 t523:4 t468:5 t860:6
slv-861-7401,t670:2 t670:4 t486:5
slv-861-8105,t920:1 t240:2 t278:2 t523:3 t523:3 t468:4 t764:5 t860:6
slv-861-9511,t391:0 t545:1
slv-861-9813,t670:2 t670:4 t486:5
slv-862-1091,t670:2 t670:4 t486:5
slv-862-1342,t240:1 t523:1 t523:3 t569:3 t523:4 t468:5
slv-862-2104,t240:1 t523:1 t523:2 t569:3 t523:4 t468:5
slv-862-2656,t670:2 t670:4 t486:5
slv-862-3340,t670:2 t670:4 t486:5
slv-862-4205,t636:0 t736:1 t523:2 t523:3 t581:4 t523:5 t182:6
slv-862-5616,t693:1 t670:3 t670:4 t693:4 t636:5 t885:6 t860:6
slv-862-5691,t670:2 t670:4 t486:5
slv-862-6412,t670:2 t670:4 t486:5
slv-862-6988,t730:1 t240:2 t926:3 t926:4 t523:4 t468:5
slv-862-7153,t905:0 t545:1
slv-862-7834,t670:2 t670:4 t486:5
slv-862-7860,t670:2 t670:4 t486:5
slv-862-8575,t670:2 t670:4 t486:5
slv-862-8855,t601:1 t601:2 t601:4
slv-862-9326,t670:2 t486:4 t486:5 t670:5 t670:6
slv-862-9683,t670:2 t670:4 t486:5
slv-863-0057,t636:0 t167:0 t496:1 t391:2 t545:3 t240:3 t523:4 t523:4 t468:5
slv-863-0205,t391:0 t545:1
slv-863-1090,t536:1 t240:1 t926:2 t468:3
slv-863-2290,t905:0 t545:1
slv-863-2386,t448:0 t240:1 t926:2 t523:3 t523:3 t569:5
slv-863-3009,t460:0 t545:1 t240:1 t523:2 t523:3 t569:4 t523:4 t468:5
slv-863-3957,t670:3 t670:5 t486:6
slv-863-4080,t760:0 t545:0 t523:2 t523:3 t182:4
slv-863-5084,t670:2 t486:4 t486:5 t670:5 t670:6
slv-863-5460,t670:2 t670:4 t486:5
slv-863-8131,t601:1 t601:2 t601:3
slv-863-9240,t670:2 t486:4 t486:5 t670:5 t670:6
slv-864-0074,t448:0 t240:0 t448:3 t468:4 t860:6
slv-864-2137,t670:2 t670:4 t486:5
slv-864-3353,t829:0 t545:1
slv-864-4409,t486:2 t486:4 t469:5 t636:5 t730:5 t523:6 t182:7
slv-864-6425,t860:0 t391:1 t860:2 t545:3
slv-864-6470,t240:4 t670:6 t885:7 t860:7 t670:7 t670:7 t523:7 t182:7
slv-864-6502,t523:1 t182:3 t885:4 t860:4
slv-864-6835,t920:1 t240:2 t523:3 t523:4 t468:5 t860:6
slv-864-8461,t601:0 t601:2 t377:3 t377:4
slv-864-8753,t448:1 t391:2 t736:3 t112:3 t545:4 t523:4 t523:5 t182:5 t523:6 t581:7
slv-864-8805,t788:0 t523:2 t523:3 t581:4
slv-865-0793,t460:1 t240:1 t926:2 t569:3 t523:3 t523:4 t569:4
slv-865-0890,t920:1 t240:2 t278:2 t523:3 t523:3 t468:4 t764:5 t860:6
slv-865-1466,t309:0 t904:0 t545:0 t885:2 t860:3 t545:4
slv-865-2373,t814:1 t290:3 t290:4 t814:4 t814:6
slv-865-3727,t240:1 t926:1 t468:2 t240:3 t278:3 t523:3 t523:4 t468:5
slv-865-4332,t670:2 t670:4 t486:5
slv-865-4595,t693:2 t636:4 t885:5 t860:6
slv-865-5756,t670:2 t670:4 t486:5
slv-865-5970,t926:1 t523:2 t523:3
slv-865-8407,t670:2 t670:4 t486:5
slv-865-8696,t860:0 t903:1 t860:1 t545:3
slv-865-9196,t693:2 t636:4 t885:5 t860:6
slv-866-0673,t601:1 t601:2 t601:4
slv-866-2587,t672:1 t523:2 t523:3 t581:4
slv-866-2998,t670:2 t670:4 t486:5
slv-866-3112,t670:2 t670:4 t486:5
slv-866-3140,t309:2 t460:3 t240:3 t523:4 t569:4 t523:5 t523:5 t468:6
slv-866-3390,t670:2 t670:4 t486:5
slv-866-3452,t670:2 t670:4 t486:5
slv-866-4785,t670:2 t670:4 t486:5
slv-866-5044,t670:2 t670:4 t486:5
slv-866-5671,t391:1 t736:2 t112:3 t545:3 t523:4 t240:4 t523:4 t523:5 t581:5 t885:6
slv-866-6274,t391:0 t545:1
slv-866-6775,t920:1 t240:2 t523:3 t569:5 t523:6 t468:7 t670:7
slv-866-7143,t670:2 t670:4 t486:5
slv-866-7646,t496:0 t391:0 t905:0
slv-866-8843,t391:0 t904:2 t885:2 t860:3 t391:4 t545:5
slv-866-9617,t860:5 t670:7 t670:7 t904:7
slv-867-0246,t693:1 t636:2 t693:3 t670:3 t843:4 t843:4 t601:5 t601:5
slv-867-0746,t670:2 t670:4 t486:5
slv-867-0833,t670:2 t670:4 t486:5
slv-867-1099,t670:2 t670:4 t486:5
slv-867-1925,t605:1 t240:2 t523:3 t523:3 t468:4 t764:5 t860:6
slv-867-2149,t676:1 t523:3 t569:4 t523:5 t523:6 t468:7
slv-867-2180,t240:1 t926:3 t468:3 t240:4 t523:4 t468:5
slv-867-3138,t920:1 t240:2 t523:3 t569:5 t523:6 t468:7 t670:7
slv-867-3168,t920:1 t240:2 t523:3 t523:4 t468:5 t860:6
slv-867-3497,t486:1 t670:2 t486:3 t486:5
slv-867-3794,t636:0 t885:0 t636:1 t904:4 t860:5
slv-867-4129,t670:2 t670:4 t486:5
slv-867-4634,t448:0 t240:1 t926:2 t926:3 t468:3 t764:4 t885:5 t860:6
slv-867-6257,t670:2 t670:4 t486:5
slv-867-6283,t240:1 t926:3 t468:3 t240:4 t523:4 t468:5
slv-867-6338,t448:0 t240:0 t448:3 t468:4 t860:6
slv-867-6680,t523:1 t523:3 t581:3
slv-867-6862,t670:2 t670:4 t486:5
slv-867-6949,t448:0 t240:0 t448:3 t468:4 t860:6
slv-867-7634,t764:2 t670:5 t670:6 t486:6 t670:7
slv-867-8037,t523:1 t182:3 t885:4 t860:5
slv-867-8584,t670:2 t670:4 t486:5
slv-867-9026,t670:2 t670:4 t486:5
slv-867-9118,t736:0 t693:1 t682:2 t240:3 t523:3 t523:4
slv-867-9678,t926:1 t926:1 t523:3 t926:3 t468:4
slv-868-0330,t670:2 t670:4 t486:5
slv-868-1391,t670:2 t670:4 t486:5
slv-868-1848,t693:1 t670:3 t670:4 t693:4 t636:5 t885:6 t860:6
slv-868-3331,t788:0 t523:2 t523:3 t581:4
slv-868-4360,t670:2 t670:4 t486:5
slv-868-5269,t391:1 t736:2 t112:3 t545:3 t523:4 t240:4 t523:4 t523:5 t581:5 t885:6
slv-868-5349,t670:2 t486:4 t670:5 t670:6
slv-868-5853,t670:2 t486:4 t486:5 t670:5 t670:6
slv-868-7073,t670:2 t670:4 t486:5
slv-868-8629,t829:0 t545:1
slv-868-9218,t670:2 t486:4 t486:5 t670:5 t670:6
slv-869-0646,t693:1 t636:2 t693:3 t670:3 t843:4 t843:4 t601:5 t601:5
slv-869-0660,t736:0 t693:1 t636:1 t240:2 t523:3 t523:4 t182:5
slv-869-1338,t670:2 t670:4 t486:5
slv-869-1748,t636:1 t904:3 t885:4 t860:5
slv-869-3717,t788:0 t523:2 t523:3 t581:4
slv-869-3867,t391:0 t905:0
slv-869-4013,t391:0 t448:0 t523:2 t523:3 t182:4
slv-869-4863,t670:2 t670:4 t486:5
slv-869-6354,t523:3 t182:4 t764:6 t860:7
slv-869-8580,t670:2 t670:4 t486:5
slv-869-8628,t904:3 t904:5 t670:6 t670:7 t693:7 t636:7
slv-869-9432,t523:3 t182:4
slv-869-9587,t903:5 t860:6 t764:6 t486:7 t486:7 t670:7 t486:7
slv-869-9763,t670:2 t486:4 t486:5 t670:5 t670:6
slv-870-0246,t903:1 t860:2 t670:3 t601:3 t601:4 t670:5 t545:5 t843:5 t843:5 t670:6 t843:6
slv-870-0509,t391:0 t736:1 t112:2 t545:3 t240:3 t523:4 t523:4 t581:5 t523:6 t468:6 t764:7
slv-870-0923,t670:0 t670:3 t486:5
slv-870-1704,t693:4 t670:5 t670:6 t523:6 t182:7 t885:7 t860:7
slv-870-1721,t636:0 t736:1 t112:2 t545:2 t240:3 t523:3 t523:4 t581:4 t523:5 t468:7
slv-870-2247,t448:0 t240:1 t926:2 t926:3 t468:3 t764:4 t885:5 t860:6
slv-870-2316,t739:1 t545:2 t391:3 t545:4
slv-870-3263,t167:1 t391:2 t545:3 t523:3 t240:4 t523:4 t523:5 t468:5
slv-870-3837,t905:0 t545:1
slv-870-4307,t693:1 t636:2 t693:3 t670:3 t843:4 t843:4 t601:5 t601:5
slv-870-5027,t788:1 t523:2 t523:3 t581:4
slv-870-5423,t920:1 t240:2 t278:2 t523:3 t523:3 t468:4 t764:5 t860:6
slv-870-5540,t448:1 t240:2 t523:3 t523:3 t468:4 t764:5 t885:6
slv-870-5548,t670:2 t670:4 t486:5
slv-870-6335,t329:1 t329:3 t631:4 t631:5
slv-870-7210,t391:0 t736:1 t112:2 t545:3 t240:3 t523:4 t523:4 t581:5 t523:6 t468:6 t764:7
slv-870-7581,t670:0 t670:3 t486:5
slv-870-8031,t920:1 t240:2 t523:3 t523:4 t468:5 t860:6
slv-870-8164,t670:2 t670:4 t486:5
slv-870-8462,t448:0 t545:1 t448:2 t240:3 t926:3 t468:4 t764:6
slv-871-0204,t670:2 t670:4 t486:5
slv-871-2873,t636:1 t904:3 t885:4 t860:5
slv-871-4711,t448:0 t240:0 t448:3 t468:4 t860:6
slv-871-6357,t920:1 t240:2 t523:3 t523:4 t468:5 t860:6
slv-871-7326,t764:2 t670:5 t670:6 t486:6 t670:7
slv-871-8482,t905:0 t545:0 t860:1 t545:2
slv-871-8736,t903:5 t860:6 t764:6 t486:7 t486:7 t670:7 t486:7
slv-871-9112,t523:3 t182:5
slv-872-1017,t670:2 t670:4 t486:5
slv-872-1113,t926:1 t468:3
slv-872-2156,t670:2 t670:4 t486:5
slv-872-3614,t523:1 t523:3 t468:3
slv-872-5346,t904:3 t904:5 t670:6 t670:7 t693:7 t636:7
slv-872-5967,t670:2 t670:4 t486:5
slv-872-7052,t601:1 t601:2 t601:4
slv-872-7458,t920:1 t240:2 t523:3 t523:4 t468:5 t860:6
slv-872-8522,t670:2 t670:4 t486:5
slv-872-8663,t788:0 t523:2 t523:3 t581:4
slv-872-9108,t736:0 t486:1 t486:3 t670:3 t523:4 t523:5 t182:6
slv-872-9278,t670:2 t670:4 t486:5
slv-872-9626,t670:2 t486:4 t486:5 t670:5 t670:6
slv-873-0023,t240:0 t523:2 t523:3 t468:4
slv-873-0789,t670:2 t670:4 t486:5
slv-873-1033,t885:0 t904:2 t885:3 t860:4
slv-873-1796,t904:0 t569:0 t996:0 t569:1 t885:1 t860:3
slv-873-2437,t904:0 t545:0 t391:0 t545:1 t904:2 t860:3 t545:4
slv-873-3159,t670:2 t670:4 t486:5
slv-873-3198,t905:0 t904:0 t860:0 t545:3
slv-873-3267,t670:2 t670:4 t486:5
slv-873-4758,t788:0 t523:2 t523:3 t581:4
slv-873-4842,t670:2 t670:4 t486:5
slv-873-4945,t670:2 t670:4 t486:5
slv-873-5015,t670:2 t486:4 t486:5 t670:5 t670:6
slv-873-5432,t904:0 t545:2 t670:3 t843:4 t523:5 t182:6
slv-873-5651,t670:2 t670:4 t486:5
slv-873-5909,t391:0 t905:0 t860:0 t545:2
slv-873-7086,t636:0 t736:1 t112:2 t545:2 t240:3 t523:3 t523:4 t581:4 t523:5 t468:7
slv-873-7808,t670:2 t670:4 t486:5
slv-873-9640,t240:1 t926:1 t468:2 t240:3 t278:3 t523:3 t523:4 t468:5
slv-874-0654,t926:0 t926:1 t523:2 t523:3 t926:3
slv-874-0890,t605:1 t240:2 t523:3 t523:3 t468:4 t764:5 t860:6
slv-874-1044,t670:2 t670:4 t486:5
slv-874-1250,t905:0 t545:1
slv-874-1560,t920:1 t240:2 t278:2 t523:3 t523:3 t468:4 t764:5 t860:6
slv-874-2277,t788:0 t523:2 t523:3 t581:4
slv-874-2307,t670:2 t670:4 t486:5
slv-874-2669,t670:2 t670:4 t486:5
slv-874-3966,t631:3 t631:4 t631:5 t631:6
slv-874-4242,t670:2 t670:4 t486:5
slv-874-4493,t920:1 t240:2 t278:2 t523:3 t523:3 t468:4 t764:5 t860:6
slv-874-4533,t670:2 t670:4 t486:5
slv-874-5326,t670:2 t670:4 t486:5
slv-874-5674,t670:2 t670:4 t486:5
slv-874-6340,t670:2 t486:4 t486:5 t670:5 t670:6
slv-874-7250,t842:5 t842:6
slv-874-7738,t636:3 t670:5 t670:5 t523:6 t523:6 t182:7
slv-874-8469,t739:1 t545:1 t860:2 t545:4
slv-874-8804,t741:0 t670:1 t670:2 t396:3
slv-874-9251,t670:2 t670:4 t486:5
slv-874-9931,t448:1 t391:2 t736:3 t112:3 t545:4 t523:4 t523:5 t182:5 t523:6 t581:7
slv-875-0742,t670:2 t670:4 t486:5
slv-875-1465,t486:2 t486:4 t469:5 t636:5 t730:5 t523:6 t182:7
slv-875-1974,t788:1 t523:2 t523:3 t581:4
slv-875-2196,t670:2 t670:4 t486:5
slv-875-3395,t788:1 t523:3 t523:3 t182:4
slv-875-3401,t788:0 t523:2 t523:3 t581:4
slv-875-3677,t448:0 t240:1 t926:2 t926:3 t468:3 t764:4 t885:5 t860:6
slv-875-3876,t670:2 t670:4 t486:5
slv-875-4177,t523:0 t523:2 t468:3
slv-875-4616,t920:1 t240:2 t278:2 t523:3 t523:3 t468:4 t764:5 t860:6
slv-875-5144,t670:2 t670:4 t486:5
slv-875-6346,t788:1 t523:3 t523:3 t182:4
slv-875-7814,t730:1 t240:2 t926:3 t926:4 t523:4 t468:5
slv-875-8942,t391:0 t860:0 t545:2
slv-875-9094,t670:2 t670:4 t486:5
slv-875-9652,t545:1 t391:2 t545:3 t739:4 t545:4
slv-876-0031,t860:0 t545:2
slv-876-0388,t670:2 t670:4 t486:5
slv-876-1258,t670:2 t670:4 t486:5
slv-876-1728,t448:0 t240:1 t926:2 t926:3 t468:3 t764:4 t885:5 t860:6
slv-876-1936,t391:0 t545:2
slv-876-2013,t670:2 t670:4 t486:5
slv-876-3333,t536:1 t240:1 t926:2 t240:3 t468:4 t240:6 t569:7
slv-876-3529,t670:2 t670:4 t486:5
slv-876-3827,t670:2 t670:4 t486:5
slv-876-5099,t523:1 t523:3 t468:3 t764:6
slv-876-5944,t920:1 t240:2 t278:2 t523:3 t523:3 t468:4 t764:5 t860:6
slv-876-6006,t391:0 t545:1
slv-876-8299,t670:2 t670:4 t486:5
slv-876-8766,t788:0 t523:2 t523:3 t581:4
slv-876-8808,t682:0 t240:2 t523:3 t523:4 t182:5
slv-876-9926,t391:0 t904:0 t545:2
slv-877-0146,t240:0 t569:1 t523:2 t523:3 t569:4
slv-877-0271,t860:0 t670:5 t670:7
slv-877-0347,t523:2 t182:3
slv-877-0489,t240:1 t926:1 t468:2 t240:3 t278:3 t523:3 t523:4 t468:5
slv-877-1292,t448:2 t523:3 t182:4
slv-877-1419,t670:2 t486:4 t486:5 t670:5 t670:6
slv-877-1773,t523:2 t182:2
slv-877-2403,t788:1 t523:3 t523:3 t182:4
slv-877-2798,t460:1 t240:2 t523:3 t523:3 t182:4
slv-877-2929,t167:1 t391:2 t545:3 t523:3 t240:4 t523:4 t523:5 t468:5
slv-877-3401,t523:3 t182:3 t764:6
slv-877-3887,t377:1 t377:2 t377:4
slv-877-3966,t523:0 t523:2 t468:3
slv-877-4033,t670:2 t670:4 t486:5
slv-877-4759,t788:1 t523:3 t523:3 t182:4
slv-877-5224,t391:1 t545:2 t240:3 t523:4 t523:5 t569:5 t523:6 t468:7
slv-877-6967,t391:0 t545:1
slv-877-7497,t670:2 t670:4 t486:5
slv-877-7501,t460:1 t240:2 t926:3 t468:4
slv-877-7667,t523:1 t926:2 t926:3 t523:3 t468:4
slv-877-8865,t670:2 t486:4 t486:5 t670:5 t670:6
slv-877-9844,t391:0 t736:1 t112:2 t545:3 t240:3 t523:4 t523:4 t581:5 t523:6 t468:6 t764:7
slv-878-0765,t670:2 t670:4 t486:5
slv-878-1805,t240:1 t926:2 t926:3 t468:4 t240:4 t468:5
slv-878-3698,t736:0 t693:1 t682:2 t523:3 t523:4 t182:4
slv-878-3719,t670:2 t670:4 t486:5
slv-878-3859,t926:1 t523:2 t523:3
slv-878-4217,t814:1 t814:4 t631:5 t631:6 t631:6
slv-878-4479,t460:0 t240:1 t926:2 t240:2 t523:3
slv-878-6578,t496:0 t391:0 t904:0 t545:2
slv-878-6962,t396:0 t523:2 t523:3 t182:4
slv-878-8546,t670:2 t670:4 t486:5
slv-878-8817,t536:1 t240:2 t926:3 t468:4 t569:7
slv-878-9022,t670:2 t670:4 t486:5
slv-878-9909,t670:2 t670:4 t486:5
slv-879-0237,t670:2 t670:4 t486:5
slv-879-1332,t523:3 t182:4
slv-879-1525,t920:3 t920:4 t920:5
slv-879-1690,t391:0 t904:0 t545:0 t860:1 t545:3
slv-879-2469,t730:1 t240:2 t926:3 t926:4 t468:5
slv-879-2552,t616:1 t523:2 t523:3 t569:4
slv-879-2566,t670:2 t670:4 t486:5
slv-879-3423,t682:0 t240:2 t523:3 t523:3 t182:3 t885:3 t523:4 t468:4 t885:5
slv-879-4114,t391:0 t736:1 t112:3 t523:4 t523:5 t182:6 t764:6 t764:7 t903:7 t860:7
slv-879-6388,t670:2 t670:4 t486:5
slv-879-6650,t496:0 t391:0 t904:0 t545:2
slv-879-7287,t670:2 t670:4 t486:5
slv-879-7363,t693:2 t636:4 t885:5 t860:6
slv-879-7466,t905:0 t545:1
slv-879-8098,t601:1 t601:2 t601:3
slv-879-9261,t605:1 t240:1 t523:2 t523:3 t468:3 t926:4 t468:5
slv-879-9285,t448:0 t240:0 t448:3 t468:4 t860:6
slv-880-0239,t670:2 t670:4 t486:5
slv-880-0386,t670:2 t670:4 t486:5
slv-880-0809,t601:1 t601:3 t601:4
slv-880-0848,t670:2 t486:4 t486:5 t670:5 t670:6
slv-880-1271,t670:2 t670:4 t486:5
slv-880-1377,t167:1 t391:2 t545:3 t523:3 t240:4 t523:4 t523:5 t468:5
slv-880-1864,t760:0 t670:1 t670:4 t486:6
slv-880-2311,t496:0 t391:0 t905:0
slv-880-2659,t391:0 t904:0 t860:1 t545:1 t391:3 t545:4
slv-880-2866,t448:2 t920:4 t448:5 t240:5 t523:5 t523:6 t468:6 t860:7
slv-880-3026,t764:2 t670:5 t670:6 t486:6 t670:7
slv-880-3362,t601:1 t601:2 t601:4
slv-880-3457,t523:1 t926:2 t926:3 t523:3 t468:4
slv-880-3498,t391:0 t545:2
slv-880-3624,t905:0 t545:1
slv-880-4161,t920:1 t240:2 t523:3 t523:4 t468:5 t860:6
slv-880-4342,t670:2 t670:4 t486:5
slv-880-4836,t670:2 t486:4 t486:5 t670:5 t670:6
slv-880-5524,t670:2 t486:4 t486:5 t670:5 t670:6
slv-880-5916,t523:3 t182:4
slv-880-6761,t764:2 t670:5 t670:6 t486:6 t670:7
slv-880-6791,t903:1 t860:2 t670:3 t601:3 t601:4 t670:5 t545:5 t843:5 t843:5 t670:6 t843:6
slv-880-8194,t391:0 t736:1 t112:2 t545:3 t240:3 t523:4 t523:4 t581:5 t523:6 t468:6 t764:7
slv-880-8457,t670:2 t670:4 t486:5
slv-880-9567,t670:2 t486:4 t486:5 t670:5 t670:6
slv-881-0930,t885:0 t860:0
slv-881-1628,t788:1 t523:3 t523:3 t182:4
slv-881-1771,t920:3 t920:4 t920:5
slv-881-1822,t670:2 t670:4 t486:5
slv-881-1834,t670:2 t670:4 t486:5
slv-881-2072,t670:2 t670:4 t486:5
slv-881-2542,t885:0 t860:0 t885:0
slv-881-2744,t670:2 t670:4 t486:5
slv-881-2887,t670:2 t670:4 t486:5
slv-881-3540,t167:1 t391:2 t545:3 t523:3 t240:4 t523:4 t523:5 t468:5
slv-881-3867,t670:2 t670:4 t486:5
slv-881-4294,t523:4 t182:6 t885:6 t885:7 t860:7
slv-881-5576,t693:1 t636:2 t693:3 t670:3 t843:4 t843:4 t601:5 t601:5
slv-881-7079,t460:1 t240:2 t926:3 t468:4
slv-881-7778,t670:2 t670:4 t486:5
slv-881-8087,t579:1 t579:1 t843:3 t843:4
slv-881-8553,t814:1 t290:3 t290:4 t814:4 t814:6
slv-881-9244,t523:2 t523:3 t581:4 t764:6
slv-881-9316,t920:1 t240:2 t523:3 t523:4 t468:5 t860:6
slv-882-0339,t670:2 t670:4 t486:5
slv-882-1565,t523:3 t182:4
slv-882-2582,t448:1 t240:2 t523:3 t523:4 t182:4 t764:5 t885:6
slv-882-3469,t523:3 t182:4
slv-882-9787,t460:1 t240:2 t926:3 t468:4
slv-882-9868,t167:1 t391:2 t904:3 t860:3 t545:4 t240:4 t523:5
slv-883-1431,t670:2 t670:4 t486:5
slv-883-1975,t670:2 t670:4 t486:5
slv-883-3067,t601:1 t601:3
slv-883-3933,t920:1 t240:2 t523:3 t523:4 t468:5 t860:6
slv-883-3981,t391:0 t905:0 t904:0 t860:0 t545:1 t391:2 t545:4
slv-883-4425,t693:1 t636:2 t693:3 t670:3 t843:4 t843:4 t601:5 t601:5
slv-883-4740,t329:1 t329:3 t631:4 t631:5
slv-883-4897,t670:2 t670:4 t486:5
slv-883-5777,t670:2 t670:4 t486:5
slv-883-5832,t460:1 t240:2 t926:3 t468:4
slv-883-6140,t670:5 t670:6 t486:7 t670:7
slv-883-6371,t523:6 t182:7 t670:7 t182:7 t885:7 t860:7
slv-883-6999,t670:0 t670:3 t486:5
slv-883-7005,t240:2 t523:3 t523:4 t182:4 t764:6 t764:6 t636:7 t903:7 t860:7
slv-883-8439,t631:3 t631:4 t631:5 t631:6
slv-883-9376,t391:0 t904:0 t885:1 t860:4
slv-883-9820,t670:2 t670:4 t486:5
slv-884-0795,t670:2 t670:4 t486:5
slv-884-1712,t448:2 t788:3 t523:4 t523:4 t569:5 t240:5 t926:5 t523:6 t581:6
slv-884-2365,t670:2 t670:4 t486:5
slv-884-3195,t860:0 t545:2
slv-884-3587,t693:1 t636:2 t693:3 t670:3 t843:4 t843:4 t601:5 t601:5
slv-884-3901,t670:2 t670:4 t486:5
slv-884-6311,t167:1 t391:2 t545:3 t523:3 t240:4 t523:4 t523:5 t468:5
slv-884-6398,t523:2 t581:2
slv-884-7161,t905:0 t545:0 t860:1 t545:3
slv-884-9090,t555:1 t486:3 t523:4 t523:5 t182:7
slv-884-9807,t736:0 t693:1 t636:1 t240:2 t523:3 t523:4 t182:5
slv-885-0068,t926:0 t121:0 t523:2 t182:3
slv-885-0288,t920:1 t240:2 t523:3 t569:5 t523:6 t468:7 t670:7
slv-885-0409,t309:2 t460:3 t240:3 t523:4 t569:4 t523:5 t523:5 t468:6
slv-885-0612,t523:1 t523:3 t468:4 t860:5 t523:6 t764:6 t860:7 t670:7
slv-885-1489,t486:2 t486:4 t469:5 t636:5 t730:5 t523:6 t182:7
slv-885-3559,t903:1 t860:2 t670:3 t601:3 t601:4 t670:5 t545:5 t843:5 t843:5 t670:6 t843:6
slv-885-3583,t670:2 t670:4 t486:5
slv-885-3836,t486:2 t486:4 t469:5 t636:5 t730:5 t523:6 t182:7
slv-885-5089,t926:1 t468:3
slv-885-7352,t788:1 t523:3 t523:3 t182:4
slv-885-7705,t905:0 t545:1
slv-885-7856,t601:1 t601:3 t601:4
slv-885-8010,t396:0 t523:3 t523:3 t182:4
slv-885-8086,t670:2 t670:4 t486:5
slv-885-8952,t391:0 t545:1
slv-886-1740,t920:1 t240:2 t523:3 t523:3 t569:4 t523:4 t468:5
slv-886-2459,t523:3 t182:4 t764:6 t860:7
slv-886-3358,t860:0 t391:1 t860:2 t545:3
slv-886-3532,t545:0 t391:1 t545:2 t904:3 t545:4
slv-886-3565,t240:1 t926:2 t468:3
slv-886-3951,t523:3 t182:4 t764:6 t860:7
slv-886-4634,t523:1 t926:1 t523:2 t523:3 t468:4
slv-886-4702,t670:2 t670:4 t486:5
slv-886-4913,t448:1 t523:3 t523:3 t182:4
slv-886-5003,t636:0 t885:0 t636:1 t904:4 t860:5
slv-886-6140,t496:0 t391:0 t904:0 t545:2
slv-886-6217,t920:1 t240:2 t278:2 t523:3 t523:3 t468:4 t764:5 t860:6
slv-886-6679,t764:2 t670:5 t670:6 t486:6 t670:7
slv-886-7455,t670:2 t486:4 t486:5 t670:5 t670:6
slv-886-7480,t860:0 t903:1 t860:1 t545:3
slv-886-7849,t739:1 t545:2 t391:3 t545:4
slv-886-9195,t920:1 t240:2 t278:2 t523:3 t523:3 t468:4 t764:5 t860:6
slv-887-0216,t523:3 t182:4
slv-887-0334,t670:2 t486:4 t486:5 t670:5 t670:6
slv-887-0405,t167:1 t391:2 t904:3 t860:3 t545:4 t240:4 t523:5
slv-887-1068,t601:1 t601:2 t601:3
slv-887-1921,t676:1 t523:3 t569:4 t523:5 t523:6 t468:7
slv-887-2070,t926:1 t523:2 t523:3
slv-887-3948,t601:1 t601:2 t601:3
slv-887-3987,t670:2 t670:4 t486:5
slv-887-4217,t920:1 t240:2 t278:2 t523:3 t523:3 t468:4 t764:5 t860:6
slv-887-4238,t676:1 t523:3 t569:4 t523:5 t523:6 t468:7
slv-887-4386,t601:1 t601:2 t601:4
slv-887-4741,t240:1 t523:2 t523:3 t468:4
slv-887-6227,t920:1 t240:2 t278:2 t523:3 t523:3 t468:4 t764:5 t860:6
slv-887-6403,t523:3 t182:4
slv-887-6498,t448:1 t240:3 t523:4 t523:5 t468:6 t764:6 t860:7
slv-887-7088,t788:1 t523:2 t523:3 t581:4
slv-887-7853,t240:1 t523:1 t523:2 t926:3 t523:3 t468:4
slv-887-7970,t523:2 t523:3 t182:4
slv-887-8840,t860:0 t545:2
slv-887-8921,t788:0 t523:2 t523:3 t581:4
slv-887-9175,t396:0 t240:1 t926:2 t523:3 t523:3 t926:4 t468:5
slv-887-9758,t391:0 t736:1 t112:2 t545:3 t240:3 t523:4 t523:4 t581:5 t523:6 t468:6 t764:7
slv-888-0173,t920:1 t240:2 t523:3 t523:4 t468:5 t860:6
slv-888-0521,t167:1 t391:2 t545:3 t523:3 t240:4 t523:4 t523:5 t468:5
slv-888-1112,t240:1 t926:1 t468:2 t240:3 t278:3 t523:3 t523:4 t468:5
slv-888-1130,t240:1 t926:3 t523:4 t523:4 t182:5
slv-888-1770,t569:0 t764:1 t903:5 t860:6 t569:7 t670:7 t670:7
slv-888-2097,t240:2 t926:5 t926:6 t523:7 t182:7 t693:7 t670:7 t885:7 t860:7
slv-888-2853,t670:2 t486:4 t486:5 t670:5 t670:6
slv-888-3598,t670:2 t670:4 t486:5
slv-888-3843,t814:1 t290:3 t290:4 t814:4 t814:6
slv-888-3918,t240:1 t926:1 t468:2 t240:3 t278:3 t523:3 t523:4 t468:5
slv-888-5642,t240:1 t523:1 t523:2 t926:3 t523:3 t468:4
slv-888-5847,t860:0 t391:1 t860:2 t545:3
slv-888-5980,t670:2 t670:4 t486:5
slv-888-6956,t486:2 t486:4 t469:5 t636:5 t730:5 t523:6 t182:7
slv-888-7355,t391:0 t545:2
slv-888-8020,t605:0 t240:2 t523:3 t523:3 t468:4
slv-889-0306,t569:0 t996:0 t569:1 t523:3 t182:5
slv-889-0622,t670:2 t486:4 t486:5 t670:5 t670:6
slv-889-1142,t860:0 t903:1 t860:1 t545:3
slv-889-1752,t920:1 t240:2 t278:2 t523:3 t523:3 t468:4 t764:5 t860:6
slv-889-2288,t448:1 t240:2 t523:3 t523:4 t182:4 t764:5 t885:6
slv-889-3083,t670:2 t486:4 t486:5 t670:5 t670:6
slv-889-3529,t670:2 t486:4 t486:5 t670:5 t670:6
slv-889-3754,t460:1 t240:2 t523:3 t569:3 t523:4 t523:4 t468:5
slv-889-3948,t670:2 t670:4 t486:5
slv-889-4249,t885:0 t860:1 t545:2 t860:3 t391:3 t545:4
slv-889-4346,t636:0 t904:3 t885:4 t860:5
slv-889-7568,t670:2 t670:4 t486:5
slv-889-8928,t448:1 t240:2 t523:3 t523:4 t182:4 t764:5 t885:6
slv-889-9992,t670:2 t486:4 t486:5 t670:5 t670:6
slv-890-0411,t670:2 t670:4 t486:5
slv-890-0808,t460:2 t240:5 t523:6 t523:6 t468:7 t670:7 t670:7 t636:7
slv-890-0865,t545:1 t670:2 t523:3 t523:4 t581:5 t764:5 t885:6
slv-890-1116,t670:2 t670:4 t486:5
slv-890-2360,t670:2 t670:4 t486:5
slv-890-3040,t545:1 t240:1 t926:2 t468:2 t240:3 t278:3 t523:4 t523:4 t468:5
slv-890-3147,t240:0 t926:1 t926:3 t468:4
slv-890-3585,t670:2 t486:4 t486:5 t670:5 t670:6
slv-890-3696,t460:1 t240:2 t926:3 t468:4
slv-890-3789,t670:2 t670:4 t486:5
slv-890-4707,t670:2 t670:4 t486:5
slv-890-5561,t569:0 t523:1 t523:2 t926:3
slv-890-5562,t523:0 t523:2 t468:4
slv-890-5839,t670:0 t670:3 t486:5
slv-890-5852,t167:1 t391:2 t904:2 t545:3
slv-890-7409,t670:2 t670:4 t486:5
slv-890-7656,t672:1 t523:2 t523:3 t581:4
slv-890-8544,t920:1 t240:2 t278:2 t523:3 t523:3 t468:4 t764:5 t860:6
slv-890-8617,t240:1 t926:1 t468:2 t240:3 t278:3 t523:3 t523:4 t468:5
slv-890-8759,t486:2 t486:4 t469:5 t636:5 t730:5 t523:6 t182:7
slv-890-8760,t670:2 t670:4 t486:5
slv-890-8785,t670:2 t486:4 t486:5 t670:5 t670:6
slv-890-9325,t601:1 t601:2 t601:4
slv-891-0729,t112:2 t523:2 t182:2 t730:3 t240:3 t926:4 t926:4 t468:6
slv-891-0793,t670:2 t670:4 t486:5
slv-891-0938,t460:1 t240:2 t523:3 t569:4 t523:5 t523:5 t468:6
slv-891-1171,t764:2 t670:5 t670:6 t486:6 t670:7
slv-891-2178,t636:0 t904:3 t885:4 t860:5
slv-891-2243,t670:2 t670:4 t486:5
slv-891-2366,t670:2 t670:4 t486:5
slv-891-2507,t920:1 t240:2 t278:2 t523:3 t523:3 t468:4 t764:5 t860:6
slv-891-4816,t460:1 t240:2 t523:3 t569:4 t523:5 t523:5 t468:6
slv-891-4867,t523:1 t523:3 t581:4
slv-891-5421,t391:0 t545:1 t391:4
slv-891-5445,t788:0 t523:2 t523:3 t581:4
slv-891-5602,t670:2 t486:4 t486:5 t670:5 t670:6
slv-891-6052,t545:0 t523:1 t523:2 t182:3
slv-891-6675,t670:2 t670:4 t486:5
slv-891-6863,t682:0 t240:2 t523:3 t523:3 t182:3 t885:3 t523:4 t468:4 t885:5
slv-891-6987,t670:2 t670:4 t486:5
slv-891-7661,t670:2 t670:4 t486:5
slv-891-8333,t670:2 t670:4 t486:5
slv-891-8873,t631:3 t631:4 t631:5 t631:6
slv-891-9610,t860:0 t545:2
slv-892-0700,t460:1 t240:1 t926:2 t569:3 t523:3 t523:4 t569:4
slv-892-0991,t670:2 t670:4 t486:5
slv-892-1070,t523:1 t523:3 t182:3
slv-892-1181,t240:1 t926:2 t240:3 t468:6
slv-892-2100,t391:1 t545:1 t739:3 t545:4
slv-892-2303,t670:2 t670:4 t486:5
slv-892-2837,t605:0 t240:2 t523:3 t523:3 t468:4
slv-892-2979,t391:0 t904:0 t860:1 t545:1 t391:3 t545:4
slv-892-4731,t670:2 t670:4 t486:5
slv-892-4808,t670:2 t670:4 t486:5
slv-892-4839,t391:0 t904:0 t545:2
slv-892-4940,t672:1 t523:2 t523:3 t581:4
slv-892-6383,t601:1 t601:2 t601:4
slv-892-6944,t829:2 t788:3 t523:4 t523:4 t581:5
slv-892-8772,t240:1 t926:1 t468:2 t240:3 t278:3 t523:3 t523:4 t468:5
slv-892-8823,t536:1 t240:1 t926:2 t468:3
slv-892-9090,t240:1 t926:1 t468:2 t240:3 t278:3 t523:3 t523:4 t468:5
slv-892-9264,t329:4 t329:5 t904:6 t631:6 t631:7
slv-892-9749,t391:0 t904:0 t860:1 t545:3
slv-893-0309,t788:1 t523:2 t523:3 t581:4
slv-893-0724,t670:2 t670:4 t486:5
slv-893-1726,t739:1 t545:2 t391:3 t545:4
slv-893-3198,t240:0 t523:2 t523:3 t468:4
slv-893-3202,t391:0 t904:0 t545:2
slv-893-3269,t670:2 t670:4 t486:5
slv-893-3802,t860:0 t670:5 t670:7
slv-893-4419,t693:2 t636:4 t885:5 t860:6
slv-893-4735,t788:0 t523:2 t523:3 t581:4
slv-893-4927,t670:2 t670:4 t486:5
slv-893-5273,t391:0 t904:0 t545:2
slv-893-5309,t670:2 t670:4 t486:5
slv-893-5706,t448:1 t391:2 t736:3 t112:3 t545:4 t523:4 t523:5 t182:5 t523:6 t581:7
slv-893-6292,t396:0 t240:1 t523:2 t523:3 t182:3 t240:4 t926:4 t468:5
slv-893-7184,t670:2 t486:4 t486:5 t670:5 t670:6
slv-893-7219,t240:1 t926:1 t468:2 t240:3 t278:3 t523:3 t523:4 t468:5
slv-893-7582,t309:2 t460:3 t240:3 t523:4 t569:4 t523:5 t523:5 t468:6
slv-893-8039,t601:1 t601:2 t601:4
slv-893-9775,t670:2 t670:4 t486:5
slv-894-0425,t536:1 t240:1 t926:2 t240:3 t468:4 t240:6 t569:7
slv-894-1404,t523:3 t182:4
slv-894-1523,t670:2 t486:4 t486:5 t670:5 t670:6
slv-894-3403,t240:2 t926:4 t926:5 t523:5 t182:6 t240:6 t468:7
slv-894-3648,t736:0 t486:1 t486:3 t670:3 t523:4 t523:5 t182:6
slv-894-3877,t670:2 t670:4 t486:5
slv-894-4113,t391:0 t736:1 t112:3 t523:4 t523:5 t182:6 t764:6 t764:7 t903:7 t860:7
slv-894-5240,t920:1 t240:2 t523:2 t569:3 t523:4 t523:4 t468:5
slv-894-5259,t920:1 t240:2 t278:2 t523:3 t523:3 t468:4 t764:5 t860:6
slv-894-5844,t636:1 t904:3 t885:4 t860:5
slv-894-7035,t670:2 t670:4 t486:5
slv-894-9586,t788:1 t523:2 t523:3 t581:4
slv-895-0097,t391:0 t904:0 t545:1 t240:2 t523:2 t523:3 t182:4 t885:4 t860:5
slv-895-0225,t670:2 t670:4 t486:5
slv-895-1975,t670:2 t670:4 t486:5
slv-895-2130,t460:1 t240:2 t926:3 t468:4
slv-895-3320,t391:0 t448:0 t240:1 t926:2 t523:3 t468:4
slv-895-3502,t460:1 t240:2 t523:3 t523:4 t569:5 t523:6 t468:7
slv-895-3582,t670:2 t670:4 t486:5
slv-895-4238,t601:1 t601:2 t601:4
slv-895-4748,t991:3 t631:5 t631:6 t631:7
slv-895-5795,t523:1 t523:3 t468:3
slv-895-6275,t167:1 t391:1 t904:2 t860:3 t545:3 t523:4 t523:4 t926:5
slv-895-6580,t670:2 t670:4 t486:5
slv-895-6793,t545:0 t860:1 t545:2 t391:3 t545:4
slv-895-6884,t788:1 t523:2 t523:3 t581:4
slv-895-8214,t523:0 t523:2 t468:3
slv-895-9299,t391:0 t736:1 t112:3 t523:4 t523:5 t182:6 t764:6 t764:7 t903:7 t860:7
slv-895-9423,t788:0 t523:2 t523:3 t581:4
slv-895-9871,t601:1 t601:2 t601:4
slv-896-0846,t448:0 t240:0 t448:3 t468:4 t860:6
slv-896-1141,t670:2 t486:4 t486:5 t670:5 t670:6
slv-896-1527,t920:1 t240:2 t278:2 t523:3 t523:3 t468:4 t764:5 t860:6
slv-896-2295,t460:1 t240:2 t926:3 t468:4
slv-896-2355,t670:0 t670:2 t486:3 t523:4 t523:6 t182:6
slv-896-2428,t764:5 t670:6 t670:7 t486:7 t670:7
slv-896-3225,t788:0 t523:2 t523:3 t581:4
slv-896-3943,t670:0 t670:3 t486:5
slv-896-4205,t448:0 t636:2 t523:3 t523:5 t182:6
slv-896-4708,t670:2 t670:4 t486:5
slv-896-4998,t601:1 t601:3 t601:4
slv-896-5273,t448:5 t920:5 t391:6 t448:6 t240:6 t523:7
slv-896-6393,t670:2 t670:4 t486:5
slv-896-6424,t670:0 t670:3 t486:5
slv-896-7334,t391:0 t736:1 t112:3 t523:4 t523:5 t182:6 t764:6 t764:7 t903:7 t860:7
slv-896-9428,t391:0 t904:2 t885:2 t860:3 t391:4 t545:5
slv-897-0163,t128:3 t128:4 t631:5 t631:5 t329:5 t329:6
slv-897-0469,t920:1 t240:2 t278:2 t523:3 t523:3 t468:4 t764:5 t860:6
slv-897-1033,t391:0 t545:2
slv-897-2152,t670:2 t670:4 t486:5
slv-897-2263,t670:2 t670:4 t486:5
slv-897-2983,t670:2 t670:4 t486:5
slv-897-4053,t579:1 t579:1 t843:3 t843:4
slv-897-4226,t670:2 t670:4 t486:5
slv-897-5114,t240:0 t523:1 t523:2 t926:3 t523:3 t581:4
slv-897-5566,t448:0 t240:0 t448:3 t468:4 t860:6
slv-897-5844,t885:1 t860:3 t670:5 t670:6
slv-897-6074,t523:3 t182:3
slv-897-6385,t631:3 t631:4 t631:5 t631:6
slv-897-6659,t240:0 t523:1 t569:2 t523:3 t523:3 t468:4
slv-897-6724,t788:1 t523:2 t523:3 t581:4
slv-897-7542,t670:2 t670:4 t486:5
slv-897-8213,t670:2 t670:4 t486:5
slv-897-9290,t670:2 t670:4 t486:5
slv-898-2246,t523:1 t523:3 t581:4
slv-898-2982,t670:2 t670:4 t486:5
slv-898-4164,t448:0 t240:0 t523:3 t523:4 t468:5 t764:5 t764:6 t860:7
slv-898-4536,t670:2 t670:4 t486:5
slv-898-4653,t670:2 t670:4 t486:5
slv-898-5831,t788:1 t523:3 t523:3 t182:4
slv-898-6064,t693:1 t636:3 t885:4 t860:5
slv-898-6638,t860:0 t545:0 t905:1 t545:2
slv-898-8427,t764:5 t670:6 t670:7 t486:7 t670:7
slv-898-8564,t523:3 t182:4 t764:6 t860:7
slv-898-8990,t860:0 t545:2
slv-898-9886,t788:0 t523:2 t523:3 t581:4
slv-899-3406,t670:5 t670:6 t486:7 t670:7
slv-899-4011,t448:0 t736:0 t523:1 t523:4 t182:5 t764:6 t764:6 t670:7 t670:7
slv-899-4701,t926:1 t468:3
slv-899-4702,t682:0 t240:2 t523:3 t523:4 t182:5
slv-899-5023,t920:1 t240:2 t278:2 t523:3 t523:3 t468:4 t764:5 t860:6
slv-899-5027,t670:2 t670:4 t486:5
slv-899-5060,t240:1 t278:1 t240:2 t523:3 t523:3 t278:3 t278:4 t523:4 t468:5
slv-899-5839,t670:2 t670:4 t486:5
slv-899-5912,t788:1 t523:3 t523:3 t182:4
slv-899-6572,t670:2 t670:4 t486:5
slv-899-6671,t920:1 t240:2 t523:2 t569:3 t523:4 t523:4 t468:5
slv-899-7110,t670:2 t670:4 t486:5
slv-899-7211,t693:4 t636:5 t523:6 t523:6 t182:7
slv-899-7329,t448:0 t240:1 t523:2 t523:3 t468:3 t926:4 t468:5
slv-899-8278,t605:1 t240:1 t523:2 t523:3 t468:3 t240:4 t926:4 t468:5
slv-899-8531,t523:0 t926:1 t523:2 t523:3 t468:4
slv-899-8983,t391:0 t904:0 t545:1 t240:2 t523:2 t523:3 t182:4 t885:4 t860:5
slv-899-9290,t240:1 t926:1 t926:2 t523:3 t926:3 t468:5
slv-899-9441,t670:2 t670:4 t486:5
slv-900-1924,t240:1 t523:1 t523:2 t569:3 t523:4 t468:5
slv-900-4346,t670:2 t670:4 t486:5
slv-900-4806,t523:1 t523:3 t182:3
slv-900-4925,t670:2 t670:4 t486:5
slv-900-6680,t670:2 t486:4 t486:5 t670:5 t670:6
slv-900-7173,t670:3 t670:5 t486:6
slv-900-7978,t448:1 t391:2 t736:3 t112:3 t545:4 t523:4 t523:5 t182:5 t523:6 t581:7
slv-900-8418,t601:1 t601:2 t601:3
slv-900-9355,t605:0 t240:2 t523:3 t523:3 t468:4
slv-901-1919,t391:0 t736:1 t112:2 t545:3 t240:3 t523:4 t523:4 t581:5 t523:6 t468:6 t764:7
slv-901-3134,t920:1 t240:2 t523:3 t523:4 t468:5 t860:6
slv-901-4740,t601:1 t601:3 t601:4
slv-901-5183,t670:2 t670:4 t486:5
slv-901-5765,t240:1 t926:1 t468:2 t240:3 t278:3 t523:3 t523:4 t468:5
slv-901-5856,t903:1 t860:2 t670:3 t601:3 t601:4 t670:5 t545:5 t843:5 t843:5 t670:6 t843:6
slv-901-5886,t904:0 t860:0 t545:3
slv-901-6156,t670:2 t670:4 t486:5
slv-901-6884,t764:2 t670:5 t670:6 t486:6 t670:7
slv-901-8135,t693:2 t636:4 t885:5 t860:6
slv-901-8368,t240:1 t926:2 t523:3 t523:3 t926:4 t468:4
slv-901-8580,t536:1 t240:1 t926:2 t468:3
slv-901-9247,t670:2 t670:4 t486:5
slv-902-1081,t670:2 t670:4 t486:5
slv-902-1177,t670:2 t670:4 t486:5
slv-902-1241,t240:1 t523:1 t523:2 t926:3 t523:3 t468:4
slv-902-1599,t240:1 t926:1 t468:2 t240:3 t278:3 t523:3 t523:4 t468:5
slv-902-2177,t920:1 t240:2 t523:3 t523:4 t468:5 t860:6
slv-902-2445,t448:0 t736:0 t112:1 t545:2 t523:3 t523:4 t468:4 t764:5 t885:6
slv-902-2976,t486:2 t486:4 t469:5 t636:5 t730:5 t523:6 t182:7
slv-902-2987,t523:1 t523:3 t468:3 t764:6
slv-902-4103,t601:1 t601:3 t601:4
slv-902-4544,t670:2 t670:4 t486:5
slv-902-4955,t788:0 t523:2 t523:3 t581:4
slv-902-6742,t616:2 t523:3 t523:4 t569:4
slv-902-6902,t885:0 t860:1 t903:3 t860:4
slv-902-7434,t670:2 t670:4 t486:5
slv-902-8091,t885:1 t860:3 t670:4 t670:5 t843:6
slv-902-8352,t670:2 t670:4 t486:5
slv-902-8483,t240:1 t926:2 t523:3 t523:4 t569:5
slv-903-0225,t670:2 t670:4 t486:5
slv-903-1872,t904:5 t693:6 t693:7 t670:7 t693:7 t636:7
slv-903-1883,t920:1 t240:2 t278:2 t523:3 t523:3 t468:4 t764:5 t860:6
slv-903-2187,t391:0 t904:0 t545:1 t240:2 t523:2 t523:3 t182:4 t885:4 t860:5
slv-903-2379,t448:0 t468:3 t764:5 t860:6
slv-903-2577,t240:0 t926:1 t523:2 t523:3 t581:3 t569:4 t523:4 t569:5
slv-903-2901,t391:0 t760:0 t391:0 t545:1
slv-903-3627,t448:0 t736:0 t112:1 t545:2 t523:3 t523:4 t468:4 t764:5 t885:6
slv-903-3910,t670:2 t486:4 t486:5 t670:5 t670:6
slv-903-3913,t391:0 t736:1 t112:2 t545:3 t240:3 t523:4 t523:4 t581:5 t523:6 t468:6 t764:7
slv-903-3934,t240:1 t926:1 t468:2 t240:3 t278:3 t523:3 t523:4 t468:5
slv-903-3989,t860:0 t670:5 t670:7
slv-903-5441,t670:2 t670:4 t486:5
slv-903-6957,t448:1 t240:2 t523:3 t523:4 t182:4 t764:5 t885:6
slv-903-7763,t391:0 t904:0 t860:0 t545:3
slv-903-7775,t523:3 t182:4 t764:6 t860:7
slv-903-9308,t240:1 t926:1 t468:2 t240:3 t278:3 t523:3 t523:4 t468:5
slv-904-0193,t448:0 t736:0 t112:1 t545:2 t523:3 t523:4 t468:4 t764:5 t885:6
slv-904-3980,t788:1 t523:2 t523:3 t581:4
slv-904-5376,t486:2 t486:4 t469:5 t636:5 t730:5 t523:6 t182:7
slv-904-5659,t788:1 t523:2 t523:3 t581:4
slv-904-5982,t240:1 t926:2 t240:3 t468:6
slv-904-7435,t496:0 t860:1 t903:1 t860:2 t545:4
slv-904-8016,t391:0 t448:0 t240:1 t926:2 t468:3 t523:3 t468:5
slv-904-8116,t670:2 t486:4 t486:5 t670:5 t670:6
slv-904-8757,t670:2 t486:4 t670:5 t670:6
slv-904-9201,t860:0 t903:1 t860:1 t545:3
slv-905-0190,t448:0 t240:0 t448:3 t468:4 t860:6
slv-905-1556,t523:0 t926:1 t523:2 t523:3 t468:3
slv-905-2932,t670:2 t670:4 t486:5
slv-905-3157,t670:2 t486:4 t486:5 t670:5 t670:6
slv-905-3998,t682:0 t240:2 t523:3 t523:4 t182:5
slv-905-4921,t920:1 t240:2 t278:2 t523:3 t523:3 t468:4 t764:5 t860:6
slv-905-6035,t545:1 t391:2 t545:3 t739:4 t545:4
slv-905-7335,t670:2 t670:4 t486:5
slv-905-7622,t788:1 t523:2 t523:3 t581:4
slv-905-7880,t788:1 t523:2 t523:3 t581:4
slv-905-8268,t670:2 t670:4 t486:5
slv-905-8811,t788:1 t523:2 t523:3 t581:4
slv-905-8857,t670:2 t670:4 t486:5
slv-906-0203,t523:0 t523:2 t468:3
slv-906-0303,t605:1 t240:3 t523:4 t523:5 t468:5 t860:6
slv-906-1105,t448:0 t240:0 t523:3 t468:4 t670:5 t903:6 t860:7 t220:7
slv-906-1340,t309:0 t904:0 t391:0 t904:0 t860:1
slv-906-1347,t920:1 t240:2 t523:2 t569:3 t523:4 t523:4 t468:5
slv-906-1579,t670:2 t670:4 t486:5
slv-906-2538,t670:2 t670:4 t486:5
slv-906-3083,t860:0 t903:1 t860:1 t545:3
slv-906-3702,t829:0 t545:1
slv-906-5592,t920:1 t240:2 t278:2 t523:3 t523:3 t468:4 t764:5 t860:6
slv-906-7385,t391:0 t904:0 t545:1 t240:2 t523:2 t523:3 t182:4 t885:4 t860:5
slv-906-8033,t670:2 t670:4 t486:5
slv-906-8191,t670:2 t670:4 t486:5
slv-906-8652,t636:0 t904:3 t885:4 t860:5
slv-906-8980,t920:1 t240:2 t278:2 t523:3 t523:3 t468:4 t764:5 t860:6
slv-906-9047,t523:0 t926:1 t523:2 t523:3 t468:3
slv-906-9275,t788:0 t523:2 t523:3 t581:4
slv-907-1120,t448:0 t545:1 t523:3 t523:4 t182:5
slv-907-1599,t693:2 t636:4 t885:5 t860:6
slv-907-1754,t920:1 t240:2 t523:3 t523:4 t468:5 t860:6
slv-907-1786,t601:1 t601:2 t601:4
slv-907-3446,t391:0 t736:1 t112:2 t545:3 t240:3 t523:4 t523:4 t581:5 t523:6 t468:6 t764:7
slv-907-3464,t788:0 t523:2 t523:3 t581:4
slv-907-4312,t670:2 t670:4 t486:5
slv-907-4491,t240:1 t926:2 t240:3 t468:6
slv-907-4849,t670:2 t670:4 t486:5
slv-907-5117,t391:0 t904:0 t860:0 t391:1 t545:3
slv-907-5473,t885:1 t860:3 t523:4 t182:5
slv-907-5492,t905:0 t545:0 t860:1 t545:2
slv-907-6118,t829:0 t545:1
slv-907-6166,t764:5 t670:6 t670:7 t486:7 t670:7
slv-907-6545,t670:2 t670:4 t486:5
slv-907-6646,t730:1 t240:2 t926:3 t926:4 t468:5
slv-907-6768,t905:0 t545:1
slv-907-7443,t693:1 t636:2 t693:3 t670:3 t843:4 t843:4 t601:5 t601:5
slv-907-8960,t670:2 t486:4 t486:5 t670:5 t670:6
slv-908-0454,t670:2 t486:4 t486:5 t670:5 t670:6
slv-908-0585,t860:0 t670:5 t670:7
slv-908-1603,t391:0 t736:1 t112:2 t545:3 t240:3 t523:4 t523:4 t581:5 t523:6 t468:6 t764:7
slv-908-1728,t670:2 t670:4 t486:5
slv-908-1877,t926:1 t468:3
slv-908-2265,t240:1 t926:1 t468:2 t240:3 t278:3 t523:3 t523:4 t468:5
slv-908-2807,t904:0 t860:1 t545:2 t391:3 t545:4
slv-908-3019,t670:2 t670:4 t486:5
slv-908-3407,t167:1 t391:2 t545:3 t523:3 t240:4 t523:4 t523:5 t468:5
slv-908-3411,t670:2 t486:4 t486:5 t670:5 t670:6
slv-908-4512,t670:5 t670:6 t486:7 t670:7
slv-908-5296,t670:2 t670:4 t486:5
slv-908-6333,t788:0 t523:2 t523:3 t581:4
slv-908-8436,t670:2 t670:4 t486:5
slv-908-8680,t670:2 t670:4 t486:5
slv-908-9036,t670:2 t670:4 t486:5
slv-909-0918,t670:2 t670:4 t486:5
slv-909-1057,t670:2 t670:4 t486:5
slv-909-2038,t396:0 t523:3 t523:4 t182:5
slv-909-2848,t670:2 t670:4 t486:5
slv-909-3600,t926:1 t468:3
slv-909-3853,t112:1 t523:3 t523:4 t182:5 t523:5 t581:6
slv-909-4321,t788:1 t523:2 t523:3 t581:4
slv-909-4676,t788:1 t523:2 t523:3 t581:4
slv-909-4949,t926:0 t926:1 t523:3 t468:3
slv-909-5886,t739:1 t545:2
slv-909-6187,t788:0 t523:2 t523:3 t581:4
slv-909-6642,t486:2 t486:4 t469:5 t636:5 t730:5 t523:6 t182:7
slv-909-7682,t670:2 t670:4 t486:5
slv-909-7882,t670:2 t670:4 t486:5
slv-909-9009,t391:0 t448:0 t636:1 t240:2 t523:3 t523:4 t468:4 t764:5 t885:6
slv-909-9365,t693:1 t636:2 t693:3 t670:3 t843:4 t843:4 t601:5 t601:5
slv-909-9395,t636:0 t885:0 t636:1 t904:4 t860:5
slv-910-0109,t920:3 t920:4 t920:5
slv-910-0236,t605:1 t240:3 t523:4 t523:5 t468:5 t860:6
slv-910-0736,t926:1 t468:3
slv-910-1544,t240:0 t523:1 t523:2 t569:3 t523:3
slv-910-1819,t905:0 t545:1
slv-910-1937,t240:0 t569:1 t523:1 t523:2 t240:3 t926:4
slv-910-3181,t885:1 t860:4 t670:5 t670:6
slv-910-3283,t555:1 t486:3 t523:4 t523:5 t182:7
slv-910-4493,t240:0 t523:1 t240:2 t926:2 t240:3 t569:3 t523:4 t523:5
slv-910-4688,t670:2 t670:4 t486:5
slv-910-4743,t460:1 t240:2 t523:3 t523:4 t569:5 t523:6 t468:7
slv-910-5306,t670:2 t670:4 t486:5
slv-910-5431,t391:0 t904:0 t860:0 t545:2
slv-910-6036,t670:2 t670:4 t486:5
slv-910-6318,t670:2 t670:4 t486:5
slv-910-7310,t693:1 t636:2 t693:3 t670:3 t843:4 t843:4 t601:5 t601:5
slv-910-8181,t545:1 t240:2 t926:4 t926:4 t468:4 t670:4 t523:4 t523:6 t468:6 t764:6
slv-910-8914,t601:1 t601:2 t601:4
slv-910-9270,t391:1 t736:2 t112:3 t545:3 t523:4 t240:4 t523:4 t523:5 t581:5 t885:6
slv-910-9290,t670:5 t670:6 t486:7 t670:7
slv-910-9825,t670:2 t670:4 t486:5
slv-911-0174,t926:1 t468:3
slv-911-0587,t760:0 t670:1 t670:4 t486:6
slv-911-0887,t601:1 t601:2 t601:4
slv-911-4655,t670:2 t670:4 t486:5
slv-911-5253,t788:1 t523:2 t523:3 t581:4
slv-911-5785,t693:1 t636:2 t693:3 t670:3 t843:4 t843:4 t601:5 t601:5
slv-911-6166,t670:2 t486:4 t486:5 t670:5 t670:6
slv-911-7137,t391:0 t545:1 t240:2 t523:3 t523:4
slv-911-7243,t788:0 t523:2 t523:3 t581:4
slv-911-7452,t670:2 t670:4 t486:5
slv-911-7644,t670:2 t670:4 t486:5
slv-911-7698,t920:1 t240:2 t523:4 t523:4 t468:5 t860:7
slv-911-8736,t391:1 t736:2 t112:3 t545:3 t523:4 t240:4 t523:4 t523:5 t581:5 t885:6
slv-912-0295,t670:2 t486:4 t486:5 t670:5 t670:6
slv-912-0724,t670:1 t843:3 t843:4 t523:4 t182:7
slv-912-1706,t240:1 t926:3 t468:3 t240:4 t523:4 t468:5
slv-912-1921,t670:5 t670:6 t486:7 t670:7
slv-912-2217,t920:1 t240:2 t278:2 t523:3 t523:3 t468:4 t764:5 t860:6
slv-912-2842,t391:0 t736:1 t112:3 t523:4 t523:5 t182:6 t764:6 t764:7 t903:7 t860:7
slv-912-3084,t920:1 t240:2 t523:3 t523:4 t468:5 t860:6
slv-912-3461,t670:2 t670:4 t486:5
slv-912-4223,t601:1 t601:2 t601:3
slv-912-4585,t486:2 t486:4 t469:5 t636:5 t730:5 t523:6 t182:7
slv-912-4645,t391:0 t545:1 t240:2 t523:3 t523:3 t926:3 t468:4
slv-912-5071,t920:1 t240:2 t278:2 t523:3 t523:3 t468:4 t764:5 t860:6
slv-912-5497,t496:0 t391:0 t904:0 t545:2
slv-912-6145,t601:1 t601:2 t601:3
slv-912-6204,t653:1 t903:1 t860:2 t545:4
slv-912-6480,t396:0 t240:1 t926:2 t523:3 t523:3 t926:4 t468:5
slv-912-6686,t601:1 t601:2 t601:4
slv-912-8272,t730:1 t240:2 t926:3 t926:4 t523:4 t468:5
slv-912-8788,t670:2 t486:4 t486:5 t670:5 t670:6
slv-912-9003,t860:0 t545:2
slv-912-9081,t670:2 t670:4 t486:5
slv-912-9190,t411:1 t411:2 t411:3 t411:5 t411:5 t411:6
slv-912-9540,t920:1 t240:2 t523:3 t523:4 t468:5 t860:6
slv-913-1175,t885:1 t860:3 t523:4 t182:5
slv-913-1671,t448:1 t240:3 t523:5 t468:6 t670:6 t670:7 t860:7 t220:7
slv-913-1816,t636:0 t736:1 t112:2 t545:3 t523:4 t523:5 t182:6
slv-913-1980,t905:0 t545:1
slv-913-2345,t448:1 t240:2 t523:3 t523:4 t182:4 t764:5 t885:6
slv-913-2385,t240:0 t926:1 t569:2 t996:2 t569:3 t523:3 t569:4
slv-913-2510,t523:1 t523:3 t182:3
slv-913-2533,t670:2 t670:4 t486:5
slv-913-2760,t240:0 t926:1 t926:3 t468:4
slv-913-3468,t670:2 t670:4 t486:5
slv-913-3854,t764:3 t670:5 t670:6 t486:6 t670:7
slv-913-3992,t523:3 t182:4 t764:6 t860:7
slv-913-4042,t788:0 t523:1 t523:2 t182:3
slv-913-4466,t670:2 t670:4 t486:5
slv-913-5186,t670:2 t670:4 t486:5
slv-913-5256,t920:1 t240:2 t278:2 t523:3 t523:3 t468:4 t764:5 t860:6
slv-913-5512,t670:2 t670:4 t486:5
slv-913-6241,t670:2 t670:4 t486:5
slv-913-6490,t904:0 t860:0 t545:1
slv-913-7763,t670:2 t670:4 t486:5
slv-913-8288,t486:2 t486:4 t469:5 t636:5 t730:5 t523:6 t182:7
slv-913-9669,t670:2 t670:4 t486:5
slv-914-0194,t391:0 t905:0
slv-914-0398,t670:2 t670:4 t486:5
slv-914-0406,t240:0 t523:1 t523:2 t926:3 t523:3 t581:4
slv-914-0784,t670:2 t486:4 t486:5 t670:5 t670:6
slv-914-1521,t920:1 t240:2 t278:2 t523:3 t523:3 t468:4 t764:5 t860:6
slv-914-1680,t396:0 t240:1 t926:2 t523:3 t523:3 t926:4 t468:5
slv-914-1725,t670:0 t670:3 t486:5
slv-914-2220,t240:0 t523:1 t569:3 t523:4 t523:5 t468:7
slv-914-2252,t396:0 t240:1 t523:2 t523:3 t182:3 t240:4 t926:4 t468:5
slv-914-3310,t448:0 t468:3 t764:5 t860:6
slv-914-4774,t391:0 t904:0 t860:0
slv-914-4944,t523:3 t182:4 t764:6 t860:7
slv-914-5272,t920:1 t240:2 t278:2 t523:3 t523:3 t468:4 t764:5 t860:6
slv-914-5555,t448:1 t523:2 t523:3 t182:3 t240:4 t926:4 t926:5 t523:5 t581:6
slv-914-7773,t670:2 t670:4 t486:5
slv-914-9416,t920:1 t240:2 t278:2 t523:3 t523:3 t468:4 t764:5 t860:6
slv-915-0534,t601:1 t601:2 t601:4
slv-915-3023,t670:2 t670:4 t486:5
slv-915-3560,t670:2 t670:4 t486:5
slv-915-4649,t670:2 t670:4 t486:5
slv-915-4938,t569:0 t523:1 t523:2 t926:3
slv-915-5019,t670:2 t670:4 t486:5
slv-915-5228,t788:0 t523:1 t523:2 t182:3
slv-915-5399,t670:2 t670:4 t486:5
slv-915-5463,t670:2 t670:4 t486:5
slv-915-6431,t920:1 t240:2 t523:3 t523:4 t468:5 t860:6
slv-915-6448,t391:0 t736:1 t112:2 t545:3 t240:3 t523:4 t523:4 t581:5 t523:6 t468:6 t764:7
slv-915-6913,t788:0 t523:2 t523:3 t581:4
slv-915-7059,t396:0 t240:1 t926:2 t523:3 t523:3 t926:4 t468:5
slv-915-7117,t391:0 t904:0 t545:2
slv-915-7361,t460:1 t240:2 t926:3 t468:4
slv-915-7434,t670:2 t670:4 t486:5
slv-915-7902,t693:1 t636:2 t693:3 t670:3 t843:4 t843:4 t601:5 t601:5
slv-915-8031,t670:2 t670:4 t486:5
slv-915-8435,t676:1 t523:3 t569:4 t523:5 t523:6 t468:7
slv-915-9321,t670:2 t670:4 t486:5
slv-915-9386,t670:2 t670:4 t486:5
slv-916-0219,t926:0 t121:0 t523:2 t182:3
slv-916-0258,t523:3 t182:5
slv-916-1330,t788:1 t523:2 t523:3 t581:4
slv-916-1598,t523:1 t523:3 t182:4
slv-916-1602,t391:1 t736:2 t112:3 t545:3 t523:4 t240:4 t523:4 t523:5 t581:5 t885:6
slv-916-1872,t523:1 t523:3 t182:4
slv-916-1882,t601:1 t601:2 t601:4
slv-916-2103,t391:1 t736:2 t112:3 t545:3 t523:4 t240:4 t523:4 t523:5 t581:5 t885:6
slv-916-2978,t670:2 t670:4 t486:5
slv-916-3024,t739:1 t545:2 t391:3 t545:4
slv-916-3294,t496:0 t391:0 t904:0 t545:2
slv-916-3676,t670:2 t670:4 t486:5
slv-916-4204,t391:0 t545:2
slv-916-4360,t670:2 t670:4 t486:5
slv-916-4753,t391:0 t904:0 t860:1 t545:3
slv-916-4890,t670:2 t670:4 t486:5
slv-916-5337,t670:2 t670:4 t486:5
slv-916-5468,t391:0 t904:0 t545:0 t860:1 t545:3
slv-916-5963,t788:1 t523:2 t523:3 t581:4
slv-916-6205,t240:1 t926:3 t523:4 t468:5 t240:6 t468:7
slv-916-6937,t523:0 t182:2 t670:4 t670:6
slv-916-7601,t670:2 t670:4 t486:5
slv-916-7923,t788:1 t523:2 t523:3 t581:4
slv-916-8691,t788:1 t523:2 t523:3 t581:4
slv-916-8759,t670:2 t670:4 t486:5
slv-916-9325,t670:2 t670:4 t486:5
slv-917-0393,t741:0 t670:1 t670:2 t396:3
slv-917-0659,t730:1 t240:2 t926:3 t926:4 t523:4 t468:5
slv-917-0796,t601:1 t601:2 t601:4
slv-917-1044,t670:2 t670:4 t486:5
slv-917-1810,t860:0 t545:2
slv-917-2246,t903:0 t860:1 t885:1 t860:3 t903:4
slv-917-2416,t631:3 t631:4 t631:5 t631:6
slv-917-3604,t523:3 t182:3
slv-917-3963,t693:2 t636:4 t885:5 t860:6
slv-917-5651,t788:1 t523:2 t523:3 t581:4
slv-917-5663,t693:1 t670:3 t670:4 t693:4 t636:5 t885:6 t860:6
slv-917-5671,t739:1 t545:2
slv-917-6457,t860:0 t545:1 t391:2 t545:4
slv-917-6694,t670:2 t486:4 t486:5 t670:5 t670:6
slv-917-7095,t631:1 t631:3 t329:5
slv-917-7660,t739:1 t545:2 t391:3 t545:4
slv-917-7697,t523:3 t182:3
slv-917-7796,t670:2 t670:4 t486:5
slv-917-8582,t670:2 t670:4 t486:5
slv-917-9508,t670:2 t670:4 t486:5
slv-918-0814,t391:0 t904:0 t860:0 t545:3
slv-918-0922,t448:0 t240:0 t448:3 t468:4 t860:6
slv-918-1293,t391:0 t904:0 t860:1 t545:1 t391:3 t545:4
slv-918-2325,t240:1 t926:2 t468:3 t885:3 t860:4 t903:4 t860:6
slv-918-2544,t670:0 t670:3 t486:5
slv-918-2661,t460:1 t240:2 t926:3 t468:4
slv-918-3245,t545:0 t391:1 t545:1 t240:2 t523:3 t523:4
slv-918-3429,t391:0 t736:1 t112:3 t523:4 t523:5 t182:6 t764:6 t764:7 t903:7 t860:7
slv-918-4244,t670:2 t670:4 t486:5
slv-918-4334,t670:2 t670:4 t486:5
slv-918-5569,t460:1 t240:2 t926:3 t468:4
slv-918-5626,t670:2 t670:4 t486:5
slv-918-6612,t448:1 t240:2 t523:3 t523:4 t182:4 t764:5 t885:6
slv-918-7010,t670:2 t670:4 t486:5
slv-918-7303,t460:1 t240:2 t926:3 t468:4
slv-918-7696,t523:3 t182:4
slv-918-8337,t670:2 t486:4 t486:5 t670:5 t670:6
slv-918-8380,t903:0 t860:2 t670:3 t601:4 t601:5 t670:5 t843:6
slv-918-9355,t670:2 t486:4 t486:5 t670:5 t670:6
slv-918-9357,t670:2 t670:4 t486:5
slv-918-9416,t670:0 t670:3 t486:5
slv-918-9467,t670:2 t670:4 t486:5
slv-918-9830,t448:0 t736:0 t523:1 t523:4 t182:5 t764:6 t764:6 t670:7 t670:7
slv-919-0372,t670:2 t670:4 t486:5
slv-919-0520,t523:2 t523:3 t182:4
slv-919-3108,t636:0 t736:1 t112:2 t545:2 t240:3 t523:3 t523:4 t581:4 t523:5 t468:7
slv-919-3724,t631:3 t631:5 t631:6
slv-919-3798,t860:0 t391:1 t860:2 t545:4
slv-919-4012,t736:0 t693:1 t636:1 t240:2 t523:3 t523:4 t182:5
slv-919-4339,t240:1 t523:2 t523:3 t468:4
slv-919-4446,t670:2 t670:4 t486:5
slv-919-5244,t167:1 t391:2 t545:3 t523:3 t240:4 t523:4 t523:5 t468:5
slv-919-5822,t670:2 t670:4 t486:5
slv-919-7017,t920:1 t240:2 t523:3 t523:4 t468:5 t860:6
slv-919-7307,t631:3 t631:4 t631:5 t631:6
slv-919-7450,t601:1 t601:2 t601:4
slv-919-9025,t788:1 t523:2 t523:3 t581:4
slv-919-9515,t636:1 t904:3 t885:4 t860:5
slv-919-9913,t920:1 t240:2 t278:2 t523:3 t523:3 t468:4 t764:5 t860:6
slv-920-0132,t670:2 t670:4 t486:5
slv-920-0249,t670:2 t670:4 t486:5
slv-920-1811,t670:2 t670:4 t486:5
slv-920-2260,t167:1 t391:2 t545:3 t523:3 t240:4 t523:4 t523:5 t468:5
slv-920-2479,t460:1 t240:2 t523:3 t569:4 t523:5 t523:5 t468:6
slv-920-3116,t448:0 t468:3 t764:5 t860:6
slv-920-3615,t788:1 t523:2 t523:3 t581:4
slv-920-3859,t670:1 t601:3 t601:3 t670:4 t843:5 t843:5
slv-920-4114,t601:1 t601:2 t601:4
slv-920-4398,t670:2 t486:4 t486:5 t670:5 t670:6
slv-920-4567,t764:2 t670:5 t670:6 t486:6 t670:7
slv-920-4769,t670:2 t670:4 t486:5
slv-920-5246,t601:1 t601:2 t601:4
slv-920-5830,t905:0 t545:1
slv-920-6918,t670:2 t670:4 t486:5
slv-920-7015,t670:0 t670:3 t486:5
slv-920-7057,t788:0 t523:2 t523:3 t581:4
slv-920-7643,t670:3 t670:5 t486:6
slv-920-9452,t670:2 t670:4 t486:5
slv-921-0123,t693:1 t636:2 t693:3 t670:3 t843:4 t843:4 t601:5 t601:5
slv-921-1365,t523:1 t523:3 t182:3
slv-921-1450,t240:1 t926:3 t468:4 t670:5 t670:6 t523:6 t468:6
slv-921-1590,t670:2 t670:4 t486:5
slv-921-2253,t670:2 t670:4 t486:5
slv-921-3026,t396:0 t240:1 t926:2 t523:3 t523:3 t926:4 t468:5
slv-921-3202,t670:2 t670:4 t486:5
slv-921-3643,t670:2 t670:4 t486:5
slv-921-3752,t788:1 t523:2 t523:3 t581:4
slv-921-3863,t240:1 t523:1 t523:3 t569:3 t523:4 t468:5
slv-921-4323,t670:2 t670:4 t486:5
slv-921-5940,t523:3 t182:4
slv-921-7151,t670:2 t670:4 t486:5
slv-921-7733,t523:1 t523:3 t182:3
slv-921-7860,t670:1 t843:3 t523:4 t182:5
slv-921-7989,t670:2 t670:4 t486:5
slv-921-8611,t920:1 t240:2 t278:2 t523:3 t523:3 t468:4 t764:5 t860:6
slv-921-8794,t736:0 t693:1 t636:1 t240:2 t523:3 t523:4 t182:5
slv-921-9840,t920:1 t240:2 t278:2 t523:3 t523:3 t468:4 t764:5 t860:6
slv-922-0648,t391:0 t904:0 t860:0 t545:3
slv-922-1311,t926:1 t468:3
slv-922-2067,t240:1 t926:1 t468:2 t240:3 t278:3 t523:3 t523:4 t468:5
slv-922-2670,t670:2 t670:4 t486:5
slv-922-2754,t788:0 t523:2 t523:3 t581:4
slv-922-4243,t167:1 t391:1 t496:2 t391:3 t545:3 t523:4 t523:4 t182:5
slv-922-4387,t926:1 t468:3
slv-922-4912,t920:1 t240:2 t523:3 t523:4 t468:5 t860:6
slv-922-6479,t670:2 t670:4 t486:5
slv-922-6936,t764:2 t670:5 t670:6 t486:6 t670:7
slv-922-7260,t905:0 t545:1
slv-922-7560,t920:3 t920:4 t920:5
slv-922-7595,t903:0 t860:1 t670:3 t670:4 t843:5
slv-922-7971,t670:2 t670:4 t486:5
slv-922-8194,t240:1 t926:1 t468:2 t240:3 t278:3 t523:3 t523:4 t468:5
slv-922-8283,t240:1 t926:2 t468:3 t885:3 t860:4 t903:4 t860:6
slv-922-9020,t920:1 t240:2 t278:2 t523:3 t523:3 t468:4 t764:5 t860:6
slv-922-9355,t920:1 t240:2 t278:2 t523:3 t523:3 t468:4 t764:5 t860:6
slv-922-9566,t670:2 t670:4 t486:5
slv-923-1260,t167:0 t391:1 t545:2 t240:3 t523:3 t523:4 t468:4
slv-923-1996,t460:1 t240:2 t523:3 t569:4 t523:5 t523:5 t468:6
slv-923-3318,t605:1 t240:2 t523:3 t523:3 t468:4 t764:5 t860:6
slv-923-4358,t167:1 t391:2 t545:3 t523:3 t240:4 t523:4 t523:5 t468:5
slv-923-4419,t448:4 t788:5 t523:6 t523:6 t581:7
slv-923-6289,t309:2 t460:3 t240:3 t523:4 t569:4 t523:5 t523:5 t468:6
slv-923-7450,t670:2 t670:4 t486:5
slv-923-7807,t670:2 t670:4 t486:5
slv-923-8023,t670:2 t670:4 t486:5
slv-923-8104,t448:0 t545:1 t448:2 t240:3 t926:3 t468:4 t764:6
slv-923-9470,t670:2 t670:4 t486:5
slv-924-0564,t682:0 t240:2 t523:3 t523:3 t182:3 t885:3 t523:4 t468:4 t885:5
slv-924-0621,t885:3 t860:4 t903:4 t860:5
slv-924-1381,t905:0 t545:1
slv-924-1403,t391:1 t545:2 t240:3 t523:4 t523:5 t569:5 t523:6 t468:7
slv-924-1808,t670:2 t670:4 t486:5
slv-924-2856,t391:1 t736:2 t112:3 t545:3 t523:4 t240:4 t523:4 t523:5 t581:5 t885:6
slv-924-3057,t240:1 t278:2 t523:3 t523:3 t468:4 t764:5 t885:5 t860:6
slv-924-3544,t760:2 t240:3 t523:4 t523:4 t468:5
slv-924-3896,t523:3 t182:4 t764:6 t860:7
slv-924-5721,t670:2 t670:4 t486:5
slv-924-5730,t670:2 t486:4 t486:5 t670:5 t670:6
slv-924-6394,t448:1 t523:3 t523:3 t182:4
slv-924-6456,t670:2 t670:4 t486:5
slv-924-6819,t920:1 t240:2 t278:2 t523:3 t523:3 t468:4 t764:5 t860:6
slv-924-7114,t167:1 t391:2 t904:3 t860:4 t545:5
slv-924-7573,t670:2 t670:4 t486:5
slv-924-7949,t486:2 t486:4 t469:5 t636:5 t730:5 t523:6 t182:7
slv-924-8041,t670:2 t670:4 t486:5
slv-924-8082,t670:2 t670:4 t486:5
slv-924-8477,t240:1 t926:1 t468:2 t240:3 t278:3 t523:3 t523:4 t468:5
slv-924-8778,t167:1 t391:2 t545:3 t523:3 t240:4 t523:4 t523:5 t468:5
slv-924-9614,t670:2 t670:4 t486:5
slv-925-2387,t496:0 t391:0 t904:0 t545:2
slv-925-3719,t670:2 t670:4 t486:5
slv-925-4893,t926:1 t468:3
slv-925-5156,t391:0 t545:1
slv-925-5318,t670:2 t670:4 t486:5
slv-925-7406,t788:1 t523:2 t523:3 t581:4
slv-925-8070,t788:1 t523:2 t523:3 t581:4
slv-925-9004,t460:1 t240:2 t926:3 t926:4 t523:4 t468:5
slv-925-9817,t670:2 t670:4 t486:5
slv-925-9951,t920:1 t240:1 t278:2 t523:3 t468:3 t278:3 t278:4 t926:5 t468:6
slv-926-0311,t905:0 t545:1
slv-926-2420,t240:1 t926:3 t926:4 t523:5 t523:5 t182:6 t240:6 t468:7
slv-926-2920,t788:1 t523:2 t523:3 t581:4
slv-926-3007,t523:4 t182:6 t670:6 t670:7 t885:7 t860:7
slv-926-3103,t523:1 t523:3 t182:4
slv-926-3158,t670:2 t670:4 t486:5
slv-926-4019,t391:0 t905:0 t860:0 t545:2
slv-926-4099,t670:2 t486:4 t486:5 t670:5 t670:6
slv-926-5756,t240:1 t926:1 t468:2 t240:3 t278:3 t523:3 t523:4 t468:5
slv-926-6087,t631:3 t631:4 t631:5 t631:6
slv-926-6649,t391:0 t904:0 t860:1 t545:3
slv-926-7082,t670:2 t486:4 t486:5 t670:5 t670:6
slv-926-7382,t788:0 t523:3 t523:3 t182:4
slv-926-7605,t240:1 t523:2 t523:3 t468:4
slv-926-8144,t670:5 t670:6 t486:7 t670:7
slv-926-8781,t920:1 t240:2 t278:2 t523:3 t523:3 t468:4 t764:5 t860:6
slv-926-9386,t569:0 t523:1 t523:2 t926:3
slv-927-0106,t670:2 t486:4 t486:5 t670:5 t670:6
slv-927-3188,t240:1 t926:2 t926:3 t523:3 t926:4 t468:4
slv-927-4191,t460:1 t240:2 t926:3 t468:4
slv-927-4616,t788:1 t523:2 t523:3 t581:4
slv-927-5324,t240:1 t926:1 t468:2 t240:3 t278:3 t523:3 t523:4 t468:5
slv-927-5325,t605:1 t240:3 t523:4 t523:5 t468:5 t860:6
slv-927-5663,t167:1 t391:2 t545:3 t523:3 t240:4 t523:4 t523:5 t468:5
slv-927-5678,t670:2 t670:4 t486:5
slv-927-6036,t903:0 t860:1 t885:1 t860:3 t903:4
slv-927-6073,t670:2 t670:4 t486:5
slv-927-7064,t536:1 t240:1 t926:3 t468:7
slv-927-7385,t240:0 t523:1 t569:2 t523:3 t523:4 t468:5
slv-927-7738,t448:1 t240:2 t523:3 t523:4 t182:4 t764:5 t885:6
slv-927-7953,t579:1 t579:1 t843:3 t843:4
slv-927-8687,t391:0 t904:1 t885:3 t860:4
slv-928-1065,t670:2 t670:4 t486:5
slv-928-1493,t523:3 t182:4
slv-928-3374,t670:2 t670:4 t486:5
slv-928-4073,t920:1 t240:2 t523:3 t523:3 t569:4 t523:4 t468:5
slv-928-4612,t670:2 t670:4 t486:5
slv-928-5108,t672:1 t523:2 t523:3 t581:4
slv-928-5819,t764:2 t670:5 t670:6 t486:6 t670:7
slv-928-6470,t448:0 t240:2 t523:4 t523:5 t468:6 t764:7 t860:7
slv-928-6727,t523:2 t523:3 t182:4
slv-928-8747,t460:1 t240:4 t523:5 t523:6 t468:6 t670:7 t670:7
slv-928-8857,t391:0 t904:0 t860:0 t545:3
slv-928-9477,t670:2 t670:4 t486:5
slv-929-0354,t788:0 t523:2 t523:3 t581:4
slv-929-0653,t920:1 t240:2 t278:2 t523:3 t523:3 t468:4 t764:5 t860:6
slv-929-1802,t240:1 t523:2 t523:2 t569:3 t523:4 t523:4 t468:5
slv-929-2254,t523:1 t523:3 t468:3 t764:6
slv-929-2355,t860:0 t545:2
slv-929-3040,t670:2 t670:4 t486:5
slv-929-3505,t240:0 t926:1 t278:1 t523:2 t523:3 t926:3 t468:4
slv-929-3613,t670:2 t670:4 t486:5
slv-929-4213,t523:2 t523:3 t182:4
slv-929-4493,t448:1 t240:3 t523:5 t468:6 t670:6 t670:7 t860:7 t220:7
slv-929-5198,t636:0 t167:0 t496:1 t391:2 t545:3 t240:3 t523:4 t523:4 t468:5
slv-929-6812,t670:2 t670:4 t486:5
slv-929-7532,t920:3 t920:4 t920:5
slv-929-8329,t670:0 t670:3 t486:5
slv-929-8829,t670:1 t670:2 t133:3 t741:3 t396:4 t636:4 t885:4 t860:5
slv-929-8963,t670:2 t670:4 t486:5
slv-929-9132,t523:1 t182:4 t885:5 t860:6
slv-930-0728,t309:0 t904:0 t545:0 t885:2 t860:3 t545:4
slv-930-1906,t167:1 t391:2 t545:3 t523:3 t240:4 t523:4 t523:5 t468:5
slv-930-2314,t905:0 t545:1
slv-930-2671,t670:2 t670:4 t486:5
slv-930-2741,t920:1 t240:2 t278:2 t523:3 t523:3 t468:4 t764:5 t860:6
slv-930-2843,t788:1 t523:2 t523:3 t581:4
slv-930-2857,t920:1 t240:3 t926:4 t468:5 t670:5 t670:6 t523:6 t468:6
slv-930-3777,t670:2 t670:4 t486:5
slv-930-4623,t670:0 t670:3 t486:5
slv-930-5059,t670:2 t486:4 t486:5 t670:5 t670:6
slv-930-5654,t829:0 t545:1
slv-930-6632,t670:2 t670:4 t486:5
slv-930-7340,t523:1 t523:3 t182:3
slv-930-7904,t460:1 t240:2 t523:3 t569:4 t523:5 t523:5 t468:6
slv-930-8410,t391:0 t860:0 t391:0 t545:1
slv-930-9769,t523:1 t523:3 t182:3
slv-931-1466,t670:2 t670:4 t486:5
slv-931-2251,t670:2 t670:4 t486:5
slv-931-2929,t167:0 t391:1 t545:2 t240:3 t523:3 t523:4 t468:4
slv-931-3613,t670:2 t486:4 t486:5 t670:5 t670:6
slv-931-3996,t739:1 t545:2 t391:3 t545:4
slv-931-4261,t167:0 t391:1 t545:2 t240:3 t523:3 t523:4 t468:4
slv-931-4640,t670:2 t670:4 t486:5
slv-931-5235,t920:1 t240:2 t278:2 t523:3 t523:3 t468:4 t764:5 t860:6
slv-931-6574,t460:1 t240:2 t926:3 t468:4
slv-931-6656,t391:1 t736:2 t112:3 t545:3 t523:4 t240:4 t523:4 t523:5 t581:5 t885:6
slv-931-7254,t670:2 t670:4 t486:5
slv-931-7330,t523:3 t182:3 t764:6
slv-931-7895,t545:1 t670:2 t523:3 t523:4 t581:5 t764:5 t885:6
slv-932-0233,t240:2 t926:4 t523:5 t182:6 t523:6 t468:7 t670:7 t670:7
slv-932-0919,t670:2 t670:4 t486:5
slv-932-4566,t670:2 t670:4 t486:5
slv-932-7428,t736:0 t693:1 t523:2 t523:3 t182:4
slv-932-7581,t496:1 t860:2 t545:3 t523:3 t523:4 t182:4
slv-932-8326,t448:0 t240:2 t523:4 t523:5 t468:6 t764:7 t860:7
slv-932-8731,t605:1 t240:3 t523:4 t523:5 t468:5 t860:6
slv-932-9075,t448:1 t240:2 t523:3 t523:4 t182:4 t764:5 t885:6
slv-932-9388,t670:2 t670:4 t486:5
slv-932-9843,t670:2 t670:4 t486:5
slv-933-0052,t670:2 t670:4 t486:5
slv-933-1387,t670:2 t670:4 t486:5
slv-933-2776,t601:1 t601:2 t601:4
slv-933-3261,t460:1 t240:2 t523:3 t569:4 t523:5 t523:5 t468:6
slv-933-3357,t523:4 t182:6 t670:6 t670:7 t885:7 t860:7
slv-933-3535,t670:3 t670:5 t486:6
slv-933-3913,t448:0 t240:1 t926:2 t523:3 t523:3 t569:5
slv-933-5661,t448:1 t391:2 t736:3 t112:3 t545:4 t523:4 t523:5 t182:5 t523:6 t581:7
slv-933-5983,t670:2 t670:4 t486:5
slv-933-6757,t391:0 t904:0 t860:1 t545:1 t391:3 t545:4
slv-933-7298,t670:2 t670:4 t486:5
slv-933-7398,t739:1 t545:2 t391:3 t545:4
slv-933-7463,t460:1 t240:2 t523:3 t523:4 t569:4 t523:5 t468:5
slv-933-9033,t926:0 t926:1 t523:3 t468:3
slv-934-0773,t670:2 t486:4 t486:5 t670:5 t670:6
slv-934-2451,t788:1 t523:2 t523:3 t581:4
slv-934-2974,t904:0 t545:0 t391:0 t545:1 t904:2 t860:3 t545:4
slv-934-3459,t167:1 t391:1 t496:2 t391:3 t545:3 t523:4 t523:4 t182:5
slv-934-3470,t670:2 t670:4 t486:5
slv-934-3586,t693:2 t636:4 t885:5 t860:6
slv-934-3791,t860:0 t391:1 t860:2 t545:4
slv-934-4361,t523:2 t523:3 t182:4
slv-934-4441,t920:1 t240:2 t523:3 t523:4 t468:5 t860:6
slv-934-4481,t926:1 t523:3 t523:3 t468:3
slv-934-6347,t670:2 t486:4 t486:5 t670:5 t670:6
slv-934-6950,t460:1 t240:2 t523:3 t523:3 t569:4 t523:5 t468:5
slv-934-7001,t670:2 t670:4 t486:5
slv-934-8025,t764:2 t670:5 t670:6 t486:6 t670:7
slv-934-8457,t920:1 t240:2 t278:2 t523:3 t523:3 t468:4 t764:5 t860:6
slv-935-0251,t601:1 t601:2 t601:4
slv-935-0274,t672:1 t523:2 t523:3 t581:4
slv-935-0709,t670:2 t670:4 t486:5
slv-935-1490,t460:1 t240:4 t523:5 t523:6 t468:6 t670:7 t670:7
slv-935-1809,t601:1 t601:2 t601:4
slv-935-2578,t904:0 t545:1 t240:2 t523:3 t523:4 t468:5 t764:6 t764:6 t860:7
slv-935-2963,t523:6 t182:7 t670:7 t182:7 t885:7 t860:7
slv-935-3639,t545:1 t523:2 t523:3 t182:4
slv-935-3997,t670:2 t486:4 t486:5 t670:5 t670:6
slv-935-5061,t601:1 t601:2 t601:4
slv-935-6070,t391:0 t545:1 t240:2 t523:3 t523:3 t182:4
slv-935-7727,t605:1 t240:3 t523:4 t523:5 t468:5 t860:6
slv-935-8061,t636:0 t885:0 t636:1 t904:4 t860:5
slv-935-8151,t736:0 t693:1 t682:2 t523:3 t523:4 t182:4
slv-935-8623,t788:0 t523:2 t523:3 t581:4
slv-935-9067,t670:3 t670:5 t486:6
slv-935-9624,t920:1 t240:2 t523:3 t523:4 t468:5 t860:6
slv-935-9721,t860:0 t545:2
slv-936-0992,t391:0 t904:0 t860:0 t545:2
slv-936-1300,t670:2 t670:4 t486:5
slv-936-1366,t670:2 t670:4 t486:5
slv-936-1716,t670:2 t670:4 t486:5
slv-936-2053,t670:2 t670:4 t486:5
slv-936-2446,t670:2 t670:4 t636:5 t460:5 t240:6 t523:6 t523:7 t468:7
slv-936-3094,t601:1 t601:2 t601:4
slv-936-4248,t523:3 t182:3 t764:7
slv-936-4937,t764:2 t670:5 t670:6 t486:6 t670:7
slv-936-5348,t240:0 t926:1 t523:2 t523:3 t581:3 t569:4 t523:4 t569:5
slv-936-8016,t523:1 t523:3 t581:3
slv-936-8422,t601:1 t601:3 t601:4
slv-936-9471,t670:2 t670:4 t486:5
slv-937-0148,t926:1 t523:3 t523:3 t468:3
slv-937-0237,t926:2 t523:4 t523:5 t182:6
slv-937-0353,t860:0 t545:2
slv-937-2733,t448:0 t240:1 t926:2 t468:3 t523:3 t523:4 t468:5 t764:6
slv-937-2893,t391:0 t904:0 t860:1 t545:1 t391:3 t545:4
slv-937-3693,t670:2 t670:4 t486:5
slv-937-3807,t693:1 t636:2 t693:3 t670:3 t843:4 t843:4 t601:5 t601:5
slv-937-4180,t670:2 t486:4 t486:5 t670:5 t670:6
slv-937-4464,t670:2 t670:4 t486:5
slv-937-5422,t555:1 t486:3 t523:4 t523:5 t182:7
slv-937-5529,t601:1 t601:2 t601:4
slv-937-5957,t670:2 t670:4 t486:5
slv-937-6767,t920:1 t240:2 t523:3 t523:4 t468:5 t860:6
slv-937-6866,t693:1 t670:3 t670:4 t693:4 t636:5 t885:6 t860:6
slv-937-7845,t670:2 t670:4 t486:5
slv-937-7905,t920:1 t240:2 t523:4 t523:4 t468:5 t860:7
slv-937-7929,t885:1 t860:4 t903:5 t860:6
slv-937-8019,t523:1 t523:3 t468:3
slv-937-8160,t885:1 t860:4 t903:4 t860:5
slv-937-9088,t605:1 t240:3 t523:4 t523:5 t468:5 t860:6
slv-937-9969,t670:1 t843:3 t843:4 t523:4 t182:7
slv-938-0104,t240:0 t926:1 t926:3 t468:4
slv-938-1769,t670:2 t670:4 t486:5
slv-938-1880,t760:0 t670:1 t670:4 t486:6
slv-938-2140,t920:1 t240:2 t523:3 t523:4 t468:5 t860:6
slv-938-2715,t670:2 t670:4 t486:5
slv-938-2887,t240:1 t523:1 t523:2 t569:3 t523:4 t468:5
slv-938-3099,t670:2 t670:4 t486:5
slv-938-3884,t523:3 t182:4
slv-938-4429,t670:2 t486:4 t486:5 t670:5 t670:6
slv-938-4821,t920:1 t240:2 t278:2 t523:3 t523:3 t468:4 t764:5 t860:6
slv-938-5148,t670:2 t670:4 t486:5
slv-938-5613,t860:0 t391:1 t860:2 t545:3
slv-938-5844,t670:2 t670:4 t486:5
slv-938-8504,t545:1 t670:2 t523:3 t523:4 t581:5 t764:5 t885:6
slv-938-8948,t670:1 t670:2 t133:3 t741:3 t396:4 t636:4 t885:4 t860:5
slv-938-9096,t926:1 t468:3
slv-939-0620,t670:2 t486:4 t670:5 t670:6
slv-939-0940,t736:0 t693:1 t636:1 t240:2 t523:3 t523:4 t182:5
slv-939-1162,t682:0 t240:2 t523:3 t523:3 t182:3 t885:3 t523:4 t468:4 t885:5
slv-939-1799,t240:1 t926:1 t468:2 t240:3 t278:3 t523:3 t523:4 t468:5
slv-939-2067,t672:1 t523:2 t523:3 t581:4
slv-939-2302,t523:3 t182:4
slv-939-2317,t739:1 t545:2 t391:3 t545:4
slv-939-3814,t240:1 t523:2 t523:2 t569:3 t523:4 t523:4 t468:5
slv-939-6004,t631:3 t631:4 t631:5 t631:6
slv-939-6469,t905:0 t545:1
slv-939-6764,t926:0 t121:0 t523:2 t182:3
slv-939-8279,t670:2 t670:4 t486:5
slv-939-9183,t926:1 t468:3
slv-940-0166,t601:1 t601:2 t601:4
slv-940-0853,t788:1 t523:3 t523:3 t182:4
slv-940-1233,t240:1 t926:2 t468:3 t240:4 t468:4 t523:5 t523:5 t182:6
slv-940-1319,t920:1 t240:2 t278:2 t523:3 t523:3 t468:4 t764:5 t860:6
slv-940-2165,t905:0 t545:1
slv-940-2793,t670:2 t670:4 t486:5
slv-940-3483,t670:2 t670:4 t486:5
slv-940-6918,t920:1 t240:2 t278:2 t523:3 t523:3 t468:4 t764:5 t860:6
slv-940-7804,t788:1 t523:2 t523:3 t581:4
slv-940-8283,t920:1 t240:2 t523:3 t523:3 t569:4 t523:4 t468:5
slv-940-8947,t860:0 t545:2
slv-940-9095,t670:2 t670:4 t486:5
slv-940-9214,t885:1 t860:3 t670:5 t670:6
slv-940-9951,t670:2 t486:4 t486:5 t670:5 t670:6
slv-941-0922,t391:0 t545:1 t448:1 t240:1 t926:2 t523:3 t523:3 t182:4 t926:4 t468:5 t764:6
slv-941-1441,t670:2 t670:4 t486:5
slv-941-1447,t670:2 t670:4 t486:5
slv-941-1471,t460:1 t240:2 t926:3 t468:4
slv-941-2601,t167:1 t391:2 t545:3 t523:3 t240:4 t523:4 t523:5 t468:5
slv-941-3892,t670:2 t670:4 t486:5
slv-941-4497,t391:0 t904:0 t860:0 t545:2
slv-941-4529,t601:1 t601:2 t601:4
slv-941-4751,t411:1 t411:2 t411:3 t411:5 t411:6
slv-941-5247,t167:1 t391:2 t545:3 t523:3 t240:4 t523:4 t523:5 t468:5
slv-941-5508,t523:1 t523:3 t182:3
slv-941-6110,t240:1 t523:2
slv-941-7178,t905:0 t545:0 t860:1 t545:2
slv-941-7864,t670:2 t670:4 t486:5
slv-941-9235,t736:0 t693:1 t682:2 t240:3 t523:3 t523:4
slv-941-9435,t240:1 t523:2 t523:2 t569:3 t523:4 t523:4 t468:5
slv-942-1095,t670:2 t670:4 t486:5
slv-942-1631,t523:3 t182:4 t764:6 t860:7
slv-942-1907,t460:1 t240:2 t523:3 t569:4 t523:5 t523:5 t468:6
slv-942-2013,t670:2 t670:4 t486:5
slv-942-2198,t391:1 t545:1 t391:2 t860:3 t545:3 t240:3 t523:4 t468:5
slv-942-2441,t523:1 t523:3 t182:3
slv-942-2880,t905:0 t545:0 t860:1 t545:2
slv-942-3955,t670:2 t670:4 t486:5
slv-942-4047,t523:1 t523:3 t182:3
slv-942-4092,t670:2 t670:4 t486:5
slv-942-4368,t788:1 t523:2 t523:3 t581:4
slv-942-4482,t670:2 t670:4 t486:5
slv-942-4601,t329:1 t329:3 t631:4 t631:5
slv-942-5690,t167:1 t391:2 t545:3 t523:3 t240:4 t523:4 t523:5 t468:5
slv-942-6214,t670:2 t670:4 t486:5
slv-942-7232,t631:3 t631:4 t631:5 t631:6
slv-942-7403,t670:2 t670:4 t486:5
slv-942-7410,t860:0 t545:1 t391:2 t545:4
slv-942-9780,t904:0 t860:0 t391:0 t860:1 t545:3
slv-943-0946,t670:2 t670:4 t486:5
slv-943-1208,t693:2 t636:4 t885:5 t860:6
slv-943-3037,t885:1 t860:3 t523:4 t182:5
slv-943-3075,t523:3 t182:4 t764:6 t860:7
slv-943-3232,t670:2 t670:4 t486:5
slv-943-3419,t920:1 t240:2 t278:2 t523:3 t523:3 t468:4 t764:5 t860:6
slv-943-3861,t920:1 t240:2 t278:2 t523:3 t523:3 t468:4 t764:5 t860:6
slv-943-3970,t670:2 t670:4 t486:5
slv-943-4102,t112:1 t523:3 t523:4 t182:5 t523:6 t581:6
slv-943-4311,t904:0 t860:0 t391:0 t545:2
slv-943-4881,t670:2 t670:4 t486:5
slv-943-5076,t670:2 t670:4 t486:5
slv-943-5469,t616:1 t523:2 t523:3 t569:4
slv-943-5495,t670:2 t670:4 t486:5
slv-943-5723,t860:0 t670:5 t670:7
slv-943-6801,t670:1 t670:4 t486:5
slv-943-8400,t391:1 t545:1 t670:2 t545:3 t240:3 t926:4 t468:5 t764:6
slv-943-8440,t920:1 t240:2 t523:3 t523:4 t468:5 t860:6
slv-943-8607,t788:0 t523:2 t523:3 t581:4
slv-943-9008,t860:0 t545:1 t391:2 t545:3
slv-943-9176,t905:0 t545:1
slv-943-9809,t670:2 t670:4 t486:5
slv-944-0333,t670:2 t670:4 t486:5
slv-944-0401,t523:0 t523:0 t926:2 t926:2 t523:3 t468:3
slv-944-0703,t682:0 t240:2 t523:3 t523:3 t182:3 t885:3 t523:4 t468:4 t885:5
slv-944-1081,t788:1 t523:3 t523:3 t182:4
slv-944-1364,t670:2 t670:4 t486:5
slv-944-1449,t391:0 t905:0 t860:0 t545:2
slv-944-2128,t601:1 t601:3 t601:4
slv-944-2411,t523:1 t523:3 t581:4
slv-944-3893,t670:0 t670:3 t486:5
slv-944-4474,t670:2 t670:4 t486:5
slv-944-4709,t240:1 t926:3 t926:4 t523:5 t523:5 t182:6 t240:6 t468:7
slv-944-6114,t536:1 t240:1 t926:2 t468:3
slv-944-7071,t670:2 t670:4 t486:5
slv-944-7174,t764:2 t670:5 t670:6 t486:6 t670:7
slv-944-7189,t460:0 t240:1 t523:2 t523:3 t569:3 t523:4 t468:5
slv-944-7308,t670:2 t670:4 t486:5
slv-944-7772,t926:1 t468:3
slv-944-7863,t670:2 t670:4 t486:5
slv-944-8186,t448:2 t112:3 t523:4 t523:5 t581:6
slv-944-8449,t764:2 t670:5 t670:6 t486:6 t670:7
slv-944-9088,t240:1 t926:1 t468:2 t240:3 t278:3 t523:3 t523:4 t468:5
slv-944-9256,t670:2 t670:4 t486:5
slv-944-9691,t240:1 t523:1 t523:2 t569:3 t523:4 t468:5
slv-945-1239,t460:1 t240:2 t523:2 t523:3 t569:3 t523:4 t468:5
slv-945-1895,t926:0 t926:2 t523:3 t468:4
slv-945-1998,t670:2 t486:4 t486:5 t670:5 t670:6
slv-945-2301,t920:1 t240:2 t278:2 t523:3 t523:3 t468:4 t764:5 t860:6
slv-945-2425,t240:0 t926:2 t926:2 t468:3 t523:3 t468:5
slv-945-2623,t670:2 t670:4 t486:5
slv-945-2635,t670:2 t670:4 t486:5
slv-945-2874,t920:1 t240:2 t523:3 t523:4 t468:5 t860:6
slv-945-3089,t920:1 t240:2 t278:2 t523:3 t523:3 t468:4 t764:5 t860:6
slv-945-3803,t670:2 t486:4 t486:5 t670:5 t670:6
slv-945-4865,t670:2 t670:4 t486:5
slv-945-5390,t670:2 t486:4 t486:5 t670:5 t670:6
slv-945-5405,t391:1 t736:2 t112:3 t545:3 t523:4 t240:4 t523:4 t523:5 t581:5 t885:6
slv-945-5447,t991:3 t631:5 t631:6 t631:7
slv-945-6588,t670:2 t670:4 t486:5
slv-945-7156,t670:2 t670:4 t486:5
slv-945-8709,t670:0 t670:2 t486:3 t523:4 t523:6 t182:6
slv-945-8986,t670:2 t670:4 t486:5
slv-945-9443,t396:0 t240:1 t926:2 t523:3 t523:3 t926:4 t468:5
slv-945-9451,t601:1 t601:2 t601:4
slv-945-9852,t391:0 t736:1 t112:3 t523:4 t523:5 t182:6 t764:6 t764:7 t903:7 t860:7
slv-946-0301,t391:0 t736:1 t112:2 t545:3 t240:3 t523:4 t523:4 t581:5 t523:6 t468:6 t764:7
slv-946-1518,t670:2 t670:4 t486:5
slv-946-2192,t670:2 t670:4 t486:5
slv-946-2551,t920:1 t240:2 t278:2 t523:3 t523:3 t468:4 t764:5 t860:6
slv-946-2829,t391:0 t860:0 t545:2
slv-946-2843,t167:1 t391:2 t545:3 t523:3 t240:4 t523:4 t523:5 t468:5
slv-946-2999,t391:0 t904:0 t545:1 t240:2 t523:2 t523:3 t182:4 t885:4 t860:5
slv-946-3450,t926:1 t468:3
slv-946-4118,t670:2 t670:4 t486:5
slv-946-4528,t920:1 t240:2 t278:2 t523:3 t523:3 t468:4 t764:5 t860:6
slv-946-4636,t523:1 t182:2 t885:4 t860:4 t903:5 t860:6
slv-946-5461,t636:0 t904:3 t885:4 t860:5
slv-946-5787,t670:2 t670:4 t486:5
slv-946-6324,t926:1 t468:3
slv-946-6448,t682:0 t240:2 t523:3 t523:3 t182:3 t885:3 t523:4 t468:4 t885:5
slv-946-6505,t396:0 t240:1 t926:2 t523:3 t523:3 t926:4 t468:5
slv-946-6512,t693:2 t636:4 t885:5 t860:6
slv-946-7414,t167:1 t391:1 t904:2 t545:3
slv-946-7526,t885:1 t860:3 t670:4 t670:5 t843:6
slv-946-7784,t670:2 t670:4 t486:5
slv-946-9121,t391:0 t760:0 t391:0 t545:1 t670:3
slv-946-9574,t448:5 t920:5 t391:6 t448:6 t240:6 t523:7
slv-947-0387,t636:0 t736:1 t112:2 t545:2 t240:3 t523:3 t523:4 t581:4 t523:5 t468:7
slv-947-0466,t448:1 t240:2 t523:3 t569:4 t523:4 t523:5 t468:6 t860:7
slv-947-1258,t670:2 t670:4 t486:5
slv-947-1943,t616:2 t523:3 t523:4 t569:4
slv-947-2387,t670:2 t670:4 t486:5
slv-947-2463,t670:2 t670:4 t486:5
slv-947-3381,t523:1 t523:5 t182:6 t764:6 t486:7 t670:7 t486:7 t486:7
slv-947-3570,t904:3 t631:5 t631:6 t631:6
slv-947-3694,t670:2 t670:4 t486:5
slv-947-4695,t920:1 t240:2 t278:2 t523:3 t523:3 t468:4 t764:5 t860:6
slv-947-4709,t670:2 t670:4 t486:5
slv-947-5216,t670:2 t670:4 t486:5
slv-947-6667,t670:2 t486:4 t486:5 t670:5 t670:6
slv-947-8053,t736:0 t693:1 t636:1 t240:2 t523:3 t523:4 t182:5
slv-947-8914,t448:0 t240:1 t523:2 t523:3 t240:3 t926:4 t468:5 t764:6
slv-947-9039,t670:2 t486:4 t486:5 t670:5 t670:6
slv-948-0087,t760:0 t670:1 t670:4 t486:6
slv-948-0687,t920:1 t240:2 t278:2 t523:3 t523:3 t468:4 t764:5 t860:6
slv-948-2292,t670:2 t670:4 t486:5
slv-948-2620,t736:0 t693:1 t636:1 t240:2 t523:3 t523:4 t182:5
slv-948-3781,t903:5 t860:6 t764:6 t486:7 t486:7 t670:7 t486:7
slv-948-4738,t670:2 t670:4 t486:5
slv-948-4901,t903:1 t860:2 t670:3 t601:3 t601:4 t670:5 t545:5 t843:5 t843:5 t670:6 t843:6
slv-948-5139,t167:1 t391:2 t545:3 t523:3 t240:4 t523:4 t523:5 t468:5
slv-948-5172,t920:1 t240:2 t523:3 t523:4 t468:5 t860:6
slv-948-5196,t670:2 t670:4 t486:5
slv-948-6350,t739:1 t545:2 t391:3 t545:4
slv-948-7200,t903:1 t860:2 t670:3 t601:3 t601:4 t670:5 t545:5 t843:5 t843:5 t670:6 t843:6
slv-948-7680,t240:1 t468:3 t240:4 t926:5 t523:5 t523:6 t468:7
slv-948-7936,t523:3 t182:4 t764:6 t860:7
slv-948-8499,t676:1 t523:3 t569:4 t523:5 t523:6 t468:7
slv-948-9634,t670:2 t486:4 t486:5 t670:5 t670:6
slv-949-0175,t605:0 t240:2 t523:3 t523:3 t468:4
slv-949-1524,t523:3 t182:4 t764:6 t860:7
slv-949-1583,t670:2 t670:4 t486:5
slv-949-3562,t670:2 t670:4 t486:5
slv-949-4272,t240:1 t926:2 t523:3 t523:3 t182:4
slv-949-4797,t920:1 t240:2 t523:3 t523:4 t468:5 t860:6
slv-949-5157,t601:1 t601:2 t601:4
slv-949-5535,t693:1 t636:2 t693:3 t670:3 t843:4 t843:4 t601:5 t601:5
slv-949-5696,t391:1 t545:1 t739:3 t545:4
slv-949-6575,t391:0 t905:0
slv-949-7820,t523:1 t523:3 t468:3 t764:6
slv-949-8303,t670:2 t670:4 t486:5
slv-949-8445,t788:0 t523:2 t523:3 t581:4
slv-949-9069,t926:0 t926:1 t523:2 t523:3 t926:3
slv-949-9681,t693:2 t636:4 t885:5 t860:6
slv-950-0094,t448:1 t240:2 t523:3 t523:4 t182:4 t764:5 t885:6
slv-950-0433,t240:1 t926:2 t926:3 t523:3 t926:4 t468:4
slv-950-0482,t670:2 t670:4 t486:5
slv-950-0804,t545:1 t523:3 t182:4 t523:5 t581:6
slv-950-0847,t246:3 t460:4 t240:4 t523:5 t523:5 t569:5 t523:6 t468:6
slv-950-1321,t788:1 t523:2 t523:3 t581:4
slv-950-1699,t240:1 t468:3 t240:4 t926:5 t523:5 t523:6 t468:7
slv-950-1978,t396:0 t240:1 t523:2 t523:3 t182:3 t240:3 t926:4 t468:5
slv-950-2640,t601:1 t601:2 t601:4
slv-950-3764,t240:1 t926:1 t468:2 t240:3 t278:3 t523:3 t523:4 t468:5
slv-950-4323,t670:2 t670:4 t486:5
slv-950-4712,t391:0 t545:1 t240:2 t523:3 t523:3 t926:3 t468:4
slv-950-6486,t903:1 t860:2 t670:3 t601:3 t601:4 t670:5 t545:5 t843:5 t843:5 t670:6 t843:6
slv-950-7194,t670:2 t670:4 t486:5
slv-950-7636,t448:0 t736:0 t112:1 t545:2 t523:3 t523:4 t468:4 t764:5 t885:6
slv-950-7870,t670:2 t670:4 t486:5
slv-950-7887,t670:0 t670:3 t486:5
slv-950-8864,t460:1 t240:2 t926:3 t468:4
slv-950-9127,t636:1 t904:3 t885:4 t860:5
slv-950-9665,t240:1 t926:3 t926:4 t523:5 t523:5 t182:6 t240:6 t468:7
slv-951-0368,t905:0 t545:1
slv-951-0579,t670:2 t670:4 t486:5
slv-951-0967,t601:1 t601:2 t601:4
slv-951-1108,t682:0 t240:2 t523:3 t523:3 t182:3 t885:3 t523:4 t468:4 t885:5
slv-951-1257,t523:0 t523:2 t468:3
slv-951-1881,t240:0 t926:2 t523:3 t523:4 t581:5
slv-951-2626,t636:0 t885:0 t903:1 t860:3 t903:5
slv-951-2887,t448:0 t545:1 t523:4 t523:5 t182:6
slv-951-2944,t736:0 t693:1 t636:1 t240:2 t523:3 t523:4 t182:5
slv-951-3242,t920:1 t240:2 t278:2 t523:3 t523:3 t468:4 t764:5 t860:6
slv-951-4295,t693:1 t636:2 t693:3 t670:3 t843:4 t843:4 t601:5 t601:5
slv-951-5060,t670:2 t670:4 t486:5
slv-951-5752,t920:3 t920:4 t920:5
slv-951-5933,t240:1 t926:1 t468:2 t240:3 t278:3 t523:3 t523:4 t468:5
slv-951-7232,t788:0 t523:2 t523:3 t581:4
slv-951-7930,t670:2 t486:4 t486:5 t670:5 t670:6
slv-951-8026,t670:2 t670:4 t486:5
slv-951-8078,t814:1 t290:3 t290:4 t814:4 t814:6
slv-951-8227,t670:2 t670:4 t486:5
slv-951-8572,t670:2 t670:4 t486:5
slv-952-0668,t670:2 t670:4 t486:5
slv-952-1466,t693:1 t636:2 t693:3 t670:3 t843:4 t843:4 t601:5 t601:5
slv-952-3685,t240:0 t523:1 t636:3 t523:4 t523:5 t468:5 t764:6 t486:7
slv-952-3800,t670:2 t670:4 t486:5
slv-952-4833,t486:2 t486:4 t469:5 t636:5 t730:5 t523:6 t182:7
slv-952-5210,t670:2 t670:4 t486:5
slv-952-5400,t670:2 t670:4 t486:5
slv-952-5625,t240:1 t926:3 t523:3 t926:4 t468:5
slv-952-6028,t920:1 t240:2 t278:2 t523:3 t523:3 t468:4 t764:5 t860:6
slv-952-6380,t670:2 t670:4 t486:5
slv-952-6534,t670:2 t670:4 t486:5
slv-952-8243,t605:1 t240:2 t523:3 t523:3 t468:4 t764:5 t860:6
slv-952-8740,t788:0 t523:2 t523:3 t581:4
slv-953-0128,t460:1 t240:2 t523:3 t569:3 t523:4 t523:5
slv-953-0810,t391:0 t905:0 t860:0 t545:2
slv-953-1140,t670:2 t670:4 t486:5
slv-953-1567,t460:1 t240:1 t926:2 t569:3 t523:3 t523:4 t569:4
slv-953-2134,t391:0 t736:1 t112:3 t523:4 t523:5 t182:6 t764:6 t764:7 t903:7 t860:7
slv-953-2166,t670:2 t670:4 t486:5
slv-953-2615,t788:1 t523:3 t523:3 t581:5
slv-953-2911,t670:2 t670:4 t486:5
slv-953-6229,t411:1 t411:2 t411:3 t411:5 t411:6
slv-953-6645,t860:5 t670:7 t670:7 t904:7
slv-953-7900,t391:0 t904:0 t545:1 t240:2 t523:2 t523:3 t182:4 t885:4 t860:5
slv-953-8100,t670:2 t670:4 t486:5
slv-953-8283,t672:1 t523:2 t523:3 t581:4
slv-953-8897,t905:0 t545:1
slv-953-9339,t670:2 t670:4 t486:5
slv-953-9450,t920:1 t240:2 t278:2 t523:3 t523:3 t468:4 t764:5 t860:6
slv-954-0018,t670:2 t670:4 t486:5
slv-954-0773,t920:1 t240:2 t523:3 t523:4 t468:5 t860:6
slv-954-1209,t670:2 t670:4 t486:5
slv-954-1863,t377:1 t377:2 t377:4
slv-954-2873,t920:1 t240:2 t278:2 t523:3 t523:3 t468:4 t764:5 t860:6
slv-954-3021,t670:2 t670:4 t486:5
slv-954-3093,t523:1 t523:3 t182:3
slv-954-3234,t693:2 t636:4 t885:5 t860:6
slv-954-4587,t670:2 t670:4 t486:5
slv-954-4837,t670:2 t670:4 t486:5
slv-954-5504,t926:1 t468:3
slv-954-6075,t860:0 t545:2
slv-954-6357,t905:0 t545:1
slv-954-6423,t860:0 t545:1 t904:2 t545:3 t391:4 t545:4
slv-954-6807,t605:1 t240:3 t523:4 t523:5 t468:5 t860:6
slv-954-7669,t920:1 t240:2 t278:2 t523:3 t523:3 t468:4 t764:5 t860:6
slv-954-7762,t240:1 t523:2 t523:2 t569:3 t523:4 t523:4 t468:5
slv-954-7845,t523:0 t523:0 t926:2 t926:2 t523:3 t468:3
slv-954-9477,t240:2 t926:4 t523:5 t182:6 t523:6 t468:7 t670:7 t670:7
slv-954-9556,t391:1 t736:2 t112:3 t545:3 t523:4 t240:4 t523:4 t523:5 t581:5 t885:6
slv-955-0689,t670:2 t670:4 t486:5
slv-955-1477,t885:1 t860:3 t523:4 t182:5
slv-955-2146,t670:2 t670:4 t486:5
slv-955-2403,t920:1 t240:2 t523:3 t523:4 t468:5 t860:6
slv-955-2939,t601:1 t601:2 t601:4
slv-955-3309,t670:2 t670:4 t486:5
slv-955-4212,t448:0 t240:1 t926:2 t523:3 t523:3 t569:5
slv-955-4422,t523:2 t523:3 t182:4
slv-955-5209,t448:1 t240:2 t523:3 t523:4 t182:4 t764:5 t885:6
slv-955-5428,t601:1 t601:2 t601:4
slv-955-5915,t670:2 t670:4 t486:5
slv-955-6500,t448:1 t240:2 t523:3 t523:4 t182:4 t764:5 t885:6
slv-955-6502,t670:2 t486:4 t486:5 t670:5 t670:6
slv-955-6807,t670:2 t486:4 t486:5 t670:5 t670:6
slv-955-7170,t411:1 t411:2 t411:3 t411:5 t411:5 t411:6
slv-955-7629,t903:1 t860:2 t670:3 t601:3 t601:4 t670:5 t545:5 t843:5 t843:5 t670:6 t843:6
slv-955-7819,t788:1 t523:3 t523:3 t182:4
slv-955-8689,t601:1 t601:2 t601:4
slv-955-9448,t920:1 t240:1 t278:2 t523:3 t468:3 t278:3 t278:4 t926:5 t468:6
slv-956-1155,t788:1 t523:2 t523:3 t581:4
slv-956-1221,t391:0 t860:0 t545:2
slv-956-2023,t391:0 t736:1 t112:2 t545:3 t240:3 t523:4 t523:4 t581:5 t523:6 t468:6 t764:7
slv-956-2118,t764:2 t670:5 t670:6 t486:6 t670:7
slv-956-2568,t670:2 t670:4 t486:5
slv-956-2766,t788:1 t523:2 t523:3 t581:4
slv-956-2931,t670:2 t670:4 t486:5
slv-956-3293,t523:3 t182:4 t764:6 t860:7
slv-956-4450,t788:0 t523:2 t523:3 t581:4
slv-956-4865,t670:2 t670:4 t486:5
slv-956-5455,t523:0 t926:1 t523:2 t523:3 t468:4
slv-956-5622,t672:0 t523:1 t523:2 t182:3
slv-956-6246,t391:0 t545:2
slv-956-6836,t920:1 t240:2 t523:3 t523:4 t468:5 t860:6
slv-956-7579,t670:2 t670:4 t486:5
slv-956-7780,t670:1 t843:3 t843:4 t523:4 t182:7
slv-956-7800,t569:0 t996:0 t569:1 t523:3 t182:5
slv-956-7984,t670:2 t670:4 t486:5
slv-956-8149,t670:2 t670:4 t486:5
slv-956-8825,t670:0 t670:2 t486:3 t523:4 t523:6 t182:6
slv-956-8930,t670:5 t670:6 t486:7 t670:7
slv-956-9127,t579:1 t579:1 t843:3 t843:4
slv-956-9460,t903:5 t860:6 t764:6 t486:7 t486:7 t670:7 t486:7
slv-956-9778,t358:1 t240:2 t926:3 t523:5
slv-957-0255,t391:0 t736:1 t112:3 t523:4 t523:5 t182:6 t764:6 t764:7 t903:7 t860:7
slv-957-0322,t693:4 t636:5 t523:6 t523:6 t182:7
slv-957-2224,t670:0 t670:3 t486:5
slv-957-3017,t396:0 t240:1 t523:2 t523:3 t182:3 t240:4 t926:4 t468:5
slv-957-5142,t670:2 t486:4 t486:5 t670:5 t670:6
slv-957-5700,t670:2 t670:4 t486:5
slv-957-6201,t670:2 t670:4 t486:5
slv-957-6899,t926:1 t523:1 t569:2 t523:3 t523:3 t468:3
slv-957-7051,t128:3 t128:4 t631:5 t631:5 t329:5 t329:6
slv-957-7612,t905:0 t545:1
slv-957-7956,t391:1 t545:2 t329:3 t329:4
slv-957-8631,t920:1 t240:2 t278:2 t523:3 t523:3 t468:4 t764:5 t860:6
slv-957-9816,t523:1 t523:3 t468:3
slv-957-9983,t523:1 t523:3 t581:3
slv-958-0265,t920:1 t240:2 t278:2 t523:3 t523:3 t468:4 t764:5 t860:6
slv-958-0464,t670:2 t670:4 t486:5
slv-958-1132,t448:2 t788:3 t523:4 t523:4 t569:5 t240:5 t926:5 t523:6 t581:6
slv-958-1267,t670:2 t670:4 t486:5
slv-958-1709,t730:1 t240:2 t926:3 t926:4 t468:5
slv-958-2908,t460:1 t240:2 t926:3 t468:4
slv-958-3463,t670:5 t670:6 t486:7 t670:7
slv-958-4042,t926:1 t523:3 t523:3 t468:3
slv-958-4397,t616:1 t523:2 t523:3 t569:4
slv-958-4819,t391:0 t736:1 t112:2 t545:3 t240:3 t523:4 t523:4 t581:5 t523:6 t468:6 t764:7
slv-958-6384,t904:0 t545:1 t240:2 t523:3 t523:4 t468:5 t764:6 t764:6 t860:7
slv-958-6738,t670:2 t670:4 t486:5
slv-958-7643,t601:1 t601:2 t601:4
slv-958-7820,t670:2 t670:4 t486:5
slv-958-7885,t670:2 t670:4 t486:5
slv-958-7912,t670:2 t670:4 t486:5
slv-958-9408,t448:2 t523:3 t523:4 t182:5 t523:5 t581:6
slv-959-0745,t670:2 t670:4 t486:5
slv-959-2324,t920:1 t240:2 t278:2 t523:3 t523:3 t468:4 t764:5 t860:6
slv-959-2335,t601:1 t601:2 t601:4
slv-959-2450,t788:1 t523:2 t523:3 t581:4
slv-959-3690,t693:1 t670:3 t670:4 t693:4 t636:5 t885:6 t860:6
slv-959-4179,t905:0 t545:1
slv-959-4533,t605:1 t240:1 t523:2 t523:3 t468:3 t240:4 t926:4 t468:5
slv-959-5519,t670:2 t670:4 t486:5
slv-959-5527,t670:2 t670:4 t486:5
slv-959-6261,t460:1 t240:2 t523:3 t523:4 t569:5 t523:5 t468:6
slv-959-6283,t670:2 t670:4 t486:5
slv-959-6586,t448:0 t240:1 t523:4 t182:6 t670:7 t182:7
slv-959-7065,t920:1 t240:2 t523:3 t523:3 t569:4 t523:4 t468:5
slv-959-7235,t764:2 t670:5 t670:6 t486:6 t670:7
slv-959-8134,t391:0 t736:1 t112:2 t545:3 t240:3 t523:4 t523:4 t581:5 t523:6 t468:6 t764:7
slv-959-8848,t676:1 t523:3 t569:4 t523:5 t523:6 t468:7
slv-959-8888,t523:2 t523:3 t182:4
slv-959-9580,t670:2 t670:4 t486:5
slv-959-9625,t904:0 t860:0 t545:0 t391:1 t545:3
slv-959-9726,t670:2 t486:4 t486:5 t670:5 t670:6
slv-960-0607,t536:1 t240:1 t926:2 t468:3
slv-960-0678,t814:1 t290:3 t290:4 t814:4 t814:6
slv-960-0935,t536:1 t240:2 t926:3 t468:4 t569:7
slv-960-1019,t682:0 t240:2 t523:3 t523:3 t182:3 t885:3 t523:4 t468:4 t885:5
slv-960-2189,t670:2 t670:4 t486:5
slv-960-2222,t240:1 t926:2 t926:3 t523:3 t926:4 t468:4
slv-960-3315,t670:2 t670:4 t486:5
slv-960-3631,t764:2 t670:5 t670:6 t486:6 t670:7
slv-960-5730,t903:5 t860:6 t764:6 t486:7 t486:7 t670:7 t486:7
slv-960-5977,t523:1 t523:3 t581:3
slv-960-7804,t788:0 t523:2 t523:3 t581:4
slv-960-9289,t903:1 t860:2 t670:3 t601:3 t601:4 t670:5 t545:5 t843:5 t843:5 t670:6 t843:6
slv-961-0205,t240:1 t926:2 t240:3 t468:6
slv-961-0212,t670:2 t670:4 t486:5
slv-961-1019,t670:2 t486:4 t486:5 t670:5 t670:6
slv-961-1368,t523:3 t182:4 t764:6 t860:7
slv-961-1391,t788:0 t523:3 t523:3 t182:4
slv-961-1662,t926:1 t523:2 t523:3
slv-961-2251,t670:2 t670:4 t486:5
slv-961-3103,t601:1 t601:2 t601:4
slv-961-3305,t670:2 t670:4 t486:5
slv-961-5557,t670:5 t670:6 t486:7 t670:7
slv-961-5780,t670:2 t670:4 t486:5
slv-961-5983,t670:2 t670:4 t486:5
slv-961-6914,t523:1 t523:3 t581:3
slv-961-7334,t496:0 t391:0 t905:0
slv-961-7335,t926:1 t468:3
slv-961-8874,t920:1 t240:2 t278:2 t523:3 t523:3 t468:4 t764:5 t860:6
slv-962-0291,t670:2 t486:4 t486:5 t670:5 t670:6
slv-962-0632,t736:0 t693:1 t636:1 t240:2 t523:3 t523:4 t182:5
slv-962-1004,t860:0 t903:1 t860:1 t545:4
slv-962-2065,t670:2 t670:4 t486:5
slv-962-2881,t670:2 t670:4 t486:5
slv-962-3529,t670:2 t670:4 t486:5
slv-962-3779,t926:0 t926:1 t523:3 t468:3
slv-962-4745,t167:1 t391:2 t545:3 t523:3 t240:4 t523:4 t523:5 t468:5
slv-962-4895,t523:2 t523:3 t182:4
slv-962-4943,t885:1 t860:4 t903:4 t860:5
slv-962-5449,t736:0 t693:1 t636:1 t240:2 t523:3 t523:4 t182:5
slv-962-5546,t523:3 t182:4 t764:6 t860:7
slv-962-6012,t496:0 t391:0 t905:0 t391:1 t545:3
slv-962-6078,t670:2 t486:4 t486:5 t670:5 t670:6
slv-962-7631,t670:2 t670:4 t486:5
slv-962-9365,t670:2 t670:4 t486:5
slv-962-9467,t670:2 t486:4 t486:5 t670:5 t670:6
slv-963-0371,t920:1 t240:2 t523:3 t523:4 t468:5 t860:6
slv-963-0616,t670:2 t670:4 t486:5
slv-963-0657,t730:1 t240:2 t926:3 t926:4 t523:4 t468:5
slv-963-0726,t670:2 t670:4 t486:5
slv-963-0846,t670:2 t670:4 t486:5
slv-963-0951,t693:1 t636:2 t693:3 t670:3 t843:4 t843:4 t601:5 t601:5
slv-963-1250,t670:2 t486:4 t486:5 t670:5 t670:6
slv-963-2212,t860:0 t545:0 t905:1 t545:2
slv-963-2892,t636:0 t736:1 t112:2 t545:2 t240:3 t523:3 t523:4 t581:4 t523:5 t468:7
slv-963-3328,t670:2 t670:4 t486:5
slv-963-3504,t670:2 t670:4 t486:5
slv-963-3543,t670:2 t670:4 t486:5
slv-963-3602,t523:1 t523:3 t468:4 t860:5 t523:6 t764:6 t860:7 t670:7
slv-963-3913,t670:0 t670:3 t486:5
slv-963-4130,t920:3 t920:4 t920:5
slv-963-4728,t670:2 t670:4 t486:5
slv-963-5197,t670:2 t670:4 t486:5
slv-963-5813,t860:0 t670:5 t670:7
slv-963-6502,t391:0 t736:1 t112:2 t545:3 t240:3 t523:4 t523:4 t581:5 t523:6 t468:6 t764:7
slv-963-7479,t391:0 t904:0 t545:2
slv-963-8441,t670:0 t670:3 t486:5
slv-963-8751,t636:0 t904:1 t860:3
slv-963-8838,t670:2 t670:4 t486:5
slv-964-1136,t670:2 t670:4 t486:5
slv-964-1307,t636:0 t904:3 t885:4 t860:5
slv-964-1780,t903:5 t860:6 t764:6 t486:7 t486:7 t670:7 t486:7
slv-964-1924,t670:2 t670:4 t486:5
slv-964-2549,t486:2 t486:4 t469:5 t636:5 t730:5 t523:6 t182:7
slv-964-2618,t486:4 t670:5 t670:6 t486:6 t523:7 t182:7
slv-964-2766,t788:1 t523:2 t523:3 t581:4
slv-964-3011,t670:2 t670:4 t486:5
slv-964-4257,t670:2 t670:4 t486:5
slv-964-4764,t240:1 t926:1 t468:2 t240:3 t278:3 t523:3 t523:4 t468:5
slv-964-5194,t670:2 t486:4 t670:5 t670:6
slv-964-5767,t240:1 t926:1 t468:2 t240:3 t278:3 t523:3 t523:4 t468:5
slv-964-7029,t523:3 t182:4
slv-964-9815,t920:1 t240:2 t278:2 t523:3 t523:3 t468:4 t764:5 t860:6
slv-965-0617,t636:0 t736:1 t112:2 t545:2 t240:3 t523:3 t523:4 t581:4 t523:5 t468:7
slv-965-0783,t670:2 t670:4 t486:5
slv-965-1458,t601:1 t601:2 t601:4
slv-965-2014,t523:1 t523:3 t182:3
slv-965-2092,t670:2 t486:4 t486:5 t670:5 t670:6
slv-965-2108,t391:0 t736:1 t112:2 t545:3 t240:3 t523:4 t523:4 t581:5 t523:6 t468:6 t764:7
slv-965-3555,t693:2 t636:4 t885:5 t860:6
slv-965-5257,t903:1 t860:2 t670:3 t601:3 t601:4 t670:5 t545:5 t843:5 t843:5 t670:6 t843:6
slv-965-5303,t496:0 t860:1 t903:1 t860:2 t545:4
slv-965-6813,t670:2 t670:4 t486:5
slv-965-7922,t448:0 t240:1 t523:2 t523:3 t240:3 t926:4 t468:5 t764:6
slv-965-8011,t601:1 t601:2 t601:4
slv-965-8525,t764:5 t670:6 t670:7 t486:7 t670:7
slv-966-0207,t523:2 t523:3 t182:4
slv-966-0431,t448:0 t240:2 t523:3 t523:4 t468:5 t764:6 t860:7
slv-966-0484,t764:5 t670:6 t670:7 t486:7 t670:7
slv-966-0533,t391:0 t545:1
slv-966-2126,t764:2 t670:5 t670:6 t486:6 t670:7
slv-966-2731,t460:1 t240:2 t523:3 t569:4 t523:5 t523:5 t468:6
slv-966-3593,t670:2 t670:4 t486:5
slv-966-4712,t670:2 t486:4 t486:5 t670:5 t670:6
slv-966-5516,t788:1 t523:2 t523:3 t581:4
slv-966-6648,t391:0 t736:1 t112:3 t523:4 t523:5 t182:6 t764:6 t764:7 t903:7 t860:7
slv-966-6983,t601:1 t601:2 t601:4
slv-966-7885,t523:1 t523:3 t182:3
slv-966-8085,t391:0 t545:1 t448:1 t240:1 t926:2 t523:3 t523:3 t182:4 t926:4 t468:5 t764:6
slv-966-8792,t636:0 t167:0 t496:1 t391:2 t545:3 t240:3 t523:4 t523:4 t468:5
slv-966-9027,t860:0 t545:2
slv-967-1226,t460:1 t240:2 t523:2 t523:3 t569:3 t523:4 t468:5
slv-967-1586,t693:2 t636:4 t885:5 t860:6
slv-967-1683,t523:1 t926:2 t926:3 t523:3 t468:4
slv-967-1770,t904:0 t860:0 t545:1
slv-967-3400,t860:0 t903:1 t860:1 t545:3
slv-967-3411,t670:2 t670:4 t486:5
slv-967-4030,t920:1 t240:2 t523:3 t523:4 t468:5 t860:6
slv-967-4118,t670:0 t670:3 t486:5
slv-967-4598,t167:1 t391:2 t545:3 t523:3 t240:4 t523:4 t523:5 t468:5
slv-967-4737,t391:1 t736:2 t112:3 t545:3 t523:4 t240:4 t523:4 t523:5 t581:5 t885:6
slv-967-5308,t670:2 t670:4 t486:5
slv-967-5731,t601:1 t601:2 t601:4
slv-967-5752,t788:0 t523:2 t523:3 t581:4
slv-967-6268,t670:2 t670:4 t486:5
slv-967-8085,t682:0 t240:2 t523:3 t523:3 t182:3 t885:3 t523:4 t468:4 t885:5
slv-967-8552,t693:1 t670:3 t670:4 t693:4 t636:5 t885:6 t860:6
slv-967-9135,t920:1 t240:2 t523:3 t523:4 t468:5 t860:6
slv-967-9159,t396:0 t240:1 t926:2 t523:3 t523:3 t926:4 t468:5
slv-967-9194,t240:0 t523:1 t240:1 t569:2 t523:3 t523:4
slv-967-9701,t240:1 t523:2 t523:2 t569:3 t523:4 t523:4 t468:5
slv-968-0383,t670:2 t670:4 t486:5
slv-968-0430,t523:1 t523:3 t581:3
slv-968-0474,t670:2 t670:4 t486:5
slv-968-0569,t670:2 t486:4 t486:5 t670:5 t670:6
slv-968-1592,t920:1 t240:2 t523:4 t523:4 t468:5 t860:7
slv-968-1659,t670:2 t670:4 t486:5
slv-968-2508,t391:0 t545:1
slv-968-3590,t860:0 t545:1 t545:2 t523:3 t182:4
slv-968-5442,t920:1 t240:2 t278:2 t523:3 t523:3 t468:4 t764:5 t860:6
slv-968-7875,t523:0 t523:2 t468:3
slv-968-7967,t670:2 t670:4 t486:5
slv-968-9291,t670:2 t670:4 t486:5
slv-968-9556,t920:1 t240:2 t278:2 t523:3 t523:3 t468:4 t764:5 t860:6
slv-969-0449,t391:0 t736:1 t112:2 t545:3 t240:3 t523:4 t523:4 t581:5 t523:6 t468:6 t764:7
slv-969-2021,t860:0 t545:0 t240:1 t523:2 t569:3 t523:3 t523:4
slv-969-2080,t920:1 t240:2 t278:2 t523:3 t523:3 t468:4 t764:5 t860:6
slv-969-2633,t920:1 t240:2 t278:2 t523:3 t523:3 t468:4 t764:5 t860:6
slv-969-3009,t739:0 t670:1 t670:3 t843:3 t843:4 t885:4 t860:5
slv-969-3871,t670:2 t670:4 t486:5
slv-969-4414,t523:3 t182:4 t764:6 t860:7
slv-969-4635,t764:5 t670:6 t670:7 t486:7 t670:7
slv-969-4642,t496:0 t391:0 t904:0 t545:2
slv-969-7819,t829:0 t545:1
slv-969-8047,t448:1 t240:3 t523:5 t468:6 t670:6 t670:7 t860:7 t220:7
slv-969-8575,t636:0 t167:1 t391:2 t904:3 t860:4 t545:4
slv-970-0333,t167:1 t391:2 t904:3 t860:3 t545:4 t240:4 t523:5
slv-970-0359,t670:2 t670:4 t486:5
slv-970-0549,t545:1 t240:2 t926:4 t926:4 t468:4 t670:4 t523:4 t523:6 t468:6 t764:6
slv-970-0934,t460:1 t240:2 t926:3 t468:4
slv-970-1233,t788:0 t523:2 t523:3 t581:4
slv-970-1414,t240:1 t523:1 t523:3 t569:3 t523:4 t468:5
slv-970-2307,t682:0 t240:2 t523:3 t523:3 t182:3 t885:3 t523:4 t468:4 t885:5
slv-970-2418,t670:2 t670:4 t486:5
slv-970-2484,t670:2 t670:4 t486:5
slv-970-2978,t903:0 t860:1 t885:1 t860:3 t903:4
slv-970-3092,t240:1 t926:1 t468:2 t240:3 t278:3 t523:3 t523:4 t468:5
slv-970-3907,t240:1 t523:2 t523:2 t569:3 t523:4 t523:4 t468:5
slv-970-4903,t670:2 t486:4 t486:5 t670:5 t670:6
slv-970-7346,t636:0 t391:0 t545:1 t670:2 t670:3 t486:3 t240:3 t523:3 t523:3 t182:5
slv-970-8233,t523:3 t182:4
slv-970-8393,t920:1 t240:2 t523:3 t523:4 t468:5 t860:6
slv-970-9116,t601:1 t601:2 t601:4
slv-970-9288,t670:0 t670:3 t486:5
slv-971-0278,t112:1 t523:3 t523:4 t182:5 t523:5 t581:6
slv-971-0743,t670:2 t670:4 t486:5
slv-971-1115,t788:1 t523:3 t523:3 t182:4
slv-971-1300,t670:2 t670:4 t486:5
slv-971-2524,t601:1 t601:2 t601:4
slv-971-3163,t926:1 t468:3
slv-971-3433,t926:1 t468:3
slv-971-4323,t601:1 t601:3 t601:4
slv-971-4524,t670:1 t601:3 t601:3 t670:4 t843:5 t843:5
slv-971-5084,t670:2 t670:4 t486:5
slv-971-5521,t670:1 t843:3 t843:4 t523:4 t182:7
slv-971-6257,t788:0 t523:2 t523:3 t581:4
slv-971-6623,t391:0 t545:1
slv-971-7100,t448:1 t240:2 t523:3 t523:4 t182:4 t764:5 t885:6
slv-971-8607,t460:1 t240:2 t523:3 t569:3 t523:4 t523:4 t468:5
slv-971-8734,t920:1 t240:2 t278:2 t523:3 t523:3 t468:4 t764:5 t860:6
slv-971-9121,t605:1 t240:1 t523:2 t523:3 t468:3 t240:4 t926:4 t468:5
slv-971-9478,t670:2 t670:4 t486:5
slv-971-9547,t569:0 t523:1 t523:2 t926:3
slv-972-0286,t448:0 t545:1 t448:2 t240:3 t926:3 t468:4 t764:6
slv-972-0900,t693:4 t636:5 t523:6 t523:6 t182:7
slv-972-1568,t920:1 t240:2 t278:2 t523:3 t523:3 t468:4 t764:5 t860:6
slv-972-2121,t670:2 t670:4 t486:5
slv-972-3136,t736:0 t693:1 t636:1 t240:2 t523:3 t523:4 t182:5
slv-972-3481,t905:0 t545:1
slv-972-4057,t920:1 t240:2 t278:2 t523:3 t523:3 t468:4 t764:5 t860:6
slv-972-4066,t523:1 t523:3 t581:3
slv-972-6748,t670:2 t670:4 t486:5
slv-972-6932,t920:1 t240:2 t278:2 t523:3 t523:3 t468:4 t764:5 t860:6
slv-972-7635,t601:1 t601:2 t601:4
slv-972-8011,t670:2 t670:4 t486:5
slv-972-8579,t670:2 t670:4 t486:5
slv-972-8923,t523:3 t182:4
slv-973-0392,t736:0 t693:1 t523:2 t523:3 t182:4
slv-973-0764,t391:0 t904:2 t885:2 t860:3 t391:4 t545:5
slv-973-1888,t670:2 t670:4 t486:5
slv-973-1905,t672:1 t523:2 t523:3 t581:4
slv-973-2085,t670:2 t670:4 t486:5
slv-973-2306,t670:2 t670:4 t486:5
slv-973-2628,t460:0 t240:1 t926:2 t523:3 t523:4 t569:5
slv-973-2755,t670:2 t670:4 t486:5
slv-973-3100,t486:2 t486:4 t469:5 t636:5 t730:5 t523:6 t182:7
slv-973-3186,t601:1 t601:3 t601:4
slv-973-4048,t736:0 t693:1 t636:1 t240:2 t523:3 t523:4 t182:5
slv-973-4751,t670:2 t486:4 t486:5 t670:5 t670:6
slv-973-4940,t670:2 t670:4 t486:5
slv-973-5080,t670:2 t486:4 t486:5 t670:5 t670:6
slv-973-5096,t739:1 t545:1 t860:2 t545:3 t391:3 t545:4
slv-973-5122,t391:0 t736:1 t112:3 t523:4 t523:5 t182:6 t764:6 t764:7 t903:7 t860:7
slv-973-5216,t670:2 t670:4 t486:5
slv-973-6292,t905:0 t545:1
slv-973-6522,t670:2 t670:4 t486:5
slv-973-8931,t814:1 t814:4 t631:5 t631:6 t631:6
slv-973-9418,t240:2 t926:4 t523:5 t182:6 t523:6 t468:7 t670:7 t670:7
slv-973-9637,t670:2 t670:4 t486:5
slv-974-0432,t670:2 t670:4 t486:5
slv-974-0541,t670:2 t670:4 t486:5
slv-974-0833,t391:0 t904:0 t860:1 t545:3
slv-974-0942,t676:1 t523:3 t569:4 t523:5 t523:6 t468:7
slv-974-1231,t670:2 t486:4 t486:5 t670:5 t670:6
slv-974-1639,t486:2 t486:4 t469:5 t636:5 t730:5 t523:6 t182:7
slv-974-1897,t391:0 t860:0 t545:2
slv-974-2508,t920:1 t240:2 t278:2 t523:3 t523:3 t468:4 t764:5 t860:6
slv-974-3050,t240:1 t278:2 t523:3 t523:3 t468:4 t764:5 t885:5 t860:6
slv-974-3105,t545:1 t523:3 t182:4
slv-974-3451,t764:2 t670:5 t670:6 t486:6 t670:7
slv-974-3505,t601:1 t601:3 t601:4
slv-974-4035,t523:0 t926:1 t523:2 t523:3 t468:4
slv-974-4479,t670:2 t670:4 t486:5
slv-974-4484,t842:5 t842:6
slv-974-4707,t904:0 t545:2 t670:3 t843:4 t523:5 t182:6
slv-974-5135,t396:0 t240:1 t523:2 t523:3 t182:3 t240:3 t926:4 t468:5
slv-974-5265,t396:0 t112:2 t523:3 t523:4 t182:5
slv-974-5658,t240:1 t278:1 t240:2 t523:3 t523:3 t278:3 t278:4 t523:4 t468:5
slv-974-5755,t460:1 t240:2 t523:3 t569:4 t523:5 t523:5 t468:6
slv-974-6758,t788:0 t523:2 t523:3 t581:4
slv-974-6923,t460:1 t240:1 t523:2 t569:3 t523:3 t523:4 t468:5
slv-974-7674,t670:2 t670:4 t486:5
slv-974-8178,t885:0 t860:2 t903:3 t860:5
slv-974-8202,t601:1 t601:2 t601:3
slv-974-8322,t920:1 t240:2 t523:3 t523:4 t468:5 t860:6
slv-974-8595,t788:0 t523:2 t523:3 t581:4
slv-974-8778,t670:2 t670:4 t486:5
slv-974-9199,t240:1 t278:1 t240:2 t523:3 t523:3 t278:3 t278:4 t523:4 t468:5
slv-974-9433,t240:1 t926:2 t468:3
slv-974-9465,t788:0 t523:1 t523:2 t182:3
slv-974-9770,t391:0 t545:1 t448:1 t240:1 t926:2 t523:3 t523:3 t182:4 t926:4 t468:5 t764:6
slv-975-2132,t486:2 t486:4 t469:5 t636:5 t730:5 t523:6 t182:7
slv-975-2478,t240:1 t523:2 t523:3 t468:3 t996:3 t569:5
slv-975-2752,t670:0 t670:3 t486:5
slv-975-2918,t240:1 t278:2 t523:3 t523:3 t468:4 t764:5 t885:5 t860:6
slv-975-3116,t391:0 t448:1 t460:2 t240:4 t523:5 t523:5 t468:6
slv-975-3405,t240:2 t926:4 t926:5 t523:6 t523:6 t182:7
slv-975-3410,t670:2 t670:4 t486:5
slv-975-4356,t523:3 t182:4 t764:6 t860:7
slv-975-5134,t736:0 t693:1 t636:1 t240:2 t523:3 t523:4 t182:5
slv-975-5610,t788:1 t523:2 t523:3 t581:4
slv-975-5868,t670:2 t486:4 t486:5 t670:5 t670:6
slv-975-5872,t579:1 t843:2 t843:3 t579:4 t579:5
slv-975-5913,t460:1 t240:2 t926:3 t468:4
slv-975-5979,t764:2 t670:5 t670:6 t486:6 t670:7
slv-975-6635,t670:2 t670:4 t486:5
slv-975-7117,t670:2 t670:4 t486:5
slv-975-7343,t842:5 t842:6
slv-975-7526,t736:0 t693:1 t636:1 t240:2 t523:3 t523:4 t182:5
slv-975-8925,t670:2 t670:4 t486:5
slv-975-9108,t693:1 t636:2 t693:3 t670:3 t843:4 t843:4 t601:5 t601:5
slv-975-9713,t926:1 t468:3
slv-975-9972,t309:2 t460:3 t240:3 t523:4 t569:4 t523:5 t523:5 t468:6
slv-976-0752,t448:2 t606:2 t448:3 t523:4 t523:4 t581:5
slv-976-1902,t670:2 t670:4 t486:5
slv-976-2518,t391:0 t545:2
slv-976-3278,t601:1 t601:2 t601:4
slv-976-4057,t391:0 t904:0 t860:1 t545:3
slv-976-4111,t670:2 t486:4 t486:5 t670:5 t670:6
slv-976-4819,t670:0 t670:3 t486:5
slv-976-5228,t904:0 t860:1 t545:2 t391:3 t545:4
slv-976-6323,t460:1 t240:4 t523:5 t523:6 t468:6 t670:7 t670:7
slv-976-6675,t670:0 t670:3 t486:5
slv-976-7205,t670:2 t670:4 t486:5
slv-976-8122,t670:2 t670:4 t486:5
slv-976-8594,t545:1 t240:2 t926:4 t926:4 t468:4 t670:4 t523:4 t523:6 t468:6 t764:6
slv-976-8797,t240:1 t926:1 t468:2 t240:3 t278:3 t523:3 t523:4 t468:5
slv-976-8909,t486:2 t486:4 t469:5 t636:5 t730:5 t523:6 t182:7
slv-976-9159,t579:1 t579:1 t843:3 t843:4
slv-976-9607,t460:1 t240:2 t926:3 t468:4
slv-977-0182,t920:1 t240:2 t278:2 t523:3 t523:3 t468:4 t764:5 t860:6
slv-977-0468,t670:0 t670:3 t486:5
slv-977-0543,t670:2 t486:4 t486:5 t670:5 t670:6
slv-977-1516,t670:2 t486:4 t486:5 t670:5 t670:6
slv-977-4200,t670:0 t670:3 t486:5
slv-977-4540,t670:2 t670:4 t486:5
slv-977-4889,t391:0 t545:1
slv-977-6135,t240:0 t523:1 t569:2 t523:3 t523:3
slv-977-7615,t814:1 t290:3 t290:4 t814:4 t814:6
slv-977-8046,t636:0 t885:2 t904:4 t545:4 t391:5 t545:5
slv-977-8498,t920:1 t240:2 t278:2 t523:3 t523:3 t468:4 t764:5 t860:6
slv-978-0233,t670:2 t670:4 t486:5
slv-978-2264,t693:1 t636:2 t693:3 t670:3 t843:4 t843:4 t601:5 t601:5
slv-978-2504,t601:1 t601:2 t601:4
slv-978-3285,t523:1 t523:3 t182:3
slv-978-3772,t670:2 t670:4 t486:5
slv-978-3881,t670:2 t670:4 t486:5
slv-978-4537,t788:1 t523:2 t523:3 t581:4
slv-978-5554,t670:5 t670:6 t486:7 t670:7
slv-978-5706,t996:0 t569:0
slv-978-6260,t670:2 t670:4 t486:5
slv-978-6461,t329:3 t329:4 t904:5 t631:5 t631:6
slv-978-6732,t764:5 t670:6 t670:7 t486:7 t670:7
slv-978-9647,t636:0 t736:1 t112:2 t545:2 t240:3 t523:3 t523:4 t581:4 t523:5 t468:7
slv-978-9773,t920:1 t240:2 t278:2 t523:3 t523:3 t468:4 t764:5 t860:6
slv-979-0447,t920:1 t240:2 t278:2 t523:3 t523:3 t468:4 t764:5 t860:6
slv-979-1504,t730:1 t240:2 t926:3 t926:4 t523:4 t468:5
slv-979-3845,t616:1 t523:2 t523:3 t569:4
slv-979-6472,t523:2 t523:3 t182:4
slv-979-7636,t670:2 t486:4 t486:5 t670:5 t670:6
slv-979-7754,t601:1 t601:2 t601:4
slv-979-8166,t670:2 t670:4 t486:5
slv-979-8332,t788:1 t523:2 t523:2 t182:3
slv-979-8387,t670:2 t486:4 t486:5 t670:5 t670:6
slv-979-8527,t240:1 t926:2 t468:3
slv-980-0075,t601:1 t601:2 t601:3
slv-980-0255,t391:0 t904:0 t860:1 t545:3
slv-980-0269,t904:0 t860:0 t545:1
slv-980-0634,t670:2 t670:4 t486:5
slv-980-2777,t670:2 t486:4 t486:5 t670:5 t670:6
slv-980-3579,t736:0 t693:1 t523:2 t523:3 t182:4
slv-980-4110,t460:1 t240:2 t523:3 t523:3 t182:4
slv-980-4854,t670:2 t670:4 t486:5
slv-980-5376,t903:1 t860:2 t670:3 t601:3 t601:4 t670:5 t545:5 t843:5 t843:5 t670:6 t843:6
slv-980-6257,t601:1 t601:2 t601:4
slv-980-6989,t860:0 t545:0 t905:1 t545:2
slv-980-8002,t885:3 t860:4 t903:4 t860:5
slv-980-8065,t670:2 t670:4 t486:5
slv-980-8406,t240:1 t926:2 t468:3 t240:4 t468:4 t523:5 t523:5 t182:6
slv-980-9716,t391:0 t904:0 t860:0 t391:1 t545:3
slv-981-0290,t693:1 t636:2 t693:3 t670:3 t843:4 t843:4 t601:5 t601:5
slv-981-0348,t764:2 t670:5 t670:6 t486:6 t670:7
slv-981-0466,t601:1 t601:2 t601:4
slv-981-2471,t496:0 t860:1 t903:1 t860:2 t545:4
slv-981-2697,t523:1 t523:3 t468:3
slv-981-3030,t523:3 t182:4
slv-981-4079,t601:1 t601:2 t601:4
slv-981-4143,t636:0 t904:3 t885:4 t860:5
slv-981-4191,t860:0 t545:2
slv-981-4378,t448:0 t545:1 t448:2 t240:3 t926:3 t468:4 t764:6
slv-981-4433,t860:0 t670:5 t670:7
slv-981-4776,t523:1 t523:3 t182:3
slv-981-4835,t240:0 t523:1 t523:2 t569:3 t523:3
slv-981-4847,t920:1 t240:2 t523:3 t523:4 t468:5 t860:6
slv-981-5032,t670:2 t670:4 t486:5
slv-981-5043,t240:1 t523:2 t523:3 t468:4
slv-981-5204,t814:1 t814:4 t631:5 t631:6 t631:6
slv-981-5379,t411:1 t411:2 t411:3 t411:5 t411:5 t411:6
slv-981-6998,t920:1 t240:2 t523:3 t523:4 t468:5 t860:6
slv-981-7040,t523:1 t523:3 t581:3
slv-981-8396,t736:0 t693:1 t523:2 t523:3 t182:4
slv-981-9496,t903:1 t860:2 t670:3 t601:3 t601:4 t670:5 t545:5 t843:5 t843:5 t670:6 t843:6
slv-981-9529,t523:3 t182:4 t764:6 t860:7
slv-981-9576,t579:1 t579:1 t843:3 t843:4
slv-982-0123,t860:0 t545:2
slv-982-1574,t240:1 t468:3 t240:4 t926:5 t523:5 t523:6 t468:7
slv-982-1920,t636:0 t885:0 t903:1 t860:3 t903:5
slv-982-2275,t860:0 t670:5 t670:7
slv-982-2622,t240:1 t523:1 t523:2 t569:3 t523:4 t468:5
slv-982-3783,t739:1 t545:2 t391:3 t545:4
slv-982-4193,t670:2 t486:4 t670:5 t670:6
slv-982-6338,t601:1 t601:2 t601:4
slv-982-6680,t391:1 t736:2 t112:3 t545:3 t523:4 t240:4 t523:4 t523:5 t581:5 t885:6
slv-982-7697,t240:1 t926:1 t468:2 t240:3 t278:3 t523:3 t523:4 t468:5
slv-982-7856,t460:1 t240:1 t926:2 t569:3 t523:3 t523:4 t569:4
slv-982-8220,t240:1 t926:3 t926:4 t523:5 t523:5 t182:6 t240:6 t468:7
slv-982-9343,t523:0 t182:2 t670:4 t670:6
slv-982-9707,t788:1 t523:3 t523:3 t182:4
slv-983-1373,t523:3 t182:4
slv-983-1818,t670:2 t670:4 t486:5
slv-983-2273,t670:2 t670:4 t486:5
slv-983-2749,t240:0 t926:2 t523:3 t523:4 t581:5
slv-983-3810,t670:2 t670:4 t486:5
slv-983-4282,t391:0 t904:0 t860:0 t545:2
slv-983-5435,t903:1 t860:2 t670:3 t601:3 t601:4 t670:5 t545:5 t843:5 t843:5 t670:6 t843:6
slv-983-5866,t391:1 t545:1 t739:3 t545:4
slv-983-5873,t670:2 t670:4 t486:5
slv-983-6528,t670:5 t670:6 t486:7 t670:7
slv-983-7437,t926:1 t468:3
slv-983-7712,t670:2 t486:4 t486:5 t670:5 t670:6
slv-983-8253,t240:1 t523:1 t523:2 t926:3 t523:3 t468:4
slv-983-8317,t814:1 t290:3 t290:4 t814:4 t814:6
slv-983-8378,t739:1 t545:2 t391:3 t545:4
slv-983-8900,t460:1 t240:2 t926:3 t468:4
slv-983-8977,t670:2 t670:4 t486:5
slv-984-0474,t601:1 t601:2 t601:3
slv-984-0503,t496:0 t391:0 t904:0 t545:2
slv-984-2094,t605:1 t240:3 t523:4 t523:5 t468:5 t860:6
slv-984-2272,t448:1 t240:2 t523:3 t523:4 t182:4 t764:5 t885:6
slv-984-3056,t670:0 t670:3 t486:5
slv-984-3565,t693:4 t670:5 t670:6 t523:6 t182:7 t885:7 t860:7
slv-984-3797,t788:1 t523:2 t523:3 t581:4
slv-984-4902,t396:0 t240:1 t523:2 t523:3 t182:3 t240:4 t926:4 t468:5
slv-984-5418,t670:2 t670:4 t486:5
slv-984-5640,t736:0 t693:1 t682:2 t523:3 t523:4 t182:4
slv-984-5989,t601:1 t601:3 t601:4
slv-984-6199,t788:1 t523:2 t523:3 t581:4
slv-984-7630,t693:4 t670:5 t523:6 t523:6 t182:7
slv-984-7663,t460:1 t240:2 t523:3 t569:4 t523:5 t523:5 t468:6
slv-984-7712,t670:2 t670:4 t486:5
slv-984-7956,t391:1 t736:2 t112:3 t545:3 t523:4 t240:4 t523:4 t523:5 t581:5 t885:6
slv-984-8638,t460:1 t240:2 t523:3 t523:3 t569:4 t523:4 t468:5
slv-984-9110,t788:1 t523:3 t523:3 t182:4
slv-984-9495,t670:2 t670:4 t486:5
slv-985-1376,t391:1 t545:2 t860:3 t545:4
slv-985-4758,t693:1 t670:3 t670:4 t693:4 t636:5 t885:6 t860:6
slv-985-5102,t523:1 t926:2 t926:3 t523:3 t468:4
slv-985-5295,t670:2 t670:4 t486:5
slv-985-5333,t670:2 t670:4 t486:5
slv-985-5344,t670:2 t670:4 t486:5
slv-985-5537,t814:1 t814:4 t631:5 t631:6 t631:6
slv-985-5735,t920:1 t240:2 t523:3 t523:4 t468:5 t860:6
slv-985-5960,t920:1 t240:2 t278:2 t523:3 t523:3 t468:4 t764:5 t860:6
slv-985-6217,t860:0 t670:5 t670:7
slv-985-7565,t167:1 t391:2 t904:3 t860:4 t545:5
slv-985-8411,t670:2 t670:4 t486:5
slv-985-8915,t601:1 t601:2 t601:4
slv-986-1335,t523:3 t182:4
slv-986-2599,t523:1 t523:3 t182:3
slv-986-2725,t670:2 t670:4 t486:5
slv-986-3977,t523:1 t523:3 t468:3
slv-986-4122,t545:1 t240:2 t926:4 t926:4 t468:4 t670:4 t523:4 t523:6 t468:6 t764:6
slv-986-4780,t396:0 t240:1 t523:2 t523:3 t182:3 t240:4 t926:4 t468:5
slv-986-5322,t736:0 t693:1 t636:1 t240:2 t523:3 t523:4 t182:5
slv-986-5864,t460:1 t240:2 t523:2 t569:3 t523:3 t523:4 t468:5 t569:6
slv-986-6691,t670:2 t670:4 t486:5
slv-986-7686,t670:2 t486:4 t486:5 t670:5 t670:6
slv-986-9137,t240:1 t926:2 t523:3 t523:4 t569:5
slv-986-9217,t670:0 t670:3 t486:5
slv-986-9236,t670:2 t670:4 t486:5
slv-986-9661,t920:1 t240:2 t523:3 t523:4 t468:5 t860:6
slv-986-9830,t920:1 t240:2 t278:2 t523:3 t523:3 t468:4 t764:5 t860:6
slv-987-0415,t448:0 t545:1 t448:2 t240:3 t926:3 t468:4 t764:6
slv-987-0776,t240:1 t523:1 t523:3 t569:3 t523:4 t468:5
slv-987-1431,t670:2 t670:4 t486:5
slv-987-2984,t693:1 t636:2 t693:3 t670:3 t843:4 t843:4 t601:5 t601:5
slv-987-4123,t460:1 t240:2 t926:3 t468:4
slv-987-4576,t670:2 t486:4 t486:5 t670:5 t670:6
slv-987-4808,t885:1 t860:3 t523:4 t182:5
slv-987-8042,t788:1 t523:2 t523:3 t581:4
slv-987-8397,t460:1 t240:2 t926:3 t468:4
slv-987-8672,t601:1 t601:2 t601:4
slv-987-8932,t460:1 t240:2 t523:3 t569:3 t523:4 t523:4 t468:5
slv-987-8956,t670:2 t670:4 t486:5
slv-987-9536,t670:2 t486:4 t486:5 t670:5 t670:6
slv-988-0400,t788:0 t523:2 t523:3 t581:4
slv-988-0702,t670:2 t670:4 t486:5
slv-988-0703,t670:2 t670:4 t486:5
slv-988-1179,t736:0 t693:1 t523:2 t523:3 t182:4
slv-988-1531,t601:1 t601:2 t601:4
slv-988-2728,t240:2 t926:4 t523:5 t182:6 t523:6 t468:7 t670:7 t670:7
slv-988-3180,t920:1 t240:2 t523:2 t569:3 t523:4 t523:4 t468:5
slv-988-3452,t670:2 t486:4 t486:5 t670:5 t670:6
slv-988-3893,t670:1 t843:3 t843:4 t523:4 t182:7
slv-988-4889,t636:0 t391:0 t545:1 t670:2 t670:3 t486:3 t240:3 t523:3 t523:3 t182:5
slv-988-4979,t672:1 t523:2 t523:3 t581:4
slv-988-5137,t670:2 t670:4 t486:5
slv-988-5903,t670:2 t670:4 t486:5
slv-988-6941,t670:2 t670:4 t486:5
slv-988-7439,t167:1 t391:2 t545:3 t523:3 t240:4 t523:4 t523:5 t468:5
slv-988-7773,t309:0 t904:0 t545:0 t885:2 t860:3 t545:4
slv-988-8307,t523:0 t523:2 t468:3
slv-988-8570,t670:2 t670:4 t486:5
slv-988-9253,t636:0 t167:0 t496:1 t391:2 t545:3 t240:3 t523:4 t523:4 t468:5
slv-988-9463,t167:1 t391:2 t545:3 t523:3 t240:4 t523:4 t523:5 t468:5
slv-989-0666,t670:2 t670:4 t486:5
slv-989-1337,t167:1 t391:2 t904:3 t860:4 t545:5
slv-989-1530,t788:0 t523:2 t523:3 t581:4
slv-989-1768,t672:0 t523:1 t523:2 t182:3
slv-989-3137,t636:0 t904:3 t885:4 t860:5
slv-989-3324,t167:1 t391:2 t904:3 t860:4 t545:5
slv-989-3798,t920:1 t240:2 t278:2 t523:3 t523:3 t468:4 t764:5 t860:6
slv-989-3944,t670:2 t670:4 t486:5
slv-989-4273,t670:2 t670:4 t486:5
slv-989-5049,t860:0 t391:1 t860:2 t545:3
slv-989-6776,t670:2 t670:4 t486:5
slv-989-7123,t670:2 t670:4 t486:5
slv-989-7289,t670:2 t486:4 t486:5 t670:5 t670:6
slv-989-7522,t636:0 t736:1 t112:2 t545:2 t240:3 t523:3 t523:4 t581:4 t523:5 t468:7
slv-989-7728,t682:0 t240:2 t523:3 t523:3 t182:3 t885:3 t523:4 t468:4 t885:5
slv-989-8553,t391:0 t545:2
slv-989-9045,t670:2 t670:4 t486:5
slv-989-9735,t523:0 t926:1 t523:2 t523:3 t468:3
slv-990-0421,t240:1 t523:1 t523:2 t569:3 t523:4 t468:5
slv-990-2394,t670:2 t670:4 t486:5
slv-990-2935,t788:1 t523:3 t523:3 t182:4
slv-990-3051,t377:1 t377:2
slv-990-3296,t670:2 t670:4 t486:5
slv-990-3776,t391:1 t545:1 t670:2 t545:3 t240:3 t926:4 t468:5 t764:6
slv-990-4715,t920:1 t240:2 t278:2 t523:3 t523:3 t468:4 t764:5 t860:6
slv-990-5701,t601:1 t601:3 t601:4
slv-990-5937,t448:0 t240:0 t448:3 t468:4 t860:6
slv-990-6282,t905:0 t545:1
slv-990-8203,t670:2 t670:4 t486:5
slv-990-8371,t545:1 t670:2 t523:3 t523:4 t581:5 t764:5 t885:6
slv-990-8517,t670:2 t670:4 t486:5
slv-990-8792,t670:2 t670:4 t486:5
slv-990-8942,t670:2 t670:4 t486:5
slv-990-9209,t460:1 t240:2 t523:2 t523:3 t569:3 t523:4 t468:5
slv-990-9397,t670:2 t670:4 t486:5
slv-991-0794,t670:2 t670:4 t486:5
slv-991-1170,t670:2 t670:4 t486:5
slv-991-1451,t670:5 t670:6 t486:7 t670:7
slv-991-2110,t670:0 t670:3 t486:5
slv-991-3259,t523:1 t523:3 t581:3
slv-991-4702,t670:5 t670:6 t486:7 t670:7
slv-991-4928,t670:2 t670:4 t486:5
slv-991-5085,t670:2 t670:4 t486:5
slv-991-5198,t860:0 t545:2
slv-991-5370,t670:2 t670:4 t486:5
slv-991-5535,t486:2 t670:4 t670:5 t486:6
slv-991-6064,t920:1 t240:2 t278:2 t523:3 t523:3 t468:4 t764:5 t860:6
slv-991-6105,t926:1 t468:3
slv-991-8351,t860:0 t545:0 t905:1 t545:2
slv-991-8486,t920:1 t240:2 t523:3 t523:4 t468:5 t860:6
slv-991-8506,t167:1 t391:2 t545:3 t523:3 t240:4 t523:4 t523:5 t468:5
slv-991-9066,t670:2 t670:4 t486:5
slv-991-9632,t903:0 t860:1 t496:1 t391:3 t545:4
slv-991-9772,t460:1 t240:2 t926:3 t468:4
slv-992-2073,t736:0 t486:1 t486:3 t670:3 t523:4 t523:5 t182:6
slv-992-2334,t670:0 t670:3 t486:5
slv-992-2416,t167:1 t391:2 t545:3 t523:3 t240:4 t523:4 t523:5 t468:5
slv-992-3299,t670:2 t670:4 t486:5
slv-992-3307,t670:2 t486:4 t486:5 t670:5 t670:6
slv-992-3520,t391:0 t545:2
slv-992-4647,t670:1 t843:3 t843:4 t523:4 t182:7
slv-992-4696,t676:1 t523:3 t569:4 t523:5 t523:6 t468:7
slv-992-5707,t448:0 t545:1 t448:2 t240:3 t926:3 t468:4 t764:6
slv-992-5902,t670:2 t670:4 t486:5
slv-992-6742,t670:2 t670:4 t486:5
slv-992-7430,t601:1 t601:2 t601:4
slv-992-7821,t670:2 t670:4 t486:5
slv-992-8739,t905:0 t545:1
slv-992-9517,t670:2 t670:4 t486:5
slv-992-9956,t903:1 t860:2 t670:3 t601:3 t601:4 t670:5 t545:5 t843:5 t843:5 t670:6 t843:6
slv-993-0043,t788:1 t523:3 t523:3 t182:4
slv-993-0212,t739:1 t545:2 t391:3 t545:4
slv-993-0217,t904:0 t693:0 t636:3 t904:5 t670:6 t670:7
slv-993-0378,t670:2 t670:4 t486:5
slv-993-1288,t736:0 t693:1 t636:1 t240:2 t523:3 t523:4 t182:5
slv-993-1545,t842:5 t842:6
slv-993-1550,t829:0 t545:1
slv-993-1578,t240:0 t523:1 t523:2 t468:3
slv-993-2241,t670:2 t670:4 t486:5
slv-993-3007,t788:1 t523:3 t523:3 t182:4
slv-993-3975,t167:1 t391:2 t545:3 t523:3 t240:4 t523:4 t523:5 t468:5
slv-993-5546,t240:0 t523:1 t569:2 t523:3 t523:4 t468:4
slv-993-7077,t670:2 t670:4 t486:5
slv-993-7381,t460:1 t240:2 t523:2 t569:3 t523:4 t523:4 t468:5
slv-993-7657,t240:0 t926:2 t523:3 t523:4 t581:5
slv-993-8122,t523:0 t926:1 t523:2 t523:3 t468:4
slv-993-8319,t788:1 t523:2 t523:3 t581:4
slv-993-8454,t536:1 t240:1 t926:2 t468:3
slv-993-8534,t926:2 t523:4 t523:5 t182:6
slv-993-8754,t448:0 t240:0 t448:3 t468:4 t860:6
slv-993-8911,t905:0 t545:1
slv-993-9633,t670:5 t670:6 t486:7 t670:7
slv-994-0350,t920:1 t240:2 t523:3 t523:4 t468:5 t860:6
slv-994-0448,t616:2 t523:3 t523:4 t569:4
slv-994-1082,t670:2 t670:4 t486:5
slv-994-1458,t636:0 t167:0 t496:1 t391:2 t545:3 t240:3 t523:4 t523:4 t468:5
slv-994-1695,t920:1 t240:2 t523:3 t569:5 t523:6 t468:7 t670:7
slv-994-2141,t920:1 t240:2 t278:2 t523:3 t523:3 t468:4 t764:5 t860:6
slv-994-2202,t670:3 t670:5 t486:6
slv-994-2683,t523:2 t523:3 t182:4
slv-994-2691,t601:1 t601:2 t601:4
slv-994-2701,t391:0 t545:2
slv-994-2797,t670:2 t670:4 t486:5
slv-994-2930,t616:1 t523:2 t523:3 t581:4 t523:4 t569:5
slv-994-3185,t523:1 t523:3 t468:4 t860:5 t523:6 t764:6 t860:7 t670:7
slv-994-5508,t920:1 t240:2 t523:3 t523:4 t468:5 t860:6
slv-994-6273,t670:2 t670:4 t486:5
slv-994-6722,t486:2 t486:4 t469:5 t636:5 t730:5 t523:6 t182:7
slv-994-7022,t670:2 t670:4 t486:5
slv-994-7401,t167:1 t391:2 t545:3 t523:3 t240:4 t523:4 t523:5 t468:5
slv-994-7538,t764:2 t670:5 t670:6 t486:6 t670:7
slv-994-7810,t391:0 t904:0 t545:1 t240:2 t523:2 t523:3 t182:4 t885:4 t860:5
slv-994-7844,t391:0 t736:1 t112:2 t545:3 t240:3 t523:4 t523:4 t581:5 t523:6 t468:6 t764:7
slv-994-8058,t167:1 t391:2 t904:3 t860:4 t545:5
slv-994-8707,t670:2 t670:4 t486:5
slv-994-9335,t670:1 t670:2 t133:3 t741:3 t396:4 t636:4 t885:4 t860:5
slv-994-9368,t240:0 t926:2 t926:2 t468:3 t885:4 t860:5
slv-994-9390,t601:1 t601:2 t601:4
slv-994-9395,t460:1 t240:2 t523:3 t523:3 t182:4
slv-994-9576,t396:0 t240:1 t926:2 t523:3 t523:3 t926:4 t468:5
slv-994-9943,t860:0 t903:1 t860:4 t670:6
slv-994-9990,t920:1 t240:2 t523:3 t523:4 t468:5 t860:6
slv-995-0065,t682:0 t240:2 t523:3 t523:4 t182:5
slv-995-1441,t670:2 t670:4 t486:5
slv-995-2339,t670:2 t670:4 t486:5
slv-995-2604,t460:1 t240:2 t523:3 t569:4 t523:5 t523:5 t468:6
slv-995-2674,t670:2 t670:4 t486:5
slv-995-2732,t920:1 t240:2 t523:3 t523:4 t468:5 t860:6
slv-995-3678,t736:0 t693:1 t682:2 t523:3 t523:4 t182:4
slv-995-4119,t670:2 t486:4 t486:5 t670:5 t670:6
slv-995-4326,t601:1 t601:3 t601:4
slv-995-5572,t926:1 t468:3
slv-995-6092,t670:2 t670:4 t486:5
slv-995-6428,t309:2 t460:3 t240:3 t523:4 t569:4 t523:5 t523:5 t468:6
slv-995-7270,t904:4 t631:5 t128:6 t631:6 t631:7
slv-995-8880,t920:3 t920:4 t920:5
slv-995-9296,t670:1 t601:3 t601:3 t670:4 t843:5 t843:5
slv-996-0179,t240:0 t926:1 t523:2 t523:3 t581:3 t569:4 t523:4 t569:5
slv-996-0446,t448:0 t240:1 t926:2 t468:3 t523:3 t523:4 t468:5 t764:6
slv-996-0604,t601:1 t601:2 t601:4
slv-996-2025,t670:2 t670:4 t486:5
slv-996-2055,t448:1 t240:3 t523:4 t523:5 t468:6 t764:6 t860:7
slv-996-2696,t829:0 t545:1
slv-996-2740,t885:0 t860:0 t391:0 t905:0 t545:1 t391:2 t545:4
slv-996-3755,t569:1 t523:2 t523:3 t468:3 t477:4 t477:5
slv-996-5666,t309:0 t904:0 t545:0 t885:2 t860:3 t545:4
slv-996-5956,t670:2 t670:4 t486:5
slv-996-6436,t903:5 t860:6 t764:6 t486:7 t486:7 t670:7 t486:7
slv-996-7499,t670:0 t670:3 t486:5
slv-996-7711,t670:2 t670:4 t486:5
slv-996-7939,t670:2 t670:4 t486:5
slv-996-7994,t579:1 t579:1 t843:3 t843:4
slv-996-8861,t448:0 t240:0 t448:3 t468:4 t860:6
slv-996-9051,t670:0 t670:3 t486:5
slv-997-1678,t736:0 t486:1 t486:3 t670:3 t523:4 t523:5 t182:6
slv-997-1929,t920:1 t240:2 t278:2 t523:3 t523:3 t468:4 t764:5 t860:6
slv-997-2740,t523:0 t926:1 t523:2 t523:3 t468:4
slv-997-3220,t240:0 t523:1 t569:2 t523:3 t523:4 t468:5
slv-997-3453,t926:1 t468:3
slv-997-4971,t670:2 t670:4 t486:5
slv-997-5147,t670:2 t670:4 t486:5
slv-997-5160,t670:5 t670:6 t486:7 t670:7
slv-997-5725,t920:1 t240:2 t523:3 t569:5 t523:6 t468:7 t670:7
slv-997-6107,t670:2 t670:4 t486:5
slv-997-8039,t670:2 t670:4 t486:5
slv-997-8285,t670:2 t670:4 t486:5
slv-997-9417,t920:1 t240:2 t523:2 t569:3 t523:4 t523:4 t468:5
slv-997-9733,t788:0 t523:1 t523:2 t182:3
slv-997-9982,t670:2 t670:4 t486:5
slv-998-1806,t523:1 t523:3 t182:3
slv-998-1851,t670:2 t670:4 t486:5
slv-998-2146,t670:2 t670:4 t486:5
slv-998-2220,t523:1 t523:3 t182:3
slv-998-2279,t920:1 t240:2 t523:3 t523:4 t468:5 t860:6
slv-998-5596,t636:0 t167:0 t496:1 t391:2 t545:3 t240:3 t523:4 t523:4 t468:5
slv-998-5876,t788:1 t523:2 t523:3 t581:4
slv-998-6744,t496:0 t391:0 t904:0 t545:2
slv-998-6798,t460:1 t240:2 t523:3 t523:3 t569:4 t523:4 t468:5
slv-998-7543,t920:1 t240:2 t278:2 t523:3 t523:3 t468:4 t764:5 t860:6
slv-998-7745,t448:1 t240:2 t523:3 t523:4 t182:4 t764:5 t885:6
slv-998-9344,t670:2 t670:4 t486:5
slv-999-1078,t636:0 t736:1 t112:2 t545:2 t240:3 t523:3 t523:4 t581:4 t523:5 t468:7
slv-999-2195,t920:1 t240:2 t278:2 t523:3 t523:3 t468:4 t764:5 t860:6
slv-999-3282,t391:0 t860:0 t545:2
slv-999-3979,t523:3 t182:4 t764:6 t860:7
slv-999-4328,t391:0 t860:0 t545:2
slv-999-4763,t391:0 t448:0 t240:1 t926:2 t468:3 t523:3 t468:5
slv-999-5696,t523:3 t182:4 t764:6 t860:7
slv-999-5811,t920:1 t240:2 t278:2 t523:3 t523:3 t468:4 t764:5 t860:6
slv-999-5939,t391:0 t545:1 t545:2 t523:3 t523:4 t182:4
slv-999-6112,t670:2 t670:4 t486:5
slv-999-6715,t670:2 t670:4 t486:5
slv-999-7136,t736:0 t693:1 t523:2 t523:3 t182:4
slv-999-7639,t920:1 t240:2 t523:3 t523:3 t569:4 t523:4 t468:5
slv-999-8192,t926:1 t523:3 t523:3 t468:3
slv-999-8999,t670:2 t486:4 t486:5 t670:5 t670:6
slv-999-9755,t545:1 t670:2 t523:3 t523:4 t581:5 t764:5 t885:6
