id,regest
C7073BB3C,"Ingeverinus i Gilberga bortbyter till sin son Mathias 10 öresland i Mydvie. Fastar var Lars, kyrkoherde i Ringboda, Lars Beskæ, Erland i Ösby, Jallon i Uxnäs, Nils i Utby, Lars i Ekeby, Tomas i Ösby, Tomas därstädes, Tomas i Silmälund, Peter i Hastad, Ingevald därstädes, Olof i Ålby, Ingevald i Alby, Rangvald i Varla, Anders i Raby, Ingevald därstädes, Torir i Mydvie, Lars Dymk, Sigvid i Gullunge, Anders i Ekeby, Olaus och hans bröder i Gilberga, Jakob Skräddare. Utfärdaren samt Elof Håkansson, fogde i Stockholm, Lars i Ringboda, Lindorm i Sebo, Olof Petersson, Peter Olofsson beseglar."
C8EEE1614,Peter Nilsson och hans hustru Ingrid Eriksdotter skänker till Nydala kloster sin gård Flodeby i Hvetlanda sn i Östra härad.
C11956D1D,"Prästen Ascerus, kyrkoherde vid S:t Mikaels kyrka i Lund, skänker till förmån för sin och sina föräldrars själar till Lunds domkyrkas altare tillägnat Gud, Jungfru Maria och ärkeängeln Mikael samt S:t Lars martyr, sitt gods i Vämundshög i Västra Tommarps socken, bestående av en huvudgård och fyra underlydande gårdar med åkrar, ängar, betesmarker, skogar och uppskattningar, nämligen ½ mark korn och 12 mark penningar, för att därigenom möjliggöra underhåll för en präst, som skall vara vigd till altaret och som skall vara förpliktad att varje vecka fira 5 mässor, nämligen 1. den heliga Treenighetens eller en söndagsmässa för de avlidna, 2. den helige Ande, 3. S:t Nicolaus eller S:t Lars, 4. S:t Nicolaus eller S:t Lars, 5. Jungfru Maria, om inte högtider, som har en egen mässa i mässboken, infaller, vilka mässor han inte får missa, och om han i en vecka missar att fira dessa mässor eller inte kan fira dem i nästa eller följande närmaste veckor, antingen på grund av sig själv eller genom någon eller några andra, skall han inte missa att fylla ut dem, och om han på grund av svaghet i kroppen eller annan rimlig orsak hindras, skall han ersättas av någon annan. Prästen, som är vigd till altaret, skall inte vara förpliktad att deltaga i korbönen, utom vid de största högtider"
CD4A13B57,Biskop Kettil i Västerås vidimerar ärkebiskop Jakobs och kapitlets brev av den 20/10 1273 till Uppsala domkyrka. Utfärdaren beseglar.
CF5BC84C7,Biskop Kettil i Västerås intygar att han tillsammans med biskoparna Henrik i Linköping och Finvid i Strängnäs mottagit påven Alexander III:s bulla (DS nr 451) och att han med sina biskopbröders samtycke givit Uppsala domkapitel tillstånd att flytta domkyrkan till Östra Aros. Utfärdaren beseglar tillsammans med biskoparna Henrik i Linköping och Finvid i Strängnäs.
C628FEBCE,Magnus i Birstad och Elof i Birstad säljer till Kristiern Dömare 9 örtugland jord i Övre Vall och 1 pänningland jord i Yttre Älvby. Jorden uppbjuds med Nils i Lundby och Lars i Klåmbret som vidervarumän och 12 fastar i Övre Vall. Kristiern Dömare betalar 30 mark i korn och reda penningar för jorden. Häradshövdingen Staffan Ulfsson i Selebo hd och kyrkoherden Rangvald i Tuna beseglar. Utfärdarna beseglar.
C5690D5DB,"Alle som hörer detta brev, skall veta att utfärdaren, Nils i Brunna, skiftat med Bengt i Uggelbo. Först gav han Bengt 3 öresland och 3 penningland i Uggelbo och Östensvreta med humlegård och kvarn och kvarnställe och 3 öresland i Holstavby och 10 penningland i Alstabod i Nordanet (i Nordanet?) i ort och uppå Bolstaby bolstad 3 1/2 vret. Först ligger den i Krokanäs och den andra i Källeboda, den tredje vid Andersbo och Virke, den fjärde vid Elvobrist och den femte vid Kalfve i vattnet och i torra, och ingen underhake ligger längre där, och Bengt i Uggelbo gav honom för jorden 8 öresland och 1 1/2 öresland i Brunna och i Brunna 1 1/2 öresland och 1 öresland i Brunna. Detta gjordes på satting med fasta och fullt skäl, först Elaver i Öna, Peder i Mosebo, Labbe Dan, Nils i Ljusbäck, P ... Geddesson, Olof i Laka, Anders i Skyrsio, Tomas i Byrvalla, Japhir på Berga, Olof i Gimk . . . , Johannes i Kullarbo, Lars i Martinsbo. Vidersägaren är Mikael i Torp, Lars i Laka. För att detta brev skall vara giltigt ber utfärdaren herr Gudskalk Bengsson, häradshövding i Våla, att besegla det. Utfärdaren beseglar."
C228DEC8E,Erik Glising erkänner att han uppburit 100 mark lybska av Vagge på uppdrag av greve Henrik. Utfärdaren beseglar.
CD9AC3122,"Holmger Amme kungör att han är skyldig sin bror Lars Ulfsson 8 mark penningar för en del av hans yngre bröders och systrars Langädunker, nämligen 10 örtugland, med villkor att han skall årligen lämna Lars Ulfsson 1 öresland i Affradh tills hela summan är betald. Utfärdaren beseglar."
C194C4CF5,"Ulf Jonsson erkänner sig ha pantförskrivit till abboten Styrbjörn i Julita (Julita socken, Julita härad) sina gods Jäder i Arboga socken för 50 mark svenska penningar, vilka han skänkt till nämnda kloster för sin hustru Margareta Petersdotters själ och för hennes begravning. Utfärdaren beseglar."
C67AD6FB0,"Ulf Jonsson, räfstetingman i Huseby med yttersta tredingen i Dalarna på Bo Jonssons vägnar, stadfäster lagmansdomen avseende en äng mellan Hambrom och Sudervik. Utfärdaren beseglar."
CE9D506F2,"Ulf Jonsson stadfäster och upplåter all den egendom som han äger på ön Bonda, vilken utfärdaren hustru Ingeborg Torstensdotter skänkt till Vårfruklostret i Vadstena."
CE3427103,"Riddaren Bo Bosson kungör att han till Askeby kloster (i Östergötland) skänkt alla sina gods i Åslycke (i Västra Ryds socken, Hanekinds härad) med alla tillägor, inhägnade och öppna, för evig tid. Utfärdaren beseglar tillsammans med Erik i Sund, prost i Ydre."
C2BA020CA,"Birger Trolle, riddare, erkänner sig vara skyldig Nydala kloster 100 mark penningar, varav 5 mark utgör en lödig mark, för vak och häst, och för 50 penningar ger han sitt gods i Väshult, Pakkaboda, Torp och Musaboda med alla tillägor, i skog, vatten, fämark, hus, åker och äng, inom och utom garth, våt och torr, utan undantag, till klostret och dess efterkommande med alla lagliga rättigheter. Utfärdaren samt Nils Knutsson av Stenbrohult, herr Atton av Värnamo, Tord Ingesson, Erland Martinsson beseglar."
CE75EB0E9,"Knut Uddsson erkänner sig ha pantsatt Svestad i Hargs sn, Östergötland, till Erik Tubbeson för 100 mark penningar, vilka han uppburit av Nisse Svensson."
C553722B1,"Hans Skapensberg och Claus Bordhendreng, borgare i Stockholm, erkänner sig vara pantförskriva till biskop Albrekt van Holten i Västerås 6 fat järn, som de tagit av Albrekt, mot 2 markland jord i Mörby, vilket framgår av ett äldre brev, som är inslaget i detta. Biskoparna Kettil van Wermeskerke och Jöns Stare beseglar."
C6A7B37F7,"Hans Skapesberg och Klaus Bordendreng, borgare i Stockholm, pantsätter till borgmästaren i Västerås Albrekt van Holten 14 fat järn för 2 markland jord i Mörby i Furuby socken i Selångers och Gävle hd. Om jorden skulle hindras eller klandras för Albrekt eller om den skulle dömmas till skatt eller annan avgift, skall Klaus och hans arvingar ersätta Albrekt för försening och dröjsmål med betalningen av järnet. Klaus och Hans erkänner att de i Västerås rådstuga överlåtit jorden till Albrekt och att de gett herr Jöns Vind, kyrkoherde i Bollnäs, fullmakt att på deras vägnar ge Albrekt eller hans ombud fasta på jorden. Klaus beseglar tillsammans med herr Peter Wijkman, prebendat i Västerås, och Västerås stad beseglar."
C8779D134,Bo Jösse i Bälsta bortbyter jord i Bälsta till abbedissan Rikissa i S:ta Klara kloster i Stockholm. Utfärdaren beseglar.
C41523793,"Kaniken Olof i Linköping upprättar sitt testamente, vari han bl.a. ger Linköpings domkyrka sin gård i Hunneberg öster om vägen, sin gård i Hunneberg väster om vägen, som han ärvt efter Knut Stubbe, till Linköpings domkyrkas altare S:t Olof, till franciskanbröderna i Skänninge, till franciskanbröderna i Gladie, till franciskanbröderna i Linköping, till dominikanbröderna i Linköping, till dominikanbröderna i Jönköping, till dominikanbröderna i Skänninge, till dominikanbröderna i Skara, till dominikanbröderna i Västerås, till dominikanbröderna i Växjö, till dominikanbröderna i Örebro"
C2279589A,"Birger Röriksson upprättar sitt testamente, vari han bl. a. ger till Julita kloster, där han väljer sin gravplats, gården Vrångstad i Östergötland med alla tillägor, förutsatt att där årligen i pingoveckan hålls två dagars fest och att för honom, hans hustru Ragnfrid och föräldrarna firas vigilia och mässor, samt att där uppförs en kapellbyggnad till den Helige Ande med alla nödvändiga inventarier, för vilken Ragnfrid skall ansvara. Vidare ger han till Julita kloster 16 mark penningar i häst, till abboten därstädes 16 mark penningar i häst, till alla präster därstädes 1 mark penningar, till icke präster därstädes ½ mark penningar, till Strängnäs domkyrka 10 mark penningar, till sin sockenkyrka 10 mark penningar, till sin kyrkoherde Johannes i Årdal 1 horn, till vikarien därstädes 1 mark penningar, till Årdal kyrka 1 mark penningar, till Sköllinge kyrka 1 mark penningar, till Vadsbro Floda kyrka 1 mark penningar, till prästerna därstädes 1 mark penningar, till sin svärson Erengisle Birgersson och hans hustru Ragnfrid 10 mark penningar, till sin svärson Björn Holmgersson 10 mark penningar, till sin svärson Johannes i Årdal"
C8BB74849,"Borgaren Röriksson i Stockholm säljer till Gjoseve, borgare i Västerås, 6 öresland i Fellestum i Gällsta (Gällstaö) i Gällstaö socken i Strängnäs stift, vilka han pantförskrivit till Gjoseve för 90 mark penningar och som Gjoseve inte återbetalat på de av honom uppställda förfallodagarna 1, 2 och 3, och vilka han även överlåtit till Gjoseve och dennes arvingar att för evigt besitta. Röriksson befaller därför sin mjölnare Joarus i Järva att överlåta de 6 öreslanden till Gjoseve på hans vägnar. Vittnen vid överlåtelsen är kyrkoherden Johannes i Gällstaö, Martinus, Ormger, Sven i Attelö, Nicolaus i Bro, Ville i Gryte, Peter Andersson i Gryte, Folke i Herminge och Folke i Fellestum, vilka utfärdaren kallar förskiälämander (utfärdaren själv kallar sig forskiälämander). Vittnen vid utfärdaren är herr Tord Björnsson, Gregorius Magnusson, lagman på Västmanland, Folke, kanik i Västerås, Anund, utfärdarens bröder, fru Kristina, utfärdarens syster, samt utfärdaren själv. Utfärdaren beseglar tillsammans med Tord Björnsson, Gregorius Magnusson"
CF9F7A396,"Birger Röriksson giver sin hustru Ramborg i morgongåva sin gård Forsunda och sin del i Fjärdby med alla tillägor. Om han skulle dö barnlös skall Ramborg och hennes arvingar äga godsen, men om Ramborg skulle dö före honom skall godsen återgå till honom och hans arvingar. Fastar var Rörik Birgersson, Tord Bonde, Gustav Magnusson, Folke Röriksson, Anund Röriksson, Karl Dansson, Magnus Bengtsson, Johannes Håkansson, Peter Holvidsson, Fröbernus i Viby, Peter Holtesson och Åvale, Vifvonne Magnusson och Ragvald Magnusson, två vittnen från Viby. Utfärdaren samt hans fader Rörik Birgersson, Peter Ragvaldsson, Tord Bonde, Gustav Magnusson, Ulf Magnusson, Ragvald Magnusson och Fröbernus i Viby samt hans bröder Anund och Folke"
C43533C46,"Kyrkoherden Paulus i Mörsebo (Mörsö) testamenterar 30 mark penningar till Nydala kloster, där han väljer att begravas, 1 mark penningar till predikarbröderna i Kalmar, 1 mark penningar till minoriterna i Jönköping, 1 mark penningar till hospitalet i Oknebäck, 1 mark penningar till hospitalet i Skänninge, 1 mark penningar till hospitalet i Söderköping, 1/2 mark penningar till kyrkoherden i Nävla, 1/2 mark penningar till kyrkoherden i Näsby, 1/2 mark penningar till kyrkoherden i Landakyrka, 1/2 mark penningar till kyrkoherden i Bäckaby, 1/2 mark penningar till kyrkoherden i Stockaryd, 1/2 mark penningar till kyrkoherden i Hjärtlanda, 3 mark penningar till de fattiga. Utfärdaren beseglar."
CCE67BA91,"Erik Karlsson, hövidsman i Östergötland, och hans hustru Märta Knutsdotter kungör att de till Helgaandshuset i Söderköping överlåtit Boosgården i Sankt Lars socken, som de ägt, till Helgaandshusets eviga ägo. Boosgården var en del av det gods som Helgaandshuset erhållit av Helgaandshuset i Reval. Utfärdarna beseglar."
C34B1CC09,"Drottning Katarina av Jerusalem och Cypern tillskriver Katarina (Vasa), drottning av Sverige, och meddelar att hon, när hennes svåger markis Vilhelm av Montferrat låg för döden, åberopat den heliga Birgittas förbön, varpå han återfått hälsan. Detta vittnar 30 personer om."
C64E1A844,"Riddaren Erik Stensson och hans hustru Birgitta Magnusdotter stadfäster Magnus Gregerssons gåva till Vadstena kloster av en fjärdedel i Råbäck och en landbogård därstädes i Kinnefjärdings härad, Västergötland. De överlåter nu till klostret nämnda Råbäck med tillägor. De ger häradshövdingen fullmakt att fastfara och fasta jorden. Utfärdarna beseglar."
C5FC13735,"Nils Petersson kungör att han till bröderna i Vårfruberga (Vårfruberga kloster) skötat hälften av sin andel och att han för detta köpt en del av Barham (Barham i Husby-Oppunda socken, Oppunda härad) och att han beseglar."
CA1C35D8E,Lars Salmonsson pantförskriver till Olof Jönsson i Munka 9 öresland i Kumla i Balingsta sn i Hagunda hd.
CCD43B6EF,"Thure Andersson säljer till riddaren Bengt Nilsson egendomar, som han och hans bror Nils Andersson ärvt efter deras faster Kristina Nilsdotter och som Nils Andersson orättmätigt sålt till Matts Bogh, men som genom räfstedom åter tilldömts dem. Egendomarna är i Yttre Jälunda 5 öresland och 2 penningland, i Övre Jälunda 12 penningland, i Bonda Nästesta 11 penningland, i Gryts socken i Lunda 3 öresland och i Frösta i Björnlunda socken 6 penningland. För egendomarna betalar Thure Andersson 100 mark svenska penningar, som han fullgjort. Egendomarna överlåts till Bengt Nilsson och hans arvingar med alla tillägor och villkor, att om Thure Andersson skulle återfå egendomarna efter Bengt Nilssons död, skulle han återbetala 100 mark svenska penningar inom ett år. Utfärdaren samt herr Jöns, kyrkoherde i Vimmerby och prost, Harald Petersson, Olof Djäken, Knut Sigmundsson och Gudvast Spännekloo beseglar."
C1091963E,Påven Bonifatius VII utnämner Augustinusmunken Lucas Jacobus till föreståndare för Vårfruberga kloster i Västerås stift. Se vidare DS nr 6836.
C3AEAF45C,"Påven Bonifatius VII (1294–1303) stadfäster ett av biskop Henrik i Linköping givet beslut, varigenom domprosten, domkyrkoherden och domkapitlet i Linköping befriats från skyldigheten att till domprosten erlägga tionden av de gods, som de själva odlade inom Linköpings stad. Se vidare DS nr 8056."
C4AA4641F,"Påven Bonifatius VII ger abbessan och konventet i Vadstena av S:ta Birgittas orden i Linköpings stift tillstånd att i enlighet med S:ta Birgittas regel och institut grunda och bygga kloster av nämnda orden i alla de ställen där de kan förvärva egendom med tillåtelse av de troende eller som de kan förvärva på annat lagligt sätt, och att i dessa kloster sätta in bröder eller systrar som lever enligt nämnda regel och institut, dock med bibehållande av sockenkyrkornas och andra kyrkors rättigheter."
C4D1CE0FB,"Påven Bonifatius VII ger abbessan och konventet i Vadstena kloster av S:ta Birgittas orden, samt abboten Lucas Jacobus, professor i nämnda orden och generalkonservator i nämnda orden, tillstånd att låta alla andra kloster och ställen av nämnda orden, som är eller kommer att bli grundade, åtnjuta alla privilegier, som hittills eller i framtiden har beviljats dem av påvestolen."
C89ABD269,"Påven Bonifatius VII ger abbessan och konventet i Vadstena kloster av augustinorden, som följer den heliga Birgittas regel, tillstånd att inte låta sina medlemmar av båda könen hållas till striktare efterlevnad av Birgittas regel än vad som är nödvändigt för att upprätthålla den nödvändiga disciplinen."
C9AB723F1,"Påven Bonifatius VII tillskriver ärkebiskopen i Uppsala och biskopen i Strängnäs och befaller dem att, om biskopen i Linköping, som är ordinarie för klostret S. Mariae et Birgitte i Vadstena, i fortsättningen skall komma för att visitera klostret, att han då skall ha med sig två kaniker från Linköping, som väljs av abbessan, konventet och deras biktfader, och att han inte får besvära klostret med onödiga utgifter eller på annat sätt kränka klostret. Klostret och dess medlemmar har rätt att överklaga till ärkebiskopen eller någon av honom utsedd biskop. Se vidare DS nr 8056."
CA4A090E1,"Påven Bonifatius VII (1389-1404) förklarar att alla av honom utfärdade brev, vilka inte expedierats av kurian och saknar kurianens vanliga sigill, skall anses ogiltiga, även om de innehåller en klausul, som förklarar dem giltiga trots denna bestämmelse. Vidare återkallar han alla av honom utfärdade provisioner och privilegier, även om de innehåller en klausul, som förklarar dem ogiltiga vid eventuell återkallelse, och förklarar att de skall anses ogiltiga från och med den dag de utfärdats"
CAEB503C1,"Påven Bonifatius IX upphäver vissa artiklar i ett brev, vari han tillåtit abbessan och systrarna i Vårfruberga och S:t Eriks kloster i Mariefred att välja en generalkonfessor, som inte skall kallas prior, utan generalkonfessor, och att abbessan skall vara överhuvud och inte priorn, som är en enkel tjänare utan någon rang eller värdighet. Vidare upphäver han påven Urban V:s provision på prioratet i S:t Eriks kloster i Mariefred för generalkonfessorn Petrus de Sancto Paulo, som nu avskedas, och förklarar att priorn inte längre skall ha någon jurisdiktion över klostret. Se vidare DS nr 6902."
CB2904A07,"Påven Bonifatius VII tillskriver biskopen i Strängnäs och uppdrar åt honom att utfärda exekution på den dom, varmed han avskedat abbedissan Ingeborg av Vårfruberga och S:ta Birgittas kloster i Vadstena, som förskingrat klostrets gods och försummat sitt ämbete. Se vidare DS nr 7588."
CE292010C,"Påven Bonifatius VII stadfäster och utfärdar nya bestämmelser för Vårfruberga och S:ta Brigidas kloster i Vadstena, vilka båda tillhör S:ta Brigidas orden, och som är underställda biskoparna i Linköping och Skara. Se vidare DS nr 6905."
C54152EF9,"Elin Byterofsdotter, av Helgö, kvitterar brevföraren Jöns Djäken för 16 mark penningar, som återstod av en skuld på 80 mark för egendomar i Bjärstad (i Kuddby socken). Betalningen har gjorts till Elins svåger Peter Trot­tesson på hennes uppdrag. Utfärdaren beseglar."
CC8DFF47C,"Erengisle Mattisson kungör att han till Värnamo kyrka upplåtit sin gård i Hårga (i Värnamo socken) för 40 mark penningar, som han fått av sin fånggevald. Utfärdaren samt hans frände herr Atta i Värnamo beseglar."
CD1D166E5,"Erland Mattesson erkänner sig vara skyldig Ebbe Piik 80 mark nya skånska penningar och pantsätter för denna summa Hakestad i Kungslövs socken, Järnmölla, Köp och Tyrlaryd i Torrby socken. Utfärdaren beseglar."
CF2C7771D,"Erland Mattisson erkänner sig skyldig riddaren Ebbe Pik 120 mark i gamla och nya groschen och sterlingar och pantsätter för denna summa alla sina gods i Nørræhallandia, nämligen en gård i Hagestadhe i Farthøsæ härad, två gårdar i Kööpe i Toagræ socken i Henøflæs härad, två gårdar i Tyrleryth i samma socken, en gård i Yærnmøllæ i samma socken, en gård i Fastetorp i samma socken och två gårdar i Stakarllæas i samma socken. Om godsen återtas av Ebbe Pik eller hans arvingar, skall Erland Mattisson och hans arvingar hålla Ebbe Pik och hans arvingar skadeslösa. Atton, kyrkoherde i Värmdö, Bengt Brodsson och Peter Knoppe beseglar."
C0F9808DA,"Prästen Stefan i Skänninge hospital kungör att han mottagit 2 mark penningar för hospitalets räkning av testamentsexekutorerna för fru Kristina, nämnde Birgers Peterssons hustru, herr Johannes Elefsson, herr Birger Petersson och lektorn Israel i Sigtuna. Han lovar att i framtiden göra testamentsexekutorerna och den avlidnas arvingar kvittosamma för mottagen gåva. Utfärdaren beseglar."
C84933879,Ingegerd Nilsdotter skänker med sina arvingars samtycke jord i Lökstad och Säby i Örberga sn till Vadstena kloster.
C95EAD320,"Riddaren Uddsson och herr Martin i Lindeqvarn pantsätter till Ingegerd Nilsdotter två gårdar i Draff (Dräfta?) med hus och jord, tomt och tomtställe, kvarn och kvarnplats, som alltid legat där, för 200 mark penningar, vilka de vill lösa med samma penningar."
C5FC56696,"Tord Bonde upplåter till sin hustru Ramborg med villkor att om Ramborg överlever honom och får barn med honom, så skall Ramborg och hennes arvingar äga godsen, men om Ramborg dör före Tord och de blir barnlösa, skall godsen tillfalla Nils Kettilsson och hans hustru Kristina Johansdotter och deras arvingar. Ramborgs morfar Erengisle Nilsson beseglar."
C986E15A7,"Tord Bonde säljer till Johannes Westfaal 1/2 attung jord i Faldinge med hus och alla tillägor för 70 mark penningar. Utfärdaren, Knut Folkeson och Skänninge stad beseglar."
CEA692A68,"Tord Bonde kungör att han upplåtit till Arnald Bakare, hans hustru Magdalena och deras arvingar, på Ulf Jonssons och hans systers, Tords hustru, vägnar, sin herre kung Håkans (Håkansson) tolfte (i Oslo), som ligger närmast söder om biskopens gård i Oslo, och att Arnald och Magdalena nu har bott där, fritt och hemfritt för alla män, för honom och hans arvingar till evig tid. Utfärdaren beseglar."
CA04FC595,"Halvard i Fågelås ger med sin mor Sigrid, som ligger i Alvsåker, till sin svärmor Palle Skrivare jord i Fågelås, som Palle Skrivare givit sina systrar Gudhela och Gunhild, och som Gunmund Östenson nu innehar. Halvard, Gunmund Östenson och Palle Skrivare samtycker till att Halvard i Fågelås hustru Gunhild, som brutit med honom, skall ge sina närmaste fränder halva sin egendom i Fågelås. Anund Halvardsson, Torkel i Fläckevi, Ture i Fläckevi, Anund Andersson, Halvard Triegeson, Gunbjörn Triegeson, Halvard Gunbjörnsson, Tore Torgeson, Torkel i Fläckevi, Tore i Fläckevi, biskopens i Linköping ombud Yngvar, kyrkoherde i Lofta, Nils Andersson, Gunbjörn Triegeson i Fågelås beseglar."
C7A86AA3A,"Matts Håkansson skiftar med Lars Björnsson sina egendomar i Västbo härad, nämligen Segerstad med två landbor och en kvarnström, två gårdar i Bögna, Frostnäsa, Kalsröd, Spåthaböte, i utbyte mot två brytegårdar i Kvättak i Västergötland. Utfärdaren uppbor 60 mark och 100 reda penningar. Om han skulle dö före Lars Björnsson, skall denne ha hans gård i Kvättak eller Matts Håkansson göra vad han vill med den andra. Utfärdaren beseglar tillsammans med Lars Håkansson, Bengt Andersson och Nils Eriksson."
CB3D71A6E,"Matts Håkansson kungör att han till sin syster Kristina skänkt allt sitt gods i Västergötland och Småland, varpå hon gett honom något som båda tycktes nöjda med. Han befaller alla landbor att lyda henne. Riddaren Bengt Nilsson samt utfärdaren beseglar."
C892F59FC,"Peter Svensson säljer till Bo Jonsson, drots i Sverige, 24 öresland jord i Fogelstad i Eremme socken i Långshyttan i Selebo härad i Strängnäs biskopsdöme och 24 öresland jord i Kärna i Selebo härad i Strängnäs biskopsdöme för 60 mark svenska penningar. Egendomarna överlåts med alla tillägor och utan undantag. Utfärdaren samt Karl Ulfsson av Tofta, riddaren Bengt Filipsson, Ulf Jonsson, Nils Jonsson och Peter Jonssons svärd beseglar."
C020AC499,Ebbe Pijk pantsätter till Peter Knoppa sina gårdar Axstorp och Konge i Konga socken med ett där beläget kvarn för 18 mark kolnska penningar. Utfärdaren beseglar.
C08BC1E2B,"Ebbe Pik kungör att han till Birger Nilsson överlåtit 2 öresland i Ede i Trosa socken, som han tidigare upplåtit till Birgers hustru och Torsten Magnusson, men nu genom Gudmar Offesson lagligen tillskiftat Birger. Utfärdaren samt Erik Kettilsson beseglar."
C15DDCB6D,"Biskop Mathias i Västerås utlovar 40 dagars avlat åt alla botgörare, som lämnar bidrag till återuppbyggandet av Folkärna kyrka i Västerås stift, vilken förstörts av eld och inte kan återuppbyggas utan hjälp av allmogens allmosor."
C080E4779,"Underhövitsmannen i Oppunda härad Nils Djäken kungör att Bo Jonsson, drots i Sverige, på Bo Jonssons vägnar fastfara till biskop Torbjörn i Strängnäs ½ markland i Hedeby i Lerbo socken och 2 öresland i Grysta i samma socken. Utfärdaren beseglar."
C0E1688C1,"Underhäradshövdingen i Oppunda hd Nils Djäken kungör att han på Guds födelseår 1382 nästföljande torsdag efter S:t Eskils dag låtit fastar fara till biskop Torbjörn i Strängnäs och hans arvingar med deras gods och jord i Närke-Lund, Berga, Hovsta, Oppunda, Sätterum, Spånga, Hällnäs, Lerbo, Vingaker, Vikingakärr, Hanestad, Vadsbro, Sjörom, Årdala, Hällinge, Kjulsta, Stensjö, Lina, Lötom, Lötom, Spitahby, Gösthammarsö, Berghammar, Tystom, Tystom, Tyresta, Tystom"
C62B77390,"Underhäradshövdingen i Oppunda hd Nils Djäken utfärdar fastebrev rörande jordköp, som nämns i brev av s.d., s.o. (SD 1471)."
CFA886B20,"Underhäradshövdingen i Oppunda hd Nils Djäken kungör att han på logen (i Oppunda) den 10/11 1381 fastfara (fastar) med biskop Thord i Strängnäs 2 örtugland i Hornsund i Flens socken. Sune Geffersnäse erkände sig ha sålt jorden till biskop Thord för 16 mark svenska penningar, så gott mynt att 6 mark gör 1 lödig mark stockholmsvikt. Sune Geffersnäse avhänder sig och sina arvingar jorden och tillskiftar den till biskop Thord och dennes arvingar med alla tillägor. Fastar vid jordköpet var Finke, Lafrens i Bullsta, Nils i Denta, Nils i Göttersta, Olof i Vigge, Olof Ingevaldsson, Karl i Kustom, Karl i Grenna, Gregers i Fläcke, Ragvald Öye, Lafrens i Näsby, Mikael i Gnydhasund. Utfärdaren beseglar."
CAB028DE0,"Ingeborg Johansdotter av Rödja kungör att hon till Kalmar nunnekloster skänkt allt det gods som hennes dotter Ramborg Ulfsdotter äger i Marka i Höreda socken och sedan allt det gods som Ramborg Ulfsdotter äger i Skytts i samma socken. Vittnen är hennes morbror Nils Sigmundsson av Holm, Håkan Jönsson av Öja, herr Dag, kyrkoherde i samma stad, och Halstan Petersson av Slethult. Utfärdaren beseglar."
C0BD54C84,"Riddaren Porse Geet, Heine Snakenborg och Håkan Halstensson kungör i öppet brev att de slutit ett avtal med Ralfe Pampe om allt gods som denne haft i pant av herr Håkan Algotsson. De lovar Ralfe Pampe att aldrig hindra honom eller hans arvingar i fråga om detta gods. Utfärdarna beseglar."
CC3E49C4B,"Drotsen i Sverige och lagmannen i Östergötland Jon Djäken intygar att de på tinget i Dals härad sett och hört ett brev, vari några bönder och andra goda män i Dals härad upplåtit jord till Alvastra kloster, och att de efter att ha rannsakat brevet med skäliga män funnit att det inte var skrapat eller rivet. De stadfäster brevet på kungens vägnar. Utfärdaren beseglar."
C5498CEA5,"Ingeborg Jönsdotter i Nånö skänker till Uppsala domkyrka jord i Ripsta i Ängsö socken, som hennes son Johan Djäken testamenterat till själagift. Utfärdaren beseglas av Tord Bonde, riddarna Algot Magnusson och Johan i Bro, Gunna i Östuna, kyrkoherden därstädes, Jöns Larsson i Faldhammar."
C862F9727,"Gynnare Tomasson, Nils Jakobsson, Peter Åkesson, Jakob Petersson, Peter Brun och andra borgare i Malmö intygar att Michael Nilsson i Malmö till Peter Eskilsson överlåtit sina ägodelar i Malmö. Utfärdarna beseglar."
C710F9ACB,"Brude Bengtsson kungör att han till Nydala kloster skänkt allt han ägde i Stensryd (i Svenarums socken) till själagagn för sig själv, sin hustru Ingeborg Gudmundsdotter, sina barn och föräldrar. Detta skedde genom att han till sin hustru Ingeborg Gudmundsdotter överlåtit allt han ägde i Broaryd (i Svenarums socken). Utfärdaren beseglar tillsammans med Petrus Wirske, prost i Västra härads njudungsdel, och herr Karl, kyrkoherde i Skärstad."
CED404427,"Herman Silkentop, Johannes Paschadagh, Arnoldus Könning och Tidemannus Ornes, förmyndare för Jungfrukyrkan i Visby, utfärdar på grund av den stora skada som kyrkan lidit av de gotländska tredingsprostarnas beslut att sätta socknen i bann på grund av ett brev från biskop Karl i Linköping rörande avgifterna till kyrkoherden Göbelinus, ett brev till påven Johannes XXII med en förteckning på de avgifter som kyrkan i Visby erlagt till biskopen i Linköping och med en försäkran om att kyrkan inte har några andra avgifter att betala till biskopen i Linköping. Utfärdarna beseglar."
C78000596,"Hertig V av Sverige kungör att Tiundalands folk på grund av sin fromma hängivenhet beslutat att öka sin prosts avlöning. Under kung Eriks regering och ärkebiskop Jarler i Uppsala ämbetsutövning hade dåvarande Tiundalens prost Bero av hertigen och alla som då var närvarande på tinget ödmjukt och artigt begärt att få sina inkomster, som räckte för honom och hans familj, ökade. Hertigen och alla närvarande tillstyrkte att han och hans efterträdare skulle årligen av varje tiundabo erhålla 2 penningar. För att detta lovvärda beslut inte i framtiden skulle kunna ogiltigförklaras av illvilliga och djävulspåverkade personer beseglas brevet."
C62626A7A,"Lars Garp och hans bror Anbjörn Garp säljer till Torbjörn Kärling jord i Teghem, som de ärvt efter sin far, i utbyte mot dennes egendom i Loketorp. Utfärdarna samt Anders Göstafsson, Jon i Ässingum, Håkan i Fåglum, Peter i Nävekvarn, Jöns Berke, Jon Galle, Torbjörn Gillesson, Anders i Barkeryd, Håkan Tordsson, Lars Garp, Anders Andersson och Anders Jonsson beseglar. Riddaren Claus Grubbendahl, Folke Magnusson, väpnare, Anders Göstafsson, Crisman Andersson beseglar."
C2C9E6E7D,Gudmund Röödh säljer till riddaren Abraham Brodersson sin gård i Borsnöm i Risby sn i Finnveden.
C0E1FDDCC,"Nils Svensson ger sin hustru Ingrid Magnussdotter morgongåva i Edlaby i Yttre Åsbo sn, Västerås stift, i Garda i Malma sn och i Grisslinge i Björnskogs sn, Västerås stift. Om de skulle dö barnlösa skall morgongåvan tillfalla Ingrid Magnussdotters barn, och om de skulle dö barnlösa och morgongåvan inte kan återbetalas i pengar skall Nils Svensson ersätta den med annan egendom av lika god beskaffenhet. Riddaren Nils Gödestasson, Erik Tobbeson och Gödstaff Pykx, Nils Svenssons svågrar, beseglar."
C78B49653,"Nils Svensson frikallar Esbjörn Blåpanna från alla sina brev rörande Rödhög, som han fått i pant."
C8BB27D5D,Nils Svensson erkänner att han testamenterat jord i Boekulla (i Vreta Klosters socken) till Vreta kloster. Utfärdaren beseglar.
C7B9033BA,Abbedissan och konventen i Vadstena till en av sina munkar (Johannes Haquini) angående hans resa och om ett möte med honom i Marienwold den 30/4.
C65FB71AD,"Kung Johan Ingegerdsson och hans hustru Helena kungör att de på sina och sina vänners inrådan skänker till Linköpings domkyrka sina gårdar Berga i Kättilstads socken och Utterhäll med kvarnar i Björkvallsfors, med alla tillägor, på så sätt att de själva får nyttja och njuta av dem så länge de lever, men att de efter sin död skall tillfalla Linköpings domkyrka. För att bekräfta gåvan ber de kung Erik, marsken Tord Knutsson, Sune Håkansson, lagman i Västergötland, och Åbofogden Sixten Andersson att besegla. Utfärdarna beseglar."
C3374C055,Drotsen Gregers Magnusson vidimerar kung Magnus brev till biskop Abjörn i Västerås om tionde och avgifter till kyrkan och prästerskapet. Utfärdaren beseglar.
CDA868721,"Drotsen Gregers Magnusson avträder till sin morbror ärkebiskop Peter i Uppsala sin rätt till gårdarna Vinegar och Viby i Sigtuna sn, vilka han ärvt efter sin farfar, eftersom de av Johan Folkeson återköpts med dennes egna pengar. Utfärdaren beseglar."
C7CB1C6FA,"Abjörn Nokseson och Bengt Lindormsson kungör att de till Kristina Lindormsdotter, doktor, överlåter den del av Åsö (i Kuddby socken, Åkerbo härad) som hennes make Götavus (Nilsson) förvärvat. Utfärdarna samt Kristina Lindormsdotter beseglar."
C08AE3538,"Biskop Matheus Asks son B. Matheus kungör att han och hans hustru Lucia, som länge lidit av svaghet, förordnat att en gård i Östergötland, Orlunda, med 5 attungar, varav var och en är värd 50 mark penningar, skall efter hans hustrus död tillfalla hennes själagagn, och att 3 attungar skall tillfalla hennes systrar i Skokloster, där hon väljer sin gravplats, 2 attungar bröderna predikarbröderna i Sigtuna, 10 mark penningar systrarna i Riseberga, 10 mark penningar bröderna minoriterna i Söderköping. Utfärdaren samt kung Valdemars och hertigens sigillanter beseglar."
CAA15021E,"Kung Kristofer av Danmark och Sverige samt kung Erik av Danmark och Skåne kungör att de till sin svärson greve Gerhard av Holstein och Stormarn och dennes arvingar överlåtit hela sitt Pönland med alla rättigheter och tillägor, men att de behåller Nyborg med en del av Pönland, tills Helsingborg blivit dem återlämnat. De förbinder sig även att inta Gerhard i Sønderjylland, om hertig Valdemar av Jylland skulle avlida utan laglig arvinge. Utfärdarna beseglar."
C04E4198C,"Riddaren Karl Näskonungsson säljer till riddaren Håkan Karlsson gods i Värend, som han förut sålt till nämnde riddare, med undantag av godset Leaåss, som han förut skänkt till Nydala kloster. Utfärdaren beseglar."
C1F08B8DE,"Riddaren Karl Näskonungsson skänker till Nydala kloster sina gårdar i Ljusås, Hedehög, Ödestofta och Hönsjöhult med alla tillägor. Han förbinder sig att årligen låta läsa tre mässor i klostrets kyrka vid apostlaaltaret, där han skänker en altarprydnad med prästkläder och en förgylld kalk. Klostret skall därvid anses som hans och hans hustru Helga Petersdotters samt deras förfäders och arvingars själagagn. Utfärdaren samt hans hustru, svågrarna Anund Sture och Bengt Filipsson, brodern Aringlisson Erengislesson och sonen Erengisle beseglar."
C255798EE,"Riddaren Karl Näskonungsson säljer till Vreta klosters abbedissa Ingrid och konventet sin egendom Fiskemanshög och Trosby med alla tillägor och fiskeplatser. Anund Sture, Karl Bengtsson och Johan Hammarsson beseglar."
C5BB2A1D7,"Karl Näskonungsson säljer till biskop Karl i Linköping alla sina gods i Brättemarken (i Norra Veddige socken, Varbergs härad) för 400 mark penningar, vilka han erkänner sig ha uppburit av biskopen. Om någon skulle angripa biskopen, hans arvingar eller någon annan, som biskopen överlåtit nämnda gods till, förbinder sig utfärdaren att med all kraft hjälpa till att återvinna godsen för biskopen. Häkan Mattsson, Anund Sture, utfärdarens svärson Karl Bengtsson samt utfärdaren beseglar."
C6221E76E,"Riddaren Karl Näskonungsson säljer till sin hustru Helga alla sina gods i Kålsta, vilka efter hans mors död tillfallit henne genom arv, till ett pris av 100 mark penningar, 10 mark i silver och 10 mark i andra värden. Utfärdaren samt Israel, lagman i Uppland, Gustav Arvidsson, Sten Turesson och Helga, utfärdarens hustru, beseglar."
C6BCAD2EA,"Riddaren Karl Näskonungsson säljer till Västerås domkyrka och dess föreståndare 12 öresland i Sundby i Tuna socken, 8 öresland i Målby i samma socken och 10 öresland i Mögsjö i Sätrabo socken, vilka han erhållit av ärkebiskop Ulf Magnusson i utbyte mot 10 öresland i Västervåla i Tuna socken, vilka han erhållit av riddaren Johan Hemmingsson, och överlåter till kyrkan 7 öresland och 1"
CB3406701,Riddaren Karl Näskonungsson kungör att han till kyrkoherden Hinzon i Kjulå (Kjulohus) kyrka tilldelat dennes gods Stensböle (i Kjulohus socken). Utfärdaren beseglar.
CB71D88F9,"Riddaren Karl Näskonungsson erkänner sig vara skyldig Linköpings domkyrka 30 mark penningar, för vilka han pantsätter en åtting jord i Fröslunda i Svinshults socken. Om inte köpet fullföljs skall jorden tillfalla domkyrkan. Utfärdaren beseglar."
CB86EB501,"Riddaren Karl Näskonungsson erkänner sig vara skyldig sin frände riddaren Holmger Puke 16 mark penningar i svenska penningar, vilka han eller hans arvingar skall betala till Holmger eller dennes arvingar på Marie bebådelsedag. I pant för denna skuld upplåter han 2 attungar i Vallersta. Om panten inte återlöses, skall Holmger eller dennes arvingar ha dessa 2 attungar som pant, men med tillåtelse att årligen uppbära avkastningen av dem tills hela skulden är återbetald. Dessutom lovar utfärdaren att ge Holmger 1 mark spannmål om panten återlöses, oavsett om den återlöses eller inte. Utfärdaren beseglar."
CBD2A635C,"Riddaren Karl Näskonungsson säljer till klostret Sankta Klara i Stockholm 2½ örtugland på ön Värmdö (Valmundsön) och överlåter därvid allt sitt och sina arvingars rätt till egendomen. Om någon hindrar klostret i dess äganderätt, skall utfärdaren och hans arvingar ersätta klostret med full gottgörelse. Utfärdaren samt kung Magnus, hans svärfar Bengt Filipsson och hans son Erengisle beseglar."
CD5C016FD,"Karl Näskonungsson, riddare, kung Eriks väpnare, erkänner sig vara skyldig Linköpings domkyrka 40 mark penningar, för vilka han pantsätter 1 attung jord i Fröslunda i Svinshults socken. Om inte denna återlöses vid mårtensmäss, skall den tillfalla domkyrkan. Utfärdaren beseglar."
CE3A1F74A,"Riddaren Karl Näskonungsson kungör att han genom brev till biskop Styrbjörn i Strängnäs överlåtit alla sina egendomar i Säby till biskopen och dennes efterträdare på biskopsstolen, vilka han mottagit i byte. Utfärdaren beseglar."
CE42BEC6B,"Riddaren Karl Näskonungsson kungör att han till kung Magnus och Vadstena kloster överlåtit alla sina egendomar i Kättilstad i Dals härad, vilka han köpt av herr Filip i Skofteby. Utfärdaren samt hans söner Bengt Filipsson och Erengisle Karlsson beseglar."
CF9492B05,"Evert Kanne, som är vid god vigör, upprättar sitt testamente. Först ger han 1 mark lybsk till förbättring av gator och vägar. Vidare ger han 20 mark lybska till spetälska uteliggare på S:t Georgsgatan. Vidare vill han att av hans tillgångar skall grundas en evig vikarie i Jungfrukyrkan i Lübeck för hans själ, vilken skall tillsättas av hans förmyndare till en av hans morbror Johannes van Loos söner, om någon av dem blir präst, eller i annat fall till herr Werner Zwarten eller någon av hans släktingar. När en av hans förmyndare dör, skall de övriga välja en lämplig person i dennes ställe. Vidare ger han sin svärmor Metteke, hustru till Johannes Brinke, och hennes barn 15 mark lybska i årlig avkastning av Wicbeldes, som han har i rådhuset i Lübeck, men vill att Metteke skall åtnjuta hela avkastningen så länge hon lever utan att någon hindrar henne. När hon dör skall avkastningen återgå till hennes barn. Vidare ger han Johannes Brinke ett smycke värt 3 mark och Hezeke, Johannes Brinkes dotter, 25 mark lybska"
C2145DE86,"Arvid Olofsson i Blistad överlåter till Peter Thomasson 2 spanns avgäld i Älvestad i Askeby socken i Bankekinds härad med alla tillagor för 16 mark penningar i så gott mynt att 1 lödig mark gällde 1 1/2 mark penningar. Utfärdaren samt Inge Kaniker, Olof i Blistad, Anders i Hogge, Sven i Älvestad, Magnus Lerbo, Holm i Marka, Göte i Brånestad, Ingevald därstädes, Håkan Petersson, Johannes i Halla, Peter Finvidsson, Ingevald Olofsson beseglar. Ulf i Tråstad, Sigge Birgersson, Ervast i Heda intygar att fastar skilt på häradshövdingen vägnar."
CD547AE57,"Andreas, domprost i Lund, skänker till förmån för sitt och sina föräldrars själar till S:t Lars altare i Lunds domkyrka alla sina gods, nämligen 2 gårdar i Västerås, 1 i Kyrkås, 1 i Skiptorp och 1 i Stävie i Skytts härad, 2 bodar i Lunds stad i S:t Andreas socken, vilka han ärvt av Magnus Svensson kallad Gagge, och 1 gård i Lunds stad i S:t Jakobs socken, där altardekanen skall ha sitt säte. Han vill att rätten att utse altardekan skall tillhöra domprosten i Lunds domkyrka och att denne skall ha full vård om altaret och dess gods. Altardekanen skall ha fri dispositionsrätt över de gods som hör till altaret, förutom de fasta egendomarna, byggnaderna och deras värde, vilka inte får säljas eller bytas utan ärkebiskopens och hans efterträdares tillåtelse. Altardekanen skall varje dag fira mässa vid altaret, utom på söndagar, juldagen, påskdagen, pingstdagen, Jungfru Marie högtidsdag, Alla helgons dag, Alla apostlarnas dag, de fyra doktorerna Gregorius, Ambrosius, Augustinus och Hieronymus dag och S:t Lars dag. Han skall också fira mässa på alla andra helgons dagar, på alla lördagar och på alla Mariafester. Om altardekanen någon gång under en vecka inte firar mässa vid altaret, skall han fira den under den eller de närmaste veckorna, och om han inte besöker koret eller firar mässa vid sitt eget altare eller inte"
CAD0022FD,Fogden Lasse Larsson och lagmannen Svenung Thoresson i Jämtland intygar att de den 15/10 1445 i Förbärke vid gränsen mellan Jämtland och Hälsingland uppläst och förklarat för de närvarande att kungens rätt till Övre och Yttre Trönö i Hälsingland upphört. Utfärdarna beseglar.
CAA88B549,"Bögil van Hoo, häradshövding i Östergötland, kungör att han vid tinget i Sjögestad (i Vårdnäs socken) med prosten Nils i Glandorp, Gudmar Offesson och Magnus Arvidsson förlikat sig med biskop Tord i Strängnäs om alla de mål och ärenden som denne hade med prosten Nils. Biskop Tord och Bögil van Hoo förlikades så att Bögil van Hoo skulle ge biskopen 6 mark penningar för biskopsvägen. Biskop Tord avhände sig och sina arvingar all rätt till öreslandet Tuna Näs i Lunds socken, som hans far hade upplåtit till Magnus Håkanssons tjänare för nämnda biskopsväg. Magnus Håkanssons tjänare Lydeke i Sjögestad överlät sedan öreslandet Tuna Näs till biskopsbordet i Strängnäs. Utfärdaren beseglar tillsammans med Magnus Arvidsson i Styrstom."
C21677B01,"Gusskalk Vigmansson säljer till Lars Ingebjörnsson 5 örtugland i Löpedaal i Säby socken, som han ärvt efter sina barn. Finvid Magnusson, lagman i Västmanland, Ingemund i Torp, häradshövding i Tärendö, samt utfärdaren beseglar."
C548B49FC,"Fogden Sune Håkansson och Sigrid Bengtsdotter kungör att de på kung Albrekts gåva till biskop Thomas i Växjö och Växjö domkyrka överlåter hälften av ön Semingasala i Viborgs fögderi. Om en domkyrka upprättas i Karelen skall dock ön övergå till denna och dess biskop. Biskop Thomas och hans efterträdare får fritt bosätta sig på ön, arrendera, sälja eller på annat sätt förfara med den. Utfärdarna beseglar."
C3310D3FF,"Ingeborg Bottersdotter och Bo Jonsson, Östergötlands lagman, skänker med samtycke av Bo Bosson, riddare, Bengt Jonsson och Ulf Jonsson, väpnare, till en ny kormästardignitet i Linköpings domkyrka, som grundats av den framlidne lagmannen Knut Jonsson och drotsen i Sverige, den av Knut Jonsson i Linköpings domkyrka stiftade prebenden, 6 attungar i Söderby och Söderbytorp, Smidstorp, 4½ attungar i Lundby och ett kvarn i Mjölby, samt gården Bredgården i Linköping med 6 töns sådd strax utanför staden. Ingeborg Bottersdotter och Bo Jonsson reserverar sig och sina efterkommande rätt att först och främst utse kormästare, men kormästaren skall även framledes ha rätt att förvalta och uppbära avkastningen av de skänkta egendomarna. Ingeborg Bottersdotter och Bo Jonsson beseglar tillsammans med Bo Bosson, Bengt Jonsson och Ulf Jonsson. Biskop Nicolaus i Linköping beseglar tillsammans med domkapitlet och ärkedjäknen Nicolaus."
CD87F1961,"Anders Jakobsson, präst, säljer till borgaren i Uppsala Jakob Botolfsson en gatubod med två vindar, belägen vid Olafs Bältares bod ned till gatan, 12 alnar lång och 7½ alnar bred, för 5 mark och 40 örtugars svenska penningar. Utfärdaren uppbär beloppet och avhänder sig och sina arvingar med laga uppbud och stadens rätt den sålda bodens tomt och byggnad och överlåter den till Jakob Botolfsson och dennes arvingar för evig tid. Utfärdaren beseglar."
C6D705FEC,"Hemming Hemmingsson kungör att han till sin hustru Kristina skänkt hälften av sina gods i Värmlän (i Kättilstads socken) med alla lös- och fastigheter som en morgongåva, med villkor att om de får barn skall godsen tillfalla dem, men"
CE6FDA9CE,"Hemming Hemmingsson erkänner att han med Riseberga kloster uppgjort ett byte, varvid klostret upplåtit till honom Näs i Kils socken i Värmland och han upplåtit till klostret Vall i samma socken. Klostret förbinder sig att inom 30 mark penningar eller 2 lass spannmål köpa Näs. Klostret beseglas tillsammans med utfärdaren."
CE805585C,"Hemming Hemmingsson ger sin hustru Kristina Amundsdotter som morgongåva hälften av sin gård Kyrkeby i Årväga (i Norra Härene socken) och hälften av en gård i samma socken. Om han skulle dö före henne skall hon ha dessa gods till livstid, och efter hennes död skall de tillfalla hennes barn. Om han skulle dö före henne och hon skulle bli barnlös, skall hon ha Rörelikt och Vrörelikt gods i Marklanda (i Norra Härene socken) till livstid. Johan Bengtsson, Nanne Abjörnsson, Harald Torgersson och Magnus Luggesson beseglar."
C80BC0B56,"Margareta Ebbdotter testamenterar till Gudhems kloster sin gård i Gyshult och by i Björketorp med alla tillägor, vilka hon med vittnen överlåtit till klostret. Om någon av hennes arvingar hindrar klostret i detta avseende, skall hon ersätta dem med en lämplig del av sin kvarlåtenskap i Vanneberga. Utfärdaren samt Tyrger från Sexdrega beseglar."
CC1877121,"Peter Skog, Johan och Öjar, hans söner, bortbyter till priorn och bröderna i Eskilstuna 1/2 attung jord i Tofridshus i Lekaryds sn i Tveta hd mot 1/2 attung jord i Nästgård i samma by. Herr Botolf, kyrkoherde i Lekaryd, herr Håkan i Visingsö, herr Olof i Rogberga och häradshövdingen Karl Lång beseglar."
CF1F3BE0D,"Kristina Ulfsdotter av Fogelvik skiftar med Vadstena kloster jord i Öland, som hon mottagit av sin mor fru Märta Sunesdotter, och ger klostret de gods som nämns i brevet. Hon ger häradshövdingen fullmakt att fastfara godsen efter landslagen. Utfärdaren samt hennes bror riddaren Karl Ulfsson och hennes brorson herr Knut Karlsson beseglar."
CB1175F85,"Hans Libekke och hans hustru Ingrid Nilsdotter ger Vreta kloster Fyllingehed, Fyllingeheds kvarn, Tommestorp och Birkenäs, Björndala, Ström och fjärdedelen i Friggestorp i Kisa socken i Kinds härad."
C479BB1EB,"Ärkebiskop Birger (Gregersson) i Uppsala, biskoparna Nils (Hermansson) i Linköping, Nils i Skara, Henrik i Växjö, Hartlev, utvald biskop i Västerås, ärkedjäknen i Uppsala samt deras domkapitel, Strengnäs domkapitel, som är vakant, abbotarna Mathias, Sven, Tideman och Ingevald i Alvastra, Nydala, Varnhems och Säters kloster av cisterciensorden samt supplikanterna till påven Urban VI och kardinalkollegiet om kanonisationen av Birgitta (Birgersdotter). Se vidare DS nr 9339. Se vidare DS nr 9339. Se vidare"
C23E05362,"Olof i Romsjö säljer till kaniken Lars Nilsson i Uppsala 1 öresland i Almby, Vänge socken, som han tidigare upplåtit till Nasta i samma socken, och ger fullmakt åt Peter Håkansson i Almby att på Lars Nilssons vägnar upptaga fasta på jorden. Utfärdaren samt kanikerna Magnus Jakobsson i Strängnäs och Anders beseglar."
C507A3263,"Joar Katerinesson erkänner att han till sin svärson Nils i Stång (i Linde socken) avträtt hälften av ett kvarnfall i Tannefors. Utfärdaren samt Birger Karlsson, Lars Toresson och Hennike Kampe beseglar."
C1D86EC1C,"Arnulf Esgersson kungör att han av sin hustru Elin köpt hennes gård i Vretum för sin gård i Kulstad och att han nu sålt den sistnämnda gården till systrarna i Skänninge för deras gods i Hellby och 120 mark penningar, varav han redan delvis betalat bröderna i Skänninge sitt testamente. För att undvika att bytet, köpet och försäljningen skall kunna ogiltigförklaras ber han att de närvarande och andra trovärdiga vittnen, kung, biskop i Linköping och marsken, samt priorn i Skänninge, skall besegla. Om bytet, köpet och försäljningen ändå skulle ogiltigförklaras, vill han att systrarna i Skänninge skall få behålla gården i Kulstad för evigt i utbyte mot Hellby och den del av testamentsbetalningen som redan gjorts till bröderna. Utfärdaren samt priorn i Skänninge beseglar."
CC5994FA1,"Kaniken Magnus Petersson i Strängnäs skänker till Strängnäs domkyrka jord i Åvesta i Gåsinge sn, Daga hd. Utfärdaren samt Ulf Soneson beseglar."
C11B89BF5,Riddaren Anund Jonsson och väpnaren Peter Iserelsson kvitterar Folk Karlsson för en skuld till sin frände herr Jöns Karlsson. Utfärdarna beseglar.
C099A58AE,Peter Andersson i Ekeby skiftar med Strängnäs domkyrka jord i Ekeby i Skuttuna sn och i Väsby i Yttre Åsunda sn.
CC3BBABB3,"Åke i Kappersta (i Kärna socken) skänker till Vreta kloster 1/2 attung jord och 1/2 tolft i Ledinge (i Kärna socken) med hus och alla tillägor för sin dotters själ Kristina och hennes lägerstad i evig ägo. Detta skänker han med samtycke av sin hustru Astrid, som ägde samma gods, och hennes dotter, som tog jorden av Åke på annan plats, där hon trivdes. Vittnen är herr Asgot, kyrkoherde i Vreta, herr Sune, kyrkopräst i Ringstad, och Håkan Jonsson. Utfärdaren beseglar."
C08C1EC97,"Birger Jönsson skiftar med Sune Ingevaldsson och Sigge Magnusson, vilka är ombud för Peter Botgersson, den del av arvet efter Birgers farbror herr Nils som tillfallit honom, varvid han till Peter Botgersson överlåter sin del i Brickstad, Harge, Haraldhöjden, 2 åker i Klockrike, 2 spann i Åttorp, Hårdeberg, Valsjö, Lödsta, Öraved, Stavsäter och Berga i Löt i utbyte mot Ramborgs del i Söderberga och Norrberga. Utfärdaren samt riddarna Staffan Stangenberg, Nils Upplänning och Magnus Virde beseglar."
C7DE907CF,"Birger Jonsson, häradshövding i Östergötland, tillskiftar sin hustru Ramborg Karlsdotter 1/8 attung i Innanhärdeberget, 2 attungar i Börringe med gård och jord, äng, åker, skog och alla tillägor, 1 lott i Östra Fornåsa skog och ½ attung i Kullstad, vilka han sålt och överlåtit på ting med fasta och alla laga fång. Utfärdaren beseglar tillsammans med sin morbror Jöns, Jöns Upplänning, underlagman i Östergötland, och Harald Bagge, Joans upplänning, underlagman i Östergötland."
C45C91F7F,Peter Andersson i Mönö i Västergötland stadfäster och upplåter till Vadstena kloster den jord i Sundsvik som fru Ingeborg Gunnsdotter skänkt till klostret. Utfärdaren beseglar tillsammans med sin måg Arvid Jönsson.
CB1EAB213,"Kung Kasimir av Polen vidimerar ett brev (DS nr 6101) av riddaren Peter Grubbe, hövitsmannen Peter Nilsson på Lindholm, fogden Otto på Träleborg och Magnus på Börringe. Utfärdarna beseglar."
CF7BCD4E6,"Olof Arnolfsson skänker till Vreta kloster 3 fjärdedels attungar i Hasselbo skog, som klostret redan tidigare ägt en del av. Ragvald och Knut Arnolfsson samt utfärdaren beseglar."
CB26832D3,"Jon Petersson, broder i Vadstena, kungör att han efter sin fader Peters och sin faderbrors Matts död blivit dömd av Magnus i Hjälstad, som var lagman på Drothems vägnar, att förfara med det gods i Gödestad, som är en åttondel mindre än en attung, som de nämnda fäderna och faderbröderna köpt för 40 mark och 100 av Holmsten Diken, och att han blivit förmäld med 12 tomor. I Hjälmåsäter är det skövlat utan en halv attung i inägorna av de nämnda delarna, allt i vatten och torra, i skogar, i ögon och fiskevatten och alla tillägor, vilka tillföll oss bröder och faderbrödernas barn till fäderne, enligt det som lagmannen stadfäst och häradshövdingen hörde och aldrig något däremot sagt. Utfärdaren beseglar."
C60ECC921,"Borgmästare och råd i Visby tillskriver borgmästare och råd i Lübeck och meddelar att Hildegund, som är Visby-bo, och hennes lagliga arvingar inför dem givit sin medborgare och framvisare av detta brev, Henrik Rekelinchusen, fullmakt att förfara med den egendom som genom Hildegunds morbrors, Visby-borgaren Vammes Strandes, död tillfallit henne. De ber därför Lübeck att ge Henrik Rekelinchusen allt stöd i hans ärende. Visby beseglar."
C4EDC5A8D,"Kyrkoherden Peter Olofsson i Vall i Åsunda socken upprättar sitt testamente. Han skänker bl.a. till Peters och Paulus kapell i Uppsala domkyrka, där han väljer sin gravplats, sina gårdar i Korsberga och i Hova, i Norby i Slemmern, i Mellby, på Heddaholm, till ärkebiskopen två bättre mässbord, till sin sockenkyrka Vall i Åsunda socken, till Huddinge kyrka 1 örtugland i Stymne, till Sigtuna franciskanerbröder sin bärbara mässa, till Västerås franciskanerbröder 3 mark penningar, till de mindre bröderna i Uppsala 6 mark penningar, till de mindre bröderna i Enköping 3 mark penningar, till Helgeandshuset i Uppsala 3 mark penningar, till Helgeandshusets gästabud 4 mark penningar, till koralerna 10 mark penningar, till S:t Tomas kyrka 1 mark penningar, till S:t Petri kyrka 1 mark penningar, till Jungfrukyrkan 1 mark penningar, till S:t Eriks kapell 1 mark penningar, till Andreas Katilberni 1 horn, till Andreas Hænichini 1 horn, till Andreas Diækn i Gräfsta 1 horn, till hans hustru 1 thæken, till Olof Jonsson, sin brorson, 1 thæken, till Peter Andersson, borgare i Uppsala, 1 horn och 1 thæken, till Anders Djäken"
CC0CD5A9A,"Peter Holmgersson av Skärslöf erkänner sig vara skyldig Peter Eskilsson av Bosarp 7 mark silver och 1 örtug i Tournaisisk eller lybsk mynt, 12 örtug i god och laglig spannmål, vilka han skall betala senast på S:t Mikaels dag nästkommande år. I pant för denna skuld upplåter han till Peter Eskilsson sitt vattenkvarn Risemölla vid Kållered i Ljushults härad, med alla tillhörigheter, och sin fädernegård Västerlunda i Janebäcks härad, med alla tillhörigheter, på villkor att om han inte betalar skulden inom utsatt tid, Peter Eskilsson och hans arvingar får full rätt att övertaga och förfara med dessa egendomar på det sätt de finner lämpligt. Om egendomarna inte blir inlösta inom 3 år, skall de tillfalla Peter Eskilsson och hans arvingar. Utfärdaren samt hans bror riddaren Jakob Holmgersson och Martin Petersson, bonde i Malmö, beseglar."
C9605CC88,Ingemund Nilsson i Dalsjö säljer till sin systerson Tord Petersson i Edsätra 10 örtugland jord i Årby i Gamlaklosters sn i Åkers hd.
CD3134E8C,"Biskoparna Lars i Linköping, Peter i Västerås och Magnus i Skara vidimerar kung W(aldemars) brev av 11950315 rörande sädestiondena från Njudung och Värend. Utfärdarna beseglar."
CDE371A4D,"B, hertig Filip av Sverige, kungör att han på sin bror hertig M:s inrådan och med dennes samtycke skänkt 6 öresland i Seby till Uppsala domkyrka. Utfärdaren, ärkebiskop Folke i Uppsala och hertig Filip beseglar."
CDD32627F,"Kyrkoherden i Forshems socken Jakob Jonsson kungör att han till biskop Torde i Strängnäs och dennes arvingar sålt följande gods: Ekeby i Dunkers socken, Grindom i Malms socken, Tofrestad i Råby-Rekarne socken, Råklista i Råby-Rekarne socken, Oppeby i Hellestads socken, Villinge i Österrekarne, Närke-Hundhammar i Råby-Rekarne, Berga i Husby-Oppunda socken, Sätra och Spånga i Forsa socken, Händelunda i Vadsbro socken, Siggesta i Ardala socken, Hällinge i Lerbo socken, Hanestad i Vikingstads socken och Närke-Hundhammar i Råby-Rekarne. Utfärdaren samt hans bror Martin och syster Ingeborg samt alla utfärdarens arvingar lovar att hålla fast vid överenskommelsen. Ragvald Nilsson, Nils Larsson i Mjärdeby, Anders Mattsson och Lars Birgersson beseglar."
C639546E1,"Cecilia, änka efter kung Johans marsk Johan Kalf, upprättar sitt testamente. Hon skänker 20 mark i jämtsk penning till korstågskorset till det heliga landet, väljer predikarbrödernas kloster i Lund till sin gravplats och skänker 20 mark i penningar till detta kloster samt en gyllene korsstav, som hon äger, där det finns ett stycke av Frälsarens kors. Vidare skänker hon alla sina lös- och fastigheter i Vråeberga, som hon ärvt efter sin mor, till Lunds domkyrka på så sätt att av avkastningen därav avräknas 1 mark penningar till domkyrkans byggnadsfond, 1 mark penningar till de kaniker som bevistat vigslar och mässor på hennes dödsdag, 2 örtugar till vikarierna, 2 örtugar till offergåvor på hennes dödsdag, och resten till de fattiga. Hon överlåter förvaltningen av dessa gods till dekanen i Lund för tillfället. Vidare skänker hon 6 mark penningar till predikarbröderna i Lund, om hon inte skulle bli begraven där, 5 mark penningar till franciskanbröderna där, 12 örtugar penningar till S:t Trinitatis kyrka där, 2 örtugar penningar till prästen, 3 mark penningar till nunnorna vid S:t Peters kloster, 1 mark penningar till Allhelgonakyrkan där, 1 mark penningar till Helgeandshuset där, 1 mark penningar till leproshuset där, 1 mark penningar till S:t Johanneskyrkan där, 1 örtug penningar till prästen, 1 örtug penningar till S:t"
C589C1501,"Borgmästare och råd i Stockholm vidimerar Hemmings brev av den 11/1 1337 till Johan Geysmer, f.d. borgare i Stockholm, nu i Lübeck, om att denne får stifta ett altare med prebenda i S:t Nicolai kyrka i Stockholm. Utfärdarna beseglar."
C62D35F15,"Johan Hemmingsson säljer sin gård Ödhatomta i Tolgs socken i Växjö stift till riddaren Nils Turesson. I utbyte mot en del av hans gods i Västmarken, nämligen 1/8 av wardagra siættung med två bäckar, den ena från Fröbo kvarn till Odensö, den andra under Förbolyda, får han 100 mark penningar. Utfärdaren samt hans bröder Nils Hemmingsson och Arvid Hemmingsson, kanik i Uppsala, beseglar."
C6DAE199F,"Johan Hemmingsson bortbyter till Anund Finvidsson 1 markland i Träsköta (i Hellestads socken) mot sin hustrus och sin systers Gunhilds gods Bårsäga, Grönskäth, Kuttomala och en del i Almönsöke (i Hellestads socken). Utfärdaren samt hans bröder Nils, Bengt och Arvid Hemmingsson beseglar."
C8F6900B6,"Jöns Hemmingsson bortbyter 13 örtugland i Humblestum i Löts socken mot 11 örtugland i samma by, med undantag av en öresland, vilken han ger i byte till kaniken Lars i Uppsala. Om bytet inte kan genomföras, skall han lämna 1 markland i Lundby i Husaby socken. Utfärdaren samt Peter, kyrkoherde i Vall, och Peter Olofsson i Linsvik beseglar."
C990CC184,"Johannes Hemmingsson erkänner sig ha överlåtit 13 örtugland i Åby, Tensta, Löt, Vallby och Boglösa socknar till kaniken Lars Nilsson i Uppsala, vilka han förut innehaft av honom i byte och köp, och ger fasta på dem. Gerhard av Enköping, Peter av Lönsvik samt utfärdaren beseglar."
CC9936923,"Johan Hemmingsson giver sin tjänare Nils Munk fullmakt att på hans vägnar uppgöra fasta på 1 markland i Hummelstads (Hummelstads) i Löts socken, som han till Nils Munk överlåtit genom byte och köp. Utfärdaren beseglar."
CD74F20D0,"Johannes Hemmingsson erkänner sig skyldig kaniken Lars i Uppsala 135 mark och 6½ penningar, vilka han lovar att betala på S:t Martins dag nästkommande år, och pantsätter därför 1 markland i Lunby i Husaby socken till Lars. Om han inte kan betala inom utsatt tid, skall han i stället lämna 1 markland i Gnystads socken i Vaksala härad. Utfärdaren samt Lars i Ringbo, Olof i Lödde och Peter Olofsson beseglar."
CFA99E003,"Johan Hemmingsson uppdrager åt lagmannen i Södermanland Lars Ulfsson att med Anund Finvidsson, som han bytt med om 1 markland i Träskö, uppgöra fullgod fasta på det gods, som hans hustru Gunhild Björsö, gränsskötarinna, kutmalarinna och delägare i Almenningsköping, tillskiftat honom. Utfärdaren beseglar."
CF5CF3C6E,Väpnaren Filip Bonde erkänner att han av Henriks av Holstein tjänare Vogen uppburit 10 skeppspund koppar på nämnde greves vägnar. Filip Bonde kvitterar Vogen för denna koppar och ger honom full frihet från vidare krav. Utfärdaren beseglar.
C025A199D,"Kettil, son till Ingeborg, kallad lagman i tio provinser, kungör att abboten och konventet i Nydala bytt bort sina gods i Stugaboda mot gården Sunderby i Njudung. Utfärdaren samt abboten i Nydala beseglar."
C063C89DB,"Kaniken Thideman i Västerås upprättar sitt testamente, vari han förordnar att en av honom förvärvad gård i Medelshammar (i Nora socken) och ett därstädes beläget kvarn skall tillfalla Västerås domkyrka, förutsatt att han själv eller hans arvingar inte kan betala de årliga avgifterna. Vidare skänker han till Västerås domkyrka en gård i Stockholm, två gårdar i Västerås, en gård i Frosbobolsta (i Nora socken), en gård i Västrestahammar (i Tuna socken), en gård i Skällinge (i Nora socken), en gård i Tuna socken, en gård i Torshälla socken, en gård i Torshälla stad"
CBCD3F2C0,"Tideman Los, som är vid god vigör, upprättar testamente. Till sin hustru Anna ger han en tredjedel av alla sina ägodelar, både lös och fast, med alla sina fabriker, men de övriga två tredjedelarna av sina ägodelar ger han sina barn. Till testamentsexekutorer utser han Gotskalk van Wickede, Gerhard Dartzow, Nicolaus Dapper och Hinrich van Essende. Om någon av dessa skulle avlida, skall de övriga utse en lämplig ersättare. Till testamentsexekutorer hade han också velat utse herr Albrekt och Wenemarus, bröderna Buchorn, och Wenemarus Los, men om dessa skulle vara Lübeckar skulle han vilja att de skulle utses tillsammans med de övriga testamentsexekutorerna. Utfärdaren beseglar."
C03861DB4,"Riddaren Håkan Ingeborgsson kungör att han genom en fastaredsning (fastaredsning var en gammal sed att genom ed av fastar fastställa ett avtal) med Sigtrygg Jonsson överlåtit 1 öresland i Baldersta (i Näshulta socken) och mottagit 1 öresland i Enby (i samma socken) och att Dan Håkansson, fogde i Nyköping, och gardianen för franciskanbröderna därstädes beseglar."
C38B88EFF,"Fru C, änka efter Holmger, kungör att hon och priorinnan M i Vadstena bytt gods med varandra. Hon har av priorinnan M i Vadstena fått Attorp och Södralen, som allmänt kallas Attorpshorna och Sexpenningelanda, och hon har till priorinnan M i Vadstena gjort anspråk på dessa. Utfärdaren beseglar."
C3314FBA8,"Peter Skramble, häradshövding i Östkind, skiftar på Steens Bossons vägnar jord i Mysinge i Husby sn."
C15C564F9,"Trotte Attesson, häradshövding i Östbo, dömer i tvist mellan Nydala kloster och Ingelger i Gårdstorp om ett verk i Åker i Byarums sn. Vittnen är Nils Håkansson, Johan Kärling, Johan i Målna och Björn i Ekeryd."
CF98BDCF2,"Riddaren Gustav Tunesson kungör att han på begäran av fru Margareta, änka efter Erik Tyresson, och hennes barn, till nunneklostret S:ta Klara i Stockholm överlåtit gården Kjär i Viggeby socken med alla tillägor. Eftersom kung Magnus, Sveriges och Norges kung, och hans mor Ingeborg samt kung Knut, Danmarks kung, inte beseglar, har utfärdaren och fru Margareta samt hennes barn beseglat."
C1C579A37,"Kung Abel av Danmark stadfäster ett fördrag med de så kallade Vindlandsfararna, som avlagit ed på att de inte skall bedriva olaglig handel vid Skanör. De skall erlägga 32 mark sterling för varje kogg, som återvänder från Skanörs västra del, och 2 mark för varje tunnor mynt, som återvänder från Skanörs östra del. Om någon av dem bedriver bedrägeri, skall hans egendom tillfalla kungen. De skall inte betala tull för sina varor, om de seglar till Norge med sina varor, men deras skepp skall kunna genomsökas av kungens kamrerare eller annan ombud. Kung Abel lovar att inte låta sina fogdar eller andra lägga beslag på gods, som räddats från skeppsbrott, och"
C400BEADC,"Kung Abel av Danmark giver Wismars borgare privilegier att, om de råkar ut för skeppsbrott, behålla allt de kan rädda från sina skepp, och ger dem samma rättigheter i Skåne som lübeckarna åtnjutit av hans far kung Valdemar och honom själv. Utfärdaren beseglar."
C652EC21E,"Kung Abel befriar invånarna i Væ från skyldighet att deltaga i expeditioner och från telonering, men vill att de årligen skall betala 1 mark penningar för varje fiarthing de innehar vid Olovsdagen."
C2703BACF,"Fogden, borgmästare och råd i Linköping kvitterar Harald och Magnus för deras förvaltning. Utfärdarna beseglar."
CDB9F5B6A,"Borgmästare och råd i Linköping kungör att deras borgare Håkans, bagare, och Peter i Torpberga sålt 1/8 öresland i Tingboås och Torpberga skog till kaniken i Linköping Olof. Utfärdarna beseglar."
C2EC7446C,"Borgmästare och råd i Lübeck, Rostock, Stralsund och Wismar meddelar kung Valdemar att de i Lübeck sammanträdda sändebuden Hartvig Hummersbuttel och Rigman för hans räkning förhandlat om andra förlikningstermer än de i Köln uppgjorda, nämligen att Lübeck skulle gottgöra sina skador, återställa den orätt som skett och försäkra att sådant inte skulle hända igen. Eftersom dessa villkor inte uppfyllts, och sändebuden sagt att Valdemar borde klaga hos påven, kejsaren, furstar och vänner, svarar Lübeck att det är svårt att fortsätta tåla de övergrepp som begåtts och kommer att fortsätta, men att Lübeck kommer att klaga hos furstar och vänner. Om Lübeck gör något i gengäld, vill det att detta skall anses som hederligt. Utfärdarna beseglar."
CE10B65EF,"Holmger Petersson, domprost i Lund, giver till Lunds S:t Lars kyrkas byggnadsfond, i närvaro av ärkebiskop Peter och kapitlet, alla sina gods i Hårstorp och Värkögestorp i Hardeberga härad, med villkor att en präst skall instiftas vid det altare, som han låtit uppföra i nämnda kyrka, och att denne skall fira mässor för honom själv och hans föräldrar, närstående och alla välgörare. Vidare skall årligen 12 mark penningar av byggnadsfondens gods givas till prästens underhåll och 5 mark penningar till hans årsmässa. Utfärdaren samt ärkebiskop Peter, kapitlet och hans bror Stig Petersson beseglar."
C28C97214,"Borgmästare och råd i Lund intygar att David Tykesson, väpnare i Hälsingborg, till Nicolaus Petersson, kallad Vinter, borgare i Lund, sålt en gård i S:t Clemens sn i Lund, där Henricus Hermansson en tid bott. Utfärdarna beseglar."
C090BAB4D,"Peter Paulsson och hans hustru Elin, syster till herr Gregersdotter, kungör att de med Jakob i Marsta bytt jord och hus, varvid Jakob erhåller 14 öresland och 2 örtugland i Marsta och 4 örtugland i Loskälla, medan Elin erhåller 2 markland i Norrlanda. För de hus som Jakob och Elin bytt bort ger Jakob 3 mark penningar, vilka var nedfallna. Fastar var Holvast av Lyttom i Högsta, Anders av Ekeby, Joar av Ekeby, Holmsten i Sunnanbro, Paulus av Sunnanbro, Lars i Häsegren, Ragvald i Kjulinge, Silvester i Kjulinge, Joar i Eskelunda, Johannes i Eskelunda, Vidarman i Vesby, Johannes i Rörby. Elin ber sin bror Ingeborgsson och herr Gregersdotter att besegla. Utfärdaren samt häradshövdingen i Åkerbo Nils Petersson beseglar."
CC7BFDB44,"Matheus Ödgislesson säljer till ärkebiskop Jöns i Uppsala 7 öresland i Sävsta i Husby-Sjuhundra sn, Trögd hd."
C8758EC44,"Lasse Trugotsson, byman i Söderköping, upplåter till Skönberga kyrka en tredjedel av Fullersta kvarn i Strå socken, vilken han erhållit av Nisse Petersson. Utfärdaren beseglar."
C8D4F5E2C,"Ingeborg Eriksdotter skänker till munkarna i Sko (Saba) sin gård Sundby i Bälinge härad (Södermanland) med alla tillägor, under villkor att munkarna årligen skall svara henne med 6 mark i penningar så länge hon lever. Munkarna skall ha full frihet att förfara med gården som de vill. Kung M, biskop A i Strängnäs och utfärdaren beseglar."
C9D6D5093,"Abbot Nicolaus och konventet i Vadstena säljer till Peter Gudmundsson sina gods i Borrud i Källby socken för 20 mark penningar, vilka gods Johannes Solæ av Brånhem testamenterat till klostret. Utfärdaren samt dekanen i Skara Karl beseglar."
CEF41ABA5,"Kristina Staffansdotter testamenterar till Vadstena kloster jord i Östra och Västra Åby i Slaka sn, Hanekinds hd."
CF67CE513,"Kaniken Nicolaus Siggonius i Skara och häradshövdingen Harald Torgersson i Värmland intygar att de sett de förnäma och förståndiga männen Johan Algotson, herr Peter av Ullerö, Jogar Sigbjörnsson, Brinolf i Ed, herr Olof i Stavnäs, herr Ödmer, Johan Gädda, Magnus Jonsson, Bengt Djäken, Nils Björnsson, Gregers och Erik Björnsson hålla en laglig skötning på de gods som tillföll Olof Åkersson efter de framlidna fruntimren Ingrid i Berga, Estrid i Aspsäter och Peter Jonsson och som Hemming Hemmingsson lagligen köpt av honom, och att Olof Åkersson överlåtit till Hemming Hemmingsson och hans arvingar full äganderätt till dessa gods enligt Värmlands lag. Utfärdarna beseglar."
CED42FFFB,Anund Botulfsson skänker till Riseberga nunnekloster 1 attung i Ullevi i Örebro socken. Utfärdaren samt Anund Botulfsson beseglar.
CCBFA2FDF,"Hertig Albrekt av Mecklenburg kungör att han är skyldig herr Gotskalk av Attendorn 800 mark lybska penningar utöver det belopp Bo Jonsson redan uppburit på hans vägnar för de guldmynt som han för Mecklenburgs räkning uppburit i Helgoland. Hertigen ber Bo Jonsson att till herr Gotskalk betala dessa 800 mark lybska penningar senast till midsommar, och att utfärda kvittobrev på betalningen. Om Bo Jonsson betalar, skall han vara kvitt och fri från hertigen och dennes arvingar. Utfärdaren beseglar."
C4F9F45FE,Ingeborg Johansdotter kungör att hon med detta brev tilldelat Peter Thomasson en hemkägel av Gregers och Lasse i Hulta.
C054C8790,"Märta Bengtsdotter skänker till sin son Odde Ulfsson gården Valgård i Siene sn, Kållands hd."
C59F8FC30,"Påven Urban V reserverar för Konradus Raualdi, klerk från Linköpings stift, ett ledigt eller ledigblivande kyrkligt beneficium utan själavård, vars årliga avkastning inte överstiger 18 mark silver, och vars besättande tillkommer biskopen och kapitlet i Linköping, förutsatt att det inte är ett kanonikat eller prebenda vid domkyrkan därstädes. Härom tillskrivs exekutorerna biskoparna i Dorpat och Växjö"
C7713D5F6,Påven Urban V till kung Albrekt av Sverige med bön att denne måtte tillåta påvliga kammarens kollektorer att i hans rike uppbära och återföra de avgifter och skulder som tillkommer kammaren. Se vidare DS nr 6902.
C7A1B0356,"Påven Urban V reserverar för Nicolaus Sunonis, klerk från Linköpings stift, som är acolyt, ett ledigt eller ledigblivande kyrkligt beneficium utan själavård, vars årliga avkastning inte överstiger 18 mark silver, och vars besättande tillkommer biskopen och kapitlet i Linköping, förutsatt att det inte är ett kanonikat eller prebenda vid domkyrkan därstädes. Härom tillskrivs exekutorerna biskoparna i Dorpat och Växjö"
CB69ADB15,"Påven Urban V providerar kaniken Henricus Haghenow med preposituren vid Uppsala domkyrka, som blivit ledig genom Henricus Haghenows provision till samma ämbete. Henricus Haghenow är dock för ung för att inneha detta ämbete, som är ett själavårdsämbete, och han innehar redan kyrkan i Öja i Uppsala stift. Därför befaller påven Henricus Haghenow att genast efter att han erhållit provisionen överlämna Öja kyrka till Ingimundus Jarlerus, som blivit vald till kyrkoherde där och som påven nu providerar med Öja kyrka. Om Henricus Haghenow inte genast efter att ha erhållit provisionen överlämnar Öja kyrka till Ingimundus Jarlerus, skall han genast falla under bann och förbli oförmögen att inneha något kyrkligt ämbete under ett år. Dessutom skall Henricus Haghenows provision vara ogiltig, om någon hittills eller i framtiden försökt att hindra honom från att överlämna Öja kyrka till Ingimundus Jarlerus. Se vidare DS nr 6990."
C793E2EDD,"Underhäradshövdingen i Östra Rekarne härad Kettil Nilsson i Brohuvud utfärdar fastebrev rörande det jordköp, som nämns i brev av s.d., s.o. (SD 1474)."
C7DF7A470,Henneke Brodsdorf säljer till drottning Margareta jord i Lofta i Lofta socken i Frötuna härad i Norrtälje fögderi.
C54DF4755,"Jakob Tidekomagher säljer till Linköpings borgmästare och råd 2/3 av en gård, som han köpt av Tideke Murmästare, för 14 mark reda penningar. Egendomen hade lagligen uppbjudits på rådstugan enligt biskopens rätt. Utfärdaren samt Tideke Murmästare beseglar."
C18E65E96,"Nils Botasson säljer till kyrkoherden Lars i Knutby 1 örtugland i Ängefjäll i Inganesta i Bladåkers socken. Köpet stadfästs av Filip Karlsson, häradshövding i Ångermanland, och Nils Botasson. Tolv fastar och två vittnen uppräknas."
C2CBFCB45,"Folke Larsson i Brink ger sin hustru Birgitta Magnusdotter en gåva av 100 mark penningar, varvid han upplåter sin gård Brink och jord i Harsta i Österhaninge sn, Haninge hd, till henne och hennes arvingar. Han säljer gården Brink till sin systerson Folke Larsson i Brink. Riddaren Nils Erengislesson beseglar."
CA6A96E3F,"Matheus Odsson säljer till Thoke Jonsson och dennes son Karl sina gods i Hasselås och Boda i Önabergshorn, vilka han ärvt efter sin far, mästaren Oddo, vilka gods kung Magnus (Erichsson) skänkt till Oddo på livstid. Utfärdaren samt kung B, E och W, hertigarna i Sverige, Knut Jonsson, drotsen, Tord Kettilsson, lagmannen, beseglar."
C763474A7,"Biskoparna Peter i Viborg, Olof i Roskilde, Peter i Odense, Nicolaus i Börglum, Johannes i Schleswig och Johannes i Ribe tillskriver påven Urban V och meddelar att kung Erik av Danmark, som är i krig med ärkebiskop Esger i Lund, har övergått till ärkebiskopens fiender och att ärkebiskopen har överklagat till påven. Biskoparna förklarar sig därför att stödja kungens överklagan och att inte sluta någon överenskommelse med ärkebiskopen utan kungens godkännande."
C914C6C7F,"Drottning Katarina skänker till Gudhems kloster gården Kil, som bebos av två inbyggare, för en ung flicka J. som inträtt i klostret. Utfärdaren samt B. (Bengt), hertig av Sverige, samt L. (Ludvig) skarefogde beseglar."
CCC5C6F4B,"Riddarna Nils Ivarsson, Pridbern van Podebusk, Peter Nilsson van Agardh, Johan Olufsson, Björn Olufsson, Johan Skarpenberch, Berneke Schinkel, Johan Tomasson, Jöns Tuveson och Gotskalk Lekesson erkänner sig skyldiga kung Albrekt av Mecklenburg 8000 lybska mark, som de skall betala senast på Johannesdagen nästkommande midsommar, och lovar att, om de inte kan betala, stanna i Rostock och där hålla en ränta på detta belopp, så att det inte kan bli obetalt, och att kung Albrekt skall ge dem skepp att återvända med, om någon av dem dör innan pengarna är betalda. De lovar att hålla sig till kung Albrekts råd i Rostock och Wismar och till de nämnda riddarna och knektarna, nämligen Vikke Beren, Mathias Azekouwe, Henrik Kulebus, Peter Butzow, Henrik Molteke, Hinrik Beyenulet, Detlev Neghendanke, Henning Hoghe och Vikke Stralendorp. De beseglar tillsammans med biskopen i Lübeck."
CBA53983A,"Kaniken i Strängnäs Torsten Notolfsson kungör att han till sin svärson Anund Djäken återbetalat de 100 mark penningar, för vilka svärfadern Birger Joar pantförskrivit sin gård Vällsta Styvsta till borgaren i Stockholm Styrbjörn. Utfärdaren beseglar."
C56655F56,"Biskoparna i Skara, Strängnäs, Västerås, Växjö och Åbo ger var och en 40 dagars avlat åt botgörare, som besöker Sko nunnekloster på Jungfru Marie högtidsdagar och på Johannes Döparens dag, förutsatt att metropolitens samtycke erhållits. Utfärdarna beseglar."
CC6960FD8,"Abbedissan Bothild Petersdotter och Askeby konvent säljer till Rangvald Nilsson sin del i Skruvestad i Örtomta socken, som de erhållit av herr Magnus, före detta kyrkoherde i Lofta. Utfärdaren beseglar."
C349AD4C2,"Lars i Herseborg överlåter till Linköpings domkyrka jord i Bäck i Skärkinds socken i utbyte mot jord i Herseborg i samma socken. Fastar är Sune i Skänninge, Henrik, Peter, Holmger, Harald i Bäck, Öndir i Torp, Fridmund i Öja, Olof Mickelsson, Eruast i Lundberg, Bengt Fadersson, Gudthorm i Älvestad, Sigvid i Kättilstad. Underhäradshövdingen i Skärkinds härad Peter Tomasson beseglar."
C1715A72E,Domkapitlet i Strängnäs vidimerar Halstan Birgerssons 12970405 (SDHK nr 1001) utgivna gåvobrev till Vårfruberga kloster. Utfärdarna beseglar.
C6AAC2568,"Håkan Johansson och hans hustru Margareta Johansdotter skänker till Vreta kloster med förbehåll av årliga själagång, själagång för sina barn och utdelning av 2 lispund (12 kg) öl till de fattiga, sina gods Fylingseda (Kisa socken), Frögstorp (Kisa socken), Sundnäs och Birkisnäs (Kisa socken), Tomased (Kisa socken), Meldreem (Kisa socken), Harge (Kisa socken), Råcksta (Kettilstads socken), Heta (Kettilstads socken), Bjersbo (Tjärstads socken), Hambre (Vårdnäs socken) och Huggandaboda (Vårdnäs socken). Klostret skall även årligen hålla 7 mässor för dem och deras barn. Om någon av dem överlever den andre, skall den överlevande ha nyttjanderätten till godsen med skyldighet att upprätthålla själagången och utdelningen av öl. När båda är döda skall godsen tillfalla klostret. Sigillanter är riddaren Bengt Filipsson, ärkedjäknen Nils och domkapitlet i Linköping, väpnaren Johan Östensson och väpnaren Johan Petersson samt utfärdaren."
CF2736B9F,"Kardinalerna Franciscus Venetiarum, Johannes Vlixbonensis, Lucidus de comitibus och Franciscus Cosme et Domiani utlovar 100 dagars avlat åt alla botgörare, som besöker Sankta Maria kyrka i Rom och bidrar till dess underhåll."
C3676B9D9,"Jöns Knutsson och Nils Knutsson kungör att de till Alvastra kloster avträder gården Jussberg, som deras fader pantsatt till klostret, och att de ger häradshövdingen fullmakt att på klostrets vägnar uppgöra lagfartsbrev på gården. Utfärdarna beseglar."
CBFC66B86,"Ärkebiskop Nicolaus (Hermansson) kungör att han på kung Magnus av Sveriges och Norges vägnar samt på sin hustru Ingeborg, hertiginnans mor, vägnar slutit förlikning med kung Magnus syster drottning Margareta (Eriksdotter) på följande villkor: 1) Alla tvister och ovänskap mellan drottningen, hennes anhängare och släktingar på ena sidan och kung Magnus, hans anhängare och undersåtar på den andra sidan, med undantag av kung Knut Porse, skall upphöra och en evig fred råda mellan kungarna och deras riken. 2) Drottningen skall genast efter att ha blivit tillfrågad av kung Knut Porse avstå till honom slottet Nida (Nyhus) med Värmland, Vadsbo, Skånings, Kinne, Vartofta och Gudhem härad, men hon får behålla alla gårdar, byar och kvarnar som hennes förre make Erik, hertig av Sverige, skänkt eller pantsatt henne, och de gårdar, byar och kvarnar som hon tidigare innehaft genom gåva på grund av sitt äktenskap med Erik skall hon behålla. 3) Ärkebiskopen skall på kungens vägnar överlåta till drottningen Dagsö med alla härad, byar, gårdar och kvarnar, på samma sätt som drottning Helvig tidigare innehaft det, och drottningen skall själv utse och avskeda fogden på Dagsö, och denne skall inte göra någon skada på underlydande, och om han gör det skall han gottgöra det enligt landets lagar, och drottningen skall inte mista sitt herravälde på grund av detta eller andra orsaker, förutom de orsaker på grund av vilka andra drott"
C6449B888,"Botild Petersdotter i Husaby by i Västergötland bortbyter till domprosten Nils Magnusson i Strängnäs en gård i Foleberga i Västergötland mot 12 öresland i Säby i Barva socken. Brevet beseglas av utfärdaren, hennes son Erik Magnusson och Notolf Eggesson samt av 12 fastar."
C228FA9DC,"Ingebjörg, Olofs och Helenas Tunesdotter kungör att deras bror, den förre domprosten Bengt i Skara, till domkapitlet bortbytt eller på annat sätt till sig förvärvat 3 gårdar i Ullerud, Prestryd i Mo, 1/3 i Tåstorp och gårdarna Lutrum, och att de därför till nuvarande domprosten Bengt och domkapitlet återbetalar och överlåter gårdarna Hällsta, Billa, Nordby i Torsö, 2 gårdar i Åsen i Berga socken samt en del av gårdarna i Lövn med jord i Karleby, som Gise innehaft, med villkor att Bengt ska gottgöra Håkan Eliseusson för gårdarna i Barkna, som han återkallat från Håkan, och att Bengt inte ska återkalla de av hans bror gjorda bortbytena. Utfärdarna beseglar."
CDFE85358,"Grevarna Henrik och Claus av Holstein sluter med kung Valdemar av Danmark ett fördrag om evig vänskap och sonskap, varvid de förbinder sig att inte hindra kungen eller hans män i hans slott, arv, land och pant i Danmark och Holstein, så länge som det inte gäller att uppfylla löften till kung Valdemars son, som inte är nämnd i fördraget. Fördragsparterna skall utse två män var, vilka skall avgöra tvisten på Mikaelidagen i Odense. Om de inte kan enas, skall de utse en överman, som skall avgöra tvisten på samma plats och tid. Om någon av fördragsparterna inte kan komma, skall de utse en annan man, som skall avgöra tvisten på samma plats och tid. Om fördragsparterna blir överens eller om övermannen avgör tvisten, skall de som lovade eller lovades något hålla det, och de skall inte bryta löftet, som inte är nämnt i fördraget. De brev som grevarna givit kungen skall förbli i kraft. Utfärdarna beseglar tillsammans med sina medlorder."
CE2F30B16,"Grevarna Henrik och Nicolaus av Holstein meddelar att de mött kung Valdemars trupper för att förklara stilleståndet, men att detta inte kunnat ske med hertigen av Schleswig, vilket varit hinder. De ber därför att deras förmaningar om stilleståndet skall utfärdas och att de skall uppmanas att förklara stilleståndet med deras syster, som de tidigare bett om. De ber vidare att de skall vara bestämda i sitt arbete, vilket de litar på, och att de skall besvara detta så snart som möjligt. Brevet är utfärdat på onsdagen efter den heliga Agnes dag på uppdrag av utfärdarens bror Nicolaus, greve av Holstein. Utfärdarna beseglar."
C5C503CD6,"Jösse Magnusson av Tandeln och hans hustru Katarina Magnusdotter säljer till Magnus Ragvaldsson 1/2 markland i Hakista i Husaby sn, Österrekarne hd, för 68 mark svenska penningar. Utfärdarna samt Magnus Simonsson, Magnus Elifsson, Nils Magnusson beseglar."
C82A569FF,"Ragvald Jonsson säljer till Vårfruklostret i Vadstena 1/2 attung jord i Skede i Harstads socken i Lysing härad. Jorden var köpt för 16 mark penningar, så gott mynt att 1 lödig mark gällde för 1 mark svenska penningar. Jorden hade Ragvald Jonsson köpt och vad som var bättre än pengarna gav han till klostret för sin och sina föräldrars själar. Han avhänder sig och sina arvingar den nämnda 1/2 attungen och överlåter den till Vårfruklostret i Vadstena som evig ägodel. Han ger häradshövdingen i häradet där jorden ligger fullmakt att fastfara den på rätt ting, klostrets syssloman eller dennes ombud efter landslagen. Utfärdaren samt riddaren Birger Ulfsson, kyrkoherden Tike i Heda, Hartlev Bolk, borgmästare i Skänninge samt utfärdaren beseglar."
C3D262F66,"Riddaren Erik Karlsson, hövitsman på Öland, och kung Albrekts kammarmästare Volrad van der Syle lovar att ersätta herr Peter Porse, kallad Geet, med 120 mark silver, som denne utlovat till Johan Basswitz på pingstdagen nästkommande år, och att de inte skall göra Peter Porse skadeståndsskyldig för detta belopp. Utfärdarna beseglar."
C74B7462E,"Hinzeke Rosingh, son till Tideman Rosings syster, upplåter till sitt hus, som ligger vid Marqvard Wulfs och Thomas Murkers hus i Fattighusgraven, och erkänner att detta hus, fastän det i stadens bok är upptaget i Tideman Rosings namn, i verkligheten tillhör Tidemans bror Bruneke Sture, son till Lübeckborgaren Lubbert Sture i Kalmar. Godscalcus van Attendorn och Johannes Meteler, borgmästare, upprättar på rådets uppdrag ett memorial härom. Utfärdaren beseglar."
C181B4645,"Biskop Magnus och kapitlet i Åbo säljer till Sven Torgyllsson, Henning Hane och Jon i Kaukola av dennes styvbarns vägnar och deras arvingar de tre kronojordlotterna i Ilvettjä, Satula och Taipale i Bjärnå socken. Utfärdarna förbinder sig att årligen betala 8 mark penningar i avgäld, varav hälften i öl och hälften i kost, och att årligen leverera 1½ lass fasta från Fastarby till Lammala. Utfärdarna beseglar."
CD2EA48D5,"Peter Svensson, Bengt Petersson och deras måg Peter Grön säljer till Birger Ulfsson allt de ärvt efter sin bror Joar Svensson, nämligen Ögelsryd i Hällestads socken, med alla tillägor, kvarnar och fiskevatten, för fullt värde. Utfärdaren Peter Svensson beseglar."
CF6EA9BD2,"Bo Jonsson, drots i Sverige, kungör att han genom ett lagenligt och offentligt skifte med riddaren Karl Ulfsson av Tofta, lagman i Uppland, överlåtit till denne på evig tid följande egendomar på provensväg, vilka erhållits av fröken Elin Gregersdotter i Västerås domkyrka och av henne överlåtits till Bo Jonsson på provensväg: 12 öresland i Gällberga i Skultuna socken, 1 markland i Kåsta i Skultuna socken, 10 penningland mindre i Kåsta, 16 öresland i Röda i Skara socken, 3 öresland i Lilla Berga, ½ sätesöresland i Fastaberga, ½ markland i Finnsta, 12 öresland i Bäcke i Skärike socken i Norrbo härad samt 1 tomt i Västerås på Smedjegatan norr om den nuvarande gatan, där ett bakarhus står, som Bo Jonsson erhållit av Tideke Petersons arvingar och hans hustru Margareta. I gengäld har Karl Ulfsson av Bo Jonsson på provensväg erhållit följande egendomar: 1 markland i Hornby i Kulbäcks socken, ½ markland och 4 penningland i Horn i Kulbäcks socken, 4 öresland i Lilla Ekeby i Rytterne socken, ½ markland i Haghult i Munktorps socken, ½ markland i Mossebo i Rävsala i Mosjö socken, Kutabo, Mala, Qvarnatorp och ett gods kallat Sundnäs i Kungsåsa socken, 5"
C3F7CEB3E,"Ärkebiskop Johannes och domkapitlet i Uppsala stadfäster en prebenda, som kaniken Olof Magnusson, senare domprost i Uppsala, på grund av sin fromma tanke att den oförutsedda dödens plötsliga bortryckande ofta lämnar goda föresatser ofullbordade, men som Gud, som över allt råder, förser människorna med, så att de genom sina jordiska tillgångar, som med tiden förgår, kan förse sig med eviga tillgångar, grundat till heder för S:t Blasius, biskop och martyr, och S:t Franciscus, bekännare, och för sina och sina närmaste själar. Han anslår därför 5 markland jord, 3 apotek och 28 mark i årlig avgift av hus i Stockholm för en evig allmosa, som skall förvaltas av den som innehar prebenden, och vill att efter att han själv utsett herr Jakob till innehavare av prebenden, skall ärkebiskopen och hans efterträdare ha rätt att tillsätta innehavare av denna prebenda. Utfärdarna beseglar."
C52C64B69,"Ärkebiskop Johannes i Uppsala skänker en stenbyggnad till Johannes Svinegarn, kanik i Uppsala, som skall användas som kanikresidens. Utfärdaren samt Uppsala domkapitel beseglar."
C67274D53,"Ärkebiskop Johannes i Uppsala ger domkapitlet tillstånd att fira mässa på sina vägar, även om de är bannlysta eller belagda med interdikt, och att lyssna till mässan i sina hem eller på andra passande platser, där de är församlade. Detta gäller inte under allmänt eller särskilt interdikt. Utfärdaren beseglar."
CEE7FB198,Ärkebiskop Johannes i Uppsala utfärdar avlatsbrev för Sko nunnekloster. Se vidare DS X 1012.
C4456D8BC,"Hildegund, änka efter Vennemari van Esende, upprättar testamente. Hon ger 20 mark penningar till S:ta Katarinas kyrka i Visby och 2 mark penningar till varje munk därstädes. Vidare ger hon 5 mark penningar till S:t Nicolaus"
C4CA8F32E,"Holger Larsson i Tegel, Andreas Karesson i Tensta, Sigge i Marby och Lars i Kumlaby erkänner att de till riddaren Anders Eskilsson för två stycken kortelskinn, som då kostade lika mycket i Stockholm som kortelskinn därstädes, betalat böter för en skada som de ådragit sig efter att ha dödat Bengt från Berga. Eftersom ingen av undertecknarna har eget sigill, beseglar herr Erik av Vasa."
C893727F8,Borgmästare och råd i Rostock tillskriver borgmästare och råd i Lübeck och erinrar om den överenskommelse som slutits mellan dem och kung Valdemar av Danmark och uppmanar Lübeck att återställa de pengar och skeppsbrott som Valdemar nyligen återtagit. Rostock beseglar.
CACADDB82,"De utvalda ombuden från de nordtyska städerna möttes i Rostock på Herrens omskärelsesdag och förhandlade om följande punkter: 1) De enades om att stanna kvar och iakttaga den överenskommelse som slutits i Visby. 2) Lübeck sänder 3 koggar med 300 man, Rostock 2 koggar med 140 man, Stralsund 2 koggar med 20 man, Wismar 1 kogg med 100 man, Hamburg 1 kogg med 100 man, som skall återkomma och meddela rådet i Lübeck sitt svar. 3) Hamburgarna förbinder sig att inom en dag efter nästa söndag efter 8/1 sammankalla en rättarting i sin stad med bröderna i Bremen och Stralsund, till vilken rådet i Lübeck skall sända sina ombud för att förmå dem att deltaga i expeditionen till förmån för den gemensamma handeln. 4) Lübeck skall på samma sätt underrätta Kiel. 5) Greifswald sänder 1 kogg med 60 man, för vilken Henrik Schupplenbergh rider hem och omedelbart återkommer med svar. 6) Kolberg sänder 1 kogg med 40 man, som de återför till rådet i Stralsund. 7) Stettin sänder 1 kogg med 8"
C4E476552,"Borgmästare Rolandus, präst, samt borgarna i Malmö säljer till Johannes Dænæson en gård i Malmö, som Rolandus förut tillhört Margareta Ungersköld, belägen söder om hennes gård. Utfärdarna beseglar tillsammans med Ascer Dign, kungens uppbördsman, Strangonis Jönsson, Peter Næring och Eskil Nilsson, borgare i Lund."
C34B7174A,"Ingeborg Sigvidsdotter, änka efter Peter Prick, säljer till riddaren Algot Magnusson sin gård Torp i Floda sn, Flundre hd, samt gårdar i Flundre hd och Marks härad."
CB0AA42B1,"Jlena, gift med Lars Botolfsson, kungör att hon med samtycke av sin man, sin son Karl och sin svärson Nils Turesson överlåter sin gård Hjärtnäs till Nydala kloster, varvid klostret skall hålla en mässa varje vecka för henne och hennes förfäder och årligen en mässa för henne och en middag för 13 fattiga. Biskop Karl i Linköping samt utfärdaren och de sistnämnda beseglar."
C7E66B117,"Nils Timmerman och hans hustru Elin pantsätter till underlagmannen i Finland Kettil Olofsson 3 äng i Nemi i Kårkala i Pikis socken för 5 mark svenska penningar. Fastar är Sune Hidenalt, Martin Kydronpoyke, Peter Teyto, Joper Kopason, Martin Enkiæ, Peter Akos, Jöns Hinsekesson, Erik Porampoyke, Joper Skælghe och Holmvid domare. Utfärdarna beseglar."
CE1C1E008,"Magnus Elofsson säljer till sin måg Jusse Magnusson och sin dotter Katerina jord i Torlunda i Röks sn, Rönö hd."
CFF8FFFDC,"Magnus Elofsson säljer till Jöns av Vadsbro och Kettil i Strengnäs 3 öresland i Vadsbro socken. Fastar är Lars Mattsson, Kettil av Strengnäs, Björn Dansson, Ingevald Anundsson och Anders Mattsson. Utfärdaren beseglar."
CFBE84D89,"Priorinnan Elin och konventet vid S:t Martins kloster i Skänninge samt Botild Bengtsdotter, änka efter Magnus Larsson, intygar att de till prioren Tord och bröderna i Eskilstuna (johannitkloster) bortbytt sina gods i Varvs socken i Strängnäs stift, nämligen gården Varv, Strand, Spånga, Lundatorp, Fagerås, Sätra, Haggebergstorp, Bergsvälld, Forsåns ström, Gränö, Havsto, Kviselöholm, Gismundahäll, Knarrholm, Hyvelholm, Yttre Ulfsholm, samt i Hultsta 1 attung och 8/12, i Kolstad 4 attungar, i Hånö 2 attungar, i Sämestad 1/2 attung och 1/1 attung, i Sandby 1 attung, i Skänninge 1 gård och 1 kvarn i Öjebro, med alla tillägor, mot 6 ½ attungar och 1/4 attung i Spånga med gårdarna Laggeramala, Uggletorp, Gunnetorp, Petersmala och Lykketorp,"
C57839442,"Sevard Magnusson, hövding i Tjurbo härad, intygar att Hallabjörn i Halstad och Ragvald Larsson i Vall skiftat jord, varvid Hallabjörn gav Ragvald 16 öresland i Kolmesta i Björketuna socken och Ragvald gav Hallabjörn 3 öresland och 4 penningland i Halsta och Björketuna socken, 18 öresland i Njättuna i Tensta socken och 1 öresland och 1 penningland i Kolmesta i Björketuna socken. Vittnen var Johan i Tortuna, Näsbo i Halstad, Jogan i Nybble, Matts i Råsta, Jogan i Vendel, Bengt i Hane, Torkel i Torp, Peter i Torp, Lars i Torp, Olof i Råbäck, Peter i Hallabäck, Nils i Rofertuna. Utfärdaren beseglar."
CE59910FD,"Toste Tordsson, Arne Beinsson, Reidar Brynulfsson, Arne Bogger, Steinar på Bakka, Nikulas Briggi, Toste Torgeirsson, Onund på Tolfsböle, Reidar i Lånum, Björn på Hede och Björn Smed kungör att de var på lagting på Baggeholmen på onsdagen näst efter Margareta mässa (25/3) i kung Håkans 20:e regeringsår (1361) och att de där hört att Toste Jonsson och hans syster Ingeborg överlåtit 12 gärd i deras ägo till Simon Dyra, varvid de granskat båda parters brev och funnit att de i sitt arvsdomstolsavgörande dömt Bergsveins arvingar till 9 öresbol i Torridslöv, som var belagda med skatt och avgifter för Kyrkofjäll, och att Simon dömts till 1 mark i skatt för den jord som Orm haft och inte gjort någon avräkning för, och till ytterligare 1 mark i skatt för det överflödiga, eftersom han inte ville ha jorden efter att ha blivit utkrävd, och att Simon skulle söka den med laga kraft, om den var orättmätigt borttagen. De dömde vidare Simon till att följa 9 öresbol i Bäckemåla och 15 öresbol i Högemåla, tills det blivit avhämtat med laga kraft, och att Simon skulle ha alla de jordar som Jorund Hafrsson ägde på Tjörn och som var avsedda för evig ägo, och att de beseglat detta brev."
C1136B721,"Biskop Bengt i Linköping tillåter inte att de i Skedevi, Nävla, Gudhem och Byarum, som har rätt till fiske, störs av någon."
C15BDF2E4,"Biskop Björn i Linköping kungör att han till Nydala kloster skänkt en kvarnplats vid Långefors, som Kettil, Björn, Helgon, Hildon, Mark, Bove, Ture, Peter, Bove, Hilvulf, Bengt, Tord, Herlak, Ture, Eskil, Håkan och Björn köpt av Torsten. Vittnen är biskopen själv, hans kaplan Nicolaus, Karl Egge, Brunolf, stallmästare, Gunno, biktfar. Utfärdaren och mottagaren beseglar."
C7994B541,"Biskop Bengt i Linköping ger Sko domkyrkas predikarbröder rätt att bevilja avlat åt botgörare, som besöker kyrkan på långfredagen, på de båda heliga korsets festdagar, på alla jungfru Marie högtidsdagar, på Maria Magdalena, Katarina och de elvatusen jungfrurnas festdagar, på de heliga bekännarnas Augustinus, biskop, Dominicus och Petri Martyrius festdagar, på den andra dagen efter Herrens födelse, på påskdagen och pingstdagen samt på dessa festdagars och solenniteters oktav med vördnad och heder. Utfärdaren beseglar."
C002E40CC,Wilhelmus de Boecholte intygar att Lübecks råd uppfyllt hans krav på lön för hans tjänstgöring i Helsingborg till Mikaelidagen. Utfärdaren beseglar.
CBA3D8949,"Kyrkoherden i Skeda Götrik intygar att han, då han för ett kvarts sekel sedan fick Skeda kyrkas vård, redan då abboten Ingemar (i Nydala) var i fredlig besittning av gårdarna i Kesteda, Kyrkuddarp, Guvaryd och Stavaryd, vilka sedan utan avbrott tillhört abboten och hans efterträdare. Utfärdaren beseglar."
C13E9104E,Domkapitlet i Roskilde vidimerar kung Valdemars av Danmark brev av 13/12 1361 till drotsen Henning Podebusk och ärkebiskop Jacob Gertsen i Lund om Danmarks rättigheter och friheter. Utfärdarna beseglar.
CC1478D0C,"Ingegerd Frösteensdotter giver sin hustru Kettilög en attung i Harg med alla tillägor. Om hon dör först skall godset återgå till utfärdaren och hans arvingar, om han dör först skall det tillfalla Kettilög och hennes arvingar. Birger, fogde i Skänninge, Dan, utfärdarens bror, beseglar."
C60B0AFDA,Hemming Holmgersson säljer till en man från Nyköping en öra jord i Vall i Husby socken (Snevringe härad) för 6 mark penningar. Om jorden inte blir inlöpt efter 14 dagar efter påsk skall den tillfalla allmänna rätten. Utfärdaren beseglar.
C418FA3AC,Riddaren Tomas van Fijsin säljer till Birger Trolle sina gods i Byrshult i Lemnhults socken.
CC3DFA560,"Magnus Hemmingsson, kallad Kraka, byamans i Skänninge, säljer till Skänninge nunnekloster jord i Narverö."
C73C6DF97,Magnus Kettilsson förbjuder alla att förfara med hans faders gods Svansjöhult på annat sätt än att lägga det under laga domstol. Utfärdaren beseglar tillsammans med lagmannen i Västergötland Algot Bengtsson.
C788EDED4,"Rangvald, kyrkoherde i Mörlunda, giver till sina fosterflickor Ragnhild och Katarina, döttrar till Margareta, sin gård Holmstenstorp i Malhälla socken, som han erhållit av Ulf Nilsson på ena sidan genom byte och på den andra genom köp för 10 mark penningar, med alla tillhörigheter, och förklarar att gården skall tillfalla dem och deras efterkommande, om de skulle få barn, och att den överlevande skall ärva den andra, om den ena skulle avlida barnlös. Utfärdaren samt Sune Jonsson, Johannes Nilsson, Magnus Erengislesson, Ulf Nilsson och Rangvald beseglar."
C356A4EF1,"Underlagmannen i Siende hd, Ingevald i Klintum, utfärdar fastebrev på jord i Skyesta i Irsta sn, som fru Ermegard, änka efter Knut Bosson, tillskiftat kaniken i Uppsala Peder Henriksson."
CCFB68E85,Påven Paschalis(II) till alla kristna med befallning att bistå ärkebiskop Ebonus av Reims på hans missionsresa till de nordliga folken. Se vidare DS nr 6922.
C2C87D3C1,"Hans Palle, byamans i Skänninge, säljer till Jon Bark den ena halvan av gården i Sprätte gata, som Karin Simonsdotter ärvt. Utfärdaren samt Vineke, kanik i Linköping, Bråd Östansson, fogde i Skänninge, Hans Persson och Nils Skänninge borgmästare samt Skänninges stad beseglar."
C777BC65D,"Hans Pålsson, byamans i Skänninge, kungör att han till Vadstena kloster för 12 mark penningar överlåtit den jord i Vallösa i Appuna socken, som Göbla Grotte, byamans i Skänninge, till honom och hans bröder utskiftat med hans mors samtycke. Utfärdaren samt borgarna i Skänninge Johan Parchetin och Rembold beseglar."
C5584D1F5,"Underhäradsdomhavanden i Oppunda hd, Peter Tovesson, utfärdar fastebrev rörande ett jordaskifte, varvid Ragnar i Hässesta och Helga kyrka i Kila sn upprättade ett jordaskifte, varvid Ragnar till Helga kyrka avträdde jord i Bänsta i Hässesta sn och Helga kyrka till Ragnar jord i Råvastom i Kila sn."
C19B7C82C,"Fogde och råd i Västerås intygar att kyrkoherden i Söderbärke Johannes, som är svärfar till skräddaren Olof, till denne skänkt ett hus i södra delen av faderns gård och därjämte en åker på 10 ½ öresland i Västerås. Västerås stad beseglar."
C2CC63857,"Borgmästare och råd i Västerås intygar att Thidericus Scholer, borgare i Stockholm, inför dem fört en mängd osanna beskyllningar mot sig, men att han inför kung Magnus blivit överbevisad om att han inte haft rätt i något av sina påståenden. De ber därför Lübeck att häva den arrestering som Thidericus Scholer orättmätigt låtit utfärdas mot dem. Utfärdarna beseglar tillsammans med borgmästare och råd i Stockholm."
C8BD9FB1C,"Borgmästare och råd i Reval till borgmästare och råd i Visby med underrättelse att Revalborgarna Magnus van Ariastam, Martin van Ödvistom, Philippus van Ödvistom, Mathias Nase, Lars van Grytom och Peter van Appelby uppgivit att Mathis Larsson, som är borgare i Visby, är änkan Katarina Kremers sysslings son och att han tillskansat sig hennes egendom. De ber därför Visbyborgarna att hjälpa Mathis Larsson att återfå det han tillskansat sig."
C077CA8B1,"Hertig Erik av Sverige ger Campenborgs borgare privilegier att fritt besöka alla Sveriges hamnar och där driva handel, att bland sina landsmän välja en fogde på skånemarknaderna och med samma rätt som lübeckarna uppföra sina bodar (vitten), i dem sälja så väl ylle som linnevävnader. Han ger dem på sitt fält vid Skanör ett fit, som skall anvisas dem av kungens drots herr Claus van Lembek, hans kammarmästare herr Evert Molteke, båda riddare, och hans kansler herr Erik van Kettler, och tillåter dem att i hans skogar fritt hugga ved för sina fartygs behov. Han förklarar att om någon av Campenborgs borgare begår något brott i hans rike, skall han själv och ingen annan straffas, såvida han inte med våld undkommit eller blivit bortförd av någon av borgarna, och att i så fall borgarna skall ersätta honom enligt Campenborgs sedvanerätt. Han förbjuder sina fogdar och andra invånare i hans rike att på något sätt besvära Campenborgs borgare. Utfärdaren beseglar."
C6D4363AF,"Hertig Erik av Sverige befaller sina fogdar och andra ämbetsmän att tillvarataga de kamperborgares och deras gods, som färdas genom hans rike, och att hjälpa dem i deras ärenden. Han ber även alla inbyggare och utlänningar att hjälpa kamperborgarna, varhelst de kommer, och att inte låta dem bli illa behandlade. Utfärdaren beseglar."
CB93203CB,"Hertig Erik i Sverige kungör att Östkinds härads allmoge klagat över att frälsemän tillägnat sig allmänningar, nämligen Brättemark med tillägor, Nord- och Södra Braviken, Öraholm och Skär i Husaby sn, Jörsberg, som förut kallats Menaos, Ritshukla, Klackarbo, Petersborg, Stockholmstorp, Halderstorp, Espingedall, Salsbäck, Ramsdall, kvarn i Ripåa och Bredakers Å, och att de besitter dessa allmänningar som om de vore deras egna och inte betalar avgifter för dem, vilket inte är skäligt. Eftersom hertigen och rådet i riket, som i detta ärende sammanträtt, dömt att de ovannämnda allmänningarna och inägorna med alla deras tillägor, öar, holmar och skär, skall tillhöra kronan och att de som nu innehar dem skall återlämna dem till kronan inom sex veckor, med ed eller 40 mark i böter, varav 3 mark skall gå till Sakeri, skall hertigen nu meddela detta till de ovannämnda frälsemännen. Utfärdaren beseglar."
CE12E2868,"Erik, Sveriges hertig, kungör att han till sin trogne tjänare Turgils Klemesson, sin älskade broders och herres Birgers av Sverige tjänare, överlåtit sin gård Sörby med underlydande jord i Sörby, Vestra Sörby, Orberga, Vall, Fotsta, Billa, Billaberg, Västeråvall, Alsing, Gärdling, Eke, Norrby, Biuranes och Kvast. Utfärdaren beseglar tillsammans med Birger, kung Helvig, Valdemar, Turgils Knutsson, marsk."
CF6FF853F,"Hertig Erik av Sverige kungör att han och hans bror, hertig Valdemar, samt riddarna Bernhard Molzaan och Henricus av Magdeburg, på kung Eriks av Danmark vägnar förbundit sig att bistå denne med 10 svenska och 10 tyska riddare, om kung Erik av Danmark, som förbinder sig att bistå hertig Eriks av Sverige hustru, Norges drottning Margareta, med att efter dennas död tillförsäkra hennes son Norges rike, skulle avlida före denna händelse. Hertig Erik lovar vidare att efter att ha tillträtt Norges rike, bistå kung Erik av Danmark i alla tvister med alla andra. Hertigen beseglar."
C29A6C999,"Själagift med Själaklostret i Julita socken. Klostret erhåller en gård i Lid i Julita socken, som utfärdaren skänkt till sin hustru Margareta Bosdotter, och som hon skall ärva efter utfärdaren. Klostret erhåller vidare en förgylld kalk av 7 lödiga mark i sträck med guldkant till patenen, en mässkrud, en kantorshätta och en tavla med ett ciborium på högaltaret. Klostret skall årligen fira 1 mässa på utfärdaren och alla kristnas själar, 2 mässor i veckan under 3 år och 3 mässor årligen. Klostret skall årligen ge konventet en penninggåva och varje präst skall fira en mässa för utfärdaren och alla kristnas själar med vigilia. Av utfärdarens gods skall klostret erhålla en årlig avkastning"
CCD894994,"Magnus Nilsson och hans hustru Ingrid upprättar sitt testamente, varvid de bl.a. ger gården Lida till Sko kloster, där de väljer sin grav, och där de insätter en årlig mässa för sig och sina arvingar. De ger även klostret en gyllene kalk, en paten, en mässhake, en dalmatika, ett subtilorium, en kåpa för körsångaren, en tavla med ciborium och en ryggtavla, som skall läggas framför högaltaret. Vidare ger de klostret en årlig middag för konventet och"
CE9A9B0CC,"Gudmundus, diakon, överlåter till Karl Larsson och dennes arvingar 10 örtugland i Täljeby i Slemms socken mot att Karl Larsson till Gudmundus överlåter 1 attung i Kräckelstad i Västeråkers socken och 16/16 av ett kvarn i Rånsta. Brevet beseglas av Byrger Nilsson, Peter, kyrkoherde i Botkyrka, samt utfärdaren."
CAE589A05,"Ragvald Håkansson kungör att han på fredagen efter Martinmässan år 1325, då herr Johannes (Westfal) predikade, i Stens kyrka på hans (Johannes) högra sida upplät 5 öresbol i Kråkered med hus och alla tillägor och 6 öresbol i Skårene med samma skifte, så att Ragvald skall bygga kyrkan på den större av sina jordar. För kyrkan erhöll han 11 öresbol i Torp med alla tillägor. Utfärdaren beseglar."
C4A37CB76,"Magnus Gregersson kungör att ärkebiskop Nicolaus i Uppsala har fullmakt att efter eget gottfinnande byta eller på annat sätt avyttra 7 örtugland och 1½ penningland i Feringe (Färentuna) i Berga by, som tillföll utfärdarens son Peter genom arv från herr Karl Erlandsson. Utfärdaren beseglar."
C4F6A8F88,"Magnus Gregersson upprättar sitt testamente; han skänker till Sigtuna konvent 100 mark penningar, dels för sin son Peters själ, dels för ett brott, som denne begått mot konventet, och som skall vara avbetalt inom ett år och en dag från utfärningsdagen. Vidare skänker han 5 mark penningar till Uppsala domkyrkas byggnad, 3 mark penningar till mindrebröderna i Uppsala, 2 mark penningar till predikarbröderna i Västerås, 2 mark penningar till predikarbröderna i Strängnäs, 3 mark penningar till mindrebröderna i Enköping och ett hospital därstädes, 3 mark penningar till klostret S:ta Klara i Stockholm och 2 mark penningar till mindrebröderna därstädes, 1 mark penningar till Fitjums kyrka och präst, 2 mark penningar till Aspås kyrka och kyrka, 1 mark penningar till Dalby kungsgård i Södermanland, som skall vara avbetad inom ett år och en dag från utfärningsdagen. För att betala dessa legat och andra skulder samt tillfredsställa eventuella skadelidande upplåter han Dalby kungsgård i Södermanland och sina övriga gods. Utfärdaren beseglar tillsammans med priorn i Sigtuna Israel. Elin, utfärdarens änka, beseglar inte."
C5151CFDF,"Magnus Gregersson pantsätter till Bo Jonsson, fogde i Stockholm, sina gods i Sommaränge, Sätuna, Fåfsta, Sambo och Kellabo i Tiundaland med villkor att om han inte betalar skulden inom utsatt tid, skall Bo Jonsson få köpa godsen för 400 mark penningar. Utfärdaren samt Gregor Anundsson beseglar."
C8921EA39,"Magnus Gregersson överlåter till Sko kloster 6 öresland i Rånäs, ½ markland i Sundsta och 10 örtugland i Nävsta, vilka han förut tillskiftat sin dotter Margareta, som blivit nunna i Sko kloster. Utfärdaren samt ärkebiskopen i Uppsala, riddarna Karl Orvastsson och Gisle Elinasson, väpnaren Jedvard Filipsson, väpnaren Gregers Magnusson, kyrkoherden Johannes Filipsson i Frösunda samt andra trovärdiga personer beseglar."
CC0019B86,"Magnus Gregersson kungör att han till Uppsala domkyrka överlåtit en del av ön Arnö, som han ärvt efter sin far, och att han för detta erhållit full betalning. Utfärdaren ger fasta på överlåtelsen och uppräknar de fastar som närvarit vid överlåtelsen. Utfärdaren beseglar."
CCBBE0971,"Magnus Gregersson säljer till Uppsala domkyrka 6 öres och 2 örtugland jord i Söderby i Danmarks socken. Utfärdaren lovar att om jorden skulle komma i hans eller hans arvingars ägo eller i någon annans ägo, som anser sig ha rätt till den, skall jorden återlösas med lika god jord på annat ställe. Gregers Anundsson beseglar."
CDE92D096,Magnus Gregersson säljer till domkyrkan i Uppsala och herr Sigvast i Söderby jord i Danska socken i Söderby i Danmark. Utfärdaren samt hans bror Johan beseglar.
C9607153F,"Birger Trule, Knut Nilsson, Harald Larsson, Jon Helgesson, Nisse Djäken, Ture Assarsson, Jon Läma, Hans Skalle, Martin Staffansson och Tue Djäken, knappar, intygar att Brönolf Magnusson, knappe, inte är skyldig Sven Lax något, eftersom Sven Lax inte har sagt att Brönolf Magnussons dotter, hans hustru, skulle ha förlåtit Sven Lax son Lasse Svensson, som var hennes make. Sven Lax förnekar att han skulle ha haft något att förlåta hustrun eller hennes släktingar för Lasse Svenssons död. Sven Lax kan inte bevisa detta. Birger Trule"
C194942DA,Borgaren Ambrosius i Stockholm kungör att han tillklarissorna i Stockholm skänkt 1/8 örtugland i Ulvåla i Tälje socken och 4 örtugland i Svarva Bolstad i Helga Lekamens socken. Utfärdaren samt Stockholm stad beseglar.
C7E0E1758,"Ingemund Algotsson och Ingemar Nilsson, borgare i Jönköping, säljer till häradshövdingen i Västbo Thord Jonsson sin andel i Tunderbohult i Hestra sn och Björnared i Reftele sn."
C3DEE7CAF,"Jöns Brun i Varv säljer till Linköpings domkyrka 1/4 attung i Vindstad i Varvs socken. Utfärdaren beseglar tillsammans med Elof i Grevstad, häradshövding i Aska härad."
C0ADA239E,"Tore Magnusson kungör att han till Ebbe Pik avträtt allt sitt gods i Kolmårda och Hagerlef i Västergötland, som han ärvt efter sin hustru Elin, mot att Ebbe Pik avträtt allt sitt gods i Finna till sin hustru Margareta Petersdotter och mot att Tore Magnsson ersatt Ebbe Pik för de egendomar som Ebbe Pik ärvt av Magnus Eriksson. Utfärdaren samt Nils Knutsson och herr Peter av Risby beseglar."
CA639FDDB,"Johan Esbjörnsson och hans hustru Ingegerd Svensdotter säljer till Nisse Karlsson jord i Skäggesta i Lilla (Sala) socken i Trögd hd. Tolv män uppräknas som fastar. Utfärdaren samt häradshövdingen Knut Gislesson i Trögd, Peter Viters och herr Anders i Lilla (Sala) kyrka beseglar."
CA4234537,"Väpnaren Bengt Paulsson av Starby pantsätter till kaniken Lars Åkesson i Lund sin gård i Starby med alla tillägor för 6 mark silver, som han är skyldig honom. Utfärdaren samt Sigerus av Kvisslinge, Peter av Starby, Jon i Jonstorp, präster, Karl Elofsson, Peter Håkansson och Eskil Klemens beseglar."
C4B0CD142,"Riddaren Nils Akesson av Karstadsholm kungör att han av fri vilja till kung Valdemar av Danmark skänkt alla sina gods på Själland, nämligen huvudgården Annes, hela Annes by och Annes Fang med vattenkvarn, åkrar, ängar, betesmarker, skogar, fiskevatten, uppskattningar och nuvarande avkastning, vare sig de är våta eller torra, nära eller fjärran belägna, och vidare hela byn Vallby och en gård i Höbjerg i Holbæk härad, hela byn Ivetofta och hela staden Hökendrup med tillägor i Halsnæs härad, en vattenkvarn Krattemølle vid Skjoldborg, en vattenkvarn i Gjærløse, en gård i Ølstykke med en tomt för inhysesfolk, en gård i Græfæ, en gård i Egge och Olevsgård med en vattenkvarn, vilka sistnämnda gods han tidigare pantsatt till riddaren Bo Falk för 50 mark silver, vilka gods kung Valdemar personligen återlöser, vidare en gård i Råklöf med tillägor för en summa pengar som han är skyldig riddaren Jakob Bekker, vilken summa efter Jakob Bekkers död rättmätigt tillföll kung Valdemar, och vidare för alla andra skulder som han tidigare varit skyldig kung Valdemar, vilka han frivilligt överlåtit till kungens händer, och för vilka han nu avträtt sina gods på Själland och Skåne, såsom han i allmänna ting i Skåne och på Själland muntligen kungjort, utan någon förhalning. Utfärdaren samt ärkebiskop Nicolaus i Lund, domprostarna Nicolaus Jakobsson och Andreas Niclesson i Lund,"
CAF8B1F74,"Riddaren Nils Axon av Karstadholm erkänner sig skyldig kung Valdemar 10 mark rent silver för ett lån, som han eller hans arvingar skall betala före nästa trettondag med sterling- och lübska penningar. Utfärdaren beseglar."
C524553D6,"Riddaren Magnus Trottesson och hans hustru Märta, Magnus Kase dotter, samt hans svärmor Bengta säljer till riddaren Knut Ödsson allt det som Märta ärvt efter sin far i Västergötland, nämligen Svansö och allt som hör dit, och det gods som Bengta ägt i nämnda landskap, för att Knut är närmaste arvinge och har erbjudit dem full ersättning. Utfärdarna beseglar."
C24018F53,"Underhäradshövdingen i Arboga hd Joper Djäken kungör på herr Turesson Bengtssons vägnar att han vid Ökleta ting 1288 (1289) varit närvarande och att där då Peder Suneson i Risstena och Anders i Led i Ekeby sn, som var Nanne i Spånga son, gjort jordaskifte med varandra. Anders gav Peder 3 öresland i Spånga och Peder gav Anders 3 öresland i Led i Ekeby sn, som hans hustru Cecilia Moringavara ägde. Följande fastar uppräknas: Nils i Danby, Tomas i Hosta, Peder i Rödje, Håkvid i Nibble, Hungar i Kvillinge, Olof i Örberga, Karl i Hammar, Nils i Vägby, Tomas i Taby, Ragvald i Ösberga, Jon i Dal och Olof i Hellby. Utfärdaren beseglar."
C108B0CE9,Underhäradshövdingen i Bankekinds hd Jon Gudmundsson utfärdar fastebrev rörande jordabyte mellan Magnus Hemmingsson och Askeby kloster.
C33665813,"Underhäradshövdingen i Bankekinds hd Jon Gudmundsson tilldömer Askeby kloster en skogstycke i Gridbo (i Norra och Södra Gridbo) i utbyte mot en annan skog, som Askeby kloster tilldelats."
CD62AC10C,"Underhäradshövdingen i Bankekinds hd Jon Gudmundsson i Eriksstad utfärdar fastebrev rörande jordaskifte mellan Halstan Ingevaldsson, Harald Hemmingsson, Tjälve Karlsson, på sin sons Karl vägnar, och Katarina Hemmingsdotter till Askeby kloster."
C0F0D480E,"Olof Magnusson, domprost i Uppsala, på påvens vägnar, dömer i tvisten mellan Karl Karlsson, prebendat i Uppsala domkyrka, och Karl Eriksson, väpnare, om 11 öresland i Ulvhammar i Äkrö i Strängnäs stift. Se vidare DS X 1000."
C0105DA86,Johan Larsson i Almö skänker till Västerås domkyrka ½ markland jord i Nedervåla i Litslena sn i Tuhundra hd.
C690B5721,"Väpnaren Jöns Larsson i Almö kungör att han med Mattis Ögislasson och herr Henrik Petersson, prebendat i Västerås, på Skälby provents vägnar, genomfört ett jordskifte med herr Matts Halstensson, före detta domprost i Västerås, varvid han till de förstnämnda överlåtit 10 örtugland jord i Almö, Berkarna sn, Tuna hd, Västerås stift, och de sistnämnda till honom 10 örtugland jord i Skelby och Dingelunda i Lunby sn, Tuhundra hd, Västerås stift. För de sistnämnda överlåter han vidare 10 örtugland jord i Skeggesta i S:t Villibalds sn, Selebo hd, Strängnäs stift. Utfärdaren beseglar tillsammans med riddaren Ture Bengtsson och väpnaren Karl Styrkesson."
CFEA700CC,Johan Larsson i Almö skänker till Västerås domkyrkas själagångaltare ½ markland jord i Nidervy i Litslena socken.
C0FFAD2E0,"Ärkedjäknen i Linköping Bengt Birgersson, son till Sveriges förre hertig Birger, pantförskriver sin gård Berga till Uppsala domkyrka för 400 mark penningar, med villkor att han och Sveriges kung kan återlösa gården för 400 mark penningar och att han skänker gården Berga i Feringeöms socken (i Berga socken) till Uppsala domkyrka med alla tillägor för sina synder, men att den gård som skänks till domkyrkan skall vara förenad med det kanonikat som är kanoniskt tilldelat honom. Utfärdaren beseglar."
C0AABBDBF,"Biskop Anders i Strängnäs, Nils Erengislesson, riddare och lagman i Södermanland, Björn Andersson, domprost i Strängnäs, Jöns Petersson, ärkedjäkne i samma stift, Karl Öra, Nils Gustavsson, riddare, Mathias Ödgislesson, knape, utfärdar räfstetingsbrev, varigenom de tilldömer Bengt Svarte i Årnäs i Jönåkers hd, Nyköpings l., de gods, som han stämmat Kristiern Esbjörnsson för, nämligen Årnäs, Berga, Långsäter, Åsvidstorp, Borkö och Hattåsäter."
CE8FCFE56,"Biskop Anders i Strängnäs, Nils Erengislesson, riddare och lagman i Södermanland, Björn Andersson, domprost i Strängnäs, Jöns Petersson, ärkedjäkne i samma stift, Karl Öra, Nils Gustavsson, riddare, och Mathias Ödgislesson, knape, håller räfsteting på kung Eriks vägnar med allmogen i Jönåkers härad i Nyköping och dömer till böter för borgmästare i Nyköping, som under stadens område ligger, 100 mark för herr Magnus Petersson, som innehaft en gård och en hästhage, som sedan legat under en gård och som åter dömts till honom med kunglig dom, men för vilken ingen kunglig dom erhållits. Vittnen är Nisse Kettilsson, Jordhan i Torpena, Björn i Arna, Anders i Anderbäck, Håkan i Gummarsta, Gregers i Gälsta, Anders i Vadsby, Torsten i Hakesta, Jovar i Kälsta, Torsten i Skvorum, Jöns i Torstuna och Lasse Svensson i Vallinge. Biskop Anders och Nils Erengislesson beseglar."
CC17E7B71,"Kristina Ryttersdotter, änka efter rådmannen Olof Nilsson i Uppsala, säljer till Lars Jonsson i Rasbo sin åkerfålla, som hon upplåtit till sin dotter Helena Filipsson, belägen ovanför Svartaväcks bro och utanför munkens tegelhus, mellan allmänna vägen och ån, norr om S:t Eriks och Uppsala domkyrkas gamla fält och söder om S:t Eriks fält, som Lars Jonsson för några år sedan löst och köpt av hennes man Olof Nilsson och nu skänkt till Helga Kors altare i Uppsala domkyrka, där han valt sin viloplats och nu är begraven, för 16 mark reda penningar, som hon erkänner sig ha uppburit, varpå hon överlåter och uppantvänder sin åkerfålla till Lars Jonsson i Rasbo med alla tillägor, som den nu är och alltid bör vara, utan undantag av någon jordmån, som förut nämnts. För större visso och stadfästelse beseglar Knut Karlsson, underlagman i Uppland, och Jöns Nilsson med sina sigill."
C2CF778CD,"Kung Edvard III befaller borgmästare och råd i Kingston upon Hull att genast häkta de skepp från Kampen och Preussen, som ligger i hamnen i Kingston upon Hull, och deras herrar och besättningar samt deras gods och varor, om de inte kommer från kungens fiender, och att låta dem fortsätta till Skånes hamnar utan hinder, oaktat något tidigare kungligt brev till rådet."
C228AD316,Kung Håkan av Norge kungör att han godkänt kung Håkans brev till Jämtland och att Kettil Kettilsson skall ha rätt att läsa detta brev. Utfärdaren beseglar.
C58C2A9A1,"Norges och Sveriges kung Håkans syssloman i Oslo Anund Eyvindsson tillsäger alla Anunds efterträdare därstädes att han stadfäster de av kung Magnus (Håkansson) utfärdade brev rörande kung Eriks (Emundsson) i Uppsala egendomar, vilka skall hållas lika gällande i Mariakyrkan i Oslo som i själva Uppsala, och befaller Anund att låta korsbröderna och prästerna där ha hälften av Björs (gård) så länge Anund varit syssloman därstädes, samt att Anund skall hålla sig till de föreskrifter som kung Håkans far och han själv givit, och att Anund skall ge Anunds efterträdare fullmakt att med lagliga rättigheter förfara med Anunds efterträdare. Utfärdaren beseglar."
C5E5CBFFA,"Kung Håkan kungör att han för Guds skull och för de döda mäns böners skull förlåtit Nisse Knutsson alla brott som denne begått mot honom intill denna dag, eftersom Nisse blivit hans man och tjänare på så sätt att han skall gottgöra alla skador och vara honom till tjänst. Utfärdaren gjorde detta brev vid Dalekarliens (Dalarna) Holms kyrka på den nästföljande dagen efter Sankta Katarinas dag."
C7E405F0B,"Kung Valdemar klagar över att hans fiender Benedictus Philipsson och Karl Ulfsson, som förrått honom och hans rike, bortförts från hans hamn i Malmö, och att tre skepp från Stockholm, som förde varor för hans fiender, fördrivits från Malmö. Han ber Hansan att vid nästa möte i Lübeck besluta om gottgörelse för dessa överträdelser."
CE429E23C,"Kung Håkans fullmakter till de svenska och norska städerna, som slöt fred med Lübeck, Hamburg, Bremen, Rostock, Wismar, Stralsund, Greifswald, Stettin, Kolberg, Neu Stargard och andra städer, samt med städerna i Preussen, Livland, Zeeland, Holland, Gelderland och Stavoren."
C41ABA1D0,"Fastolfus i Kvadhana, Clemens i Masten, Knut Skomakare, Ingemund i Kubbatorp, Dionysius i Ringaby upplåter till Peter Thomason 5 örtugland i Masten och 6 penningland i Brånstorp i Björsäters socken i Skärkinds härad med alla tillagor för 6 mark svenska penningar i så gott mynt att 4 ½ mark gäller för 1 löd. De uppräknade uppbuden och köpet stadfästs på tinget. Sigillanter är Birgersson, Ragvald Ingeson i Eke och Erfvast i Edstada. Häradshövdingen i Skärkinds härad uppmanas att fastfara jorden. Utfärdarna beseglar."
C77446782,"Gisle Elinasson upprättar sitt testamente. För det första väljer han att begravas vid predikarbröderna i Sigtuna, vid sin hustru Margareta och sin bror herr Karl. Vidare skänker han 100 mark penningar till predikarbröderna i Sigtuna, 4 mark silver till ett kalkstycke, vidare 10 mark penningar till byggandet av Uppsala domkyrka, 1 mark silver till varje domkyrka i riket, 6 mark penningar till predikarbröderna i Kalmar, 2 mark penningar till varje predikarbrödrakloster i riket, 10 mark penningar till franciskanbröderna i Uppsala, 2 mark penningar till varje franciskanbrödrakloster i riket, 6 mark penningar till Sko kloster, 2 mark penningar till varje kloster i Julita, Alvastra, Varnhem, Nydala, Rum, Fogdö, Vreta, Askeby, Riseberga, Gudhem och Vårfruklostret i Visby, 2 mark penningar till varje nunnekloster i Skänninge, Kalmar och Stockholm, 6 mark penningar till Nydala kloster, 10 mark penningar till Guds hus i Kalmar för inköp av egendomar, 6 mark penningar till Guds hus i Uppsala, 2 mark penningar till varje Guds hus och hospital i hela riket, 6 mark penningar till kyrkan i Vingåker, 3 mark penningar till prästen därstädes, 6 mark penningar till kyrkan i Vadsbro"
CD47A1AD1,"Gisle Elinasson lovar att till fru abbedissan och jungfrurna i S:ta Klara kloster i Stockholm återlämna de gods han fått av Lars i Hellby i Svinnegarns socken, eller att ersätta dem med pengar. Utfärdaren beseglar."
C65FB7186,Fogden i Kungälv Sigge Halstensson intygar att han mottagit 600 mark silver och 1 100 mark lybska penningar av Norges kung Håkans ombud för de svenska hertigarna E (Erik) och W (Valdemar). Utfärdaren beseglar.
C0FE095AC,"Karl Ingemarsson, häradshövding i Jönåkers härad, utfärdar dom i arvegång efter Lars Hastenesson i Broby. De sju nämnda vittnena intygar att arvet tillhör häradshövdingen Jon i Vadsbro och inte Holmsten i Vreta. Vittnen är Fulke i Brinke, Rangvald i Baldresta, Halvdan i Dräfsta, Ingemund i Berga, Lars i Eneby, Lars i Skuru och Peter Kare. Utfärdaren beseglar."
C72C8F59C,"Kyrkoherden i Veta Johannes, nu föreståndare för Helgeandshuset i Skänninge, bortbyter med biskop Nils i Linköping och domkapitlets samtycke till ärkedjäknen Nils i Linköping en attung jord i Husaby i Vists socken, varav 4 tön årligen avkastades, mot gods i Sandby i Hovs socken, varav 4½ tön årligen avkastades. Biskop Nils, domkapitlet, utfärdaren samt borgarna Lambert Unge och Benechinj Høghen beseglar."
C923E1DD5,"Tvile Bög och Sune Jensen avträder till riddaren Abraham Brodersson allt det gods som Axil Petersson riddare tillskiftat dem, nämligen Ottorp i Stävie sn, Kågeröds hd, och fem andra gårdar och en kvarn, som legat till Ottorp. De förbjuder sina arvingar att sälja eller pantsätta godset, innan Abraham Brodersson löst det. De förbinder sig att inte sälja eller pantsätta godset, innan det är lagligen löst. De beseglar."
C8490753E,"Katarina Håkansdotter, änka efter Hans Bordesson, säljer till Västerås domkyrka jord i Kilsta i Hara sn."
C16968977,"Påven Urban(IV) till ärkebiskop Jakob (Erlandsson) i Lund med befallning att låta exkommuniceras Jutta, dotter till den framlidne kung Erik av Danmark, som brutit sitt löfte att återvända till sitt kloster S:ta Agnes i Roskilde, där hon avlagt klosterlöften och länge burit ordensdräkt, och som nu med våld tillägnat sig klostrets gods och egendomar. Se vidare DS nr 6902."
C6278BCF9,Påven Nicolaus III till kung Valdemar av Sverige med uppmaning att låta de i hans rike insamlade tiondespenningarna för Heliga Landets bevarande föras ut ur riket.
C75AD8158,Påven Nicolaus III befaller alla biskopar i Sverige att till Skara hamn sända den penningainsamling som gjorts för Heliga Landets hjälp.
C8AE1DF33,Påven Nicolaus III befaller kollektor för Heliga Landets tionde i Sverige att uppbära tionde av biskopen i Skara och förvara det till dess biskopen personligen avresat till Heliga Landet.
CA8713889,"Påven Nicolaus III till kung (Valdemar) av Sverige med allvarlig varning att återställa den till Heliga Landet avsedda tiondedelen, som han själv upptagit."
CDBB31129,"Nils Turesson, lagman i Tiohärad, kungör att han till herr Håkans, kanik i Sigtuna, överlåtit allt det gods i Bondekepstad som Peter Knape på kungens vägnar tilldömt honom, eftersom han som högste domhavande i Njudung dömt honom för kungens brott. Utfärdaren förklarar sig ha uppburit hela köpeskillingen för godset av herr Håkans på kungens vägnar. Utfärdaren beseglar."
CE5E006B7,"Sveriges lagman i 10 provinser, Nils Turesson, tillskriver borgmästare och råd i Lübeck och meddelar att han fått veta att de flesta av dem ämnar döda honom, eftersom han på Skanörs marknad för sin herres, kungens, räkning, förmedlat en affär med en Lübecker borgare, Herman Kleinogh, som förorsakat honom skada. Han ber rådet att meddela honom om han skall vara öppen eller dold. Utfärdaren beseglar."
C1824C2D6,"Riddarna Klaus, Vikke och Herman van Vitzen kvitterar för sin fru drottning Margareta det löfte och den handfästning som riddaren Svarte Skåning givit dem och deras arvingar. De kvitterar även herr Skåning och hans arvingar för det löfte och den handfästning som andra givit herr Skåning och hans arvingar. De beseglar."
CF7C01A9D,"Kyrkoherden Asmund Eriksson i Skälvingshammars socken (nu Skövde) överlåter till Skara domkyrka en gård i Östra Stadhe i Otterstads socken, som han fått av sin systerson i Kumla i Fröskogs socken. Utfärdaren samt Algot Magnusson och herr Kettil i Alingsås beseglar."
C11E31476,"Markvard och Göskalk av Kyrna intygar att Israel Birgersson, som varit deras gisslan för den av Sveriges kung utlovade köpeskillingen för Skåne, nu är fri från denna gisslan och de förpliktelser han ådragit sig. Utfärdarna samt Gustav Nilsson och Ivan Lydersson beseglar."
C01F00615,"Brynolf Harske, son till fiskabosläkten, testamenterar till Nydala kloster sin bästa häst, sin rustning och sitt gods i Hellakulla, som han köpt av Nils Skirö, för sin och sin mors själagagn. Om arvingarna vill återlösa Hellakulla inom ett år, skall de ha rätt därtill, men om de vägrar, skall det tillfalla klostret. Vidare testamenterar han till prior Beocio i Nydala 2/3 av 3 ålvar i Kåhult, till sin bror Peter sin fars rustning, till herr Bengt, präst i Sävsjö, en ko och sina bin i Lönby, till sin brorson Brudd, till Sävsjö kyrka 1/2 mark penningar, till bröderna i Jönköping en ko, till Birger Sterte ett horn, till sin tjänare Johannes, som han gör fri, 2 öresland och 10 penningar, till sin syster en ko, till Ingeld i Jönköping 3 öresland och 1/2 örtug, till Sigge, mästersmed i Jönköping, 1/2 mark penningar, för vilka han har pant i sin silverfibula, och till herr"
C245E2EFB,Bengta Bosdotter säljer till sin bror riddaren Nils Bosson gården Valla i Husby sn i Oppunda hd.
C93D37F18,"Bengta Bossdotter säljer till sin bror riddaren Nils Bosson gården Sköra i Viby sn, Tyresö fs."
C10E39F99,"Prebendaten Ragvald i Linköping överlåter till Peter Sigvidsson sina gods i Mjärdevi (Målilla socken, Aspelands härad) och byter mot Peters gods i Kallerstad och Gärstad (Kallerstads och Gärdesta byar, Linköpings socken). Utfärdaren beseglar."
C768278CD,Riddarna Karl Näskonungsson och Anund Sture säljer på uppdrag av Anund Finvidsson och dennes änka Gunhild Hemmingsdotter till kung Magnus Barfot dennes gods Barstad i Röks socken i Linköpings stift. Utfärdarna samt Sten Turesson och Arvid Kettilsson beseglar.
C0230526D,"Gunne Jonsson bortbyter till abbedissan Alhe och konventet i Vårfruberga alla sina gods i Holmgård (i Fogdö socken) mot Grindbooli, en koloni av klostret i Kveberga (nu i Vårdnäs socken), Östergötland. Häkan i Berga och Martin i Örebro beseglar."
C19D7F3BE,"Kung Valdemar till sin morbror Erik och vidare till alla invånare i Västbo, Östbo, Sunnerbo, Njudung och Tveta med vidimation av kung Valdemars brev (SDHK nr 907) rörande biskop Henriks i Linköping stadgande om en avgift till ett altare till S:t Egidius ära i Linköpings domkyrka och dess altarpräst och påbud att årligen till detta altare lämna 12 mark penningar. Utfärdaren beseglar."
C6C3C0FA4,"Kung Valdemar kungör att han till alla Halmstads inbyggare tillåtit fri bruk av den by som deras förfäder lagligen ärvt inom följande gränser: vid Mosvik, vid Olofäng, vid Brämmosbacken, vid Rostbodaryd, vid Lånavad, vid Långälla, vid Stenstade och från Stenstade till Mosvik. Han förbjuder att någon gör intrång på detta. Utfärdaren beseglar."
C760D61C3,"Kung Valdemar (W) bekräftar den nåd som hans fader, den framlidne hertig Birger, skänkt borgarna i Hamburg. Utfärdaren beseglar."
C8FA559A2,"Kung Valdemar av Sverige kungör att han tillåter lübeckarna att fritt segla till Sveriges kuster och där uppföra sina bodar (vitten) och sälja sina varor, att de skall ha frihet att uppbära tull och att de skall ha rätt att uppbära tull på alla varor som de kan uppbringa eller rädda efter skeppsbrott. Detta bekräftas med kungens sigill."
CB614F0C7,"Kung Valdemar av Sverige kungör att han till sin käre broder kung Magnus av Sverige, Norge och Skåne överlåter Sveriges rike med alla rättigheter och förbehåller sig själv endast kungakronan."
CC6FFAC99,"Kung Valdemar kungör att han på sin fars och mors inrådan och med deras samtycke på sin kröningsdag skänkt sina gårdar Eaby och Sätuna (Kaga socken, Hanekinds härad) samt en gård i Linköping till kyrkan i Linköping för inrättandet av ett kanonikat därstädes."
CCDFA56ED,"Kung Valdemar kungör att han med sitt sigill beseglar det brev, vari han tillskriver Gudhems kloster frihet från kunglig beskattning och att han tar klostret och nunnorna i sitt beskydd."
CDEBC0B42,"Kung Valdemar av Sverige stadfäster testamentet av hertig Karl Ulfsson, som testamenterat gods till Skoklosters nunnekloster. Utfärdaren samt hans hustru, bröder och andra prelater och furstar beseglar."
CE755FF7E,"Borgarna i Visby Ludvig van Gryten och Evert van Breke, som är ombud för Helgeandshuset i Visby, befullmäktigar sin medborgare herr Henrik van Rennelen att uppbära 20 mark svenska penningar för de fattiga och sjuka i nämnda Helgeandshus, vilka ärkebiskop Olof i Uppsala utbetalat på grund av hertigarna Eriks och Valdemars testamente. Utfärdarna beseglar."
CDEEAEDBD,"Domdekanen Guido i Lund kungör att han, då han är vid god vigör, för sin och sina förfäders själagagn skänker till S:t Lars kyrkas Maria Magdalenaaltare i kryptan i Lund alla sina gods i Gormstorp i Kviinge socken i Halland, som han köpt av Bengt Magnusson, en gård i Höje i Harjagers härad, som han köpt av en lundaköpman Galge, och en gård i Tofta i Bara härad, som han köpt av Johan Offesson. För detta altars skull skall en präst, som är eller blir förordnad att tjäna vid detta altare, varje vecka hålla fyra mässor, nämligen en för Maria Magdalena, tre för den avlidne ärkedjäknen i Avignon mästaren Reginald de Vallibus, för utfärdaren och alla avlidnas själar, utöver de tre mässor som samma präst är förpliktad att hålla. För detta arbete skall dekanen i Lund, under vars förvaltning och förordnande nämnda gods skall förbli, årligen betala prästen 12 mark penningar i S:t Petri mässa, 1 mark penningar till Dalby kloster och predikarbrödernas kloster i Lund, 6 öre penningar till fattiga skolbarn och andra fattiga och 2 öre penningar till klockaren på dagen för utfärdarens årsmässa. Om något överstiger av nämnda gods inkomster skall dekanen behålla detta för sin egen del. Utfärdaren förbehåller sig dock rätten att under sin livstid behålla nämnda gods under sin förvaltning. Utfärdaren samt ärkebiskopen i Lund, kapitlet därstä"
C16230666,Nils Vemundsson ger sin hustru Ragnfrid Kettilsdotter morgongåva i Vlas i Ovanåkers sn.
C7502A26D,"Ärkebiskop Hemming i Uppsala samt domkapitlet och övriga kaniker i Uppsala kyrka utfärdar fullmakt för kaniken Peter Arnulphi och klerken Ingel Johannis från Uppsala stift att låta sälja ett hus eller en gård i Paris, som tillhör ärkebiskopen, domkapitlet eller Uppsala kyrka, med alla tillägor och rättigheter, för ett pris som de eller den av dem anser lämpligt, och att kvittera köparna för detta pris, att upprätta köpebrev med de förpliktelser som är sedvanliga i sådana fall och att göra allt annat som är nödvändigt i sammanhanget. De utfärdande lovar att ersätta köparna för alla skador, utgifter och räntor som de kan lida på grund av detta. Utfärdarna beseglar."
C0A7C1A3C,"Ingrid Magnusdotter, fru till Sigmund Röd, kungör att hon med biskop Tyrgils i Strängnäs samtycke skiftat jord med honom, varvid hon till honom överlåtit Husaby i Bettna socken med 12 öresland jord och 12 öresland i Bäck i Vingåkers socken, och att hon i utbyte mot detta gods erhållit 100 mark penningar och årligen under sin livstid 2 lass korn, 4 tönn råg och 40 mark penningar, hälften av dessa penningar vid helgmålsringning och den andra hälften vid syderting i Strängnäs, samt en gård i Strängnäs, där hon får bo. Vittnen var Gustav Arvidsson, lagman i Södermanland, Magnus Finvidsson, fastar, herr Peter, kyrkoherde i Stockholm, Jöns Larsson, fogde i Södermanland, Magnus Ingevallsson, Sigge Jönsson, Jöns i Rörby, Asgot i Sätterum, Jöns Björnsson, Tord Jonsson, Jöns Andersson i Lidhem, Ragvald Nilsson, Skäryngus Elofsson och Nils Folkesson. Utfärdaren beseglar tillsammans med Gustav Arvidsson, Magnus Finvidsson, herr Peter i Stockholm och hans bror Jöns Larsson."
C2797A261,"Ingrid Magnusdotter i Husby byringar erkänner sig ha mottagit 150 mark penningar av biskop Tyrgils i Strängnäs i betalning för jord, vilket framgår av ett öppet brev. Utfärdaren beseglar."
C42762EE2,"Rörik Mattsson av Ask, Erling i Myklaby kungör att de gjort en jordbyten, varvid Rörik av Erling fått 1/2 markland i Hussby i Märke, 1 öresland i Lundby och 1 öresland i Bergby. Rörik har i sin tur till Erling avträtt 10 örtugland i Humblestad, 8 örtugland i Bekärna och 2 öresland i Vreta. Rörik erkänner sig ha mottagit 24 mark penningar för detta. De gårdar som ligger i Vreta tillhör Rörik, om inte Erling av Folke vill köpa dem för ett skäligt pris. Utfärdarna beseglar tillsammans med priorn och brödernas sigill i Sigtuna, där händelsen ägt rum."
C0CF5157C,"Riddaren Turid Bonde Röriksson till borgmästare och råd i Reval med upplysning om att rövare i Neva och att de härjat hans herres land. Utfärdaren är beredd att hjälpa Reval med att straffa dessa rövare, om de skulle komma till Reval. Han nämner vidare att ryssarna har skickat en delegation till Reval för att förhandla om ersättning för skadorna i Norge och Sverige. Utfärdaren ber Reval att meddela detta till Revals borgare och andra städer, som brukar segla till Reval. Utfärdaren beseglar."
C6278DC2B,"Finvid Finvidsson skänker till Klara kloster i Stockholm jord i Hollemyra och Fens Vretar i Kullings-Skövde socken, som han bytt med Olof Djäken mot Hittingsberg i Västmanland. Jorden skall årligen avge 10 lispund korn och 4 mark penningar, varav hälften till klostret och hälften till hans dotter Ramborg, som skall ha 4 lispund korn och 2 mark penningar av denna årliga avkastning under sin livstid. Om jorden minskas skall klostret ha två tredjedelar och Ramborg en tredjedel, och efter Ramborgs död skall hela jorden tillfalla Klara kloster. Utfärdaren samt hans systerson herr Magnus Håkansson och Ture Karlsson beseglar."
C851C757C,"Finvid Finvidsson säljer till Lars Ingeborgsson 1 markland jord i Östanå i Västerfärnebo socken i Västmanland för 100 mark svenska penningar, varav 6 mark gäller för 1 lödig. Finvid Finvidsson och hans arvingar avträder jorden till Lars Ingeborgsson och dennes arvingar med alla tillägor. Finvid Finvidsson och hans arvingar förbinder sig att återställa jorden till Lars Ingeborgsson och dennes arvingar för 1 markland jord, varpå"
CBA6283FE,"Finvid Finvidsson testamenterar till klostret i Klara i Stockholm 1 markland jord i Viggeby i Dalbo socken. Utfärdaren samt hans son och systerson, herr Magnus Håkansson och herr Karl Ulfsson, beseglar."
CFF394C5D,"Finvid Finvidsson ger Finvid Magnusson fullmakt att på hans vägnar fastfara 1 markland jord i Östanå (i Nora socken) till Lars Ingebyornsson, som han tilldelat honom enligt sitt öppna brev. Utfärdaren beseglar."
C2EFA238B,"Peter Magnusson i Nävby i Kärrbo sn säljer till Tyrgils i Ginge i Åkerbo sn 2 öresland jord i Ginge, som han uppbjudit på tinget och som han nu uppburit fullt värde och fulla penningar för, innan Tyrgils eller hans arvingar vill köpa den. Fastar var Algöt i Viska, Peter Toreson, Nils Björnsson, Ragund i Tuna, Hefvar i Berga, Lars Björnsson, Jöns Rävskin, Ingemund i Berga, Olof i Örek, Olof Martinsson, Peter Botulfsson, Lars i Tjälsta. Vittnen var Bengt i Ernesta, Magnevastar. Utfärdaren samt kyrkoherdarna Ingevald i Åkerbo och Anders i Åker samt uppbördsmannen Jöns Rävskin beseglar."
C209DE6DB,"Kung Valdemar kungör att han befriat sex hamnar, som tillhör Lunds domkyrkas kaniker, från alla avgifter vid utskeppning. Utfärdaren beseglar."
C31898BDB,Filip Erengislesson säljer till sin hustru Ingeborg sin gård i Tydje Näs.
C1D04D3C3,"Domprost Ingemund i Bollnäs upprättar sitt testamente. Till sin mor och syster insätter han sina laga arvingar, och om den ena av dem skulle dö före den andra, skall den senare bli ensam arvinge. Till Uppsala domkyrka skänker han ½ markland i Ingelsta i Närtuna socken, om domkapitlet i Uppsala vill överföra hans lik till Uppsala domkyrka och begrava honom i Jungfrukoret. Vidare skänker han 1 örtugland i samma by till Närtuna kyrka. Till sin syssling herr Birger skänker han 16 mark penningar, för vilka han pantsätter 8 örtugland i Valludal, på villkor att om arvingarna inte betalar honom dessa 16 mark penningar inom ett år, skall herr Birger få behålla dessa 8 örtugland. Till sin syssling Kettil i Valludal skänker han 2 mark penningar, till Ulf i Utterbäcken en brun kappa med mardaliner och en häst, som han väljer av gården Tärns. Till Nils Eskilsson och hans hustru skänker han 4 talenter spannmål och 1 talent säd. Vidare vill han att hans arvingar på hans begravningsdag i Uppsala domkyrka ger varje korgosse 1 öre för att be för hans själ, likaså på sjunde, trettionde och årsmässodagen efter hans död. Vidare skall klockaren varje gång få 1 öre. För att betala dessa gåvor och för att betala Kettil, förbinder han sig att överlåta 1 öresland med ½ örtugland i Medelhammar, på villkor att arvingarna bet"
C172916D3,"Lars Järundsson i Uggeby bortbyter till Jakob i Marsta 4 örtugland i Uggeby och 2 öresland i Marsta mot 10 örtugland i Åkerby. Utfärdaren samt häradshövdingen i Bälinge, Jöns Petersson, beseglar."
C1C0DBA94,"Nils Magnusson och Jöns Magnusson erkänner att de till herr Bengt Suneson, som nu uppvisar detta brev, betalat 3 öresland i Husabyberg i Härstads socken i Dalshammars härad med 12 mark silver, vilket deras far, riddaren Magnus Nilsson, enligt deras goda vetskap var skyldig honom. De förbinder sig och sina arvingar att lämna ifrån sig nämnda egendomar till herr Bengt Suneson och ger honom fullmakt att sälja, byta eller på annat sätt förfara med egendomarna efter eget gottfinnande. Riddaren Peter Porse och hans hustru Ingeborg samt Sten Larsson och hans hustru Kristina Magnusdotter intygar att de gett sitt samtycke till att ovanstående förbindelser ska gälla. Utfärdarna beseglar. Lars Ulfsson och hans hustru Elin Magnusdotter beseglar."
C0AF0E9A7,"Filip son av Sune kungör att han och hans bror Erik Filipsson genom delning erhållit var sin gård, nämligen Erik Filipsson Sigvaldstad och Filipsson Krok. Utfärdaren beseglar."
C363D2D41,"Riddaren Benedictus Philippsson, kung Albrekts av Sverige och Gotlands råd, tillkännager att kung Albrekt och hans rådgivare beslutat att tiondena av de fattigas egendomar, som hittills tillfallit dem som uppbär dem, skall överlämnas till församlingskyrkorna i hela Linköpings stift, och att en tredjedel av dessa tionden skall ges till kanikerna vid Linköpings domkyrka för deras nödvändiga utgifter. Utfärdaren tillskriver alla i Linköpings stift boende bybor, kolonister och deras familjer att de skall lämna dessa tionden till sina församlingskyrkor i rätt tid, utan att göra några invändningar, så att ingenting av tiondena blir kvar hos dem. Utfärdaren beseglar."
CFCC8936A,"Kung E. kungör att han, liksom hans fader kung Knut, är förmyndare och försvarare för Sko kloster, som under hans förmyndarskap skall förvaltas av ärkebiskop Nicolaus i Siponto (Manfredonia), vilken av påven Urban VI sänts till Sverige."
C00D9CF19,Påven Urban V till ärkedjäknen Nils Hermansson och domkapitlet i Linköping. Påven har mottagit brev av herr H. (Hermansson) med upplysningar om att kung Albrekt av Sverige lagt skatter på alla kyrkans tjänare liksom på bönderna utan att först rådgöra med domkapitlet och att han givit sina ämbetsmän i uppdrag att omedelbart kräva in dessa skatter. Påven ber nu ärkedjäknen och domkapitlet att ge honom ett svar på dessa klagomål och att han skall förse utfärdaren med ett svar på hans brev.
C15BC6AFD,"Domkapitlet i Linköping tillskriver kaniken Peter Hartlevsson och befaller honom att i Bjälbo kyrka, där mässor firas, offentligt tillrättavisa de skänningska S:t Martins-kyrkans sockenbor och deras underlydande, vilka vägrat betala sina kanonikeravgifter, och att låta förkunna att de inom 15 dagar, av vilka de första 5, de andra 5 och de sista 5 är utsedda, skall betala dessa avgifter till Hemming i Ramstad, och att de, som inte lyder, skall bannlysas vid påsk. Utfärdarna beseglar."
C1D7E013C,"Domkapitlet i Linköping tillskriver kyrkoherden N. i Skänninge och befaller honom att inom sex dagar efter att han mottagit detta brev med tre varningar avkräva P. R., som är skyldig testamentsexekutorerna för Johannes Ade, 4 mark pruthenska penningar, eller att förklara honom suspenderad från kyrkobesök och nattvardsgång."
C2FFA20DE,"Påven Urban V providerar med apostolisk myndighet och efter att ha inhämtat sina kardinalers råd electus Johannes till biskop i Åbo efter biskop Henrik, som avlidit på orten. Domkapitlet hade i okunnighet om att påven under biskop Henriks livstid förbehållit sig tillsättningsrätten till ämbetet, enhälligt utsett Johannes till biskop. Utfärdaren beseglar."
C42F1AFD0,"Domkapitlet i Västerås tillskriver alla sina villikar och koloner samt andra personer vid församlingarna inom domkapitlets prepositurer och meddelar dem att kungen begärt av domkapitlet att kyrkoherdar och deras familjer skulle lämna en allmän avgift för rikets försvar, men att han skulle lägga på dem vad han ville om de inte gjorde det. Domkapitlet har därför beslutat att lägga på sig själva avgiften och låta sina prepositurer ta upp den, eftersom de annars skulle utsättas för större faror och skador. De prepositurer som inte kan närvara vid mötet skall sända sina kyrkoherdar för att uppbära avgiften och redovisa den. Domkapitlet vill inte lägga någon börda på någon av dem som hellre vill underkasta sig kungens pålagor och hans ombud, men detta beslut har fattats för att inte någon kyrka skall berövas sina privilegier."
C4E1B59A4,"Domkapitlet i Linköping uppbär av kaniken Jöns Svartepräst 40 mark penningar i gott mynt för gården i Anundstad, som Anders Jönsson testamenterat till domkyrkan och som nu återlöses av hans syster Cecilia i Moghenäs. Utfärdaren beseglar."
C525C1701,"Ärkedjäknen i Uppsala meddelar ärkebiskopen att Nils Bengtsson med 60 man anlänt till Linköping och där övernattat hos stadens hövitsman. Dagen därpå läste han för en stor församling i domkyrkan kung Håkans brev om intagandet av biskopsgården och dess gods, och förbjöd alla, både präster och lekmän, att lägga sig i förvaltningen av dessa gods, men lät dem, i enlighet med kungens befallning, utan motstånd iakttaga vad som blivit föreskrivet. Ärkedjäknen för kyrkans och dess friheter vädjade till alla närvarande, och han läste för dem en protest, vars avskrift han sänder med detta brev. Innan brevet lästes hade han förhandlat med Nils Bengtsson, som talade hederligt och fredligt, och de kom överens om att han inte skulle besätta gårdarna för närvarande, men att en av biskopsgårdens tjänare och en av Nils Bengtssons skulle åka omkring och anteckna allt som fanns på gårdarna, och att allt skulle återlämnas i oförändrat skick."
C594A7DBD,Domkapitlet i Linköping meddelar domkapitlet i Uppsala att man på påsknatten (1391) enhälligt valt domprosten Lars (Hermansson) till biskop i Linköping. Se vidare DS nr 7560.
CB5F2FB04,"Domkapitlet i Linköping tillskriver M. de N., att en av deras sockenbor, Jusso i N., som för några år sedan ställde sig som borgen för sin herre N. för en summa pengar, som skulle betalas till Linköpings domkyrka och kaniken Johannes N., ännu inte betalat de 13 mark penningar, som han försummar att betala, och att de därför i enlighet med den apostoliska myndighet, som de innehar, ger honom i uppdrag att inom sex dagar efter att han blivit varnad betala dessa pengar, varvid de första två dagarna skall vara för den första varningen, de andra två för den andra och de återstående dagarna för den tredje och slutgiltiga varningen. Om han inte betalar inom denna tid skall han, på grund av sin envisa försummelse, avstängas från kyrkan och under alla söndagar och helgdagar mellan mässornas högtidliga firande offentligt förklaras suspenderad, så länge de inte får annat uppdrag av påven, och under denna suspension får de inte ge honom nattvardsvinsterna. Utfärdarna beseglar."
CCA1BD9F3,"Domkapitlet i Linköping tilldömer Vårfruklostrets prokurator Johannes Hildebrandi att tilldöma klostret en häst, som förut testamenterats till det av Henricus Hwitta i Visby, men som nu hålls av Gusæ, fogde hos riddaren Bengt Nilsson av Stäkets slott. Hästen skall inom 15 dagar efter att föreståndaren i Tjust, Peter Halveger, blivit underrättad om detta, överlämnas till Johannes Hildebrandi eller till någon annan som denne utsett. Om Gusæ inte lyder, skall han avstängas från kyrkan och exkommuniceras. Hästen skall överlämnas till Johannes Hildebrandi eller"
CD3E2A2BC,"Domkapitlet i Linköping tillåter sin domprost i Lödöse att i egenskap av exekutor för Henricus Hwitta, som testamenterat en häst till Vadstena kloster, tilldöma denne häst till klostret, om Gusa, föreståndare för Stäkeholm, inte inom 15 dagar efter dennes uppmaning till Gusa att lämna hästen till domprosten i Lödöse, överlåter den till klostret eller på annat sätt kommer överens med domprosten. Hästen skall lämnas till domprosten inom 15 dagar efter dennes uppmaning till Gusa"
C077A23E3,"Hertig Albrekt av Mecklenburg erkänner sig ha mottagit 300 mark lybska penningar av sin trogne riddare Otto van Dewetze och dennes arvingar, vilka pengar Otto van Dewetze uppburit av Otto van Helpede i byn Trampze och som hertigen överlåtit till sin hustru Werneke Noydynes arvingar som ersättning för en tredjedels häst. Om hertigen och hans arvingar inte betalar pengarna före 29/9 skall Werneke Noydynes arvingar inte behöva betala någon arrendeavgift för godset. Om hertigen och hans arvingar inte löser in godset före 11/11 skall Otto van Dewetze och hans arvingar betala arrendeavgiften till 11/11. Om arrendeavgiften uppburits skall hertigen och hans arvingar betala tillbaka godset till Otto van Dewetze och hans arvingar utan några ytterligare krav. Hertigen och hans arvingar skall återbetala 100 lybska mark som Otto van Dewetze lånat ut på pant i Schöningen, och Otto van Dewetze och hans arvingar skall inte kräva någon ersättning för de skador som Otto van Dewetze bevisligen orsakat. Om hertigen och hans arvingar löser in slottet Gnoien till Otto van Helpede eller hans arvingar före utgången av detta år skall de inte behöva betala några avgifter för godset, även om de redan uppburit pengarna. Otto van Helpede, Reimer van Plesse, riddare, Reimer van Plesse, som bor i Barnekow, Johan Kropelyn, hertigens kansler, och flera andra välborna män beseglar."
C10028F11,"Hertig Albrekt av Mecklenburg sluter fördrag med Lübeck angående handelsfrihet i Sverige, Norge och Skåne. Se vidare DS nr 6902."
C160613CB,"Hertig Albrekt av Mecklenburg kungör att påven Innocentius VII till biskop Gotskalk i Linköping givit och tillskiftat biskopsstolen och biskopsdömet i Linköping och att han och hans efterkommande skall hjälpa Gotskalk att tillträda biskopsstolen och kyrkan i Linköping och att de skall avlägsna biskop Nils och alla hans anhängare från Linköpings stift och riket Sverige. Hertigen skall inte tillåta någon att hindra Linköpings domkapitel, kyrka eller klostren eller biskopen i hans rättigheter och skall inte låta biskop Nils återvända till Linköpings stift eller riket Sverige. Om Gotskalk vill resa till hertigen skall denne ge honom tillstånd att resa och hjälpa honom i alla hans ärenden. Gotskalk skall vara behörig att medla i tvisten mellan kung Albrekt av Sverige och hertigen samt hertigen och hans vänner och mellan kung Albrekt och kung Magnus av Norge. Hertigen skall inte hindra Gotskalk att resa till påven och han skall inte hindra Gotskalk att resa till kung Albrekts hov. Hertigen skall inte hindra Gotskalk att resa till kung Albrekts hov och han skall inte hindra Gotskalk att resa till påven"
C275723EC,"Hertig Albrekt av Mecklenburg och Stargard, herre till Rostock, kungör att han med samtycke av sin hustru, fru Ingeborg, till nunneklostret i Skänninge, som tillhör dominikanorden, skänkt den del av gårdarna Hammar och Farstorp, som tillfallit klostret genom fru Ingeborgs systersöner, hertigarna Håkan och Knut av Halland, vilka avlidit. Utfärdaren beseglar."
C4904428F,"Kung Valdemar kungör att han mottagit 100 mark i vederlag av hertig Albrekt av Mecklenburg för den skada som dennes städer Wismar och Rostock tillfogat honom under hansestädernas belägring av Helsingborg, då han var i fred och vänskap med hertigen, dennes barn och undersåtar. Utfärdaren beseglar."
C4961D390,"Hertig Albrekt av Mecklenburg kungör att han den närmaste påskdagen skall vara i Warnemünde med 300 riddare och knektar av de 1000, som kung Albrekt av Sverige och han själva skall ha, och att han därefter med första vind han kan utnyttja skall segla från Warnow till Norderstett, där han skall möta de därvarande herrarna. Om han med de 300 riddarna och knektarna kommer till Norderstett, skall detta brev vara ogiltigt och inte skada honom eller de som han givit det till. Utfärdaren beseglar."
C60AB4EF7,"Hertig Albrekt av Mecklenburg befaller Hans av Hannover att på Silverbäcksmyntningen slå svenska penningar efter Stockholms mynt, så att de blir lika goda som de nu är, och att han skall ge Hans av Hannover lika mycket som Stockholms myntning ger för varje lödig mark. Hertigen lovar att ge Hans av Hannover räkenskap för detta. Hertigen tar myntmästaren på Silverbäcksmyntningen i sitt beskydd och uppmanar alla goda människor att skydda och bevara honom. Utfärdaren beseglar."
C63E67087,"Hertig Albrekt av Mecklenburg kungör att hans livlige rådsherre Rave van Barnekow för hans räkning uppburit 933 mark svenska penningar, som hertigen och hans arvingar är skyldiga Rave van Barnekow och dennes arvingar. Denna summa skall Rave van Barnekow och dennes arvingar få av panten på de gods som ligger vid Westerarvs (nu Vårgårda) och som skall betalas så snart de blivit skattade eller upplagda eller på annat sätt förfallit. Om dessa gods, som nu ligger i Västmanland, skulle föras till Köping eller Nyköping före dess att Rave van Barnekow och dennes arvingar fått denna summa, skall den återgå till hertigen på samma sätt som den första pantavgiften för nämnda slott. Detta brev skall inte inskränka de tidigare utfärdade brev som givits i samma ärende. Utfärdaren beseglar tillsammans med den som givit brevet."
C70042D0E,"Hertig Albrekt av Mecklenburg förbinder sig att till kung Erik av Sverige och Skåne betala 500 mark silver av Koln till greve Adolf av Holstein och Stormarn, som kung Erik förpliktat sig att betala för tull i Skanör. Utfärdaren beseglar."
C79451DBB,"Hertig Albrekt av Mecklenburg giver Johan Boyneven, fogde i Schwerin, och Konrad Lintbeke, klerk, fullmakt att i Sverige indriva och till sig överföra de gods, som Engelbert och Ludolfus från Elten, vilka nyligen avlidit, fört till Sverige. Utfärdaren beseglar."
C7DA47B50,"Hertig Albrekt av Mecklenburg kvitterar Tyde Man, borgare på Gotland, för 5 stycken klädeslappar, som han påföljande lördag efter fredagens (13/10 1353) i närvaro av hertigen och hans rådsherrar i hans skepp, som låg i Nordsundet, blivit avbrutna av kammarna. Utfärdaren beseglar."
C819AD925,"Hertig Albrekt av Mecklenburg och greve av Schwerin kungör för alla präster och lekmän i Linköpings stift att hans son kung Albrekt med enhälligt samtycke av rikets herrar, prelater och övriga rådgivare samt av rikets folk utfärdat två edikt, av vilka det ena är allmänt för hela riket och det andra särskilt för Linköpings stift. Genom att frivilligt antaga dessa edikt skulle Gud kunna vända sig till rikets hjälp, och Jungfru Maria, som blivit mildrad genom denna offergåva, skulle för hela rikets folks frälsning nådigt och välvilligt befria hans son. För det första skulle varje person av båda könen årligen betala en penning, som motsvarar hälften av en lybsk penning, för återuppbyggnaden av ett kloster i Vadstena till Jungfru Marias ära och för utvidgandet av gudstjänsten. För det andra"
C8677E520,"Hertig Albrekt av Mecklenburg kungör att han och hans svärfar greve Henrik av Holstein och Stormarn uppgjort en överenskommelse, varigenom greve Henrik till hertigen pantsätter Kalmar stad och land med alla tillägor för 500 lödiga mark, och därjämte skall hertigen av kung Albrekts och Sveriges vägnar ersätta greve Henrik för de kostnader och skador som greve Henrik lidit genom greve Vickes van Vitzen och Didrik van Vereghes förskingringar av Kalmar stad och land. Hertigen skall vidare ersätta greve Henrik för de 100 lödiga mark som greve Henrik var skyldig honom och hans arvingar, och för de 200 lödiga mark som greve Henrik är skyldig Otto van Dosenrode, Sveriges skäppningsmästare, och för de 500 lödiga mark som greve Henrik är skyldig kung Albrekts skäppningsmästare. Hertigen skall vidare upplåta till greve Henrik och hans svåger greve Alve av Holstein ett pantbrev på 250 lödiga mark i Sverige, och greve Henrik skall inom fyra år betala de 500 lödiga mark som han är skyldig hertigen. Hertigen skall vidare upplåta till greve Henrik och greve Alve"
C8A531A73,"Hertig Albrekt av Mecklenburg kungör att han och hans son Henrik och Magnus samt de av honom i Skåne innehavda slotten erkänner och förpliktar sig att kung Albrekt av Sverige och han själv samt deras söner skall ha fri seglats och handel i Danmarks rike och Skåne, så snart de blivit mäktiga där, och att de skall ha fri tillgång till kusten i Danmarks rike och Skåne för sitt gods och sina köpman. De skall ha fri strandning och undantag från skatt och avgifter för vrakgods och skeppsbrott, och de skall ha rätt att själva eller med hjälp av andra bergna och bruka gods som blivit strandat eller bortfört till Danmarks rike eller Skåne. De skall ha rätt att för egen räkning anskaffa arbetare och att låta dessa arbeta utan hinder. Om gods som blivit strandat eller bortfört till Danmarks rike eller Skåne blir bortfört av fienden, skall det av den som först får det bergas och med vittnen föras till närmaste kyrka, där det skall beskrivas och förvaras till dess att det återlämnas till rättmätiga ägare. Om de städer som nämns i fördraget inte beseglar fördraget, skall de som är i Hansan och hjälper dessa städer i kriget uppräknas och få samma rättigheter som de städer som beseglar. Brevet skall inte hindra andra brev och privilegier som hertigen och hans söner har av kungarna och som de skall bruka. Alla ovannämnda friheter skall gälla i evighet, och hertigen beseglar."
C94150390,"Hertig Albrekt av Mecklenburg kungör för kung Albrekt av Sverige att han och hans arvingar skall råda och hjälpa varandra som vänner och att han själv skall skicka sin son, Sveriges kung, till kejsaren med ett brev, som skall vara beseglat med samma sigill som detta brev. Utfärdaren beseglar."
CA7D478FB,"Hertig Albrekt av Mecklenburg och greve av Schwerin kungör att han med Guds hjälp hittills haft framgång i sitt företag och att hans son Albrekt blivit vald till kung i Sverige och därvid i Uppsala blivit invigd till riddare av greve Henrik av Holstein, som därvid upphöjt över 100 andra män till riddare. Hertigen förklarar att kung Magnus och hans son Håkan, som flydde från landet, nu inte har något ställe att gömma sig på, utom i fästningen Varberg. Hertigen ber därför kung Erik att sända honom en balista med en skicklig balistmästare, som skall få gott underhåll. Hertigen ber vidare kung Erik att sända brev till Kalmar, Söderköping, Nyköping och Stockholm, att alla därstädes boende skall vara förvissade om att de kan komma till dessa städer med sina varor och där få gott pris, och att de skall skyddas mot alla övergrepp. Hertigen ber vidare kung Erik att sända brev till alla städer och köpmän, att de skall vara förvissade om att de kan komma till Kalmar, Söderköping, Nyköping, Stockholm och andra ställen, där de kan finna hertigen och hans folk, och att de skall få gott pris för sina varor. Hertigen ber slutligen"
CA9263D70,"Hertig Albrekt av Mecklenburg, greve av Schwerin, herre till Stargard och Rostock, giver sin väpnare Ragnvald Magnusson fullmakt att återställa de gods, som denne bortgivit till väpnaren Hartvig Bulle, i den mån de befinnes i Nyköpings avhängighet eller annorstädes i Sverige. Utfärdaren befaller sin fogde i Nyköping att omedelbart återställa godsen till Ragnvald Magnusson och att inte tillåta Hartvig Bulle eller någon annan att hindra Ragnvald Magnusson i hans rätt till godsen. Utfärdaren beseglar."
CB7039DC6,"Hertig Albrekt av Mecklenburg m.fl. erkänner sig skyldig att till riddaren Vicke, Henneke, knekten Molteken, Johan Molteken, riddaren, och deras arvingar betala 5000 lübska mark silver av den första betalning som de eller deras arvingar får av Danmark, Sverige eller Tyskland, förutom de 5000 mark som de satt i pant för Boizenburgs stad och land. Hertigen lovar att betala detta belopp på en plats som är lämplig och bekväm och att han skall lämna kvitto på betalningen. Om han inte betalar detta belopp skall de nämnda Molteken och Vicke ge honom kvitto på att de inte längre är skyldiga honom de 5000 mark som han satt i pant för Boizenburgs stad och land. Hertigen beseglar."
C7CBB746D,"Underhäradsdomhavanden i Oppunda hd, Peter Tovesson, utfärdar fastebrev rörande två jordaskiften, varvid Ragnar i Hakesta och Jordh i Nävesta överlåter jord i Vitby i Björkviks sn till"
CAD746F95,"Bergsmannen Hærmundsson, lagman i Tönsberg Jon Gunnarsson och Arnvid Lodensson utfärdar kvitto på att de mottagit av Norges kung Magnus ett brev på pergament, utfärdat i Oslo på trettondedagen, rörande en transumpt av ett brev av Norges kung Magnus. Utfärdarna beseglar."
C99DBC221,"Gudvast Borgarson, borgmästare i Skänninge, skiftar med sin son Henrik. Utfärdaren ger sonen sin gård vid Follingegatan, sina lycka vid Brödraklostret och Sukkaberg, sina torghbodar och källare, en gård i Apunda med alla tillägor, två sängkläder, två kistor, ett täcke, två dukar, en täckbonad, halva sin bryggekittel, två grytor, två kannor och ett guldfärgadt (sidentyg) som står i S:t Johannes gille i pant för 6 mark penningar, en silversked av tvåöringars lödighet och sitt vattenkar, en stång av 3 tunnor och 2 vintunnor, som han hade i pant för 13 mark penningar. Utfärdaren behåller sin köpenskap, sin hustrus smide, sitt fä och sitt korn. Utfärdaren beseglar tillsammans med Hanussa Tyghlara och Jöns Olofsson, borgmästare i Skänninge."
C9F55E352,"Rörik Svensson och Olof Petersson säljer 14 öresland i Hyörsberg och Hindberg i Kumla sn och Kumla hd till Torsten i Kumla. Fastar är Nils i Elvastad, Erik Gudmundsson, Nils i Brunnestad, Bengt i Brunnestad, Jöns i Brunnestad, Hungar i Sandstad, Jöns i Örestad, Elof i Elvastad, Olof Karlsson i Hyörsberg, Bengt i Hyörsberg, Esbjörn i Hyörsberg, Lasse i Västanåker, Ingeld i Västanåker. Utfärdaren samt kyrkoherden i Kumla, Mathias, och häradshövdingen därstädes, Lasse Svensson, beseglar."
C09EC53BB,"Gjöbla, borgare i Skänninge, säljer till riddaren Magnus Nilsson sin andel i Snäringe (i Skärkinds socken) för 20 mark penningar svenska mynt, vilken han köpt av Johan Nilsson, kallad Humbla, och som varit honom pantförskriven utöver den avtalade tiden och erbjudits hans närmaste arvingar att lösa. Vidare säljer han till Magnus Nilsson sin jord i Snäringe för 2 mark penningar årligen avlagd spannmål. Utfärdaren samt domprost Bengt i Skänninge, Johan Götasson och Sundin, borgare i Skänninge, beseglar."
C05CBFE77,"Biskop Knut i Linköping, kung Eriks domhavande, riddaren Ivar Nilsson och Östergötlands lagman dömer att Esbjörn Djäken till Vadstena kloster återlämnar en åtting i Understa i Gammalkil sn, som han olagligen tillvällat sig av klostret, och att klostret får behålla en gård i Sifversbo och en i Krankebo."
C2A87D2AB,"Biskop Knut i Linköping, herr Bo Stensson, Magnus Eriksson, Nils Eriksson, Halsten Ingevaldsson och Tjälve Karlsson, knappar, kung Eriks domhavande och Östergötlands lagman, dömer till Linköpings domkyrka Alvika och Alvika kvarn samt Gissebo kvarn, vilka Tike Ingemundsson tillskansat sig utan laga dom, och tilldömer kyrkan 40 mark i konungsdom och 5 mark i lagmansdom för varje öre, som Tike uppburit av godsen, och tilldömer Tike så mycket han uppburit. Vittnen var Joar Dansson, Sven i Tolstorp, Hemming Knutsson, Joar Smed, Hemming i Nästena, Nils i Dvärstorp, Birger i Skrängesta, Lasse i Haga, Olof i Haddorp, Jakob i Järstad, Ödhin i Gällberga, Nisse Vastsön. Utfärdarna beseglar."
C6E40CE8D,"Biskop Knut i Linköping och Östergötlands lagman riddaren Ivar Nilsson tilldömer S:t Annas prebenda i Linköping jord i Söderlarbo i Ledbergs socken, som Andreas Jakobsson, klerk i Linköping, köpt av Vreta kloster och som hans dotter Kristina i Sladstada skänkt till nämnda prebenda."
C878C67A5,"Biskop Knut i Linköping, Ivar Nilsson, riddare och Östgöta lagman, utfärdar räfstetingsbrev, varigenom domkyrkan i Linköping tilldömes 2 attungar jord i Hagelstada, som Esbjörn Djäken och Jösse Martinsson till Uppsala öd tillskansat sig."
CE4094D5B,"Biskop Knut i Linköping och riddaren Ivar Nilsson, lagman i Östergötland, utfärdar räfsteting i Linköping med allmogen i Hanekinds härad. Bo Jonssons arvingar klagar inför räfstetingsdomhavanden Bo Stensson, Magnus Eriksson, Nils Eriksson, Halstan Ingevaldsson och Tjälve Karlsson över Jösse Martinsson för att denne tillskansat sig två kvarnar i ett hus i Hakafors, ett alafiske på samma plats och en åttondels attung jord i Håvatorp och en fjärdedels attung jord i Västratorp, vilka Bo Jonsson köpt av Herman i Bogestad och Birger Magnusson och Jösse Martinsson. Jösse Martinsson erkänner att han tillskansat sig dessa kvarnar, alafiske och jord med våld och döms att återlämna dem till Bo Jonssons arvingar och att betala 40 mark i böter för våldet och 3 mark i böter för lagmansdömet."
CC847379B,"Biskop Bengt och domkapitlet i Åbo intygar att Peter och hans hustru Brinildis i Björnskoga (i Pernå socken) testamenterat allt de äger till Åbo domkyrka, med förbehåll för deras livstid, och att de inte får sälja eller på annat sätt avyttra egendomen. Vittnen är kanikerna Olof Ragvaldsson och Hemming, kyrkoherdarna Meneke i Birnaby och Jakob i Haiku, Torkel Spink, Nils Pedersson, Olof Nilsson, Magnus och Simon från Ilskölen samt Olof i Borgaby. Utfärdaren samt domkapitlet och de förutnämnda männen Meneke i Birnaby och Torkel i Birnaby beseglar."
C9071E3FB,"Margareta, änka efter den store biskopen (Bengt Westfal) i Åbo, samt hennes söner Nils och Siward säljer till biskop Bengt ett attungbol i Sibbaby med alla byggnader, åkrar, ängar, skogar, fiskevatten och andra tillägor för 60 mark svenska penningar. Utfärdarna samt Åland, Åbokaniken Siward, som är deras frände, beseglar."
CD26A143A,"Margareta, änka efter den store biskopen (Bengt) i Åbo, samt hennes söner Nils och Sune, kungör att de till biskop Bengt och Åbo domkyrka överlåtit sina gods i Öninge by, nämligen 1 bol och 1 attungbol med alla byggnader, åkrar, ängar, fiskeplatser och andra tillägor, och att de i närvaro av Sveriges och Norges kung Karl (Nesseborgsson) vid ett allmänt ting i Öninge by överlåtit godsen till biskop Bengt och domkyrkan för biskopens och hans efterträdares underhåll. Fastar var på biskopens och domkyrkans vägnar Olof Finvidsson, Nils Guttesson, Vikinus och Peter Ollparnsson, på utfärdarens vägnar Kettil Styrkesson, Styrk Röriksson och Holko Basten, med Johannes Styrkesson som utfärdarens ombud och talman i folkmun kallad forskeleman. Eftersom vittnenas intyg i rättfärdiga ärenden ibland kan vackla, dels på grund av avlidnas död, dels på grund av ovänskap eller vänskap eller andra tidsomständigheter, har utfärdarna låtit brevet beseglas av kung Karl, Åland och utfärdarna själva. Utfärdarna beseglar."
C9AF0D0F8,"Gyrid Larsson, gift med Nils i Forshälla, säljer till sin dotter Kristina Nilsdotter 1/3 av Forshälla kvarn, som hon ärvt efter sin bror, för 34 mark penningar, vilka hon under 6 år dragit av sin makes gods. Utfärdaren beseglar."
C42AAD001,Åtte i Värnamo bortbyter till Peter Knoppe sin gård i Hanhult. Utfärdaren samt Arvid Pijk och Styrbjörn Jonsson beseglar.
CBC57A110,"Tosto Birgersson, Olavus Dyækn, Jon Oddosson, Lars Værndsson, Gunno Prighæ, Bero Niclisson, Olaus Gren, Torsten Bikmulæ, Håkan Gudstavi, Birger Wallingh, Håkan Hofman, Halvardus Faber, Erland och Sven Salassöner intygar att de den 4½ dagen efter påskdagen 1358 (1358-04-17) varit närvarande vid ett landsting i Kinnefjärding och där sett hur Nanno Abjörnsson bytt till sig Sigge och Bengts jord i Modstorp i Hylteryds socken mot sin jord i Vike i Barva socken. Sigge och Bengt överlät till Nanno Abjörnsson äganderätten till sina jordar i Modstorp, och Nanno Abjörnsson överlät till Sigge och Bengt äganderätten till sina jordar i Vike. Utfärdarna beseglar."
C06A59B60,"Häradshövdingen Peter Brynge kungör att han varit närvarande vid häradstinget i Målilla och där fastat för Vadstena kloster och riddaren Gotskalk Bengtsson avtal om jord i Valen. Fastar var Nisse i Berga, Birger i Räninge, Björn i Taby, Jöns i Vidsholm, Jöns i Hälghesta, Olof i Höghult, Nisse Krok, Jon i Dömestorp, Peter i Vrå, Ragvald i Berga, Peter i Mörby och Jon i Vedla. Jon Länsman i Målilla socken beseglar."
C50F7D8B9,"Ärkebiskop Anders (Jakobsson) i Lund kungör att han beviljat lundakanikerna deras begäran om att få behålla de offergåvor som lämnas vid S:t Lars altare i Lunds domkyrka, oavsett om det är en enkel präst eller biskop som firar mässan där. Om någon trots detta skulle göra sig skyldig till överträdelse, skall han straffas som en som begår sakrilegium. Utfärdaren beseglar."
CA853B943,"Ärkebiskop Absalon i Lund kungör att Nils Petersson på sin frälsnings vägnar den dag då herr X, hövitsman, bortgifta sin dotter till herr P, Ebbos son, i Vemmenhög i närvaro av ärkebiskopen, dekanen T, ärkedjäknen A och herr J, hövitsman, samt många andra framstående män, till Vårfrualtaret skötat hälften av sin andel, vilken han genast efter förbehållen med en gård i Barum inlöste. Utfärdaren är vittne till detta gåvobrev. Den som försöker ogiltigförklara detta så uppenbara och på så sätt bekräftade gåvobrev, skall inte tvivla på att han dragit på sig allsmäktige Guds, jungfru Marias och alla helgons vrede och skall underkastas exkommunikation, tills han på ett värdigt sätt gottgjort Gud och bröderna i fråga."
CC06F54CE,"Kaniken i Uppsala Knut, ständig vikarie därstädes, upprättar sitt testamente. Han ger till Uppsala domkyrka, där han väljer sin grav, sin gård Risaby med hälften av alla lösegendomar därstädes, eftersom fogden äger den andra hälften, under vilken gård det finns sju öresland med ett halvt örtugland. Vidare ger han två öresland i Öderby och ett öresland i Gällersta, åtta öresland i Abbekeby, två öresland i Alberga och ett halvt öresland i Uppland. Anledningen härtill är att alla vikarier i koret skall läsa mässor för hans själ på hans dödsdag, och att var och en skall uppbära ett öresland i penningar. Vidare ger han 3 mark penningar till Vendels kyrka och 3 mark penningar till franciskanbröderna i Uppsala, 1 mark penningar till Jungfrukyrkan i Uppsala, 1 mark penningar till S:t Tomaskyrkan därstädes, 1 mark penningar till S:t Petri kyrka därstädes och 1 mark penningar till de fattiga i Guds hus därstädes, 1 mark penningar till S:ta Klara kloster därstädes, 1 mark penningar till franciskanbröderna i Sigtuna, 1 mark penningar till franciskanbröderna i Stockholm, 1 mark penningar till franciskanbröderna i Strängnäs, 1 mark penningar till S:ta Klara kloster i Vadstena, 1 mark penningar till franciskanbröderna i Arboga, 1 mark penningar till franciskanbröderna i Västerås, 1 mark penningar till franciskanbröderna i En"
C03216B61,"Biskop Peter i Linköping tillskriver Nils, borgare i Linköping, och befaller honom att inte betala någon pension till Peter Rumpe, som är utsedd till Ekby kyrkas kyrkoherde, utan att betala den till kyrkoherden Peter. Se vidare DS nr 6836."
C0FE42545,"Biskop Peter i Linköping intygar att borgaren Birger Magnusson i Skänninge tilldelat S:t Martinssystrarna i Skänninge sina gods i Hundåva, Nävra och Ställetorp i Vibykyrka socken som säkerhet för 100 mark silver, som han är skyldig att betala till systrarna för sina brott. Utfärdaren beseglar."
C12F2E648,"Ärkebiskop Hemming och domkapitlet i Linköping stadfäster att Rangvaldsson skänkt 1 attung jord i Kättilstada (Kättilstads socken, Hanekinds härad) till Linköpings domkyrkas prebenda, som kyrkoherden Peter i Eksjö (Eksjö socken, Hanekinds härad) innehar, för att därigenom för sin morbror Ulf Magnussons själ årligen hållas en mässa i domkyrkan. Utfärdaren samt domkapitlet beseglar."
C30C42706,"Biskop Peter i Linköping till präster och lekmän i Bobergs och Gullbergs härader med uppmaning att ge de församlingsbor, som deltar i korståget till Finland, nattvardsgång och syndaförlåtelse."
C3FF6570F,"Biskop Peter i Linköping vidimerar och stadfäster kung Henriks brev av den 20/10 1334 till Linköpings domkyrka med anledning av att kungens mormor Margareta, drottning av Norge, testamenterat till domkyrkan 100 mark penningar, vilka skall användas till att bygga ett altare till S:t Eriks och S:t Olovs ära. Utfärdaren beseglar."
C41784D07,"Biskop Peter i Linköping stadfäster med påvligt tillstånd en bytesöverenskommelse mellan biskop Henrik i Linköping och Alvastra kloster, vilken innebar att biskop Henriks kyrka i Väversunda med Väversunda sockenkyrkas biskopstionde, Alvastra klosters gård och kloster i Ströja i Vists socken med 5 attungar, vilka klostret erhållit i utbyte mot Väversunda, övergick till klostret, medan klostret i sin tur överlät 2 attungar i Hossaby till biskop Henriks kyrka i Linköping. Biskop Peter anser att denna överenskommelse är förmånlig och nödvändig för båda parter. Utfärdaren beseglar."
C42C913B3,"Biskop Peter i Linköping till präster och lekmän i Lysings och Gistads härader med uppmaning att ge de predikarbröder i Skänninge, som fått tionde av de föregående biskoparna i Linköping, understöd med tanke på deras själamässor och för att de skall kunna hjälpa de botgörare som ger dem tionde. Utfärdaren ger alla som ger tionde till bröderna 20 dagars avlat och befriar utfärdarens tjänare från att fasta i 4 dagar. Utfärdaren ger även sin tjänare fullmakt att befria församlingsbor från att fasta i 4 dagar. Utfärdaren uppmanar prästerna att hjälpa bröderna att samla in tionde och att ta emot dem i sina hem. Utfärdaren beseglar."
C46BB6071,Biskop Peter i Linköping vidimerar Thyrgils Birgerssons brev till abboten Johannes i Nydala kloster. Utfärdaren beseglar.
C5E1FFD58,"Biskop Peter i Linköping visiterar i Pjätteryds socken och får veta att Peter Duda skänkt all sin jord i Stockhylta till prästbordet i Pjätteryd. Biskop Peter ger fullmakt att förskriva Peter Duda och hans föräldrar en mässa varje månad, så snart prästbordet i Pjätteryd fått tillgång till jorden."
C5E471785,"Biskop Peter i Linköping avdömer en tvist mellan domkyrkoarchidiaknen Magnus och kaniken Agmundus om dennes rätt till Egidiuspenningen, som av Västbo, Östbo, Sunnerbo, Njudung, Vedbo och Tveta härads inbyggare årligen till Egidius ära skulle erläggas. Se vidare DS nr 6902."
C60A62B66,"Biskop Peter i Linköping meddelar att han med hjälp av trovärdiga män utrett att en gård i Säby, som Gresgårdsborna påstått tillhöra dem, i själva verket tillhör Nydala kloster och att gården Ottenby i Säby by är den som testamenterats av Holmstan, före detta prost i Öland, till Nydala kloster. Biskop Peter tilldömer därför gården Ottenby till Nydala kloster och förbjuder Gresgårdsborna att vidare göra anspråk på den."
C6AE93A93,"Biskop Peter i Linköping intygar att Svantepolk, son till den framlidne hertig Knut, och hans hustru Ingeborg, dotter till den framlidne Svantepolk, samt deras förfäder från början och framåt hade grundat en prebenda vid Linköpings domkyrka, som länge innehafts och ännu innehas av herr Karl Sibbesson, och att de under sin livstid och efter sin död hade rätt att tillsätta personer vid denna prebenda, när den blivit ledig. Biskop Peter intygar vidare att Svantepolks, hertig Knuts och Göstav Tönsons samt deras brors Knut Folkes arvingar hade haft fri dispositionsrätt över nämnda prebenda. Biskop Peter beseglar."
C6E57F26C,"Biskop Peter i Linköping tillskriver alla bönder i Örminge, Fors, Bogestad, Ullevid, Tärnestad, Vimna och Smestad med befallning att inte betala några avgifter till Petrus, kyrkoherde i Ekby, som blivit inrättad till en prebenda i Linköpings domkyrka av Harald, före detta domprost i Linköping, utan att i stället betala till denne eller hans ombud. Se vidare DS nr 6837."
C7FA0CDBF,"Biskop Peter i Linköping stadfäster att kyrkoherden i Gärdesta (Össeby-Garnö socken, Frösåkers härad) Erland skall årligen till Nydala kloster erlägga 8 mark vadmal på påskdagens fjärde dag, vilket belopp skall sättas in i kyrkans kista i Gärdesta. Om beloppet inte inflyter eller minskas, skall Erland vara skyldig 12 mark vadmal på Jungfru Marie himmelsfärdsdag med straff av suspension. Utfärdaren beseglar."
CA0FF1D74,Biskop Peter i Linköping vidimerar sin företrädare biskop Karls av Linköping brev av den 13/6 1347 om att han med samtycke av domkapitlet och Linköpings stad tillskiftat Sko kloster gården Lindasund i Hanekinds härad. Utfärdaren beseglar.
CA22E3400,"Biskop Peter i Linköping stadfäster Erike Abjörnssons gåva av gårdarna Bryttaryd, Stafsrum och Vika i Heestads socken, Björsäters socken och Bjärka socken till Heestads, Bjärka och Björsäters kyrkor. Gåvan innefattar även en förteckning på lösöret på gårdarna. Biskop Peter förordnar att varje kyrkoherde i de nämnda socknarna skall varje vecka fira en mässa för Erike Abjörnssons och hans hustru Inge Magnusdotters samt för deras föräldrars själar. Om någon kyrkoherde försummar att fira mässan eller är försumlig vid mässan, skall han böta 3 mark penningar. Utfärdaren beseglar."
CAA696C9B,"Biskop Peter i Linköping till Gotlands inbyggare med förmaning att återställa den del av de gåvor, som av Kristi trogna offrats till Guds och kung Olavs ära i dennes kapell på Åkeröholm, som under några år blivit våldsamt tilltagen av några gotlänningar och därigenom vållat de nämnda nunnorna på Solberga kloster stor skada och fara för deras själar. Se vidare DS nr 6902. Utfärdaren beseglar."
CAE791961,Biskop Peter i Linköping stadfäster att kyrkoherdarna i Näsby kyrka skall i sina böner nämna de personer som testamenterat gods till kyrkan.
CB13B5AAA,"Biskop Peter i Linköping tillrättalägger förhållandet mellan Vadstena kloster och Vreta kyrkas sockenbor, vilka inte längre betalar tionde till kyrkoherden och sockenkyrkan utan till klostret. Se vidare DS X 1000."
CBB9DEC1D,"Biskop Peter i Linköping meddelar att kaniken Karl Sibbones i Linköping kyrka, som innehar kanonikat och prebende därstädes, blivit tilltalad av biskop Egislus i Västerås, som är exekutor för påvlig provision till Arvid Hemmingsson på samma kanonikat och prebende, att han skulle överlåta dem till Arvid Hemmingsson inom viss tid. Se vidare DS nr 6836."
CC1596C39,"Biskop Peter i Linköping tillåter abbedissan Kristina Karlsdotter och hennes nunnekonvent att själva uppbära böter av konventets folk, som begått överträdelser eller brott inom biskopsdömet, för deras behov och nödvändigheter, med undantag av de fall där exkommunikation kan inträda, men med bibehållen rätt för biskopen att återkalla denna tillåtelse. Biskopen förbjuder alla föreståndare, tjänstemän, fogdar och andra som har att uppbära böter eller avgifter för biskopen att hindra abbedissan eller hennes ställföreträdare att uppbära böterna. Biskopen beseglar."
CC9265A1C,"Biskop Peter i Linköping tillskriver Ingevald, som är prebendat vid Linköpings domkyrka, att han med fondatorns och kapitlets samtycke förenat Ingevalds prebenda med den vid samma domkyrka lediga prebenda, som blivit ledig genom Johannes Hermanni död. Ingevald förpliktas att iakttaga de för hans prebenda gällande mässofferskraven. Utfärdaren beseglar."
C28215CAD,"Peter Vitter och hans hustru Ingeborg Nilsdotter skänker till Vadstena kloster jord i Tjälbo i Tjälbo sn, Åsunda hd, i Gränna sn, Småland, i Järstorp i Jära sn, Småland, i Yxneröd i Yxneröds sn, Västergötland, i Kofraby i Kofraby sn, Västergötland, samt i Sandhults sn, Västergötland."
C5E4690D8,"Peter Vitter och hans hustru Ingeborg Nilsdotter upplåter till Vadstena kloster en gård i Vadstena vid Tegelhuset, som förut tillhört Ture Tegel, och därjämte två åkrar, som klostret lovat dem, eller två av tre åkrar, som de skulle få, om de inte kunde få de två första, samt vidare av fyra av klostrets landbor deras årliga avgifter, dagsverken, förluster, lamm, höns, ägg och allt annat, som de fyra landborna brukar ge, men inte avskörden, som de skulle föra till klostret. De förbinder sig att efter sin död inte hindra eller klandra något av det som här är upplåtet, utan att allt skall återgå till klostret. De beseglar tillsammans med Eskil Djäken och Jöns Styrbjörnsson."
C4351C80B,"Sändarna Karl Gislesson, Jon Tyrgilsson och Tomas Enbyornsson säljer till Karl Ingebyornsson ett markland i Yttre Hjärnvi för 300 mark penningar. De upplåter jorden till köparen och dennes arvingar med full äganderätt. Om jorden skulle hindras eller klandras för köparen, förbinder sig sändarna och deras arvingar att återbetala pengarna inom 3 månader efter det att jorden blivit lagligen tilldelad köparen. Gus Brydhe beseglar."
C5C793A26,"Ulf Jonsson, kungens domhavande i Sverige på Bo Jonssons vägnar, och Ingevald Djäken, underlagman i Västmanland på herr Sten Stenssons vägnar, kungör att Bo Jonsson, herr Sten Stensson, Sveriges marsk, till dem överlämnat ett brev rörande rätt till 5 öresland i Hjälpinge, vilka Filip Olofsson nu innehar. Eftersom Filip Olofsson inte framlagt sina bevis för äganderätten till nämnda jord, dömer de 5 öresland i Hjälpinge i kvarstad, så att inget av dem får bäras bort till dess att Filip Olofsson och herr Sten Stensson med sina bevis har varit inför kungens råd eller på annan ort för en rättvis dom, och att det mellan dem avgjorts vilken av dem som har mer och som äger det på rätt sätt. De förbjuder Filip Olofsson att bära bort eller bevara något av de 5 öresland i Hjälpinge till dess att en rättvis dom har meddelats, med böter på 6 mark för lagmans dom och 40 mark till kungens sak. Utfärdarna beseglar."
C461B189E,"Peter Jonsson säljer till Jon i Högaryd sin gård i Fåterstorp, som han erhållit av Ulf Andersson för 50 mark svenska penningar, med villkor att Jon skall lösa godset med 40 mark i Näse eller ge honom annan värdig ersättning. Utfärdaren och Ulf Andersson beseglar."
CA07EF0F8,"Peter Jonsson ger sin hustru Birgitta Nilsdotter morgongåva i Vallum i Lunda sn, Gällsta i Lunda sn, Järstad i Lunda sn, Danby i Björkviks sn, Broby i Ås sn. Om makarna får barn skall jorden tillfalla barnen och modern, men om de inte får barn skall jorden tillfalla modern. Om jorden hindras från att tillfalla hustrun skall hon ha en gård i Broby i Ås sn. Vittnen är Magnus Ingevallsson, Simon Håkansson, Karl Arvidsson, Johannes Laufrinzon, Peter i Vårdnäs, Halstan i Trosa, Peter i Torsåker, utfärdaren själv."
CBF5FC0EA,"Peter Jönsson kungör att han till sin hustru Katarina Eriksdotter skänkt 2 attungar jord i Kulstadum, Siftesbotum, Frillesbotum, Krankebotum och Elvarsbotum. Om de får barn skall dessa äga godsen gemensamt, men om de blir barnlösa skall den som lever längst behålla godsen. För att göra gåvan mer säker och bestående beseglar utfärdaren tillsammans med Lars Björnsson, lagman i Västergötland, Udd Mattsson och Birger, utfärdarens bror och efterträdare. Utfärdaren beseglar."
C2B2259B5,"Tvär Stensson och Lafrens Ulfsson, redare, och fru Birgitta Magnossdotter, utfärdarare på sina barns vägnar, kungör att de efter sin far herr Sten Bengtsson skiftat gods med sin syster fru Kristina Stensdotter, som fått Ridö och Kurön med alla öar och holmar som tillhör dem och som hon fått i arv, utan att något annat talats om denna gåva i deras brev. Utfärdarna beseglar."
C4905DD13,"Jon Botulfsson erkänner sig ha uppburit 100 mark penningar av Holgers arvingar för de gods, som Holger köpt av honom, nämligen Qvarnboda, Brånstorp och Tågebo vid Å. Utfärdaren beseglar."
C68383D56,"Katarina, dotter till den vördnadsvärde och heliga Birgitta, kunglig person av hög börd i Sverige, som befann sig i Rom och där uppehöll sig på grund av sin pilgrimsfärd, vid tiden för valet av den helige Urban VI, påven, intygade att hon inte kände till något om valet, intronisationen och kröningen av den nye påven, förutom att kardinalerna före inträdandet i konklaven talade om och redan hade beslutat om valet. Hon sade sig ha fått veta detta av pålitliga och högt ansedda prelater. Hon sade vidare att hon inte kände till något annat om valet, förutom att kardinalerna i konklaven enhälligt hade valt den dåvarande ärkebiskopen av Bari till påve. Hon sade sig ha hört av kardinalen av Poitiers och av många andra kardinaler att de enhälligt och med god vilja hade valt den nuvarande påven. Hon uppmanades att tro och hålla för sant att Urban VI var den rätte och kanoniskt valde påven och att han hade blivit vald genom den Helige Andes ingivelse. Hon sade att hon inte kände till något om att det hade funnits något inflytande eller fruktan från romarnas sida, men att det efter valet hade funnits en del rykten och förolämpningar från motståndarnas sida mot den nye påven. Hon sade att hon hade sett Urban VI krönas och att kardinalerna hade följt honom till kyrkan med vita hästar och kardinalmössor. Hon sade att hon trodde att den helige Urban VI:s stränghet mot kardinalerna, som inte var välvillig i deras önskemål och som ville korrigera dem, hade varit orsaken till att kardinalerna följde honom. Hon"
CB5E66B9B,"Väpnaren Henning Broddstorp avträder till drottning Margareta allt det gods, som han genom arv kommit efter Engelke van der Horst, nämligen Kingerlödh, Strand, Norholm, Snappatorp i Järde sn, med alla tillägor, och upplåter därjämte till drottningen gårdarna Önhammar och Grönsta med alla deras tillägor, vilka han ärvt efter Engelke van der Horst. Utfärdaren beseglar."
C8EAE8A6F,Abbot W av Cisterciensorden providerar med apostolisk myndighet och efter att ha inhämtat sina kardinalers råd den efter ärkebiskop Petrus död till efterträdare utvalde domprosten Birger till ärkebiskop i Uppsala. Se vidare DS nr 7559.
C9D472BAE,"Bengt Kettilmarck ger sin hustru Märta Torsdotter morgongåva av 1000 mark svenska penningar. Om de får barn skall morgongåvan tillfalla barnen och inte fäderna. Om de skiljs utan barn skall den som lever längst behålla morgongåvan. Bengt Kettilmarck, herr Otto Peccatil, riddare, Magnus Eriksson och Peter Rönning beseglar."
C5834EF08,"Jämper Djäken, häradshövding i Åkerbo, kungör att han på Ökleta ting 1348 fastat jord i Vaga (Vagla) till biskop Olof i Västerås."
CB7C46023,"Jämper Djäken, häradshövding i Åkerbo, kungör att han på Ökleta ting 1313, nästkommande måndag efter S:t Pers dag, upplät till Nils i Jädra, borgare i Arboga, hälften av den ruetun (C: vretun) som Margareta och Sigrid ärvt efter sin fader Lars Olofsson, belägen väster om den gamla kyrkogården, för 15 mark och 20 örtugars avgift. Fastar var Nils i Danaby, Hunger i Torp, Erengils i Torp, Olof i Kröklinge, Hungör i Kvillingeby, Jon i Hagelberg, Jon i Surby, Nils i Näsby, Karl i Hambre, Peter Olofsson i Viby, Filip i Norrby, Olof i Värby och Olof i Smiaby. Utfärdaren beseglar."
C253E01B0,"Ulf Johansson och Ingrid Jönsdotter skänker till Nydala kloster jord i Sjööaryd, Möllokulla i Malbäcks sn, Byaryd i Reftele sn, Basseberg i Åkers sn, Fästerstorp i Tofteryds sn, Harstada i Kärda sn och Bångna i Gnosjö sn. Ingrid Jönsdotter skall ha en gård i Hovaryd i sitt livstid, Ulf Johansson en gård av klostret i sitt livstid. Utfärdaren samt Mathias Halstensson, prost i Sänna, Lars Haraldsson och Sigmundus Nilsson beseglar."
C84AE949D,"Jon i Ökna, underhäradshövding i Österrekarne, kungör att herr Bengt Filipsson på sina vägnar till prosten i Eskilstuna och hans bröder överlåtit 1 ½ markland i Sundby i Malmslätts socken, 2 öresland i Näs i Dunker socken, 2 örtugland i Hättesta i Fors socken, 5 örtugland i Fläxta, ½ öresland i Brånsta och 11 penningland i Skensta i Fors socken. Detta skedde vid räfsteting efter mickelsmäss på Lafrinzs Sonasons vägnar. Utfärdaren beseglar."
CB178D5FB,"Folke Röriksson, kanik i Västerås, Thord Bondesson, hans hustru Margareta, Birger och Anund, Röriks söner, samt deras syster Kristina kungör att de förbinder sig att med alla lagliga medel försvara de gods i Bårestad, som deras mormor Ingeborg testamenterat till Julita kloster, mot en smed Bero, som nu gör anspråk på dem. Utfärdarna beseglar."
C787CC3E9,"Gerthrud, änka efter borgaren i Stockholm Johan van Werden, och hennes söner Johannes och Ambrosius, hennes svåger Arnoldus, Andreas, Giso van Werden och Hinze Borkard, borgare i Stockholm, säljer till ärkebiskop Olof i Uppsala ön Arxö i Värmdö socken för 250 mark penningar i Stockholm, vilka de erkänner sig ha uppburit av ärkebiskopen. De förbinder sig att inte göra anspråk på ön, om den skulle komma i deras eller deras fränders ägo, och att återbetala ärkebiskopen eller hans efterträdare de 250 mark, om ön skulle komma i deras ägo genom någon av deras fränder. Arnoldus, Andreas, Giso och Hinze beseglar."
C2094A1A1,"Domkapitlet i Linköping och dess dekan meddelar domkyrko- och sockenprästerna i Linköpings stift att biskop Gotskalk mördats av Mathias Gøtstaffson och flera andra, och att de därför skall exkommunicera och offentliggöra detta i sina kyrkor på alla söndagar och helgdagar, då mässan firas, med klockringning och tända ljus, och varna för att inte missa detta på någon söndag eller helgdag. De skall också be för att de som mördat biskopen må få botgöring och avlösning av påven."
C35F0118F,"Kyrkoherden Hans i Lommaryd kungör att han till Anund Hemmingsson överlåtit 20 spanns avgäld i Kullersta i Husby socken i Hammarkinds härad. Egendomen är fri från alla avradsskyldigheter. Anund Hemmingsson har i utbyte mot sin del i avgälden till Olof, Hans systerson, överlåtit sin del i samma avgäld. Utfärdaren och hans arvingar förbinder sig att ersätta Anund Hemmingsson för dennes del. Sune Håkansson och kyrkoherden Knut i Säby beseglar. Utfärdaren lovar att besegla innan påsk."
CA021ED8B,"Kyrkoherden Johannes i Lommaryd upplåter åt Anund Hemmingsson, som han sålt, 20 mått spannmål i Kullersta i Husby socken i Hammarkinds härad. Utfärdaren beseglar."
C41137D7A,"Ärkebiskop Johannes i Uppsala, biskoparna Knut i Linköping, Bryniolf i Skara, Andreas i Strängnäs och Nampno i Västerås avdömer ett mål mellan Thomas Simonsson, domprost i Strängnäs, och inbyggarna i Selebo och Åkers härad rörande en avgift kallad proghastatäning, vilken avgift Thomas Simonsson, Thomas Simonssons företrädare, med stöd av en dom av biskop Sigmund i Strängnäs och ärkebiskop Hemming i Uppsala, påstått ha varit lagligen preskriberad. Utfärdarna förordnar att avgiften skall erläggas vid varje påsk före den tid då inbyggarna i Selebo och Åkers härad skall kunna eller behöva inställa sig till kommunionen."
C7BE14FA4,Henrik Svärd ger sin hustru Birgitta Clausdotter morgongåva i Nämmenpæ och Kuddala i Tavastland. Tolv fastar uppräknas. Utfärdaren samt biskop Magnus i Åbo beseglar.
C58924267,"Prästen Björn i Gökhem och församlingen säljer med samtycke av domkapitlet i Skara till Johan Bengtsson gården Horsås i Skövde socken för 30 mark penningar. Utfärdaren samt dekanen Karl i Skara, Lars Kerling, Torsten Kerling, Nils Nilsson Kerling och Johan Holtsson beseglar."
CA8C27C1B,Abbot Sven i Varnhem vidimerar och stadfäster Esroms och Varnhems abbotar Petrus och Tideman (i Esrom) och Tideman (i Varnhem) den 13/6 1281 utgivna intyg om Bernhards dåliga uppförande. Utfärdarna beseglar.
C784ADA43,"Magnus Öarsson säljer med samtycke av sin hustru Argunna till Lars Filipsson allt sin hustrus gods i Tuna i Kumla socken i Östergötland. Vittnen är herr Peter i Sunne, Erngisle Bengtsson och utfärdaren själv. Utfärdaren beseglar."
C59DEB85B,"Barnam Gislesson kungör att han till sin bror herr Magnus Gislesson sålt Stenhusa i Aspenäs och Kappelin samt alla andra byggnader inom och utanför gården för 400 mark penningar, i enlighet med brev och vin och vinna, som landslagen tillskriver. Vittnen var herr Nils i Tärp, Johan Dömare och Peder i Bro, kyrkoherde i Tärp. Brevet upprättades vid tingsstämman i Tärp. Utfärdaren beseglar."
CB70BD61C,"Barnim Gislesson skiftar med sin bror herr Magnus Gislesson jord i Vendel i Tierps socken och Aspenäs i utbyte mot Ranäs i Västergötland, Lunda kvarn och Ginnings torp. Dessutom skiftar han med sin bror 10 örtugland i Öndabo i Tierps socken, i Svinna i Vallby socken 3 öresland och 1 örtugland, i Risinge i Hara socken 1/2 öresland, i Ullefors i Tierps socken 1 öresland och 5 penningland samt kvarnfors, i Alfors 2 öresland och 1/2 örtugland, i Girsingsbo 1 öresland, i Folabäck, i Digrebo 1 örtugland, i Öfro 10 penningland, i Fors 1 öresland och 3 penningland, i Tjäl i Hjälsta socken 2 öresland. I Elleby i Vendels socken skiftar han 12 öresland i utbyte mot Torstorp i Västergötland och ett landbogöje i Vädbärga, som han fått av Nils Magnusson. Utfärdaren samt kung Magnus, riddarna Nils Abjörnsson och Gustav Arvidsson samt Upplands lagman Magnus Gregersson beseglar."
CC83C4CE1,"Jakob Lena och Magnus Birgersson pantsätter till Vreta kloster 40 mark penningar för jungfrun Märta Arvidsdotter, varvid de ger 1 attung jord i Halstra i Tjurkö socken. Om jorden inte är värd 40 mark, skall de efter god mans utsago på en bestämd dag, när de sett och mätt jorden, ge en annan lika god jord. Eftersom utfärdarna saknar eget sigill, beseglas brevet av biskop Nils i Linköping, herr Henrik dekan i Uppsala, herr Jöns Eriksson kung i Linköping och Harald."
C757095A4,"Borgaren Folkvin Kettilvastsson i Västerås överlåter till priorn Tord och bröderna i Eskilstuna (johannitkloster) sina egendomar i Västersta Hammar och Mellersta Hammar i Tuna socken i Strängnäs stift mot 1 öresland i Vädla i Tälje socken, 1 öresland i Uppunda i Uppsala stift och 1 öresland i Tingelunda i Dingtuna socken i Västerås stift. Tyko Petersson beseglar."
C1CFBF77C,"Fogden Jöns Andersson, Johannes Hennikini, underlagman, Trugillus Petri, Nicolaus Petri i Lilla torget, Magnus Amundsson, kallad Djäken, Agge Magnusson, Petrus Jensson, Clemens Trugoti, Knut Mattsson och Paulus Sutor, borgmästare och råd i Lund intygar att borgaren Lars Gödesson till borgaren Peter Andersson överlåtit en gård i S:t Jakobs sn i Lund. Utfärdarna beseglar."
C4FEA16E6,"Johan Toke(sson) (Hurle) säljer till Rangvald Erengislesson (Puke) hälften av sin gård i Estenstorp (Malmbäcks socken, Västra härad) för 40 mark penningar. Birger Knutsson, Johan Brudsson och Daniel Jonsson beseglar."
C0B1E71EE,"Ärkebiskop L. Miseserakrationis i Uppsala stadfäster ett av honom och domkapitlet beslutat kyrkligt reglemente, enligt vilket en prästvigd, som inte innehar ett eget kyrkligt ämbete eller är så bunden vid en furste att han måste följa denne, skall stanna kvar i Uppsala domkyrkas kor i ett år efter sin prästvigning och där lära sig sitt ämbete, för vilket han skall erlägga 1 mark silver, och därefter, om han önskar stanna kvar, ytterligare 10 timmar silver. Om han inte har något eget ämbete och församlingsborna inte vill ha honom, skall ärkebiskopen inte neka honom att tillträda ett ledigt ämbete. För att detta hälsosamma reglemente skall bli känt och för att det skall kunna tillämpas, skall de som bryter mot det straffas med suspendering från sitt ämbete, tills de uppfyllt de föreskrivna villkoren. För att reglementet skall bli bestående, beseglas det av utfärdaren och Uppsala domkapitel."
CCB1FD9C0,"Ärkebiskop L. i Uppsala till biskoparna H. i Linköping och F. i Växjö med meddelande av påven Alexander IV:s brev av den 12/10 1259, vari denne tillåter biskoparna att i stället för att själv resa till sina stift, sända sina vikarier dit, samt att de skall tillåta präster, som haft samlag med sina hustrur, att förbli i sina ämbeten, om de avlägger löften om att inte återgå till sådant leverne, men att de skall förmå sådana präster att skilja sig från sina hustrur eller åtminstone att inte ta dem till hustrur igen, om de inte avlägger sådana löften. Se vidare DS nr 449."
CE230EED9,Ärkebiskop L. i Uppsala befaller prästerna att uppbära tionde av alla jordegendomar och att inte låta någon som inte betalat tionde till kyrkan eller till ärkebiskopen eller till Uppsala domkyrka (ecclesie vpsaliensi que prius decima pauperum appellabatur) deltaga i nattvarden vid påsk om han inte gjort detta före påsken. Utfärdaren beseglar.
C3D96F824,"Domkapitlet i Strängnäs meddelar att kanikerna Birger Gregersson och Sigge av Rönö, vilka av ärkebiskop Peter i Uppsala blivit utsedda till kommissarier i tvisten mellan biskop Sigmund i Strängnäs och Johannes, före detta rektor i Höle, och deras arvingar, slutit en förlikning med sistnämnda part. Se vidare DS X 1012."
C888A6A8B,"Prästen Bengt i Svennarum testamenterar till Nydala kloster Rolstorp med alla tillägor, men ger sina barn de gods han äger i Svennarum och Långserum. Utfärdaren beseglar. Johan Sunesson och Erik Bosse beseglar."
C83A6415F,"Hemming, häradshövding i Gistads härad, kungör att han med närvarande brev förlikat sig med Rangvald Hemmingsson, som låtit Sörreklostret i Skänninge byta till sig ½ attung jord i Hogstad, varvid broder Jon, förman därstädes, tog emot jorden. 7 fastar uppräknas. Utfärdaren beseglar."
C986B4602,Sune Hemmingsson säljer till Skara domkyrkas dekan Magnus Algotsson jord i Hulöga i Mjölby sn.
C54F2DBC5,"V, Filip Filipsson, Filip Filipssons dotter, kungens förre lagman, kungör att hon med sin man Filip Filipsson bytt till sig en gård i Västergötland, Frösberg, av sin bror, kungens nuvarande lagman, mot en gård i Ydre, V, och att hennes man Filip Filipsson till sin bror, kungens nuvarande lagman, sålt gården V för 360 mark penningar. Utfärdaren beseglar tillsammans med kung M, biskoparna i Uppsala, Linköping, Skara, Strängnäs, Johannes, Filip, Johannes Karlsson och hennes man Filip Filipsson."
CBF7E59FD,"Bröderna Nicolaus Olaui, lector sententiarum, Hermannus Arosiensis, Petrus Frigus, Olauus Fos, Olauus Pauli, Magnus och Andreas Sacrista, klerker i Åbokonventet, frikallar prioren Lars Olofsson från allt ansvar för det förflutna och ger honom frihet att under vintern fram till påsk nästa år vara befriad från redovisningsskyldighet. Utfärdarna beseglar. Gregorius, lector i Stockholm och vikarie för priorn Raymundus i Dacia i de maritima konventen, närvarade vid denna frikännande och godkände Lars Olofssons åtgärder. Utfärdaren beseglar."
CA45D0EEA,"Peter Geet, borgare i Stockholm, säljer till riddaren Bengt Stensson en tomt i Arboga på Hagahagen mellan Knut Borgmästare och Magnus Djäkens tomter."
CDA53B17E,"Kung Albrekt av Sverige och hertigarna Henrik och Magnus av Mecklenburg kungör att de till Tyke Ronnebeke låter utfärda ett skuldebrev på 5 mark penningar av sina båda hövudgårdar i byn Mjölby, vilka är uppodlade av Buske och hans son. Utfärdarna beseglar."
CF08F1725,"Väpnaren Gunnar Gylta skiftar med Lars Piik arv efter fru Katarina Karlsdotter, varvid på hans hustru Bengta Olofsdotters del faller en gård i Sällerhög (Skällared, Skelderidh) i Asklanda sn, en kvarn i Ornunga, en ålgård vid Sävesjön, en gård i Rommenefall (Romundæfall), två gårdar i Grude och en gård i Asklanda. Gunnar Siggeson, Bengt Turesson och riddaren Martin Svan beseglar."
C2BD617B0,"Karl Dagsson upprättar sitt testamente, varvid han först ger Linköpings domkyrka sin röda häst, på vilken han väljer sin gravplats. Vidare vill han att hans gård i Västerby, som är belägen på Feringöms, säljes på så sätt att domprosten i Linköping, herr W., först får de 6 mark, för vilka gården är pantförskuldrad, och därefter av hans döttrars pengar på Feringöms 10 mark. Resten av arvet vill han att man skall ge till själagagn i mässor, psalterier och vigilior, så som det synes bäst. Vidare vill han att domprosten herr W. skall få 6 örtugar av Johan Ingesson av ovannämnda gård, varmed man skall göra en ljus av vax till den nya jungfrubilden i Linköpings domkyrka. Vidare ger han domprosten herr W. sin rustning med bröstharnesk, plåt och läder. Vidare ger han herr Ingemar i Kättilstad sin sadel, betsel och skor. Vittnen är herr Markus, kyrkoherde, herr Ödbjörn och Hemmingus Susanne. Staden Linköping och herr Markus beseglar."
CC83B00C7,"Karl Djäken upprättar sitt testamente, vari han bl.a. skänker 5 mark till Linköpings domkyrkas själagång, men ändrar detta till förmån för Linköpings domkyrkas altare S:t Mikael. Utfärdaren samt Linköpings domkapitel och stad beseglar."
CB427B30A,"Påven Urban(IV) till biskop W. i Roskilde med uppmaning att låta Adalward, som blivit biskop i Sigtuna och som nu invaderar Skara stift, resa till Dalby för att invigas där. Adalward hade blivit biskop i Sigtuna av påven Urban(IV) och invigdes av ärkebiskop Adalbert i Hamburg"
C8564811C,Valdemar Eriksson kungör att han till sin mor Cecilia Knutsdotter och dennas arvingar avträtt hälften av gården Rimsta kvarn med tillägor. Utfärdaren beseglar.
CFAF99148,"Riddaren Valdemar Eriksson utfärdar fullmakt för sin tjänare Gudlav i Åby i Gränna socken att på Lagunda härads ting på hans vägnar avstå 11 öresland i Nyby i Bondekulla socken, vilka tillföll honom genom äktenskap, till ärkebiskop Hemming eller dennes ombud, och att ge fasta på dessa för ärkebiskopen, samt att göra allt annat som han själv skulle kunna göra om han vore närvarande. Utfärdaren beseglar."
CFCFA54E2,"Riddaren Valdemar Eriksson pantsätter till biskop Sigmund i Strängnäs och domkapitlet 8 attungar i Ringstad, 3 i Fålaberg, 2 i Fiskeby, 4 i Hembestad, sitt kvarn Trana i Eneby socken samt 4 attungar i Kettilstad i Kinnefjärdinge socken med alla tillägor för 400 mark penningar i ny mynt, som han mottagit av dem. Om han inte betalar inom utsatt tid skall egendomarna tillfalla domkyrkan i Strängnäs. Om de inte kan komma överens om värderingen skall ärkebiskopen i Uppsala få avgöra. Utfärdaren samt riddarna Nils Abjörnsson, Gustav Tunesson, Karl Ulfsson, Johan Knutsson, Peter Stigsson och Nils Aksesson beseglar."
C501DB79B,"Brunte Bengtsson och Arvid Bengtsson tilldömer Torps i Skatelövs socken en fjärdedel av Hyndige mäns gods med alla tillagor, som skall avkasta lika mycket landgille som Ringshults gård i Torps, eftersom Håkan Fröö Ebbason äger Grimslöv. Hindrik Håkonsson vittnar för nämnden och dömer dem i Hunnebo sak till 6 mark för två år, som de bott på den delen i förbud. Utfärdarna beseglar."
C8F9BC211,"Sigge Halstensson kvitterar 22½ mark penningar i lödigt silver, som Arnvid Gustavsson betalat på Arnvid Gustavssons vägnar för en gård i Djäkenäs, som Arnvid Gustavsson i närvaro av hertig Valdemar, ärkebiskop Nicolaus i Uppsala, Israel, vald biskop i Västerås, Matheus Kettilmundsson, Torkel Djäken och utfärdaren överlåtit till domprost B i Skara för att betala Arnvid Gustavssons testamente. Utfärdaren beseglar."
C4097737A,"Marita Tuvesson, Magnus Karlsson, Bengt Karlsson och Erik Karlsson säljer till riddaren Magnus Nilsson allt de äger i Boffulösa, som Holger Tyrgilsson sålt till dem. Utfärdarna beseglar."
CFD01CF7F,Peter i Hunneboda säljer till Vårfruberga kloster jord i Ledungsby i Vallby sn.
C428A7ABA,"Borgaren Peter Petersson i Ullevi säljer till Linköpings domkyrkas klerk Ingevast ett halvt attungland i Ullevi, som ligger längst bort från solen, och överlåter det med två fastar, Nils i Stång och Lars Toresson, till evig besittning. Linköpings stad samt utfärdaren och de sistnämnda fastarna beseglar."
C5ECEBC88,"Botvid i Skörlinge överlåter till Peter Thomasson 16 spanns avgäld i åker och äng i Elby i Skörlinge socken i Hanekinds härad. Fastar var Arvid Isaksson, Vernek i Hendelbyrka, Harald Bagge, Eruast i Häststad och Erik i Hagelstad. Utfärdaren beseglar."
C7769869B,"Påven Celestinus III befaller biskop Stenar i Växjö att inte tillåta biskop K. i Linköping att göra anspråk på egendomar, som denne eller hans företrädare i lugn och ro innehaft."
C996CA9A3,Påven Celestinus III till ärkebiskop Jakob (Erlandsson) i Lund med uppdrag att utreda och besluta i en fråga rörande kung Ragnvald (R) av Sverige. Se vidare DS nr 6925.
CCDA943CC,"Påven Celestinus III till kardinalprästen C. S. Laurentii in Lucina, apostoliska legaten, och ärkebiskopen i Uppsala P. och biskopen i Skara J. med uppdrag att avgöra tvisten mellan biskoparna K. i Linköping och S. i Växjö om gränserna för deras stift."
CB17B723E,"Petrus de Wazstenis, Birgittas biktfader, meddelar att biskop Valdemar av Odense den 12/4 1373 anlänt till Vadstena med apostoliska brev och ett brev av ärkebiskop Jakob i Lund, varigenom denne godtog det som biskop Valdemar skulle uträtta rörande Birgittas hus. Biskop Valdemar hade i närvaro av ärkebiskop Jakob i Lund och några kaniker samt några av rikets adelsmän uppgjort och i offentligt brev avfattat vittnesmål av förnämliga och trovärdiga personer av båda könen om Birgittas fromma vandel och berömliga liv. Biskop Valdemar överlämnade sig sedan till Birgittas förböner och gav sig av på hemvägen."
C77B908BD,"Prästen Michael i Eskilstuna upprättar sitt testamente. Han väljer att begravas i sin sockenkyrka i Eskilstuna, där han väljer sin gravplats, och skänker till denna kyrka 5 örtugland i hælghæstum för prästens liturgiska kläder och vax, som skall betalas med egna medel. Vidare skänker han till bröderna i Eskilstuna, där han väljer sin grav, 4 örtugland med 2 penningar, till Vårdby i samma socken 4 penningar, till Vrödja i Sundby socken vid Brosundet 4 penningar. Till sin tjänarinna Ingrid skänker han 3 kor, en kopparkittel, en stämgaffel, till sin tjänare Ulf en kappa med huva och ett parstycke. Sigillanter är Giseke, som var föreståndare i Eskilstuna, och herr Olof från Eskilstuna samt herr Nils från Torshälla."
C113CD41F,"Kung B. av Sverige kungör att han i Visby blivit underrättad av flera trovärdiga och hedervärda personer att biskoparna B. i Skara och K. i Linköping ämnar vidtaga rättsliga åtgärder mot honom och fälla domar i en sak, där de inte är domare, utan åberopar att han brutit mot sina löften till sina bröder, hertigarna, och att de därför inte är lämpliga domare. Han förklarar sig oskyldig inför Gud och sin samvete och att biskoparna inte är lämpliga domare, men att de är misstänkta av flera skäl, bl.a. därför att de är förbundna med hertigarna genom trohetsed och att de är deras rådgivare och medhjälpare. Han förklarar sig beredd att vid lämplig tid och plats bevisa sin oskuld och rättfärdighet. Eftersom han fruktar att biskoparnas åtgärder kan leda till att han orättfärdigt bestraffas, överlåter han sig och sina rättigheter på påvestolen och till påven, som han uppmanar att ge biskoparna tillstånd att döma i saken"
CD1752EF8,"Fikke Grupendal avträder till biskop Brynolf i Skara gården Stålberga med Tostatorps hage, åker, äng, skog och allt därtill hörande, i utbyte mot kvarnen Sjörås kvarn i Fullösa sn, Kinne hd. Utfärdaren samt fogden Jakob Augustinus, lagmannen Sämund Tyrgilsson och Fikke Zisendorp beseglar."
CE36E0BFD,"Fikke Grupendal avträder till Skara domkyrka Stålberga mellan Skara och Axvall i utbyte mot Sjörås kvarn. Utfärdaren samt Jacob Augustinus, fogde i Väne, och Semund Toresson, lagman därstädes, beseglar."
C66EEE96D,"Rötker Pilgrim och Johannes Hagen säljer till garvaren Johan Preen tre slaktbodplatser i Skanör, som de förut förvärvat."
C1B34AC7C,"Vigstanus Birgersson säljer till Karl Petersson sina gods i Åkerstorp och Kulla med alla tillägor. Utfärdaren samt Magnus Knutsson, Johan Knutsson, Kristina, Birger Anundsson och utfärdaren beseglar."
C6AB91E9D,"Kung Olov tillskiftar Thorkil Nilsson, son och arvinge till Nils Birgersson, de gods i Skåne som tillfallit honom genom arv efter fadern, nämligen Skäpperlöf, Isgärde, Månstorp, Lida, Svens­torp, Bjärnhult och en gård i Vram i Gärdslövs härad."
C75D32B09,"Kung Olov tillskiftar Thorkil Nilsson, son och laglige arvinge till Nils Birgersson, de gods som efter faderns död tillfallit honom med fri dispositionsrätt och förordnar att ingen må inkräkta på dem. Utfärdaren beseglar."
CFB712B26,Kung Olov stadfäster den dom som justitiarien i Lund Tuve Galin och de övriga nämnda utfärdarna av brev 12970901 avkunnat i tvist mellan Lunds domkyrkas byggnadskassa och Kastlösa socken om Kastlösa by och därvid tilldelat byggnadskassan byn. Utfärdaren beseglar.
C6D75728C,"Jöns Larsson i Södertorp på Skånes ägor upplåter till riddaren Nils Svensson i Ellinge sin gård Nisse Jensen i Gessie i Oxie härad, som han erhållit med sin hustru, med villkor att om han eller hans arvingar inte löser gården före 15/11, skall Nils Svensson betala landgäld och tjänst för den och att gården inte skall räknas med i huvudsumman förrän den lösts. Agge Botelsson och Lasse Fleming beseglar."
C73541351,"Kungens bror Bengt kungör att han pantsatt 13 öresland i Husaby i Vingåkers socken till Uppsala domkyrka för 80 mark penningar, med villkor att om pengarna inte återbetalas före 11/11 skall egendomen säljas till domkyrkan. Utfärdaren beseglar."
C240CBCFD,"Borgmästare och råd i Reval till Lübeck, medförande Herman van Lippia, som Revalska rådet sänt som ombud till Lübeck. Utfärdarna underrättar Lübeck om att Revalska kommendatorn förhandlat med Reval om att låta arrestera Revalborgares egendomar i Reval, vilket Reval ansett strida mot dess jurisdiktion, och att kommendatorn därför föreslagit att Lübeck skulle sända ett ombud till Reval för att lösa tvisten. Utfärdarna ber nu Lübeck att inte låta sig påverkas av Revalska kommendatorns förslag, eftersom Reval och Revalborgarna är förenade med Hansan och Revalborgarnas egendomar i Reval därför inte får beslagenas. Om Lübeck har något ärende till Revalborgarna, bör Lübeck beslagena deras egendomar i Reval, men inte i Revals distrikt"
C55243644,"Borgmästare och råd i Visby tillskriver rådet i Reval och meddelar att en löpare från Sverige, Bo Jonsson, kommit till Visby med brev till biskopen i Odense och att han redan skickats vidare. Utfärdarna skriver under i hemlighet."
C6A3C450C,"Borgmästare och råd i Visby tillskriver rådet i Lübeck och meddelar att de tillåtit de gemensamma köpmännen att segla till Gotland, Preussen och Tyska ordens land, om de fått inkomster, men att de inte tillåtit dem att segla till Sverige, eftersom de inte kunnat förmå Lübeck att tillåta detta. De ber rådet att inte anse detta som en överträdelse av deras förbud mot segling till Sverige. De är dock särskilt förberedda på att skepp som ligger i Visby är osäkra och otillräckligt förvarade, och att de borde segla tomma, om de inte har någon last. Utfärdarna ber Lübeck att tro på Herman Lippia, som är deras konsuls medhjälpare och som kan förklara detta för rådet. Utfärdarna ber Lübeck att inte anse detta som en överträdelse av deras förbud mot segling till Sverige."
C6CC01FB4,"Borgmästare och råd i Visby underrättar borgmästare och råd i Reval om att deras borgare Anders Skräddare blivit häktad i Viborg och ber dem att låta honom komma i åtnjutande av deras vänskap och hjälp i hans rättmätiga och rimliga ärenden. Om Anders Skräddare skulle ha gjort sig skyldig till något brott mot Reval, ber de att han i så fall skall bli förlåten på ett vänligt och välvilligt sätt. Utfärdarna beseglar."
C8762880D,"Christoffer Michelsson i Malmö tillskriver borgmästare och råd i Lübeck och meddelar att Tideke Hogheweghe klagat över att han blivit fördärvad i Malmö genom att en ryss, som inte var skyldig honom något, blivit dömd i staden, varvid Tideke Hogheweghe och ryssarna blivit förlikta på så sätt att Tideke Hogheweghe betalade ryssarna en del av deras gods och inte nämnde detta gods i det brev han sände med Tidekes brev till Lübeck. Om Tideke Hogheweghe hade nämnt detta gods i sitt brev, skulle det ha varit rätt, men eftersom Tideke Hogheweghe inte nämnde det i sitt brev, utan i stället förklarade att det var hans gods, som skulle användas till slottets behov i Viborg, har Tideke Hogheweghe gjort Lübeck orätt. Därför ber han Lübeck att ge Tideke Hogheweghe en förklaring om detta."
CB0D7022D,"Ulf, före detta kyrkoherde i Långared, upprättar sitt testamente. Till Nydala kloster, där han väljer sin gravplats, skänker han 100 mark penningar, varav klostret skall lösa hans gård Vällestena med alla tillägor, om den inte inom ett år efter hans död återlöses av hans arvingar. Vidare skänker han bl.a. sin rödfärgade häst till abboten Sven, en silverkanna med tre stycken tyglappar till sakristian, ett grönt täcke till högaltaret, byamannen i Byhult till abbotens bord, sin svarta häst till offergåva, sitt breviarium och sitt silverbälte till kyrkofönstrens reparation, ett brännvinskärl till Rangvald, ett horn till herr Nils, Sextus Decretalium till herr Nils Nilsson, en kista med tre stycken tyglappar till herr Johan Truedsson, 3 tyglappar till herr Johan Styrgeson, ett stöd med en kista till herr Tideman, en stol till herr Mathias, en kista till herr Lars, en kista med 3 tyglappar till herr Sven, en kista till herr Herman, 3 tyglappar till herr Håkan Eriksson, 3 tyglappar till herr Nils Håkansson. Vidare ger han får, honung och andra nödvändigheter till abboten. Till testamentsexekutorer utses herr N., före detta abbot i Råda, herr Atton av Wernamo, Ulf Arvidsson. Vittnen är Rangvald Erengislesson, Peter Knop, herr Atton av Wernamo, Johan Jonsson. Utfärdaren beseglar tillsammans med Rangvald"
C0060F594,Riddaren Gustav Lekson skänker till Vårfruberga kloster sin kvarn i Motala och sitt fiske i Motala ström.
C583C379A,"Rd Gustav Leksson kungör att han med biskop Peter i Västerås, kapitlet och sina fränders samtycke och med deras goda vilja överlåter till Västerås domkyrka och biskop och efterträdare alla de gods som tillhör Österna och Grönö med kvarn och alla andra gods och tillägor som evigt tillhör dem, så att domkyrkan, biskopen och deras efterträdare från och med nu kan nyttja och äga dem utan hinder av honom och hans arvingar. Han stadfäster det brev som herr Magnus Tyrgilsson, kanik i Uppsala, hans mors brorson, och Olof Djäken, hans mors fader, gav biskopen och kapitlet i Västerås på de ovannämnda gods Österna och Grönö med tillägor, då han var omyndig och hans förmyndare var, och han ger detta brev samma giltighet som det brev som herr Magnus Tyrgilsson och Olof Djäken"
CEA89F322,Johan i Vämmestad i Grodunda sn säljer jord i Näs i Grodunda sn till herr Karl i Tälje. Tolv fastar uppräknas. Häradshövdingen i Öknebo hd Knut Bengtsson beseglar.
CC877B95A,"Isak i Hyllinge säljer till riddaren Karl Bengtsson en gård i Ullevi i Skeda socken. Peter Lindakone, Akke Spjut, Gudmund Fastesson samt utfärdaren beseglar."
C433BD5CF,"Harald av Sorby kungör att han på Estrid Vagners vägnar, som var närvarande vid tinget och som bad om detta, till Arvid Isakson överlåtit 3 fjärdedels attungar i Oldhelfta, som ligger vid Vättern och Torp, utan undantag, i Teg i Edinge och en åker i Gerdene, i utbyte mot 3 ½ attungar i Edsleskogen. Detta skedde på lördagen före 13/10 i Rislinge härad. Utfärdaren beseglar. Fastar var Magnus i Grava, Arvid i Rötensta, Johannes i Andabek, Sven i Norrby, Gregorius i Eriksstad, Jakob i Varnum, Håkan i Björnathorp, Holmger i Redunga, Ramne i Björnathorp, Rangvald i Askesta, Johannes i Fillinge."
CCAF1B4AF,"Anund Sture och Ulf Filipsson, kungens stadshållare i Skåne, intygar att de efter noggrann granskning av Jens Klurchs räkenskaper för dennes inkomster av kungens tull i Skanör och Falsterbo under de senaste marknaderna funnit att hans inkomster uppgått till 1776 mark, 2 örtugar och 3 penningar i skånska penningar, medan hans utgifter uppgått till 3028 mark 17 örtugar och 25 penningar. Eftersom utgifterna överstiger inkomsterna med 1252 mark 5 örtugar och 22 penningar, skall han ersätta detta belopp. Utfärdarna beseglar."
CD5A571F0,"Karl Öra bortbyter till riddaren Sten Stensson 12 attungar i Vifsta i Husaby sn, Drämmestad i Lestrycks sn, Kyrkbyn i Lestrycks sn, Åby i Vårdnäs sn, Tegnaby i Mjärde sn, Kumla i Mjärde sn, Hosta i Mjärde sn, Tämmestad i Mjärde sn, Hugge i Mjärde sn, för 20 mark penningar och"
CC635F6A6,"Jon Gregersson och hans hustru Katarina Svantedotter skänker till sin svärdotter Katarina Olofsdotter, hustru till Torbjörn i Vaksala, halva Tuvgunda öresland i Vaksala. Utfärdarna beseglar."
C0168D2C0,"Ärkebiskop Peter i Lund kungör att kaniken i Lund och Roskilde Jonas Litle på uppdrag av sin mor fru Ingeborg Jönsdotter till altaret i Lunds domkyrka, som fru Ingeborg själv låtit uppföra och som nu innehas av altardjäknen Effrardus Effrardi, tillsköt och överlät en gård i Hökestorp, där Trugillus Lang bor, och tre gårdar i Ströö i Othensheret, varav en är bebodd av Nicolaus Mæiosson, en av Johannes Jutæ och en av Nicolaus Brwn, med alla tillägor, för en årlig avgift, som altardjäknen skall betala. Fru Ingeborg Jönsdotter, ärkebiskopens syster, Jakob Jönsson av Marköghe och Anders Nilsson av Skäppinge, kaniken Jonas Litle, David Andersson och Esger Krok beseglar."
C03A547CD,"Ärkebiskop Peter i Lund intygar att kaniken Johannes Henrikson pantsatt sin gård i Malmö, kallad Skaghæmans lathegarth, till borgaren i Lund Hennike Mickelsson för 200 mark penningar nya skånska penningar, vilka skall betalas senast på Egidiusdagen. Utfärdaren beseglar."
C72423677,"Ärkebiskop Peter i Lund kungör att kaniken i Lunds domkyrka och kyrkoherden i Malmö, magister Jonas Litle, till Lunds domkapitel överlåtit sin gård i Broby i Södra Åsbo härad med alla tillägor, på villkor att domkapitlet årligen på hans dödsdag firar mässor och vigilier i Lunds domkyrka och att de kaniker som deltar i detta firande erhåller 12 öre, altardjäknarna vid varje altare i Lunds domkyrka 12 öre, vikarierna därstädes ½ mark penningar, de fattiga skolbarnen i koret 3 öre och klockarna i tornet 1 öre. Utfärdaren samt Lunds domkapitel beseglar."
C8E22A322,"Ärkebiskop Peter i Lund stadfäster den av hans företrädare Esger (Eskil) nyinrättade kantoridigniteten vid Lunds domkyrka, vilken Esger hade förenat med altaret till jungfru Marias ära i domkyrkans kor och med vissa gods, vilka han hade förvärvat genom byte med två gods i Yæløsæ och med Barkakra kyrka med tillägor. Kantoridigniteten förenas med altaret till jungfru Marias ära, och kantorn skall årligen tillhöra altaret till jungfru Marias ära, som nu är förenat med kantoridigniteten, och tillhöra altaret till jungfru Marias ära, som nu är"
CB7D712F7,"Ärkebiskop Peter i Lund kungör att Jakob Jönsson, kallad junker Hanneke, till kyrkoherden Mathias i Brundby överlåtit sin gård i S:t Tomas sn i Lund. Utfärdaren samt Henricus Bochholt, Benechinus, kaniker i Lunds domkyrka, Petrus Botulphi, kyrkoherde i Börje, och Nils Petersson, väpnare, beseglar."
CB9155493,Ärkebiskop Peter i Lund kungör att kaniken Joseph Botulfsson överlåtit en gård i Gummelslöv i Hardeberga socken till kantorn Benechinus på Lunds domkyrkas byggnadskassa. Utfärdaren beseglar.
CC136C714,"Ärkebiskop Peter i Lund kungör att kaniken i Lund och Roskilde Jonas Nilsson (Litle) till kapitlet skötat gården Bjärnekulla, där Toste Basse nu bor, med alla tillägor, till fromma för sin bror riddaren Johannes Nilssons årliga åminnelse, vilken skall firas i Lunds domkyrka. Utfärdaren samt kaniken Karl Jösepsson beseglar."
C85465CA3,"Sigge Holker och hans hustru Sigrid Gunnesdotter skänker till Jungfru Marias altare och kapell vid visitationen i Linköpings domkyrka, där dagligen mässa hålls till Jungfru Marias ära, jord i Ternstad i Tärna sn, Bråbo hd."
C833D0294,"Jöns Grimolfsson, Gangwidher i Ringstad, Tyrk i Knytstad och Torsten i Lydom intygar att Bo Johansson tillträngt Jöns Holmstensson i Sonstorp gods och hans hustrus gods utan laga rätt. Jöns Grimolfsson beseglar."
C222D352F,"Johan Gregersson kvitterar sin bror herr Birger Gregersson för 4 markland och 5 örtugland jord i Malsta, Upplunda, Åker och Tälje, vilka han uppburit för hela sin broders lott. Utfärdaren beseglar tillsammans med biskop Tomas i Växjö."
C9C96D836,"Johannes Gregersson kungör att han på uppdrag av Björn Håkansson skött en skötning i Kättilstad i Kärrstorps socken (i Östergötland) inför kung Magnus, varvid 1 attung i Kättilstad och 1½ attung i Kida (i Kärrstorps socken) tilldelats utfärdaren. Sigillanter är Dals härads ombudsman Bengt Nilsson och utfärdaren."
CC713B8A2,"Johan Gregorsson erkänner sig ha mottagit av Nils Bengtsson 262 mark svenska penningar, som han på kungens uppdrag skulle ha erhållit av denne. Utfärdaren tackar kungen för denna gåva och ger Nils Bengtsson och dennes arvingar kvitto på beloppet."
C90CEA67A,"Gerike Skytt, borgare i Åbo, tillskriver borgmästare och råd i Reval och ber dem att tills vidare förfoga över en kogg, som tillhör Kruse och som tillhör hans herre, kungen, och att inte tillåta att den säljs eller att man seglar med den, men att man skall bevara segel och andra tillhörigheter. Utfärdaren beseglar."
C02288381,"Påven Gregorius VII till biskopen (Ulf) i Skara med befallning att förbjuda präster och klerker i stiftet att i världslig domstol uppträda som lekmäns ombud i brottmål och civilmål, vilket vållar stort skandal. Se vidare DS nr 7922."
C024AD943,"Påven Urban V ger biskop Henrik i Linköping tillstånd att i Linköpings domkyrka insätta kaniker och andra dignitärer, eftersom domkyrkan aldrig haft några kaniker."
C0EF9652F,"Påven Gregorius X till biskoparna i Skara och Västerås samt abboten i Varnhem med befallning att tillrättavisa de sockenbor i Skara stift, som utan tillåtelse av sina biskopar och präster förbehåller sig de offergåvor, som vid helgondagar lämnas till kyrkorna, och ibland använder dem till sina egna behov, ibland till kyrkobyggnadens underhåll. Se vidare DS nr 1011."
C1019F1E0,"Påven Gregorius(X) stadfäster den överenskommelse om tiondets fördelning, som ingåtts mellan biskopen i Linköping och prästerskapet och folket i Guttland. Se vidare DS nr 1105."
C27A41BCB,"Påven Gregorius VII till biskoparna i Linköping och Västerås med befallning att förbjuda gutniska köpmän att med vapen, hästar, skepp, livsmedel och andra förnödenheter bistå de hedningar, som strider mot kristna i Livland och Preussen."
C3653C318,"Påven Gregorius VII ger biskop Heneke i Linköping fullmakt att efter eget gottfinnande ge syndabekännande och botgöring åt sådana personer inom hans stift som blivit dömda för våld mot kyrkans män, men som av fruktan för sjöfarten, vägarnas faror och brist på medel inte kan komma till påvestolen för att få syndaförlåtelse."
C36DFA334,"Påven Gregorius VII till ärkebiskopen i Uppsala med svar på fråga om föräldrar, som inte varit närvarande vid sina barns död, skall åläggas botgöring för detta. Se vidare DS nr 7902."
C36F6BDB0,Påven Gregorius IX till kung Erik av Sverige med uppmaning att bistå påven med hjälpmedel för att kunna sända hjälp till Heliga Landet. Se vidare DS nr 6902.
C3F265D4E,"Påven Gregorius VII till ärkebiskop Jakob (Erlandsson) i Lund med befallning att ge en präst, som blivit överfallen av en rövare, understöd i sitt stift, utan att denne skall behöva utöva själavård. Se vidare DS nr 6922."
C412D1C76,"Påven Gregorius VII till biskoparna i Dorpat, Växjö och Skara med befallning att låta prästviga och diakonviga en präst och en diakon, som saknar manustrykning, men som på grund av bristande kunskaper i latin inte kan förrättas på latin, utan på fornnordiska."
C48806824,"Påven Urban V befaller ärkebiskoparna i Lund och Uppsala att ta emot biskop Brynolfs i Skara avsägelse av biskopsämbetet, om han på grund av ålder och svaghet inte längre kan sköta sitt ämbete, och att förse honom med underhåll av biskopsgodsen."
C4929FAB4,"Påven Gregorius VII till biskoparna i Linköping och Skara med befallning att med kyrklig censur förmå de världsliga herrar, som med våld och förstörelse plundrar kyrkorna, att avstå från sådana övergrepp."
C4A5122BB,"Påven Gregorius VII till biskopen i Skara med befallning att om några lekmän i Skara stift inte lyssnar till hans förmaningar, att de inte har någon makt att bestämma över kyrkliga personer och saker, utan att de endast är skyldiga att lyda och inte att befalla, och att biskoparna i stiftet inte lyder deras vilja, så skall han omedelbart frånta dem deras egendom och förskjuta dem från kyrkorna och tillsätta andra i deras ställe. Se vidare DS nr 694."
C5929D040,"Påven Gregorius VII stadfäster med avseende på prästernas avkastning i Livland, att ärkebiskop Anders (Westfal) i Lund förbjudit dem att lämna mer än en tiondedel av sin jordegendom till kyrkorna, och att de skulle bygga och underhålla prästgårdar på sina kyrkojordar. Se vidare DS nr 6902."
C5A8A1133,"Påven Gregorius VII till biskopar, abbotar, priorer, dekaner, ärkedjäknen och andra kyrkoprelater med befallning att fira den helige Augustinus dödsdag den 28 augusti, då denne den 28 augusti 430 avled i Hippo, och att be för honom. Se vidare DS nr 6902."
C699F3E09,"Påven Gregorius VII till predikarordens bröder med befallning att de skall visa sina biskopar den lydnad och vördnad som de är skyldiga, dock så att deras ordnings stadgar inte upphävs, särskilt när det gäller tillsättande och avsättande av deras priorer."
C6E0E5EF2,Påven Gregorius VII befaller biskoparna i Linköping och Västerås att tillsammans med abboten i Gutakloster och domprosten i Visby överflytta biskopssätet i Finland till en lämpligare plats.
C6EB2C9F8,Påven Gregorius VII till priorinnan och konventet i Risbergas kloster av cistercienserorden i Strängnäs stift med stadfästelse av deras egendom.
C70C4CBCC,"Påven Gregorius IX tillåter biskopen i Skara att med påvlig myndighet förena kyrkor och kapell inom sitt stift, eftersom deras inkomster är så små att de inte kan underhålla en präst."
C7315636E,Påven Gregorius VII till Kristusriddarna i Livland med uppmaning att komma till Finland för att försvara de kristnas nyvunna land mot ryssarna. Se vidare DS nr 7560.
C7916493C,"Påven Gregorius VII ger dominikanorden tillstånd att själva avgöra de mål och exekvera de domar som de fått i uppdrag att handha av påven eller dennes ombud eller av andra, utan att behöva ta emot sådana uppdrag i sina brev, såvida inte detta uttryckligen nämns i de apostoliska breven."
C7C892A76,"Påven Urban(IV) till biskop i Linköping med befallning att inte låta finska kyrkoherdar och folk, som är under påvlig beskyddarskap, störas, utan att tillämpa kyrklig censur mot störarna. Biskop Henriks supplik till påven om att få återvända till Finland besvaras med att han inte behöver avlägga ed på att inte återvända. Se vidare DS nr 6902."
C7EC07383,"Påven Gregorius VII till biskop Henrik i Linköping med befallning att tillse att de som i hans stift inte vill betala tionde till kyrkorna, till vilka de är skyldiga det, tillrättavisas med kyrklig censur."
C92BC869F,"Påven Gregorius VII providerar med biskopsstolen i Linköping Gotskalk Falkdal, prästvigd svartbror, som blivit ledig genom att påven förflyttat den förutvarande biskopen därstädes, Nicolaus (Marci), i dennes frånvaro till den lediga biskopsstolen i Knin. Härom underrättas domkapitlet i Linköping, prästerskapet och folket i Linköpings stift."
C9ABA9287,"Påven Urban V stadfäster för biskopen i Finland de löftesoffer och gudstjänstplatser, som avkristnade finnar, som frivilligt återvänt till kyrkan, skänkt till denna."
C9F383691,"Påven Gregorius (X) till biskoparna i Linköping, Västerås, Skara och Växjö med uppmaning att betala tionden till sina kyrkor."
C9FC27270,"Påven Gregorius VII till predikarordens priorer och bröder i Danmark med befallning att, på grund av prutenernas (preussarnas) svåra angrepp på det Heliga Landet, uppmana de kristna i Danmark att deltaga i korståget till nämnda lands försvar. Påven utlovar full syndaförlåtelse för alla, som deltar i korståget, och ger dem fullmakt att bevilja syndaförlåtelse åt alla, som förbrutit sig genom att angripa präster eller andra religiösa personer, men som nu vill deltaga i korståget mot prutenerna. Påven förklarar vidare att han inte vill att predikanterna i Danmark skall bevilja syndaförlåtelse åt dem, som inte kan gottgöra de skador och övergrepp, de har tillfogat andra, och att han inte vill att predikanterna"
CAEC1B42D,"Påven Gregorius VII till biskopen i Linköping och abboten i Guta (Visby) med befallning att förbjuda sina församlingsbor att handla illvilligt mot cisterciensbröderna eller ta ut tionde från jord, som cisterciensorden med egna händer eller på egen bekostnad brukar. Se vidare DS nr 6902."
CBB4A12EB,Påven Urban V bifaller biskop Henriks i Linköping supplik om bidrag till byggandet av Linköpings domkyrka och uppmanar alla prelater och präster inom Linköpings stift att lämna bidrag till detta ändamål.
CC1741974,"Påven Gregorius IX till ärkebiskopen i Uppsala och hans suffraganer med befallning att uppmana de kristna i Sverige och på de närbelägna öarna att taga korset och kämpa mot de kättare och barbarer, som i Tavastland mörda kristna barn, offrar vuxna åt djävulen och tvingar andra att omvända sig till hedendomen. De som tager korset skall erhålla samma avlat som om de personligen reste till det Heliga Landet."
CC6260EAF,"Påven Gregorius VII till ärkebiskop Jakob (Erlandsson) i Lund med befallning att tillse att Margareta, mor och arvinge till riddaren Ebbe, låter exekutorerna av Ebbes testamente utföra testamentet, oaktat Margareta påstår sig ha bevis för att Ebbe inte testamenterat något till någon, vilket skulle göra testamentet ogiltigt. Margareta skall alltså tvingas till detta med kyrkliga straff."
CC963B134,"Påven Gregorius X till ärkebiskopen i Lund med befallning att mottaga palliet av ärkebiskopen i Uppsala, som är hans primas. Se vidare DS nr 6990."
CCBED14FA,"Påven Gregorius VII providerar med apostolisk myndighet på kardinaldiakonen O. Sancti Nicolai in Carcere Tulliano, apostolisk legat, supplik med anledning av att han i Livland, Gotland, Vinland, Estland, Semgallen, Kurland och andra närbelägna öar och provinser bland nyblivna kristna och hedningar för kätteriets utbredande fått i uppdrag att utnämna abbotar, priorer och andra ämbetsinnehavare, insätta och avsätta biskopar, inviga kyrkor och kloster, ge präster och abbotar välsignelse och att med exkommunikations-, suspensions- och interdiktstraff bestraffa motståndare och olydiga. Påven ger legaten fullmakt"
CCE10B7FB,"Påven Gregorius VII stadfäster för kyrkoherden V. i Nousis i Åbo stift den jord i Masku, som biskop N. i Åbo med kapitlets samtycke skänkt till Nousis kyrka."
CD0BE9C8A,Påven Gregorius IX uppdrar åt biskoparna i Bergen och Stavanger samt abboten i St. Marien i Stanleia (Stamnäs) att förrätta Norges kungakröning. Se vidare DS nr 6902.
CD371876A,"Påven Gregorius VII till biskopar, abbotar, dekaner, ärkedekaner, ärkepresbyterer och andra kyrkliga prelater med uppmaning att inte hindra Tyska orden att samla in allmosor i deras kyrkor, att inte exkommunicera Tyska orden eller deras kyrkor utan påvligt tillstånd, att inte förbjuda Tyska orden att begrava sina döda utan kostnad, att inte hindra Tyska orden att öppna kyrkor i städer, slott och byar där de vistas, även om dessa är förbjudna för gudstjänst, att inte hindra Tyska ordens präster att inneha sina beneficier och att inte hindra Tyska ordens präster att frivilligt avstå från sina beneficier för en tid. Se vidare DS nr 7395."
CD839E98B,"Påven Gregorius IX till ärkebiskopen i Nidaros och biskopen i Bergen med förfrågan om huruvida ärkebiskopen i Lund och biskopen i Skara verkligen avlidit, eftersom kung H. (Håkan) av Norge, som tidigare till påven om sin kröning supplikerat, nu på grund av misstankar mot nämnde ärkebiskop och biskop, vilka han för deras avlägsnande och för att ersätta dem med en prokurator hos påvestolen utsett, nu låtit underrätta sig om att de avlidit. Se vidare DS nr 6945."
CDCE03CE1,"Påven Gregorius VII till prostarna i Århus, Sigtuna och Alingsås i Uppsala stift med uppmaning att med kyrklig censur tillrättavisa de personer i Hälsningland, som vägrat betala påvliga tionden, så att de i framtiden fullständigt betalar dessa och till ärkebiskopen erlägger gottgörelse för det som de dragit sig ur."
CE140393D,"Påven Gregorius(X) till ärkebiskop Jacobus (Erlandsson) i Lund med tillstånd att själv eller genom andra prelater och klerker i sitt stift ge syndaförlåtelse åt exkommunicerade personer, vilka för våldsamt handgripligt bemötande av andra andliga, för innehav av konkubiner, för bränder, rån och helgerån, för mord, för mened, för simoni och för andra brott blivit exkommunicerade, men som nu ångrar sig och vill återvända till kyrkans gemenskap. Se vidare DS nr 6945."
CE741F381,Påven Gregorius VII tillskriver alla kristna och ber dem att besöka S:t Lars kyrka i Uppsala på S:t Lars dag och därigenom förtjäna 20 dagars avlat.
CED75E9EC,"Påven Gregorius VII stadfäster för johannitordenshus i Danmark kyrkan S:t Eskils i Tuna, som biskop W. i Strängnäs med domkapitlets samtycke skänkt till orden, och som ärkebiskop S. i Uppsala med kung K:s, Sveriges hertig B:s och dennes patronatsrätt i Tuna medgivande stadfäst. Se vidare DS nr 6947."
CEDF14B71,Påven Gregorius IX till biskoparna i Skara stift med anledning av att några av dem vägrat biskopens visitationsavgifter.
CF7EB8922,Påven Gregorius IX till biskopen i Skara med fullmakt att exkommunicera alla som våldför sig på kyrkans egendom.
CF93FAB5D,Påven Gregorius VII till ärkebiskop Egino i Lund med tillstånd att använda världslig hjälp mot sådana präster i stiftet som genom eder och penningstraff förbundit sig att hjälpa varandra att undgå kyrklig bestraffning för deras otukt.
C40FC70E7,"Staffan Ulfsson, häradshövding i Selebo, kungör att biskop Tyrgils i Strängnäs gjort jordaskifte med sin tjänare Gudmund i Råka i Kärnbo socken. Gudmund gav biskopen 7 örtugland i Fogelstad och 4 örtugland i Läggesta i Kärnbo socken mot 11 örtugland i Råka i Åkers socken. Fastar var Matts Paulsson, Krister i Vallum, Nils i Lånby, Olof Stamp, Ulf i Gista, Ragvald i Vang, Anders i Järsta, Ragvald i Jätna, Peter i Gärdri, Hidhimund i Söderåker, Karl i Vang, Olof Betunger, Nils i Viby och Halden i Vätinge. Utfärdaren beseglar."
C5421CD5D,"Peter Jonsson bortbyter sin gård Edhe i Västergötland mot Riseberga abbedissas gård Allathorp i samma landskap. För att kunna genomföra bytet, då varken han eller abbedissan Rangfrid kan närvara personligen, utses tre män, som skall uppskatta värdet av de båda gårdarna och fastställa hur de skall delas. Utfärdaren beseglar tillsammans med Torbjörn Andersson, Bo Jönsson, Johannes Turesson."
C5D80D282,"Peter Jonsson kungör att han givit sin hustru Elin Bonde­dotter 40 mark morgongåva i gods, som skall tillfalla henne och hennes arvingar, oavsett om de får barn tillsammans eller inte. Tord Ingesson, Sakse Ingesson och herr Thorkel i Agunnaryd beseglar."
CC66D2757,"Peter Jonsson kungör att hans son Johan Botolfsson med hustru Katarina, hans syster, ärvt efter honom och hans mor. Utfärdaren samt Karl Bengtsson, Lars Germundsson, Ingemar Elifsson och utfärdaren beseglar."
CFDC7D3B4,"Peter Jonsson säljer till Hästane Petersson alla sina gods i Kolshult, Ernilsamala, Jorsioryd, Lesryd, Stångmala och Getaås. Sigillanter är utfärdarens bror Sune Jonsson och Ulf Abjörnsson."
C38C25964,"Halsten Ingevaldsson ger sin hustru Kristina Staffansdotter morgongåva i Hugstad, Kumlaby, Överstad i Apelösa sn, Bredehagen i Säby sn."
CBCAA825B,"Halsten Ingevaldsson intygar att hans svärfar Tjälve Karlsson hade pantförskrivit gods i Harg till Karl Lång, men att han nu på grund av Tjälves död återställer godset till Karl Lång. Utfärdaren beseglar."
CECA00F36,"Riddaren Jon Dansson pantsätter till sin måg Harald Magnusson allt sitt gods i Sverige för 100 lödiga mark, vilka Harald Magnusson lovar att betala med hjälp av två av Haralds vänner och två av Jons vänner. Ulf Håkansson och Rangvald Filipsson beseglar."
C102036FC,"Gardianen Volkerus Blaewaeter vid Campis (Kamp) i Tyskland vidimerar kung Eriks av Sverige, Norge och Skåne öppna brev av den 29/3 1363. Utfärdaren beseglar."
C69F358CA,Gardianen Volkerus Blaewater vid Kampen i Tyskland vidimerar kung Magnus brev av den 28/6 1341 till ärkebiskopen i Riga om att kungens fogde i Estland skall lämna ärkebiskopen och hans fogde i Reval 100 mark i silver för att undvika kungens och rikets vrede. Utfärdaren beseglar.
C8CBA0E44,"Gardianus Volkerus Blaewater vid Campis (Kamp) i Tyskland vidimerar Norges kung Magnus' brev av 1341 29/6 1341 till Stockholm, vari kungens privilegier för staden stadfästs och förnyas. Utfärdaren beseglar."
C9DBDE0FA,"Rangvald och Tifrid, makar i Vitaskog (Vetascoghum) i Köpings socken, överlåter till biskop Egisl i Västerås jord i Vitaskog mot jord i Gudkista i Malma socken. Vittnen är Johannes, kyrkoherde i Malma, Ingevald, vice kyrkoherde i Köping, Hemming Karlsson, Lars i Ullevi, Lars i Estuna, Lars i Gembertuna, Holmsten i Busta, Hemming, pälsmakare, Fastolf i Tygbille, Lars i Gårdby, Tyrgils i Köping och Peter i Mesta. Köpings stad, Johannes i Malma och Johannes i Bro beseglar."
C1E560F24,"Biskop Johannes i Tusculum (Frascati) meddelar att han på uppdrag av ärkebiskop Nicolaus i Siponto (Manfredonia) och kaniken Nicolaus Vadulfi i Skara, vilka klagat inför ärkebiskopen i Lund över Uppsala domkapitel och domprost, till sist medgivit att ärkebiskopen i Lund skulle ha behörighet att döma i målet, men att ärkebiskopen inte kunnat utfärda någon dom, eftersom han inte hade jurisdiktion i Uppsala domkyrka eller i Sverige. Därför hade Uppsala domkapitel och domprost vid flera tillfällen och på lagligt sätt överklagat till påvestolen. Ärkebiskopen i Lund hade dock trots detta utfärdat exkommunikations- och suspensionsdomar mot domkapitlet och domprosten. Biskop Johannes meddelar vidare att han på uppdrag av påven Bonifatius VIII tillåtit ärkebiskopen i Siponto att utfärda"
C58115023,"Jöns, kyrkopräst i Lofta, intygar att han hört Joans Jönsson avskriva sitt testamente, varvid denne skänkte 1/4 attung jord i Kullerstads kyrkas ägo i Odensvi och 1/2 mark penningar samt ett svin till Lofta kyrka och sig själv till efterträdare. Utfärdaren beseglar."
CD34A26CB,"Märta Larsdotter kvitterar Gunne Prika, Peter Andersson, Björn Gylta och Magnus Gylta för deras köp av hennes fars Peter Prika och hennes morbrors Peter Erikssons arv. Utfärdaren beseglar tillsammans med Jon Bengtsson i Kinn, Magnus Abjörnsson i samma stad och Arvid Jonsson i Åseda."
C738CE366,"Åland, Ragvald, präst i Saltvik, Sigbjörn i Saltvik och Jakob, utfärdaren, kungör att de, Andreas Sibbe, Johannes och Martin, arvingar till Ingevald, avträder till domkyrkan och biskopen i Åbo de gods i Tjudnäs, som de tillvällat sig genom våld och orätt. Fastar var Torbjörn i Gardö, Ernus i Ragnarsby, Gregorius i Tranvik, Öndo i Tranvik, Martin Klemens i Godby, Hanund i Godby, Husbond i Strömma, Torkel Gullapetersson och Jakob, utfärdaren. Utfärdaren beseglar tillsammans med Åland, Ragvald, Sigbjörn i Saltvik, Sigbjörn i Saltvik, Jakob"
CA095D541,"Åtte i Värnamo skiftar med Trotte Ingeglesson, varvid han ger denne kvarnen i Värnamo i utbyte mot Trotte Ingeglessons gods i Välla i Värnamo sn."
C4E0DFC95,Karl Oresteson erkänner att han och hans arvingar håller 10 penningland i Finkeby (Tälje socken) på villkor att de återställs till ärkebiskopen när han så kräver. Utfärdaren beseglar.
C38666358,Inge Ingesson säljer till Stig Jonsson allt han äger i Börlanda. Utfärdaren samt Nils Nakk och Lars Olofsson beseglar.
C8FDD0001,Inge Ingesson pantförskriver till Vadstena kloster en gård i Östraby (i Östraby sn) i Gällestads hd.
CAF177826,"Inge Ingesson erkänner sig skyldig biskop Bengt Djäkn 21 mark i svenska mynt, som nu gäller i Småland, varvid 3 vita penningar utgör 1 öre, 4 gutniska eller engelska penningar 1 öre. För dessa penningar pantsätter han gårdarna Risby och Bjälle i samma socken i Norra härad i Möre. Om Bengt Djäkn inte kan återbetala sina penningar med hjälp av gårdarna, skall han inom 14 dagar återfå dem eller pengarna. Vittnen är Birger Truedsson och Tyrgils Bagge. Utfärdaren beseglar."
C85173D0B,"Peter Larsson, häradshövding i Västernärkes härad, utfärdar fastebrev på jord i Fågelsta i Knista sn, som Olof i Lossa och Tyrgils i Söderby sålt till Kristina Olofsdotter. Se vidare SD 1474."
C861B4E3D,"Johan i Ygelsvik i Mörkö socken erkänner sig ha överlåtit till biskop Tord (Gunnarsson) i Strängnäs 1 örtugland jord i Hosta i Mörkö socken med alla tillagor för 6 mark svenska penningar, vilka han var skyldig biskopen på grund av brottslighet. Utfärdaren avhänder sig och sina arvingar jorden. Utfärdaren beseglas av häradshövdingen i Hölebo härad, Lars Ragvaldsson."
C3D64F029,"Andorus Finvidsson kungör att han till sin hustru överlåtit sina gods på Hårsås (i Lemnhults socken) och till Rikolf Håkansson sina gods på Sjöaryd (i Lemnhults socken). Uppon Götasson, Magnus diakon, Rämund i Hulm beseglar."
C21BDDDAD,"Jöns Hindzico(n)sson, kungens domhavande på Bo Jonssons vägnar, och Olof Petersson, underlagman i Nyland, utfärdar fastar och stadfäster en dom i en gränsfråga mellan Karsby och Månby i Lofta socken i Tjust. Tolv nämndemän har vittnat om att Karsbyborna har haft fiskevatten i Valkjärvifu (i Månby) och att de skall behålla dessa fiskevatten, men att Månbyborna skall ha fritt tillträde till ängen Valkjärvifu (i Karsby). Tolv nämndemän har vittnat om"
C58DA6768,"Erik Karlsson, fogde i Stockholm, lovar på kungens vägnar att inte hindra Nils Präst i Frötuna och kaniken i Uppsala att köpa två öresland jord i Järva by, som tillhör Jakob i samma by. Utfärdaren beseglar."
C63D2337A,"Predikarbrödernas prior och konvent i Strängnäs kvitterar 60 mark svenska penningar, som ärkebiskop Olof på grund av hertigarnas Erik och Valdemars testamente utbetalat till bröderna för en häst, som Tukeson testamenterat till dem. Konventet beseglar."
C34409F59,Björn Nilsson i Brettaberg och Margareta Mickelsdotter i Västersum säljer till ärkebiskopen i Uppsala och domprosten i Uppsala till Uppsala domkyrka ett markland jord i Broby i Björsäters socken i Ulleråkers härad.
CC2899D7F,Riddaren Hemming Månsson av Månstorp och väpnaren Thomas Stuklef utfärdar skuldebrev på 10 mark silver till kung Valdemar av Danmark. Utfärdarna beseglar.
C76FC6F82,Riddaren Erik Kettilsson avträder till Vårfruklostret i Vadstena gårdarna Åsberg och Åsbergskrok i Sjögestads socken i Varmo härad.
CD9D5F708,"Kung Henrik utfärdar fullmakt för biskop Henrik av Bath och Wells, sin släkting Richard av Eborum, riddarna Henrik Fitz Hugh och Henrik le Scrop att sluta fördrag med drottning Isabella av Danmark, Sverige och Norge samt kung Erik av Danmark, Sverige och Norge och hertig av Pommern om dottern Philippas hemgift och andra villkor rörande hennes trolovning och giftermål med kung Erik samt om vänskap, förbund, lagar och ömsesidigt bistånd mellan kung Erik och hans efterträdare och riken å ena sidan och kungen, hans efterträdare och rike å den andra. Se vidare DS nr 6945."
C26F7E733,"Clemens Tyrgilsson, riddare, tillskiftar sin bror Magnus Tyrgilsson sin egendom i Övre och Yttre Rastorp i Kila socken i Jönåkers härad i utbyte mot 150 mark penningar. Götstav Arvidsson, lagman i Södermanland, och Tord, prior i Eskilstuna, beseglar."
C67EDDCC0,Kristina Olovsdotter Brun kungör att hon tillsammans med sin make Esbjörn och sin make Rangvald sålt 40 örtugland jord i Torslunda i Äkerö socken till Klara kloster och att hon överlåter detta gods till klostret. Fastar var Torsten Gjurdsson och Jöns Impärä. Klara kloster beseglas.
C2D023ABB,"Gertrud Bonddotter kungör att hon mottagit av Nisse Petersson 4 kor, 2 oxar, 4 mark reda penningar, 6 öre korn, 3 fläsk, 13 pund smör, 1 tåg för 4 mark och 1 hätta för 4 mark. Utfärdaren samt Arvid Jonsson, häradshövding i Ås härad, och Olof, kyrkoherde i Gällstad, samt Styrle i Vapnö beseglar."
C518C95F7,"Gertrud Bondadotter kungör att hon av Arvid Jönsson erhållit 15 mark penningar, varav hon givit 5 mark till Vadstena kloster, 5 mark till domkyrkan i Skara och 5 mark till S:ta Katarina kloster i samma stad, vidare 1 mark penningar, 1 pund vax, 3 välsill för 1 skilling grovt, 1 sadel för 1 mark, 1 arvegods med 10 präster. Detta har hon uppburit för 2 gårdar i Gödestad, som Arvid Jönsson upplöst av Peter Eriksson. Vittnen är Nisse Petersson och kyrkoherden Olof i Gällstad samt utfärdaren."
C96586B37,"Gertrud Bonde, änka efter Joar Halstensson, upplåter till Arvid Jonsson, som hennes målsman, de gårdar i Läggeröd, Hålkarryd och Amundatorp, som Joar pantsatt till Magnus Skräddare för en häst, som Joar köpt av Magnus. Sigillanter är Nisse Petersson och kyrkoherden Olof i Gällstad."
CCE9ED41A,"Påven Innocentius VII uppdrar åt biskopen i Ostia, kardinalen Angelo, som är påvestolens vicekansler och särskilt utsedd kommissarie, att i birgittinerklostret Paradisus i Florens taga in tio personer tillhörande andra ordnar."
C408A6297,"Iven Henriksson, Olof Ingemansson, präst i Vallensved, Peter Grubbe, Erik Daa, Michel Nilsson, Peter Jönsson kungör att fru Ingefred från Fjärdhundra är den enda arvinge till det gods fru Katarina Ottesdotter ärvt efter sin mor Katarina Ottesdotter från Kinne, som ligger i Skara härad och heter Skäpperlöf, Isgranna, Bjärnholt, Mängsdal, Lidhe och Västerram. Utfärdarna beseglar."
C4FBCF762,"Riddaren Ingevaldsson, fogde i Finland, kungör att han skänkt till Åboförsamlingen sin själagagn i Borgå socken och allt det gods han fått av sin svärfar Olof Tjäckomak och i Pernå socken, och att han överlåtit till kyrkan allt sitt gods i Borgå socken, utom det gods som han skänkt till S:t Henrik och som han för sin själagagn skänkt till kyrkan. Utfärdaren samt Peter Flöriksson, Vilkinus Domare, Ulfvard av Kusto, Hans Kölnar, Hans Kämpe, borgmästare i Åbo, beseglar."
C2DEBD10E,"Falsterbo slottskapten Magnus Magnusson säljer till utfärdaren en av honom upptagen och förvarad skeppsvara för 20 mark silver. Utfärdaren samt Magnus Petersson i Makelatorp och Thord Jönsson, fogde i Falsterbo, beseglar."
C09FD83B6,"Riddaren Folke Ormsson säljer till sin frände Lars Laka sin gård i Tråckestorp med lägenheter i Häradstorp för 200 mark. Göstav Tunesson, Anund Sture, Karl djäken i Skara, Jöns Bengtsson beseglar."
C9779C112,"Riddaren Erik Karlsson, hövitsman i Östergötland, kungör att han till Jon Magnusson i Ösjö (i Regna socken) tilldelat den gård, som han köpt av Ramborg Petersdotter, eftersom han bevisat att han fångat den med rätt. Utfärdaren beseglar."
C73D85D19,"Erengisle Sunesson, jarl av Orkneyöarna, Bo Jonsson, drots och (öst)götarnas lagman, Karl Ulfsson, svearnas (Upplands) lagman, Vicke van Vitzen, fogde i Kalmar, Sten Bengtsson, rikets marsk, Bengt Filipsson, Birger Ulfsson, Arvid Gustavsson, Bo Bosson, Anund Jonsson, Staffan Ulfsson, Sten Stensson, Bo Bosson i Ringxholt, Knut Karlsson, lagman i Södermanland, Anund Johansson, lagman på Öland, Staffan Ulfsson på Långnö, Sten Stensson på Engö, Ulf Johansson på Sandö, Peter Porse, hövitsman i Finland, riddare och Sveriges riksråd samt alla undertecknare beseglar supplik till påven Urban VI angående kanonisationen av Birgitta (Birgersdotter). Se vidare DS nr 9339."
C6F77549F,"Nils Styrbjörnsson säljer till Nils i Stång ½ attung med 1/12 i Torpberget, belägen vid Styrbjörns gård i väster, för 5 mark svenska penningar. Linköpings stad samt Lars Toresson och Lämke beseglar."
C7EA56542,Nils Styrbjörnsson säljer till Linköpingsborgaren Nils i Stång en fjärdedels attung i Torpberg i Gammalkils socken. Utfärdaren samt Linköpings stad och andra män beseglar.
C7EBC094A,"Lars Knutsson, borgare i Arboga, erkänner att riddaren Bengt Stensson gottgjort honom för hälften av de 80 mark, som tillfallit honom genom arv efter kyrkoherden i Arboga Nils Knutsson, vilken Bengt Stensson rättmätigt köpt av Nils Knutsson. Utfärdaren beseglar."
C4E451340,Paul Vesund och hans hustru Melutha giver sin gård i Vesund med alla tillägor till Gunnar och dennes arvingar på villkor att Gunnar eller dennes arvingar efter hans död ska försörja utfärdarna och deras hustru med kläder och mat under deras livstid. Tavastehus landskap beseglar.
C577292D2,"Ingegerd Nilsdotter, förut gift med Håkan Petersson, säljer till riddaren Sten Bengtsson all den del av arvet efter sin farbror Nils Tomasson, som hon ärvt, med undantag av Kila, som hon återköpt av Sten Bengtsson. Utfärdaren beseglar tillsammans med sina mågar Peter Ragvaldsson och Peter Andersson."
C20F6BF71,"Erland Magnusson, kyrkoherde i Åkerberga och kanik i Strängnäs, säljer till Frölik Rafn en tomt i Örebro, som Håkan Köpsven pantsatt till honom."
CA1A7BA19,"Johannes Skäringsson bortbyter till Riseberga kloster ½ markland i Nybble och ½ örtugland i Torslunda i Äkrö socken mot ½ markland i Söderby i Torsåkers socken. Om någon på olagligt sätt skulle tillägna sig de sistnämnda godsen, skall Riseberga kloster återfå dem. Utfärdaren samt Nils Abjörnsson, Halstensson beseglar."
C873FA959,"Kyrkoherden i Vallby Johannes Petersson, kanik i Strängnäs, upprättar sitt testamente. Till Strängnäs domkyrka, där han väljer sin gravplats, skänker han bl. a. 1 öresland i Berga i Vallby socken, som han köpt av Magnus Elofsson, och 1 öresland i Vreta i Vallby socken, som han köpt av herr Magnus Karlsson, präst; vidare 3 öresland i Stensäng under kyrkoherdebostället i Vallby, som han köpt av Filip Toresson, och 5 örtugland i Ålsta, som han förut köpt av Filip Toresson; vidare till Andreas i Skällninge ett silverbägare, en kista och 2 mark penningar, till varje kyrkoherde i Oppunda härad 1 mark penningar, till Andreas i Hälla ett täcke, till Peter i Björkvika 1 mark penningar, till Jovarus, Jovarus Långs son, 1 öresland med 6 penningland i Aspsätra, som han betalat, och av sin spannmål i Drättsta 1/2 läst, vidare till sin far Jovarus Lång sitt ryttdjur Ruten med björnskinn och 2 kistor, till varje prästvigd och kormästare 1 mark penningar, till varje skolpojke i koret 1/2 mark penningar, till bröderna i Strängnäs 3 mark penningar, till klostret i Julita"
C03EA8F6C,"Katarina Tingsdotter, som varit husfru i Västervik, ger till Jungfru Marias altare i Linköpings domkyrka 100 mark penningar, som hon fått i arv efter sin faster Ingeborg Erengisledotter, i utbyte mot gårdarna Örberga och Lindefors kvarn, vilka hon skänkt till samma altare. Penningarna skall förvaltas av kaniken Jöns Svartepräst, som skall uppbära dem på hennes vägnar. Utfärdaren beseglar tillsammans med Hans Holmbäck och Lasse Paulsson."
C85F5E3CF,"Katarina Tingsdotter, som varit hustru till Sven i Västervik, säljer till biskop Knut i Linköping sin egendom Örberga väster om Vadsbro, som hon ärvt efter sin faster Ingeborg Erengisledotter, och Lindefors kvarn i Eds socken."
CA21CD30D,"Fogden Algot Jonsson återställer till predikarbröderna, klerker, lekmän, föräldralösa och änkor de gods, som borgmästare och råd i Åbo våldsamt tillskansat sig. Utfärdaren samt Åbo stad beseglar."
C862377D9,"Ärkebiskop Johannes i Lund giver alla borgare i Lübeck frihet att i hans rike uppbära alla skeppsbrott, som inträffar på hans område. Om skeppsbrott inträffar, skall de uppbäras av den, som ägde dem före brottet. Om de inte kan återbördas till ägaren, skall de förvaras i ett år och en dag. Om ägaren dött i skeppsbrottet, skall de tillfalla hans arvingar. Om alla ombord dött, skall de tillfalla den, som med laga dokument kan bevisa att de varit hans. Utfärdaren beseglar."
CBB96ECC0,"Ärkebiskop Johannes i Lund utfärdar genom sin notarie en avskrift av Innocentius IV:s brev till cisterciensorden rörande deras privilegier och rättigheter, vilka han funnit vid Herrevads kloster. Utfärdaren beseglar tillsammans med abboten i Herrevads kloster."
CF7C72935,"Ärkebiskop Johannes i Lund skänker till Johannes Margarete altaret till Johannes Döparens ära i kryptan, som är underställd dekanen, och ger honom därjämte de gods, som han förvärvat under sin tid som klerk, nämligen två gladiatorer-taberner och en tomt med hus i Fiskaregatan, som han ärvt av Thittmarus Cruel, vidare två gladiatorer-taberner och en tomt i samma gata, som han köpt av Erland Suffectus, och slutligen en gård i Flakertorp, som han ärvt av sin far. Johannes Margarete skall i sin livstid varje vecka fira tre mässor vid altaret, en för Jungfru Maria, en för Johannes Döparen och en för S:t Lars. Efter Johannes Margaretes död skall dekanen i Lund utse en annan präst att fira mässor där, såsom ovan föreskrivits. För att denna förordning måtte gälla för evärdlig tid beseglar ärkebiskopen tillsammans med Lunds domkapitel. De som hindrar Johannes Margarete eller någon annan att fira mässor vid nämnda altaret och gods skall bannas. Utfärdaren samt ärkebiskopen och Lunds domkapitel beseglar."
C0A0396AD,"Ärkebiskop Jakob i Lund vidimerar ett brev av riddaren Birger Torkilsson av Glatsås, vilket han själv sett och hört avläsas inför honom och andra trovärdiga vittnen. Utfärdaren beseglar."
C2EB56838,"Ärkebiskopvalde Jakob i Lund stadfäster med kapitlets och domkyrkokurian samtycke följande av sina företrädare fastställda bestämmelser för domkapitlet i Lund: 1) Domkapitlets kaniker och deras vikarier i deras kyrkor eller annexer, prebend eller digniteter skall vara befriade från betalning av ärkebiskopsstolens rättigheter och avgifter. 2) Domkapitlet skall ha full jurisdiktion över deras tjänare, inhysingar och familjer, oavsett om de bor på kyrkliga eller världsliga gods. 3) De skall själva ha rätt att uppbära biskopens tionde. 4) De skall själva kunna bestraffa upproriska, trotsiga och envisa personer i sina hushåll, utom i fall av större brott, för vilka de skall kunna tilldömas kyrklig censur. 5) Ärkebiskopen skall årligen till kapitlet ge 200 mark penningar i Skåne, nya mynt, att delas ut i domkyrkan i Lund varje dag i månaden efter hans ärkebiskopsinstallation, nämligen 100 mark på Jungfru Marie himmelsfärdsdag och de återstående 100 mark på den följande söndagen i fastan, så att dessa två belopp täcker de årliga utdelningarna. 6) Ärkebiskopen befaller domkyrkokurian i Lund att årligen till kapitlet lämna dessa pengar i de angivna terminerna. 7) Ärkebiskopen lovar att personligen hålla sig för bunden av detta. Utfärdaren samt kapitlet och domkyrkokurian i Lund beseglar."
C325ADB60,"Ärkebiskop Jakob i Lund upprättar sitt testamente. Till Lunds domkyrka, där han väljer sin gravplats, skänker han 20 mark silver; till sin herre Erik, kung i Danmark, ett silverhorn kallat gripsklo och ett guldring med safir; till sin nådiga fru drottning Margareta ett silverciph, ett guldarmband med safir och ett häst; till sin nådiga fru Filip, drottning, ett förgyllt horn kallat gripsklo och ett ring med safir; till biskop Peter i Roskilde ett ring med brunglas; till biskop Peter i Ribe ett ring med krucifix; till sin efterträdare skänker han för ärkebiskopsbordet 9 silverlancer, 2 små salserier, 2 silverbägar, en stor silvernap, som drottning Margareta skänkt till ärkebiskopsbordet, 2 silveramforor, Nesby och Nesbylom med deras tillägor, 11 silverskålar kallade skale med silverbeslag; vidare till altaret i Lunds domkyrka, som han låtit uppföra, alla de gods som han inlöste av riddaren Nils Jörundsson, belägna i Linby Vemundshögs härad, uppbyggda och förfallna, till gården Sandagra, för vilken gård en mark silver årligen betalas, alla hans gods i Önarp, Tulestorp och Västervemundshögs härad, till gården i Ugglos, Laremölla kvarn och en stor gård samt herr Johan Jakobsson, dekan, och Peter Dwe, kanik i Lunds domkyrka, vilka han uppmanar att i ärendet uppträda så som de i en sträng rättspröv"
CAF223873,"Ärkebiskop Jakob i Lund, Sveriges primas och påvlige legat, intygar att han den 4/10 1405 i Simrishamn sett och hört abboten Johannes i Tommarps kloster framlägga ett gammalt och något korroderat öppet brev av ärkebiskop Esger i Lund, vilket dock var fullt läsligt och innehöll följande: Ärkebiskop Esger i Lund till alla som läser detta brev. Utfärdaren beseglar."
CD0BF315A,"Ärkebiskop Jakob i Lund, Sveriges primas och påvlig legat, avdömer en tvist mellan Lunds domkyrkas domprost och domkapitel å ena sidan och borgmästaren i Malmö Asker och borgaren därstädes Michael Jonsson å den andra om en gård i Malmö, vilken gård domkapitlet förklaras äga. Utfärdaren beseglar."
C34FC952D,"Brigida och Katarina av Norgegia tillskriver sin dotter fru Kristina (Algotsson) och meddelar henne att de är friska och välbehållna och att de hört goda nyheter från Sverige. De ber Kristina att stanna kvar i Rom en tid för att uträtta vissa ärenden. De ber henne att, om hon kan göra något gott för deras själavård, besöka dem i Rom. De ber henne att rekommendera Nicolaus Severinus till herr Francesco och till sina döttrar och hela hushållet. De ber Kristina att hälsa fru Constantia, fru Indieburg, fru Franciska, fru Margareta Barkina och hela deras hushåll. De ber Kristina att hälsa på herr Mimace och hans dotter fru Margareta. De ber Kristina att hälsa på sin syster fru Margareta och på sin svåger herr Peter"
C4F77043D,"Peter Karlsson och Ingegerd Olofsdotter inträder i Gudhems kloster. Peter Karlsson lovar att fara på klostrets vägnar med salt, humle och järn. Gudhems abbedissa och konvent utfärdar inträdesbrev."
CA87D40F8,"Riddaren Bengt Filipsson och Arvid Gustavsson, som ärvt Brigida Knutsdotter, hustru till riddaren Magnus Gislesson, kungör att de till Uppsala domkyrkas byggnadsfond skänkt 21½ öresland i Hällby i Börje socken, men att de förbehållit sig rätten att årligen fira minnesgudstjänst för Magnus Gislesson i nämnda kyrka. Utfärdarna beseglar."
CC00479B2,"Bo Jonsson, lagman i Tavastland, utfärdar dom vid räfsteting i Masku och Janakkala. Salosborna klagar över att Hätila (i Salo socken) antagit deras 65½ mark i penningar för en utmark och engiar, vilka de i sin nöd utfärdat. Hätila bönder erkänner sig ha fått hjälpskatten i 3 mark för att ha nyttjat utmarken och engiarna några år. Bo Jonsson dömer Salosborna att behålla utmarken och engiarna med 6 mark i hjälpskatt. Utfärdaren beseglar."
C0B813251,"Påven Urban V ger biskopen i Linköping och Roskilde i uppdrag att överlämna palliet till ärkebiskopvalde Jacobus i Uppsala, som blivit vald av ärkebiskopen i Lund, Sveriges primas, och som nu begärt att få palliet av påven. Se vidare DS nr 7079."
C72FE3517,"Påven Urban V ger biskopsvigning åt Jakob, som blivit vald till biskop i Uppsala. Se vidare DS nr 642."
CE3985668,"Påven Urban V ger ärkebiskoparna i Linköping och Roskilde i uppdrag att överlämna ett pallium av S:t Petrus kropp till den nyvalde ärkebiskopen i Uppsala, och befaller domkapitlet i Uppsala att överlämna detta till dem. Se vidare DS nr 7559."
CD70AA15B,Abbedissan Kynigund i Vårfruberga kloster kungör att hon och Ingivald Estridsson bytt 12 öresland i Frändesta i Husby-Ärlinghundra socken och 3 öresland i Krokesta i Viby (nu i Husby-Ärlinghundra) socken mot 6 öresland i Berga by i Östra Haga socken och ½ markland i Sundby i Ytterjärna socken. Utfärdaren beseglar.
C294F7AB3,"Underhäradshövdingen i Bobergs hd, Jon Grimolfsson, utfärdar fastebrev rörande jordabyte mellan Drängen i Östbo och Algut i Norra Hovstad."
C58A2C1C8,"Riddaren och Östergötlands lagman Arvid Gustavsson kungör att han på Hagunda häradsting den 6 juni 1360 (1361) dömt tillsammans med underlagmannen i Uppland Nils Petersson i en tvist mellan Ingeborg i Hammarby och Lasse i Vretom om en gård i Vretom, som Ingeborg ärvt efter sin mor Valborg. De 12 nämndemännen vid Hagunda häradsting var Greger Anundsson, Johan Krok, Ingemund i Bergby, Olof Jarlarsson, Mägge i Valby, Jöns i Valby, Holmvast i Valby, Torsten i Brunnom, Lars i Nybble, Hette i Berga, Lars Jönsson och Johan i Brunnom"
C99D3B478,"Lars Lodhins i Tjyby säljer till Sven Svensson 6 öresland jord i Tjyby i Gillberga socken i Sträng­näs biskopsdöme för 60 mark svenska penningar. Egendomen överlåts med alla tillägor. Om Sven Svensson eller hans arvingar skulle förlora egendomen genom dom eller på annat sätt, skall Lars Lodhins eller hans arvingar ge Sven Svensson eller hans arvingar annat lika gott gods inom 6 veckor. Vittnen är Götstaf Folkesson, Nils Lodhinsson och Filip Bosson. Utfärdaren beseglar."
C0D3F7B09,"Riddaren Ture Bengtsson kvitterar för den av kung Erik till honom på livstid upplåtna fasta i Faxehus i Hälsningland med Hälsningland, som han nu innehar, och Hedesunda sn, och lovar att efter sin död återlämna nämnda fasta till kung Erik och hans arvingar. Utfärdaren samt hans bror Sten Bengtsson, Jens Due och Magnus Munk beseglar."
C1D68FC65,Riddaren Ture Bengtsson kvitterar sin bror Sten Bengtsson för allt som mellan dem varit.
CDB980EF7,"Riddaren Ture Bengtsson skänker till Vadstena kloster jord i Flandhult i Ydre sn, Torpa prs, Arnanäs, Berghult i Malexanders sn, Bjärlika och Skälsmala i samma sn, Västra Lång i Åtvid sn, Östergötland."
C5761F8CB,"Olof Flögh intygar att han och hans bror upplåtit till Martin Djäken och hans mor Kristina Eskilsdotter sin del i Porkaala i utbyte mot deras del i samma by. Utfärdaren samt Nils Olofsson, Håkan Knutsson och Valdemar Djäken beseglar."
C0267B5C3,"Kung Valdemar av Danmark ger Kampens borgare privilegier att fritt besöka alla Danmarks hamnar och där driva handel, att bland sina landsmän välja en fogde på skånemarknaderna och med samma rätt som lübeckarna uppföra sina bodar (vitten), i dem sälja så väl ylle som linnevävnader. Han giver de kampensbor som redan är bosatta i Köpenhamn, Dragör eller Rödsle samma rättigheter som de hade i Skåne. Han förbjuder alla att hindra dem i deras privilegier. Utfärdaren beseglar."
C204A10C9,"Kung Valdemar av Danmark utfärdar skyddsbrev för ärkebiskopen i Lunds landsbor i Åhus, vilka han med anledning av ärkebiskopens vänskap med honom och på dennes begäran upptager under sitt beskydd och ger dem alla de friheter och privilegier, som de tidigare danska kungarna givit dem. Han tillägger dem även frihet från tullavgift inom hela hans rike, utom vid hans marknader i Skanör. Utfärdaren beseglar."
C232941D0,"Kung Valdemar av Danmark kvitterar de 1000 mark silver den Tyska orden hade att betala för Estland och låter genom sin kaplan kaniken Nils Johansson överlämna till ordens ombud Adam kung Kristofers gåvobrev på hertigdömet Estland, ställt till hertig Knut i Halland och dennes arvingar, samt lovar att skydda orden. Han tillskiftar även de två unga herrarna Hakon och Knut, söner till den avlidne danske hertigen Knut Porse, hertigdömet Holbeck (Holstein) i utbyte mot deras anspråk på Estland. Han förklarar vidare att han inte har något att invända mot att hans bror Otto, som lovat inträda i Tyska orden, inte infrias löftet, och att Tyska ordens köp av Estland skall gälla. Utfärdaren samt Stygoti Andersson och riddaren Friedrich von Lochen beseglar."
C279FBB16,Kung Valdemar av Danmark kungör att han och hans rådgivare samt alla hans hjälpare på ena sidan och hertigarna Barnim och Vartislav av Stettin på den andra slutit förlikning. Se vidare DS nr 7199.
C31645202,"Kung Valdemar befaller Skånes inbyggare att inom 5 dagar betala den del av de 20 mark penningar, som herr Josef Niklisson, före detta ärkedjäkne i Lund, enligt sitt öppna brev (DS nr 3468) var skyldig Lunds domkyrkas byggnadsfond."
C36AA31E7,"Kung Valdemar av Danmark kungör att Skåne, Blekinge, Lister och ön Ven, som förut tillhört Danmark, nu blivit av sina invånare valda till kung och herre, och att han därför med sin kungaätt och sina undersåtar skall vara Magnus kung av Sverige och Norge trogen och hjälpsam. Utfärdaren beseglar tillsammans med kung Valdemar av Danmark."
C39AA3A78,Kung Valdemar ger Åsums (i Skåne) bönder privilegier och bekräftar de friheter och förmåner som de tidigare fått av danska kungar. Utfärdaren beseglar.
C3EED2EFA,"Kung Valdemar kungör att han år 1328 i Stralsund med sina rådgivare slutit fördrag med Stralsunds borgare och deras vänner, enligt följande: 1) Stralsunds borgare skall i tre år med 1, 2 eller flera koggar och beväpnade män tjäna honom mot alla furstar, utom hertigarna Bugislaus, Barnim och Wartislaw, Ottos och hans son Barnims av Stettin, men de skall få hälften av de fångar och avgifter, som de erövrar av Dignitzerna; 2) Han och hans rike skall hjälpa dem med 40 ryttare för varje kogg, som de sänder, och han"
C4120D7B1,"Kung Valdemar av Danmark giver Stralsunds borgare privilegier att fritt besöka Skanörs och Falsterbo marknader och där uppföra sina bodar (vitten), att bland sina landsmän välja en fogde på nämnda marknader och med samma rätt som lübeckarna sälja sina varor, att i våra skogar fritt samla och avverka brännved, att vid dödsfall bland dem i vårt rike eller vårt välde deras arvingar eller efterträdare erlägga det som kallas Erfskop och att deras gods helt och hållet skall tillfalla dem, att de är befriade från alla nya avgifter och att de skall åtnjuta sina gamla rättigheter och avgifter, som de haft på kung Valdemars tid, samt att de inte skall hindras eller besväras av någon av våra fogdar eller andra. Utfärdaren lovar att när han blivit kung bekräfta och besegla alla ovannämnda privilegier med sitt stora sigill. Vittnen är biskop Sven i Århus och riddaren Johannes Plessen. Utfärdaren beseglar."
C43ADAC61,"Kung Valdemar av Danmark upptar i sitt skydd och under sin fred de i Åhus boende borgarna och bekräftar de privilegier som de fått av tidigare danska kungar. Han ger dem även frihet från tullavgifter i hela Danmark, utom i Skanör, och förbjuder alla kungens fogdar och ämbetsmän att förfölja dem. Utfärdaren beseglar."
C561724A5,"Kung Valdemar kungör för Lübeck att han på begäran av predikarorden och för alla köpmäns skull tillåtit att ett skiljemärke uppsätts vid Falsterbo för att undvika faror för sjöfarande. Eftersom detta arbete med många kostnader och ansträngningar blivit fullbordat, förbjuder han alla i hans rike att öppet eller i hemlighet bryta eller förstöra detta verk. Han beseglar."
C575F8AD7,"Kung Valdemar kungör att hans farbror, greve Johan av Holstein och Stormarn, överlåtit åt kung Magnus av Sverige alla Danmarks landskap Skåne, Blekinge, Lister och ön Ven, samt alla Danmarks kungliga slott i Skåne, med undantag av de två häradena Börjeherred och Norraasboherred, vilka hans farbror mot stora penningsummor upptagit i pant av sin far, den framlidne kung Kristofer av Danmark. Detta överlåtande har skett till kung Magnus och dennes efterträdare mot en summa av 24 000 mark lödigt silver, kölnsk vikt, på så sätt att kung Magnus, om han vill återlösa nämnda landskap, skall göra det mot nämnda summa, men samtidigt skydda kung Magnus, dennes efterträdare och arvingar från alla skador och utgifter, som de kan lida på grund av nämnda silver, eller som de kan ådra sig genom att försvara nämnda landskap eller pant, om någon försöker ta dem ifrån dem. Eftersom kung Valdemar vid en förlikning i Lübeck stad lovade att hålla alla överenskommelser mellan kung Magnus och greve Johan angående nämnda pantsättning och återbetalning av skador och utgifter, och eftersom han nu blivit Danmarks kung, för att en god och fast fred skall råda mellan honom och kung Magnus, och för att alla orsaker till tvister skall undanröjas, har han med sina trognas samtycke, både andliga och världsliga, beslutat att inte på något sätt inskränka på de brev och deras innehåll, som utfärdats till kung Magnus och hans efterträdare och arvingar rörande nämnda landskap, utan att i stället bekräfta och bevara dem i kraft. Om detta skulle hända honom"
C5933298F,"Kung Valdemar av Danmark kungör att han i Helsingborg den 19/2 1327 till Lunds domkyrka skötat 10 000 mark silver, som han för Danmarks räkning erkänt sig skyldig till påven på grund av ärkebiskop Johans fångenskap och de skador och övergrepp som Lunds domkyrka lidit under denna tid. För att underlätta och påskynda upphävandet av interdiktet, som legat över Danmark, och med samtycke av Danmarks främsta män, har han till Lunds domkyrka överlåtit Herrevads kloster i Skåne och Rängs herresäte i Börringe härad, vilka båda tillhör kungens domäner. Eftersom Rängs herresäte tillhör Uffe Djäknes arvingar, vilka gjort anspråk på detsamma, har kungen i utbyte mot Rängs herresäte till Lunds domkyrka överlåtit Vemmenhögs härad i Skåne, med villkor att om Rängs herresäte återvänder till Uffe Djäknes arvingar, skall Vemmenhögs härad med Össjöö och alla kungens gods i häradet övergå till Lunds domkyrka. Utfärdaren samt hertig Gerhard av Jylland, greve av Holstein och Stormarn, hertig Knut av Halland och Samsö, Lars Jönsson, Ludvig Albrektsson, Peter Vendelbo, Anders Petersson, Peter Ekeside, Peter Stigge, Stig Andersson, Gregor Tune, Peter Grubbe, Nils Jakobsson, Anders Nilsson, Anders Petersson, Nils Kyrning, Nils Hake, Knut Nilsson, Kettil Petersson, Peter Petersson, Lykke Jakob Grubbe, Stig Andersson Petersson, Peter Långe, Esb"
C624EBB7C,"Kung Valdemar ger Stralsunds borgare rätt att fritt besöka alla Skånes marknader från aposteln Jakobs dag till martid. Stralsunds borgare, köpmän, slaktare, skomakare och andra borgare av alla stånd och yrken får sälja sina varor varhelst de vill och uppföra bodar varhelst de finner lämpligt. Utfärdaren beseglar."
C65BEDD39,"Kung Valdemar av Danmark kvitterar de 1000 mark silver den Tyska orden hade att betala för Estland och låter genom sin kaplan kaniken Nils Johansson överlämna till ordens ombud Adam kung Kristofers gåvobrev på hertigdömet Estland, ställt till hertig Knut i Halland och dennes arvingar, samt lovar att skydda orden i Estland. Utfärdaren samt Ludvig markgreve av Brandenburg, Fredrik biskop i Århus, Ulf greve av Lindow, Gunther greve av Schwerin, Albrekt av Mecklenburg, Gevehard av Johannitorden, Hinrich Ryschach, Johannes de Boch, Johannes de Plesse, riddare, Hasso von Wenden, och flera andra trovärdiga personer är vittnen. Utfärdaren är närvarande i Lübeck."
C6BD8812C,"Kung Valdemar skotar till Esromsbröderna en i Halland belägen gård, som tillhört kungen, och ger dem frihet att där hugga ved. Utfärdaren samt kung Kristofer av Danmarks son Nils, Knut Prislavsson, Sune Ebbesson, Georg Petersson, Gangulfus från Nesbu och flera andra män beseglar."
C72C66D9D,"Kung Valdemar av Danmark och Estland befaller abbotarna i Valkena, Dünemünde och Gotland att av sina gårdar i Reval betala mur- och andra avgifter, eller sälja dem till dem som betalar dessa avgifter. Utfärdaren beseglar."
C9D75DB41,"Kung Valdemar kungör att han till kaniken i Lund Johannes Henriksen tilldömer den i Malmö belägna gården lathegard, som tillhörde herr Ivar Nilsson, men som denne sålt och skötat till nämnde Johannes Henriksen, och som Ivar Nilsson genom brev till honom pantförskrivit till 150 mark penningar i skånsk sedvanlig mynt, men som inte blivit inlöst, utan genom fyra kungliga brev tilldömts Johannes Henriksen, och i vars besittning han införts av fyra skäliga män från Malmö stad. Eftersom Ivar Nilssons brev innehåller villkor, tilldömer kungen Johannes Henriksen att fritt förfara med gården på så sätt att han av gårdens årliga avkastning får tre fjärdedelar, men att huvudsumman inte får räknas med förrän den lagligen blivit inlöst. Detta kungabrev skall gälla som ett evigt tystnadspliktigt dombrev. Utfärdaren beseglar."
C9F878886,"Kung Valdemar stadfäster och förbättrar de privilegier, som lybska borgare åtnjutit i hans rike, och förnyar deras rätt att i Skanör och Falsterbo sälja ylle- och linnevävnader, att sälja alla varor med vikt eller mått och att köpa och sälja varor, som de finner på marknaderna, samt att ha en fogde på marknaderna, som skall döma i alla deras tvister, utom i fall av hand- och halsbrott, vilka skall dömas av kungen. Han stadfäster även deras rätt att i Skanör och Falsterbo fritt besitta och ärva egendom och att vid dödsfall i Skanör eller Falsterbo lämna egendom till närmaste arvingar, utan att hindras av någon, så snart de kan bevisa att de känner arvingarna. Han stadfäster även deras rätt att fritt besitta och ärva egendom, som de fört med sig till Skanör eller Falsterbo,"
CA058A75D,"Kung Valdemar av Danmark giver Stralsunds, Greifswalds, Tönnings och Demmins borgare och deras köpmän alla de friheter och rättigheter i Skåne och i alla Danmarks gränser, som givits åt hans och rikets vänner. Han vill att inget tolag erläggas, utom sådant som av gammalt varit brukligt. Utfärdaren beseglar. Vittnen är grevarna Gerhard, Johan och Adolf av Holstein, Stormarie och Schauenborg, Lars Djäken, Ludvig Marsk och flera andra trovärdiga män."
CA3F94CE6,"Kung Valdemar av Danmark, som även är hertig av Estland, kungör att han tar alla borgare i staden Sundsvall under sitt skydd och ger dem alla de rättigheter och friheter som de haft av Danmarks kungar. Han ger dem även rätt att ha en egen fogde på Skanörs marknad och att betala tolag enligt gammal sed, nämligen 1 öre i skatt för varje fiskebåt och 2 örtugar i skatt för varje lass. Han ger dem även rätt att i sina bodar sälja linnevävnader och andra varor. Om någon av deras fartyg skulle gå förlorat eller råka i fara i kungens domäner, skall de få behålla sina varor och fartyg så länge de kan arbeta med dem. Han förbjuder alla kungens fogdar och ämbetsmän att på något sätt besvära dem. Utfärdaren beseglar."
CC9A4CEEA,"Kung Valdemar av Danmark tager alla borgare från Harderwijk, som med sina handelsvaror besöker hans rike, under sitt beskydd och ger dem alla privilegier i Skåne, som de åtnjutit av föregående kungar av Danmark, samt bekräftar deras rätt till deras fit vid Skanör."
CD88B9DE1,"Kung Valdemar av Danmark giver Stralsunds borgare privilegier att på Skanörs marknader uppföra sina bodar (vitten) och där driva handel, att bland sina landsmän välja en fogde, att fritt karda och väva ull och linne, att fritt sälja vin, honung, öl och andra drycker, att fritt skeppa och lasta sina varor, att fritt resa genom Danmarks rike och att endast betala den gamla tull som gällt. Han bekräftar även alla de privilegier som Stralsunds borgare tidigare åtnjutit av Danmarks kungar. Utfärdaren beseglar."
CDA36BA27,"Kung Valdemar till alla i Farstena (i Västergötland) med befallning att inte hindra Esrombrödernas insamling av allmosor, eftersom de genom att undanhålla dessa från kyrkan samlar på sig synd. Han befaller dem att i fortsättningen inte hindra Esrombröderna att fritt använda den skog i Gullstenskogen, som ärkebiskopen skänkt dem för att lösa sina synder. Om de lyder detta, skall de få Guds och kungens nåd. Om de inte lyder, skall de straffas. De skall också återställa en kvinna, som de gjort till slav. De skall inte hindra Esrombröderna att hämta hem den kvinna, som de har hos sig. De skall inte heller"
CDC1C346B,"Kung Valdemar befaller Skånes inbyggare att inom 15 dagar betala den del av de 25 mark penningar nytt skånskt mynt, som herr Josef Nilsson, före detta ärkedjäkne i Lund, enligt sitt öppna brev (DS nr 3468) var skyldig Lunds domkyrkas byggnadsfond."
CE1F4C16B,"Kung Valdemar kungör att han till domkapitlet i Tommerup, som är förvaltare av de privilegier som de danska kungarna givit dem, överlåter alla de friheter, privilegier och förmåner som de tidigare danska kungarna givit dem. Utfärdaren beseglar."
CEA22858E,"Kung Valdemar av Danmark giver Rostocks borgare full säkerhet att komma till Skanörs marknad, där de fritt får stanna och handla och återvända med sina fartyg, förutsatt att de betalar de avgifter och andra kungliga rättigheter, som de enligt gammal sedvanerätt är skyldiga att betala. Utfärdaren beseglar."
CFC2A3862,"Kung Valdemar befaller Skånes inbyggare att inom 10 dagar betala den del av de 30 mark penningar, som herr Josef Niklisson, före detta domprost i Lund, enligt sitt öppna brev (DS nr 3468) var skyldig Lunds domkyrkas byggnadsfond."
C2710851D,"Jöns Siggeson, häradshövding i Bobergs härad, intygar att Jöns Ekeson till Anund Hemmingsson överlåtit den gård i Narveryd (Vederlövs sn, Kinnevalds hd) som han köpt av Anund. Utfärdaren beseglar."
C451EC4C1,"Två män, Toke Danske i Grönhögen och Holmsten i Söderby, erkänner sig vara skyldiga domkapitlet i Linköping 6 mark penningar med 2 öre i ränta för spannmål de mottagit. Om de inte betalar inom den närmaste Alla helgons dag (1343 1/11) skall Holmstens ½ attung i Åseda tillfalla domkapitlet. Utfärdarna beseglar."
C408CCD37,"Bo Jonsson, drots i Sverige, kungör att han vid räfsteting i Arboga 1376 15/2 (1377 15/2) på Jöns Bossons vägnar fastställde en dom, varigenom herr Peter Bonde och hans hustru till Jöns Bosson överlåtit 1 markland jord i Jädra, som de fått av honom som lägenhet. Utfärdaren beseglar."
C7FC755D3,"Bo Jonsson, drots i Sverige, skänker till Vadstena kloster sin gård Hällby i Hagebyhöga och Stenkinds socknar. Utfärdaren samt riddarna Karl Ulfsson och Bengt Filipsson beseglar."
CC50D4EE5,"Bo Jonsson, drots i Sverige, upplåter till sin tjänare Jöns Djäken och dennes arvingar 2 markland jord i Sundstad i Husby i Lyhundra härad. Utfärdaren beseglar."
C86378D15,"Confessor generalis (Ericus Johannis) till Vadstena konvent angående val av efterträdare till den avlidne brodern Styrkerus, som nu är på resa till Rom."
CCA2F42BC,"Biskop Knut i Linköping och domkapitlet därstädes kvitterar Bo Jonssons arvingar för en penningsumma, för vilken Kuddby sn i Östkinds härad i Linköpings stift varit pantförskriven till biskopsstolen, och återlämnar nämnda sn till Bo Jonssons arvingar. Bo Jonsson, Detlev Bylowes arvingar och Ficke Bylowes arvingar kvitterar för en penningsumma, för vilken Kuddby sn varit pantförskriven till Bo Jonssons arvingar, och återlämnar nämnda sn till biskopsstolen. Bo Jonsson, Detlev Bylowes arving"
CF832E72C,"Kyrkoherden Lars i Sunne och kyrkoherden Eskil i Kil samt dennes bror Lars, diakon, erkänner att deras systerson Lars i Sunne och deras kusin Eskil och Lars, diakon, för två eller tre år sedan inför vittnen sålt allt sitt gods i Lekhyttorp i Östra Ämterviks socken till biskop Nicolaus i Skara och att de uppburit hela köpesumman. Utfärdarna samt Rangvald Karlsson, kanik i Skara, Johannes Benedictus, Hemming Hemmingsson, Björn, diakon, samt Lars och Eskil beseglar."
CCA147763,"Johannes Brunswich, som blivit förordnad inför rådet, avträder till Johannes van der Hauene sin plats som byggmästare i Skåne, närmare bestämt vid Skonors närmaste del, nämligen vid kyrkogården, som han köpt för egen räkning av Johannes van der Hauene."
CB65737F5,"Djäknen Sigge bortbyter till sin svärson Olof Kase sin gård i Svansö (i Kuddby socken, Åkerbo härad) mot dennes gård i Kettilstorp (i Kuddby socken, Åkerbo härad). Utfärdaren beseglar tillsammans med Clemens Tyrgilsson, Karl Ingemundsson och Birger Kase."
CAAA072BB,Abbedissan och konventet i Vadstena till confessor generalis (Ericus Johannis) angående supplik för att få Birgittas regel bekräftad av kyrkan.
CBE9EA5BA,Abbedissan och konventen i Vadstena till confessor generalis (Ericus Johannis) angående dennes frånvaro och om att han skall återvända så snart som möjligt.
CB4DC6773,"Nils i Brumby, Morke i Åsby och Gjöstavus i Järsta med sin hustru Cecilia bortbyter till abbedissan Ingeborg Birgersdotter och konventet i Vårfruberga kloster 7 örtugland i Järsta och 10 penningland i Berga i Gamlaklosters (nu Fogdö) socken mot 14 örtugland i Sal och 2 örtugland i Viby i Helgarö socken, varvid fastar uppräknas. Sigge Magnusson, herr Herloghus Dansson, Vederuvärman, herr Nils i Hellby, Bero i Årby, Nils Djäken, Johannes Ingegersson, Olof Jonsson i Stenby, Bengt i Hellby, Nils Öjarsson, Jakob Ragvaldsson, Lars i Lagnö, Lars i Värdesta, Ingemar i Berga och Sigvid i Ödesta uppräknas som fastar. Utfärdarna beseglar. Utfärdarna saknar sigill och ber därför kung Magnus, biskop Sigmund i Strängnäs, lagmannen Lars Ulfsson, Nils Abjörnsson, Sigge Magnusson, Herloghus Dansson och utfärdarna själva att besegla."
CC69473FB,"Nils i Brunby, Morke i Åsby och Gustav i Järstad upplåter till Vårfruberga kloster 7 örtugland i Järstad och 10 penningland i Berga i Gamlaklosters socken i utbyte mot 7 örtugland i Sal och 2 örtugland i Viby i Helgna socken. Sigge Magnusson och Herlog Dunson är vittnen. Utfärdarna samt biskop Magnus i Strängnäs, lagman Lars Ulfsson, Nils Abjörnsson, Sigge Magnusson och Herlog Dunson beseglar."
C9B79376B,"Katarina Glysingsdotter, änka efter herr Johan Molteke, skänker till Jungfru Marie altare och kapell vid Lunds domkyrka, som herr Jöns Svartepräst, kanik därstädes, nyligen upprättat, sin egendom Lind i Björkeryds sn, med 5 spanns avgäld, som är en sjättedels attung mindre än en attung, och ger därigenom sin själ och sina föräldrars och sin förmyndares själar ro och tröst. Hon överlåter därvid sin egendom Lind till altaret och kapellet och till deras framtida"
C9FFDCC82,"Folke Karlsson skänker till Vårfruberga kloster 11 öresland i Härnevi (Härnevi socken, Fellingsbro härad) för sina systrar Kristinas och Katarinas gravplats. Utfärdaren samt riddaren Stefan och Lars Ingebyornsson beseglar."
CCB10B5C6,"Folke Karlsson säljer till sin frände Jöns, kyrkoherde i Rönö, Örslanda i Myrom och Örtugland i Berga i samma socken. Häradshövdingen uppmanas att fasta och lagföra jorden."
C8CE6320C,"Peter Siggeson skänker till Vårfruklostret i Vadstena allt sitt gods i Halland, nämligen Vakö och Torp, med alla tillagor. Om han skulle återvända från sin pilgrimsfärd till Heliga gravens kyrka, skall han ha godsen i livstid med villkor att de efter hans död skall tillfalla klostret. Om han skulle dö på vägen, skall en person insättas i klostret som skall be för honom och hans föräldrar. Fru Katarina Ulfsdotter, herr Magnus Petersson, herr Peder, prior i Alvastra, och Peter Friis beseglar."
CF1AB9A0F,Abbot Nicolaus och konventet i Askeby kloster avträder till Bengt Andersson Skötta sin gård Kårdala i Målna (Målnäs) i Fässbergs sn i utbyte mot dennes gård i Träslövs Hymle i Träslövs sn. Utbytet har godkänts av kung Olof. Utfärdarna beseglar.
CF0C6C599,"Antonius de Ponto, licentiat i kanonisk rätt, kanik i Aachen och ställföreträdare för Johannes de Pontremulo, doktor i kanonisk rätt och generalauditör vid apostoliska kammarens kuria, meddelar att han i närvaro av sig själv och Johannes de Loen, notarie vid kurian, tillåtit Henricus Karoli, kanik i Uppsala, att gå fri från den arrest som på Johannes de Pontremulos vägnar blivit honom tillfogad av Petrus, biskop i Växjö, och Jakob Stewbe, kyrkoherde i Nymptz i Breslaus stift, och att han därtill dömt biskopen och Stewbe att ersätta Antonius för de kostnader som han ådragit sig i målet. Antonius taxerade dessa kostnader till 7 guldfloriner och förordnade att de skulle betalas inom 6 dagar. Antonius överlämnar nu till de ovannämnda personerna uppgiften att se till att biskopen och Stewbe betalar dessa kostnader, och om de inte gör det inom 6 dagar skall de exkommuniceras. Johannes de Loen beseglar."
C24A39E78,"Attungemannen Atser Djäken, häradshövding i Valkebo härad på herr Bengt Filipssons vägnar, intygar att Ulf Lokke till Bo Jonsson, drots i Sverige, sålt 3 1/4 attung jord och 1/2 1/4 attung i Berga och 1/2 1/2 attung och 2 spann i Brättstad i Slaka socken i Valkebo härad med alla tillägor, i våt och torr årstid, för 100 mark svenska penningar, så gott mynt att 6 mark gäller för 1 lödig mark. Egendomen upplåts med fastar Anders Klas, Sven i Drättinge, Olof i Boatorp, Elof i Djäkenbo, Magnus Hagge, Joar i Krangestad, Olof i Bo, Ingevar i Blåstad, Peter i Stilla, Arnold i Tolsstorp, Gjord i Visäter och Sune Jonsson. Utfärdaren beseglar."
C30558A51,"Riddaren Staffan Ulfsson, häradshövding i Selebo, utfärdar öppet brev om ett jordskifte mellan Bo Jonsson, drots i Sverige, och biskop Tord i Strängnäs. Bo Jonsson har till biskop Tord och dennes efterkommande upplåtit 10 öresland i Nabbele i Överlevesa socken, ½ markland i Hvitinge i samma socken och 9 öres och 1 örtugland i Letslunda i samma socken. Fastar var Ögisl Suneson i Fröslunda, Jöns i Fröslunda, Johan i Hvitinge, Karl i Berga, Karl i Mälby, Olof Stamp i Lundby, Nils i Lunda, Ingemar i Åsunda, Ebba i Lönnberga, Peter i Gärdsta, Peter i Vidbo och Nils i Getsta. Utfärdaren beseglar."
C3333B8DB,"Riddaren Staffan Ulfsson, häradshövding i Selebo härad, kungör att han låtit fastfara till biskop Thord i Strängnäs ett halvt markland jord i Årby i Yttre Södermanlands härad, som fru Katarina av Smedsta i Dunker socken upplåtit till biskop Thord och dennes arvingar. Utfärdaren lovar att om jorden skulle återgå till Katarina eller hennes arvingar, skall biskop Thord och dennes arvingar erhålla lika god jord inom sex veckor. Fastar är Kristiärn i Frösundom, Peter i Viby, Karl i Berga, Gunnar i Kråksta, Nicolaus i Viby, Osten i Karlby, Erland i Äleby, Arvid i Klåhammar, Olof i Långe, Hemming i Söderby och Sigge i Skäggesta. Utfärdaren beseglar."
C56D79766,"Riddaren Staffan Ulfsson, häradshövding i Selebo, utfärdar öppet brev om ett jordskifte mellan biskop Tord i Strängnäs och hans landbo Halden i Birk. Biskop Tord ger Halden och hans arvingar 5 örtugland i Skarpberg i Överjärna socken och Halden ger biskop Tord och hans arvingar 4 örtugland i Yttravall i Ytterjärna socken. Utfärdaren samt Kristiern i Fröslunda, Peter i Viby, Karl i Berga, Gunnar i Kresta, Nils i Viby, Osten i Karlby, Erland i Äleby, Arvid i Klövhammar, Olof i Långe, Hemming i Söderby, Sigge i Skäggesta och Olof Rödhe i Hossesta uppräknas som fastar. Utfärdaren beseglar."
CAE06D99C,"Riddaren Staffan Ulfsson, häradshövding i Selebo, utfärdar öppet brev om ett jordskifte mellan skälig man herr Peter Svensson och ärlig och välboren man Bo Jonsson, drots i Sverige. Peter Svensson säljer 7 örtugland jord i Fågelsta i Ärja (idag i Kärnbo) socken och 2 örtugland jord i Läggesta i Ärja (idag i Kärnbo) socken på rätt tingsdag. Egendomarna säljs för 50 mark svenska penningar, i så gott mynt att 4 ½ mark gäller för 1 lödig mark. Fastar var Nils i Lundby, Katilbjörn i Klåhammar, Arvid i Samab, Halden i (Hvitinge), Peter i Jätna, Olof [...]ger, Sighund i Norrby, Olof Stamp, Nils i Viggeby, Ragvald i Vångom, Nils i Götstena och Erik i Ödesaker. Utfärdaren beseglar."
CE7D05323,"Styrger intygar att han samtyckt till att morgongåvan, som Johannes Smalenskes hustru Helena i G... i Uskela (Uskela socken, Lofta härad) fått, skall tillfalla hennes barn, och att Helene i Berkarp i Östergötland inte heller skall tillfalla honom eller hans arvingar. Utfärdaren samt Karl, kaniken Nils och Brynolf H. i Växjö beseglar."
C1E005A8C,"Sven Senglemmer och hans hustru Rambjörg med barn och arvingar överlåter till Peter Thomasson 1 öres avgäld i Övre Landerum i Åkerbo härad. Fastar är Ervast, häradshövding."
C46B23258,"Förbön för Petrus, som vill bli prästvigd men är för blyg för att själv be om tillåtelse därtill. Utfärdaren, som är förbindelseperson, ber ärkebiskopen att ge Petrus tillåtelse att bli prästvigd även i ärkebiskopens frånvaro."
C48DFF93B,"Henrik Skötte ger fruarna i Klara kloster i Stockholm 100 mark penningar och ett par vapen samt ett gods som han har i pant för 20 mark lod. Om herr Erengisle löser godset eller hans arvingar gör det, skall fruarna ha 10 mark av det. Om Henrik Skötte dör innan godset är löst, skall fruarna behålla det till dess att de 20 mark lod är inlösta. För att bekräfta detta har ärliga män Peter Alänning, Håkan Djäken och Håkan Högge beseglat tillsammans med utfärdaren."
C312DF764,Hertigarna Erik och Valdemar av Sverige ger Lübeckborna fullmakt att med sina köpmansskutor segla till Njudung och där bedriva handel. Utfärdarna beseglar.
C36637C21,"Hertigarna Erik och Valdemar kungör att deras rådman Birger, lagman i Uppland, som gjort och gör dem många och trogna tjänster, nu avlagt räkenskap för den så kallade Markegäld, som han uppburit på deras vägnar, och att de är nöjda med hans räkenskap. De befriar honom och hans arvingar från allt ansvar för denna gäld. Utfärdarna beseglar."
C798B3B08,"Hertigarna Erik och Valdemar av Sverige ger Lübeckborna och alla köpmän, som med sina varor vill färdas på Neva till Nogat, fri passage och frihet att komma, stanna och resa vidare, utan att de för detta behöver frukta några hinder eller förföljelser. Om de råkar ut för skeppsbrott eller annat sjö- eller landfarligt, skall de inte behöva frukta några hinder eller förföljelser, utan deras gods skall återgå till dem, som de ägde före olyckan, eller till deras arvingar, om de dött eller drunknat. De skall vidare åtnjuta alla friheter och privilegier, som de hittills åtnjutit i Sveriges rike. Vittnen är biskoparna Karl i Linköping och Styrbjörn i Strängnäs, Henricus de Strömberg av Tyska Orden, Filip Ulafsson, Birger Petersson, Gutmarus Legifer och Gottschalk van Kyren. Utfärdarna beseglar tillsammans med vittnena."
C88AC6DE0,"Hertigarna Erik och Valdemar av Sverige kungör att de till sin rådgivare Birger Persson, lagman i Uppland, givit ensak, ett årligt avgiftsfritt rättarting i Ljund, och befaller att man skall visa honom all den vördnad och rättvisa som man visar dem själva."
C97634A7C,"Hertigarna Erik och Valdemar av Sverige kungör för alla i Linköpings stift att de inte vill minska kyrkans rättigheter, utan snarare bevara dem i deras rätta skick, och att de därför förbjuder alla deras fogdar och andra att hindra biskop Karl i Linköping eller hans tjänstemän att uppbära de avgifter som kyrkan av gammalt haft rätt till, nämligen 3 mark penningar för varje skada som någon lidit på sin manhäll på helgdagar och 6 öre"
CB5FB561F,"Påven Urban V tillskriver kung Albrekt av Sverige och meddelar honom att kungens och hertigens av Mecklenburg sändebud till Heliga stolen överenskommit med apostoliska kammaren om att en mark silver av varje bonde i Nord-, Söder-, Göta och Tjurbo hundare och Gestrikland skulle användas till att betala Heliga stolen det skuldbelopp, för vilket kung Albrekts fader, kung Magnus, förpliktat sig, och att detta skuldbelopp uppgick till 7000 floriner. Se vidare DS nr 6822."
C665A8093,"Västgötarnas lagman F. kungör att han med västgötarnas samtycke stadfäster den av hans företrädare herr G. (G) dömda äganderätten för Gudhems kloster till marken kring deras gård i Spånhult (Gredbäcks socken) från berget fram till sjön Vättern, vilken marks utbredning är lika stor på båda sidor om den fiskrika ån Kräpling, som ligger nära nämnda sjö. Om någon av klostrets nunnor skulle försöka minska deras ägodelar eller bryta mot denna överenskommelse, skall han eller hon vara förvissad om att bli straffad av både den gudomliga och den mänskliga rättvisan och om han eller hon inte gottgör, skall han eller hon bestraffas för evigt."
C4661E33C,Olof Andersson i Gällberga och hans hustru Ragnil Nilsdotter skänker till Vårfruberga kloster jord i Vardsta i Närke-Kyrkeby sn i Södermanland och i Mårdängs by i samma socken.
C4C02E47B,"Olof Djäken och Elin Karlsdotter Everdels ger med samtycke av sin son Sven Filipsson och dennes hustru Katarina till Sven Filipsson och hans hustru Katarina 3 markland jord i Strenges i Strängnäs stift, nämligen gården Gällsta i Tibble socken och Sorby i Hova socken, vilka de förut givit till Sven Filipsson och hans hustru Katarina. Om Sven Filipsson och Katarina får barn, skall dessa vara ägare till jorden, men om de inte får några barn, skall jorden återgå till utfärdarna och deras arvingar. Först av utfärdararnas gods skall avhända mot nämnda gods i Tibble och Sorby i Västerås stift, och sedan skall jorden delas mellan barnen. Biskop Magnus i Västerås beseglar tillsammans med utfärdarna och Filipsson och Karl."
C8571D481,"Fogde, borgmästare och råd i Västerås intygar att byamannen Olof Munke pantsatt en tomt i Västerås till Ragvald i Köping i Håbo härad. Tomten var uppbjuden och Ragvald hade i rådstugan förklarat att Olof inte ville återlösa den och bett att få veta vilka som skulle skatta honom för den. De som skulle skatta honom var Ingevast Rödhe, Björn skomakare, Olof Kosse och Sigge hufslagare. De kom inför Ragvald och förklarade att de skattat honom för tomten och att de ville hålla fast vid den. Ragvald tilldöms tomten. Utfärdarna beseglar."
CE430935E,"Fogde, borgmästare och råd i Västerås kungör att Jöns Skörbätt och Hennike Nagel på rådstugan upplåtit till Lars Ingebjörnsson en gård väster om Hinze Skinfälds och Anders Buktilges gårdar samt en trädgård söder om S:t Nicolai kyrkogård med en där stående bod för ett sådant värde att de båda Jöns och Hennike överlåtit sin egendom till nämnde Lars och hans arvingar med alla tillägor, tomter, stenhus och trähus, med alla utfärdarnas gamla rättigheter och villkor. Utfärdarna beseglar."
C78850E57,Ingegerd Johansdotter och Magnus Trottesson erkänner sig skyldiga Tyke Isberg och hans arvingar 30 mark penningar för en häst. Utfärdarens mor beseglar.
C8A5DD479,Ingeborg Johansdotter och Magnus Trottesson kvitterar Tyke Johansson för hans förvaltning i Uppland. Utfärdarens mor beseglar.
CAE1DCE86,"Domprosten Johannes Karlsson i Linköping, som även är kanik i Uppsala, erkänner sig vara skyldig domkyrkan i Uppsala 200 mark penningar, som ärkebiskopen Ulf tillsköt honom, och förbinder sig att betala dem inom åtta dagar efter Jungfru Marie himmelsfärd. För att säkerställa återbetalningen pantsätter han en markland i Bråmåsa (Södra Vedbo härad) till kyrkan i Spånga (Södra Vedbo härad). Utfärdaren beseglar."
C342E7E8B,Torbjörn Magnusson skänker till Vadstena kloster gården Högtorp i Målby socken i Kvillinge härad. Han ger häradshövdingen i Kvillinge härad fullmakt att på hans vägnar ge herr Birger Ulfsson eller hans ombud fasta på gården. Utfärdaren beseglar.
C8F2E526D,"Ragvald Sigvidson, Olof Skume och Arvid Kärle befullmäktigar Ragvald och Olof Skume att uppbära ersättning för Olof Nilsson, som dödats av Gudmund Erengislesson och Sten Johansson, vilka var med Olof Nilsson när han dödades. Ragvald och Olof Skume lovar att inte hindra Olof Nilsson eller hans arvingar att kräva ersättning för dödandet. Ragvald och Olof Skume förklarar sig förvaringsmän för de pengar som Olof Nilsson ska betala. Ragvald Sigvidson, Olof Skume, Arvid Kärle, Arent Styke, Finke, Claus Vandelöf och Johan Abjörnsson beseglar."
C9E32E269,"Lappen Joonsson och Jusse Joonsson pantsätter till fru Ingegerd i Bolstad gården Husaby i Bolmsö, som de ärvt efter sin far Joar Rävesson, för 12 mark, 4 köp och 6 mark reda pengar, med villkor att om de eller deras arvingar vill lösa gården, skall de till fru Ingegerd eller hennes arvingar betala de 12 mark, 4 köp och 6 mark, som de av henne uppburit. Eftersom utfärdarna inte besitter sigill, ber de herr Olof, kyrkopräst i Bolmsö, Lasse Eskilsson och Peter Gudmundsson i Tidhrom att besegla."
CEE2D569F,"Nils Knutsson på Lundsgård på Öland kungör att han till Köpings kyrka och dess präst för evig tid skänkt sitt gods i Vidsby i Hogrums socken, som efter hans hustru Lucie tillfallit honom genom arv, med villkor att prästerskapet där skulle fira två mässor för hans och hans hustrus själar. Utfärdaren samt Thyrgils, kanik i Linköping, Elof och Mathias, kyrkoherdar i Gärdlösa, Pjätteryd och Runstena, beseglar."
CEE9F6152,Ragnvald Håkansson och hans hustru Elin säljer till sin dotter Katarina gården Mellotorp i Målstorp i Målilla sn.
C44B8665D,"Jakob, greve av Halland, kungör att han, i belöning för de stora och många välgärningar som kungarna Erik och Håkan av Danmark, hans nära släktingar, visat honom och hans land, särskilt genom att bygga och försvara fästningarna Hunnehals och Varberg, genom att ofta personligen och med sina män möta kung Erik av Danmark för att förhandla med honom, genom att ge honom 2000 mark sterling i kontantlån på sin förbindelse, genom att ge honom gåvor och på andra sätt bistått honom i hans nöd och trångmål, nu överlåter Halland med fästen, gods, kvarnar, skogar, fiskevatten, hamnar, byar, rättigheter och tillägor till Norges kung, som han vill överlåta till Norges kung och hans efterträdare för evigt, och att han vill att Halland, fästena, godsen och allt det som nämnts skall hållas, äga och styras av Norges kung och hans efterträdare. Han lovar att han och hans barn skall lyda Norges kung, om han behåller Halland för Norges räkning, och att han skall betala Norges kung den ersättning som Norges sex bästa män, som han utsett, anser lämplig, när han får tillbaka de 2000 mark sterling som han lånat ut till hertigen av Söderjylland. Om Norges kung får tillbaka de 2000 mark sterling med ränta från hertigen av Söderjylland, skall han vara befriad från sin förbindelse. Utfärdaren beseglar."
C94C123EF,"Jakob, greve av Halland, pantförskriver till Henricus Moryn och dennes arvingar alla sina gods i Grimmetuna, Herlev, Jonsryd och Stråkeby med alla tillägor för 500 mark silver av Köpenhamns vikt, vilka han förvärvat av Tybernus Svensson, till fri disposition, så att Henricus Moryn och dennes arvingar vid behov kan sälja godsen för den angivna summan, men med förbehåll för Jakob och dennes arvingars rätt att återlösa godsen när som helst. Henricus Moryn och dennes arvingar förbinder sig att inte låta någon annan förvärva godsen förrän de är återlösta för 500 mark silver av Köpenhamns vikt. Utfärdaren samt hans son och Peter Jakobsson beseglar."
C62310912,"Ärkebiskop Nicolaus i Lund kungör att han på kung Valdemars vägnar givit alla Hansans städer och deras borgare och köpmän frihet att på alla Danmarks kuster rädda och förfara med vrakgods, som i tyska språket kallas wrak eller seewund, eller med något annat namn, och att han givit dem rätt att själva eller genom andra eller om de behöver hjälp, låta sig biträda av en fogde på orten, som skall låta dem hyra sådana arbetare som behövs för att rädda godset. Om vrakgods driver i land eller på annat sätt hamnar vid Danmarks kuster och om människor omkommer eller drunknar, skall fogden på orten låta samla in och förvara godset och sända det till närmaste kyrka, där det skall förtecknas och förvaras till förmån för de rättmätiga arvingarna, som skall bevisa sin rätt genom sina städers brev. Godset skall då ges dem utan hinder och arbetarna betalas för sitt arbete. Utfärdaren beseglar."
CB5E19FEB,"Riddaren Magnus, häradshövding i Tiundaland, kungör att han till Peter i Ed i Tiundaland sålt jord i Eds socken, som han genom laga dom erhållit av Orike för hans brud. Utfärdaren beseglar."
C8755B839,Johan i Vål (i Horns socken) säljer till Nils Kettilsson 18 attungar jord i Harrvik (i Horns socken) och Ungslöv (i Vingåkers socken) för 5 öresland i Vål. Skiftet sker på rättartinget efter Tomasmässan. Utfärdaren beseglar tillsammans med herr Olof i Bro och Lars Håkansson.
C0CC0E158,"Petrus Henrici och Ingrid Bengtsdotter, makar från Åbo stift, ber om dispens för sitt ingångna och fullbordade äktenskap trots att de var släkt i tredje och fjärde led, samt om legitimation för deras eventuella avkomma. De beviljas detta. Penitentiarians regens är biskopen i Bañorregio (Brescia). Clemens brev om tredje och fjärde led i fråga om släktskap återges."
C12A2EAF8,"Penitentiarians regens Angelus, biskop i Bañares, beviljar absolution för Haquinus Frile, präst i Åbo stift, som tidigare våldsamt men utan blod utgjutelse angripit en klerk, för vilken han blivit exkommunicerad, och som, fastän han var underårig, låtit sig vigas till alla och envar av de heliga orden och förrättat gudstjänst, innan han blivit fri från exkommunikation och suspensionsdom. Se vidare DS nr 6958."
C6205F9EE,"Penitentiarians regens Angelus, biskop i Bañorregio, beviljar Johannes Kristierson och Birgitta Torddotter Bonde från Uppsala stift dispens att ingå äktenskap trots att de är släkt i fjärde led. Deras framtida avkomma ska betraktas som legitim."
CABE6D658,"Petrus Ingemari, präst från Strängnäs stift, berättar att en viss Johannes, lekman från samma stift, i olika sammanhang offentligt och privat förtalat honom inför allvarliga personer. Petrus Ingemari hade varnat Johannes och uppmanat honom att upphöra med detta, men Johannes hade inte lyssnat. När Petrus Ingemari en dag gick genom torget mötte Johannes honom och de utväxlade några hätska ord. Johannes, som inte nöjde sig med detta, kastade en järnkula, som kallas scorea, mot Petrus Ingemaris bröst. När Petrus Ingemari såg detta grep han en yxa från en närvarande man och försvarade sig. Johannes, som blivit rasande, drog fram ett dolkhugg och kastade det mot Petrus Ingemaris huvud, men det träffade inte. Johannes rusade sedan mot Petrus Ingemari och grep honom i halsen för att kasta honom till marken. Petrus Ingemari, som fruktade för sitt liv och inte kunde undkomma, slog tillbaka Johannes med yxan och sårade honom så att han avled. Petrus Ingemari är djupt bedrövad över Johannes död och vill gärna kunna tjänstgöra i sina ämbeten, men han fruktar att han inte kan göra det på grund av detta. Han ber därför om att förklaras fri från mord och andra brott och att han skall tillåtas att tjänstgöra i sina ämbeten. Penitentiarians regens Angelus, biskop i Bale, skall se till att detta sker. Se vidare DS nr 6995."
CF52E1AF1,"Michael Nicolai, kyrkoherde i Hyggesta i Skara stift, berättar att Tord Reef, en lekman i hans församling, ville gifta bort sin dotter och därför enligt sedvänjan i landet inbjöd en ombudsmän och några andra grannar till bröllopet. När gästerna sent på kvällen var glada och kanske berusade, uppstod en tvist mellan dem, och de drog vapen och ville skada varandra. Ombudsmännen, som redan skulle gå till sängs, sprang emellan och bad dem att inte skapa skandal. När de lugnat ner sig, kom brudgummen med ett utdraget svärd och anföll en av gästerna, Barderus, för att såra honom. Kyrkoherden, som höll en yxa i handen, som en lekman gett honom för att reparera de slag som de ville ge varandra, lyfte upp yxan för att försvara sig och för att reparera slagen, så att ingen skulle skadas. Brudgummen, som var arg, ville såra Barderus med svärdet, men han föll på yxan, som kyrkoherden höll, och träffades i huvudet av en stor slag, så att han avled inom några dagar. Eftersom kyrkoherden inte var skyldig till brudgummens död på annat sätt än som nämnts, och han ångrar detta, och eftersom han vill fortsätta att tjäna Herren i sina ordnar, ber han påven att förklara att han inte har begått något mordbrott och inte fått någon orenhet eller oförmåga, och att han kan fortsätta att tjäna Herren i sina ordnar. Se vidare DS nr 6915."
CB00FE8D9,"Påven Urban V bemyndigar Gherardo de Boeriis, som är bosatt i Lübeck, att på hans och den apostoliska kammarens vägnar uppbära alla penningsummor som på grund av tidigare eller framtida skulder till påven och kammaren av kollektorer, subkollektorer, predikanter, inkvisitorer, heresijans kommissarier, depositarier, vicegerenter och ställföreträdare i de nordiska rikena, Bremens, Kamins, Schwerins, Ratzeburgs och Lübecks städer och stift samt av korstågspredikanter och andra mottagare av insamlade medel skall mottagas. Två likalydande dokument skall upprättas, varav det ena skall behållas av betalaren och det andra sändas till kammaren. Utfärdaren förordnar att fullmakten skall vara giltig i tre år från utfärdandedatum."
CD548213F,"Påven Eugenius III till biskoparna i Uppsala stift, vilka är Eriks av Danmark suffraganer, med tillkännagivande att han i ett brev till kung Erik av Danmark förklarat att ärkebiskop Olof blivit vald till ärkebiskop i Uppsala och att han blivit utsedd på grund av sin dygd och inte på grund av förföljelse från sina ovänner."
CF59A38B6,"Påven Eugenius III providerar med apostolisk myndighet och efter att ha inhämtat sina kardinalers råd electus Olof till ärkebiskop i Uppsala efter ärkebiskop Jöns, som avlidit på orten. Domkapitlet hade enhälligt och kanoniskt utsett honom till ärkebiskop. Se vidare DS nr 7560."
CFEB208CC,"Påven Eugenius IV upphäver den av sin företrädare Martin V utfärdade bullan, varigenom han tillåtit birgittinerorden att uppföra enkla kloster för bröder och systrar, i stället för de dubbla kloster, som var föreskrivna i deras regel. Se vidare DS nr 6902."
C6D583C70,"Folke och Johannes, söner till Helgon Smugge, säljer till predikarinnorna i Kalmar sin gård i Svartingshult (i Lofta socken) med 12 spannar åker, som de brukar så varje år, för 24 mark penningar. Staden Kalmar beseglar."
CA5C7680F,Staden Kampen utfärdar klago- och försvarsskrift gentemot Stralsund beträffande våldshandlingar i Skåne.
C8700FF62,Ulf Staffansson säljer till Bengt Odesson 2 öresland i Ögkn i Torsås socken i Södra Vedbo härad.
C8A05989B,"Erik Jakobsson, hussvåg i Stockholm, Hans Södde och Everd Greverod, rådmän i Stockholm, Lydeke Huld och Hans van der Bäke, borgare i Stockholm, intygar att Herman Enbeke, Sørenbergs svåger i Lübeck, på egen begäran uppburit av Jösse Finvidsson, fogde i Dalarna, allt koppar- och järn, som framgår av de två brev, som detta brev hänger på, nämligen först 6 skeppund och 30 skeppund koppar och 2 läster järn och 20 läster järn, som det första brevet visar, och i andra sammanhang 100 läster järn och 5 läster järn, som det andra brevet visar. Om koppar och järn, som förstnämnda, hade drottning Margareta överlåtit till Henrik Kölner och Hans Överkamp på Jösse Finvidssons vägnar, och Herman Enbeke på deras vägnar låtit sig nöjaktigt uppbära och tacka drottningen och Jösse Finvidsson. Utfärdarna beseglar."
C748332A0,Filip Toresson bortbyter till kyrkoherden i Vallby Johannes Petersson jord i Utberga och Söderby i Helgesta socken (Selebo härad) och i Åby i Berga socken (Selebo härad) mot jord i Alsinga i Bettna socken (Selebo härad). Utfärdaren samt Lars Suneson och kyrkoherden Tyrgils i Husby beseglar.
C81436DDD,"Kung Albrekt av Sverige, hertigarna Albrekt, Henrik och Magnus av Mecklenburg kungör att de och deras efterkommande för sig och för alla som de mottagit löften av, upplåtit till kung Valdemar av Danmark och hans efterkommande och det danska riket och alla dess borgar, som de förut fått i förläning, de 10 000 lödiga mark, som kung Valdemar förut var skyldig dem, och att de och deras efterkommande inte längre skall ha något att göra med dessa, och att de skall vara fria från alla försummelser, som de eller deras efterkommande eller medlovare kan ha gjort sig skyldiga till, i enlighet med de löften och eder, som de nyligen givit, och att de och deras efterkommande eller medlovare inte skall vara skyldiga dem eller deras efterkommande eller medlovare något för dessa försummelser, och att alla brev, eder och löften, som kung Valdemar av Danmark och de givit varandra före denna tid, skall förbli i kraft och inte på något sätt förändras genom denna uppgörelse eller detta brev, så mycket som detta brev innehåller. Kung Albrekt, hertigarna Albrekt, Henrik och Magnus av Mecklenburg beseglar."
CDEABAA59,"Elena Tunesdotter upprättar sitt testamente. Hon skänker 30 mark penningar till franciskanbröderna i Skara, där hon väljer att begravas, 10 mark penningar till Vårfrukyrkan i Skara, 5 mark penningar till predikarbröderna därstädes, 2 mark penningar vardera till Peters, Lars och Nicolai kyrkor samt till hospitalet i Skara, 5 mark penningar till Alvastra kloster och 5 mark penningar till Varnhems kloster. Vidare skänker hon 1/2 mark penningar vardera till kyrkorna i de socknar där hon äger gods och 1/2 mark penningar vardera till prästerna i dessa socknar. Hon ger vidare 1 häst vardera till Bengt Magnusson, Johannes Gjurdsson och Helvone Ionsson. Hon lämnar till sina barn och sin familj i Bjärka (Bjärke socken, Ås härad) sin gård i Fjälekläpp (Fjällåkra i Bjärke socken). För att betala dessa gåvor pantsätter hon sin gård i Fjälekläpp med villkor att om gåvorna inte betalas inom ett år, får hennes exekutorer sälja gården. Som exekutorer utses herr Håkan Haraldsson, hennes son Johannes och Knut Arnbjörnsson. Hennes söner Johannes, kanik i Skara, Tune Götare och Magnus beseglar."
CA40881EF,"Jöns Larsson, fogde i Södermanland, kungör att han på kungens vägnar upplåtit Martin i Gärdsnäs att på biskop Tyrgils i Strängnäs vägnar uppfylla dennes fordran på 12 mark penningar, som denne hade på kungen för det dråp som Martin hade begått på Stefan i Mellösa. Utfärdaren beseglar."
C98B7AD16,"Kyrkoherde Algot i Högsjö, som var vice prost i Västra härads nydviding, intygar att han hört av trovärdiga män från Vrigstads socken, Harald Gunnesson, Gunne från Hånnavik, Torsten från Blomådal, Ragnvald Skrap, Eskil från Hömåboda, att Nydala kloster alltid utan störning haft alla socknens gårdar. Utfärdaren beseglar."
C586E7F40,"Antu i Rogö bortbyter sina gods på Rogö med undantag av vissa myrar, kallade Miskär, till biskop Hemming i Åbo, mot gods i Vemo socken. Vittnen var på Åbobiskopens vägnar Johannes i Vekala, Raavast i Vekala, Johannes Helsinger och Simon Hokkonen, på Antuus vägnar Jakob i Vekala, Sven i Kuppisjärvi, Lars i Bollstad och Torsten Koldamenon jämte förskäleman (tolk) Nils i Kummelby. Utfärdaren, kyrkoherden i Vemo Nils, Birger i Tavastehus, Nils Kumakallia och Bengt Finne beseglar."
CDA71DE01,"Riddaren Klas Flemming, lagman i Österland, utfärdar vid ting i Tenala socken i Fastaraby, där Janicke Hampson, hövitsman på Raseborg, närvarade, räfstetingsdom, varigenom Lindevid Nilsson i Gärdby tilldömes jord i Gärdby, som han till biskop Magnus i Åbo pantsatt för 30 mark penningar, varav 20 mark i räfsk penningar och 10 mark i svenska penningar. Utfärdaren beseglar."
C1D2F57D3,"Riddarna Vincel van Bommenstorp, Peter van Bommenstorp, Gynter van Tettow, Hinze Kosbroder kungör att de, som ställföreträdare för Klix, Svart, Ölsgav, Tece, Svartstorp, Konnecke van Bommenstorp, Hans Maxin och Hans maka, upptagit kungens av Danmark tjänst och att de förbinder sig att inte under en månad lämna tjänsten och att tacka för allt gott de fått. Utfärdarna beseglar."
C4FDEE184,"Karl Länsman säljer till Ragvald i Granby i Harbo sn jord i Granby, som han köpt av Lars Ingevaldsson, och Ragvald säljer till Karl jord i Rokstad i Granby sn. Dessutom säljer Lars Ingevaldsson till Ragvald jord i Granby och Logen Svensson i Vänge säljer till Ragvald jord i Granby. Sigge Birgersson, häradshövding i Åkerbo hd, beseglar."
CABF12CD9,"Håkan Snodda skänker till Nydala kloster med samtycke av sin hustru och sina förfäder alla sina gods i Tofteryd (Östbo härad) med alla tillägor, för sin och sin hustrus samt sina barns själagagn. Utfärdaren samt Bengt Brodsson, domprost i Östbo, herr Tord, prost därstädes, och herr Peter, kyrkoherde i Frölarp beseglar."
C22C4C18B,"Ingemund i Torp kungör att han var på Tuhundra häradsting den 19/11 1370, då Anders Borgmästare, Ragnvald i Årsunda och Gisle Vosson utfärdade brev om att de givit Lars Ingebjörnsson fasta på ett markland jord i Ödesta i Tuhundra härad, som de sålt till honom för 100 mark reda penningar. Detta erkändes av utfärdarna i deras brev, och 12 män vittnade att jorden blivit lagfaren för byamännen, men att de inte ville lösa den. Fastar var Ingevald Djäken, Ingevald i Skälsta, Botvid i Gripby, Magnus i Halsta, Kettilbjörn i Kumla, Anders i Gåte, Johan i Nästbo, Bertrand i Hässelby, Gudmund därstädes, Peter i Tygbyle, Ulf i Tinnebylsta och Stenbjörn i Kallåsby. Utfärdaren beseglar."
C13DA53BA,"Johannes Witte, son till borgmästaren Didrik Albi i Visby, erkänner sig vara skyldig Johan Boysing 15 mark skånska penningar, vilka skall betalas senast vid nästa Mariadag, och pantsätter därför sin gård Erden, som han köpt av Hinrik av Elbing, belägen i före inägden. Om han inte betalar inom utsatt tid skall gården vara Boysing värd det hon kostat, och om ytterligare skada uppstår på grund av pengarna eller gården skall han ersätta Boysing och dennes arvingar. Hinseke i Lübeck i Valsterbothe har fått fullmakt att sälja och överlåta gården och skall på Boysings vägnar överlämna den på dennes första dinghedag, när han själv talar med skötarna. Hinseke skall överlämna detta brev till Boysing. Vittnen är Hermann Ram och Hennekinus Warne, borgare i Visby, vilka också beseglar tillsammans med utfärdaren."
C04ECBB37,"Påven Urban V bifaller supplik av biskopen i Avignon om bekräftelse på kanonikat och prebende i Schleswig, vilka han erhållit av stiftsledningen, då de blivit lediga efter Volrad de Dorne, som avlidit utanför kurian men likväl inom det stadgade avståndet från kurian. Se vidare DS nr 6905."
C05F6DD54,"Påven Urban V bifaller supplik av kungens marsk Stig Turesson om att hans brorson Ojar, klerk från Västerås stift och student i kanonisk rätt i Paris, måtte provideras med kanonikat och prebende vid Västerås domkyrka, vilka blivit lediga genom att den siste kaniken herr Lars Hemmingsson avlidit i Rom. Ojar innehar även sockenkyrkan S:ta Maria i Lammhult i Skara stift."
C0715D5E2,Påven Urban V ger nuntien Petrus de Gandavo fullmakt att med hjälp av köpmän skicka pengar till apostoliska kammaren.
C15596837,"Påven Clemens VI befaller ärkebiskopen i Uppsala, biskopen i Strängnäs och dekanen i Linköping att bistå biskop Egislus i Västerås i hans strävan att återfå de gods och rättigheter som han och hans domkyrka blivit fråntagna av andra biskopar, prelater, andliga och världsliga personer samt furstar och städer. Se vidare DS nr 8055."
C1A8989A1,"Påven Urban V providerar Magnus, kung i Sverige och Norge, med biskopsstolen i Linköping, som blivit ledig genom att påven förflyttat den förutvarande biskopen därstädes, Nicolaus (Marci), i dennes frånvaro till den lediga biskopsstolen i Knin. Härom underrättas domkapitlet i Linköping, prästerskapet och folket i Linköpings stift, Linköpings domkyrkas vasaller."
C27EF4048,"Påven Clemens VII ger biskop Egislus i Västerås fullmakt att testamentera sina lösegendomar, som han förvärvat genom Västerås domkyrka, för sin begravning och för ersättning åt dem som tjänat honom, med undantag av sådant som avsatts för kyrkans altare eller gudstjänst. Biskop Egislus är professor vid predikarorden."
C29B40361,"Påven Urban V efterskänker åt alla botgörare, som besöker Linköpings domkyrka på Herrens nattvard, apostlarna Petrus och Paulus festdagar, deras åminnelsedag och omvändelse, samt aposteln Petri tillträde, 40 dagars avlat."
C50324668,"Påven Urban V bifaller suppliker av 40 fattiga tyskar om att provideras med lediga eller ledigblivande kyrkliga beneficier med eller utan själavård, vilka suppliker uppräknas i DS nr 6955."
C64621B9C,"Påven Urban V providerar Johannes Guilaberti, kanik och dekan i Dorpat, med kanonikat, prebenda och dekanat vid Dorpat domkyrka, vilka blivit lediga genom Johannes Warendorppes död. Se vidare DS nr 5167."
C75632BAD,"Påven Clemens VI till ärkebiskopen i Uppsala och hans suffraganer med befallning att uppmana de kristna i Sverige att deltaga i korståget mot turkarna, vilka härjat i Grekland och på andra håll och bortfört många kristna till slaveri. Se vidare DS nr 6902."
C9ED5AC93,"Påven Urban V bifaller supplik av Johannes Guilaberti, klerk från Narbonne, rättslärd och påvlig nuntie i Danmark, Sverige och Norge, om provision på kanonikat och prebende vid Dorpat domkyrka, vilka blivit lediga genom Johannes Warendorppes död, och på kanonikat och prebende vid Narbonne domkyrka, vilka blivit lediga genom Petrus Natalis och Johannes de Quilhamos död, samt om att Johannes Guilaberti får behålla de beneficier han innehar, även om han inte gjort personlig tjänstgöring vid dem, samt om att hans tjänare Wilhelm Planese får provision på ett diakonat vid Narbonne domkyrka. Se vidare DS nr 6902."
CA09BB2C1,"Påven Urban V providerar Johannes Cusuelt, kanik i Lund, med kanonikat och prebende vid Lunds domkyrka, vilka blivit lediga genom Franciscus de Aquilas död, och reserverar för honom en ledig eller ledigblivande dignitet, personat eller ämbete därstädes, om han inom en månad efter att han eller hans ombud blivit informerad om att sådant blivit ledigt, väljer att acceptera det. Härom tillskrives exekutorerna ärkebiskopen i Canterbury och ärkedjäknen i Canterbury."
CA5DC4710,"Biskop Peter i Linköping supplikerar påven Urban V om följande: 1) att han måtte bevilja alla troende, som besöker hans domkyrka, som ännu inte är fullbordad, och som är helgad åt apostlarna Petrus och Paulus, en avlat på 20 år och 40 dagars botgöring, om de är uppriktigt ångerfulla och bekänt sina synder, på de dagar och festdagar som anges i suppliken, nämligen på Skärtorsdagen, på apostlarnas Petri och Pauli festdag, på minnesdagen av den helige Paulus och hans omvändelse, på aposteln Petri fängelse och på hans stol, och att han måtte bevilja 300 dagars avlat åt dem som ger hjälpande hand åt kyrkan, och att han måtte bevilja supplikanten själv, hans systerson Nicolaus Hermanni, klerk från Linköpings stift, som studerar i rättsvetenskap, ett kanonikat i Uppsala, och att han måtte reservera en större prebenda i nämnda kyrka, som nu är ledig eller snart blir ledig, för Nicolaus, med förbehåll för kurian, och att han måtte bevilja supplikanten själv, hans klerk Hildemarus från Lübeck, en avlat på ett kanonikat i Schwerin, en större prebenda, som nu är ledig eller snart blir ledig"
CA69E5D02,"Påven Urban V ger kung Magnus av Sveriges son, den framlidne kung Håkans son, kung Håkans brorson, kung Magnus, rätt att själv eller genom annan lämplig präst, när han är verklig botgörare och bekännare, på de ställen där han är närvarande, avlösa sig själv och andra närvarande med 40 dagars avlat, när någon i hans närvaro förkunnar Guds ord vid mässans högtidliga firande."
CB0305F86,"Påven Urban V bifaller supplik av Sigfridus, penitentiarie i Danmark, om provision på kanonikat och prebende vid Åbo domkyrka för hans släkting Ingevaldus Johannis, klerk från Uppsala stift, som studerar i Paris, och om provision på kanonikat och prebende vid Skara domkyrka för hans släkting Haraldus Swearigi, klerk från Skara stift, som innehar en sockenkyrka i Skara stift. Se vidare DS nr 6902."
CB1160F0A,"Påven Urban V providerar Johannes Guilaberti, kanik vid S:t Paulskyrkan i Narbonne, med kanonikat och prebende därstädes, vilka blivit lediga genom Petrus Natalis död. Se vidare DS nr 5167."
CB2083295,"Påven Urban V ger kung Magnus av Sverige rätt att låta en präst, som predikar evangeliet vid mässan, avlösa honom och alla andra närvarande, som är sanna botgörare och bekännare, med 40 dagars avlat, när han är närvarande vid mässan i hans kapell eller i någon kyrka i hans riken och länder."
CC6E36BB7,"Påven Clemens VII ger ärkebiskop Egislus i Västerås tillstånd att låta återinviga kyrkor och kyrkogårdar i hans stift, som blivit oskärda genom blod eller säd, genom lämplig präst med vigvatten, som ärkebiskopen eller någon annan biskop välsignat. Detta skall inte giva prejudikat för framtiden. Härom meddelas ärkebiskopen Egislus."
CD1EC7E08,"Påven Urban V bifaller supplik av Johannes Cusuel, kanik vid Lübecks domkyrka, om provision på kanonikat och prebende vid Lunds domkyrka, vilka Franciscus de Aquila, som var påvlig advokat vid kurian, innehade, och om provision på någon ledig värdighet, personat eller ämbete med eller utan själavård, vilka är eller snart blir lediga vid Lunds domkyrka, oaktat Johannes Cusuel innehar ett kanonikat vid Lübecks domkyrka och är i tvist om ett prebende vid samma domkyrka, samt ett kanonikat och prebende vid S. Mathiae kyrka i Godesberg i Hildesheims stift."
CD4F9EEC7,"Påven Urban V uppmanar alla kristna att lämna bidrag till byggandet av Linköpings domkyrka, som är helgad åt apostlarna Petrus och Paulus, och lovar dem, som ger bidrag, avlat."
CDCB6D133,"Påven Urban V providerar Nicolaus Hermansson, som är kanik vid Uppsala domkyrka, med kanonikat därstädes och reserverar för honom en ledig eller ledigblivande prebenda därstädes. Härom tillskrives exekutorerna biskoparna i Dorpat och Växjö."
CE4BDBACE,"Påven Urban V bifaller suppliker av Johannes Rotheri, kyrkoherde i Hattula i Åbo stift, om att få kanonikat och prebende vid Åbo domkyrka och om att få överta socknen Virmala i samma stift, vilka blivit lediga genom att Tideman Ulfsson avlidit i Rom under jubelåret, och av Stigandus Stephani, präst i Linköpings stift, om att få kanonikat och prebende vid Oslo domkyrka, vilka blivit lediga genom att Arner Aslaci avlidit vid påvestolen, och av Olaus Laurentii, präst i Åbo stift, om att få socknen Vesilax i samma stift, vilken blivit ledig genom att Bengt Thomasson avlidit vid påvestolen, och av Conradus Ingolphi, klerk i Linköpings stift, om att få socknen Finnaström i Åbo stift, vilken blivit ledig genom att Herman Harclevi avlidit i Rom under jubelåret. Se vidare DS nr 6905."
CE6803C25,"Påven Urban V providerar Ludolfus de Flandria, som är prästvigd och kanik vid Dorpats domkyrka, med en större prebenda vid Mariakyrkan i Stettin, Kamminska stift, utan att han först måste inneha en mindre prebenda därstädes, och reserverar för honom en ledig eller ledigblivande större prebenda därstädes, oaktat att vid denna kyrka ingen får tillträda en större prebenda utan att först ha innehaft en mindre och uppehållit sig där i minst ett år. Härom tillskrives exekutorerna, vilka är utsedda i bullan DS nr 5167."
CEEC6B8FF,"Påven Urban V ger Helinborg, änka efter Henricus Sobbere, av Linköpings stift, full syndaförlåtelse i dödsstunden genom en av henne själv utvald biktfader. Se vidare DS nr 6954 nr 26."
CFAA7CFD3,"Påven Urban V ger välboren man, riddaren Vilhelm av Jailly från Dorpats stift, löfte om full syndaförlåtelse i dödsstunden genom en av honom själv utvald biktfar."
CFDD85D96,"Påven Urban V ger biskop Sigfrid i Oslo tillstånd att låta sex av sina präster, som är hans bofasta gäster, behålla avkastningen av sina beneficier, även om de inte vistas på sina kyrkor, under ett decennium, med undantag av dagliga utdelningar, och utan att de är skyldiga att vistas på sina kyrkor eller att de hindras från att göra det. Detta gäller även om de inte har gjort sin första personliga tjänstgöring på sina kyrkor eller om de bryter mot kyrkornas statuter och sedvänjor, även om de avgivit löften eller avlagt eder om att följa dessa, eller om de fått bekräftelse på detta av påven, eller om de fått tillstånd av sina ordinarier eller av sina domkapitel att inte behöva vistas på sina kyrkor"
C5A3E12AF,"Tideman Morkerke, som är utsedd att vara städernas ombud i Köpenhamn, intygar att kung Valdemar av Danmark förklarat sig vara oskyldig till de övergrepp som Vicke Vitzen, Wulf Lembeke, Turebjörn och deras medhjälpare begått i Njudung, och att han inte haft något med dem att göra. Han har även förklarat att han inte känner till att hans tjänare skulle ha begått sådana övergrepp, och att han inte har gett dem några sådana order. Han har dessutom förklarat att han inte har något med de ryska köpmännens övergrepp att göra. Han har nu återkallat de ryska köpmännen från sitt rike och förbjudit dem att återvända dit. Han har även"
C29A426AD,Biskop Magnus i Växjö utfärdar fullmakt för kaniken Björn att på biskopsgårdens vägnar avlägga visitationsbesök hos domkapitlet i Uppsala. Utfärdaren beseglar.
C5013F472,Biskop Magnus i Västerås vidimerar kung Birgers brev av den 24/8 1311 om försäljningen av hans gård Ön i Dalarna till biskop Israel i Västerås. Utfärdaren beseglar.
C84078C04,"Biskop Magnus i Växjö intygar att han inte erkänner sig ha rätt till de friheter och förmåner, som biskop Lars i Linköping genom brev tillåtit hans tjänare och familjer i hans stift. Utfärdaren beseglar."
CFD136AB6,"Biskop Magnus i Växjö vidimerar biskop L. i Linköping (1366 10/10, DS nr 7550/SDHK 9107) gåvobrev till Växjö domkyrka av en gård i Finneda (Finneda i Västra Torsås socken, Allbo härad) med 12 tjänare. Utfärdaren beseglar."
CE79467C9,"Abboten Petrus i Ringsted, Johannes, abbot i Næstved, Henrik, prior i Århus, Johannes Ulfstorp, magister Johannes Johannis, kaniker i Roskilde, Johannes Uffæson, Eskillus Krakæ, Jacobus Niclæsson, Petrus Karlson, Olavus Flæming, Johannes Martenson, riddare, Barnum, Saxe Pæterson, Johannes Hasenbiærgh, Nicolaus Sweigh, Two Niclæsson, Petrus Niclæsson, Joon Niclæsson, Jacobus Karlson, Joseph Pætærson, Yvarus Yverson, Nicolaus Druckæn, Bo Jenneson, Boecius Silæ, Godikinus Magnusson, Tuko Ympæ, Salucius, Johannes Yverson, Olavus Niclæsson"
C4FED790B,"Johan Bruddesson giver sin hustru Kristina Hemmingsdotter i morgongåva alla sina gårdar i Othemsvi och Hogsby med alla tillägor. Om makarna skulle få barn, skall gårdarna tillfalla dem genom äktenskap och inte som arv. Om makarna skulle dö barnlösa, skall den som överlever den andre få gårdarna i evig besittning. Utfärdaren samt Nils Turesson, Karl Tukeson, Lars Germundsson, Bengt Bruddesson beseglar."
CA5C24088,"Borgmästare och råd i Malmö tillskriver borgmästare och råd i Lübeck och meddelar att Tideke Wippenford anklagat Johannes Kyle för att ha upplåtit en bod åt honom, vilken Johannes Kyle hyrt av Ola Gollenstede, en av Malmös borgare. Ola Gollenstede förnekade att han upplåtit eller hyrt ut någon bod till Tideke Wippenford. Detta förnekande bekräftades av Ola Gollenstedes grannar Trugot Trugoti, Peter Larsson och Claus Skulte. Ola Gollenstede hade rätt till boden, vilken han själv flyttat och på vars plats en port nu uppförts. Tideke Wippenford och Ola Gollenstede hade tidigare tvistat om denna bod, men Ola Gollenstede hade då genom ed förklarat att han inte upplåtit eller hyrt ut boden till Tideke Wippenford. Tideke Wippenford hade då frivilligt avstått från boden och lämnat den till Ola Gollenstede, som nu kunde hyra ut den till vem han ville. Utfärdarna bifogar ett hemligt brev från Malmö stad."
CBE1B8C0D,Nils Botolfsson skiftar med Sigge Ingemundsson i Målby. Utfärdaren beseglar.
C01BF4B14,"Johannes, ärkedjäkne i Linköping, bortbyter till herr Johannes Danielis, prebendat, sin provents åker i Hundberga, vilken åker är 9 stänger bred i den ena ändan och 13 stänger i den andra, mot dennes provents åker, som ligger väster i samma Hundberga, upp mot sakristanens åker, vilken är 12 stänger bred i den ena ändan och 3 alnar och 40 stenar i den andra. Vidare bortbyter han 16 alnar jord, som ligger norr om dennes gård och öster om gårdshörnen, mot dennes jord i södra åker, som är 4 stänger bred i den ena ändan och 2 alnar och 4 stänger i den andra. Utfärdaren samt Johannes Danielis, prebendat, beseglar."
C23C28966,"Sten Haraldsson ger sin måg Bengt Larsson och dennes hustru Katarina, sin systerdotter, sin arvedel efter sin syster fru Sigrid, i gårdarna i Vadsbro, som tillhört herr Harald Karlsson. Utfärdaren beseglar."
C7B5188FB,"Sten Haraldsson säljer till biskop Knut och Magnus Eriksson för 40 mark och 12 örtugars andel i snäckköpet, som herr Ivar Nilsson testamenterat till biskop Nils i Linköping och Helga Ingrid i Skänninge. Utfärdaren beseglar tillsammans med Bo Stensson, riddare, och Holmstens Jönsson."
C99C50AFB,"Sten Haraldsson erkänner sig skyldig fru Bengta Bosdotter 30 mark penningar, vilka skall betalas med oxar, kor, smör, järn eller kläder. Om hon inte är beredd att betala inom den nämnda dagen skall hon ha återkallelse till hans gods Tryggestorp, där hon kan nyttja och bruka det efter eget gottfinnande. Utfärdaren beseglar."
C366EB1AC,"Evert Greverod, rådman i Stockholm, och Didrik Tzappe, borgare därstädes, säljer till ärkedjäknen i Strängnäs herr Gjurd Rumpo och dennes arvingar kvarnen Byurunga i Lena sn i Åkerbo hd i Strängnäs stift."
C151DA45D,"Riddaren Nils Abjörnsson bortbyter till Katarina av Åvesta 12 öresland i Pikkule (Pikkule) i Resebo (Resebo) socken och 1 markland i Nyvele (Nyvele) i Resebo socken mot 4½ attungar i Österby och 2 attungar i Fällingstada (Fällingstada) i Herrestads (Herrestads) socken. Utfärdaren samt Torbjörn i Vasa, kyrkoherde i Herrestads socken, beseglar."
C4245DA09,"Riddaren Nils Abjörnsson, kung Magnus av Sverige, Norge och Skåne väpnare, kungör att han på grund av den oändliga och oföränderliga Guds allsmäktighet, som låter allt i världen röra sig, och för att inte blott i denna världen skänka sina många välgärningar för att täcka de tidsbundna utgifterna, utan även för att i evigheten ge det eviga för det tillfälliga, det billiga för det värdefulla och det förgängliga för det varaktiga, stiftat ett prebende vid Linköpings domkyrka till Guds och S:ta Annas ära med tillstånd av biskop Peter i Linköping, domkapitlet därstädes och med samtycke av sin käre svåger Ulf Abjörnsson och andra släktingar. Han har till detta prebende skänkt gods i Åvesta (Hersereds socken, Redvägs härad) av köp och byte med fastar och lagfång, som tillfallit honom vid kyrkan i Hjärsås och på tinget i Tingstada, nämligen 2 attungar i Söderby, 1 attung i Riptorp, 2 kvarnar i Ripa, 2 kvarnar i två hus kallade Kvernhåva, avkastning av 3 tinnar och 3 öres penningar i Gårstorp och Högstorp, 1 mark av hälften av Tordstorp och 1/5 av den andra hälften, 2 attungar med 1/2 och 1/4 attung i Fälingsstad, alla i Hjärsås socken, vilka gods han med alla deras rättigheter och tillägor, oavsett under vilket namn eller rätt de anses, skänker, testamenterar"
CE57AC6B2,Riddaren Nils Abjörnsson skänker till Göstav Birgersson 13 penningland i Norrunga i Gärdhems socken. Utfärdaren beseglar.
CF28FA9F6,Riddaren Nils Abjörnsson bortbyter 12 öresland i Vitelsäng i Vaksala socken mot 1 markland i Ed i Lagga socken. Utfärdaren beseglar.
C9DF15C23,"Märta Akessdotter, änka efter herr Otto Jönsson, pantförskriver till Axel Petersson, kallad Brade, allt sitt gods i Skåne, däribland hennes gård i Viskelöfta i Vemmenhögs sn, för 100 lybska mark."
C07E78395,"Kyrkoherden Olof i Lunda överlåter till Bengt Fadersson 4½ örtugland i Segelsta i S:t Nicolai socken i Nyköping i utbyte mot 4 örtugland i Ösby i samma socken. Egardus de Kyrne, Karl Magnusson och Sigge Jonsson uppräknas som fastar. Egardus de Kyrne beseglar."
C19A8411D,"Nils Stök skänker till Nydala kloster jord i Haraldsköpe i Åkers sn i utbyte mot jord i Kränxhult i Byarums sn, som klostret köpt av Håkan Räv. Anund Hemmingsson, Lindorm Ulfsson och Trott Attesson, häradshövdingar i Östbo, beseglar."
C0593B087,"Staffan Röriksson kungör att han inte vägrar att hålla fast vid det avtal om biskopliga tionden, som hans föräldrar eller efterträdare slutit med domkapitlet i Strängnäs. Utfärdaren beseglar."
CDB319E73,"Stefan Röriksson säljer till domprosten Nils i Strängnäs ½ markland i Rottbo i Vansö socken för 100 mark penningar och kvitterar betalningen. Om domprosten skulle förlora Rottbo, skall han få ½ markland i Nerdesta i Tuna socken i Sela för samma köpeskilling. Utfärdaren beseglar."
C456A7827,"Sune Murare i Vadstena skänker till Vadstena kloster ett stenhus i Stockholm, som han köpt för 40 mark penningar, till testamentegåva för sin bror Staffan och sig själv och sina efterkommande. Han överlåter även detta stenhus till klostret för sin systerdotter Gunhild Svensdotter, som han tänkt ingiva i klostret, om hon så vill. Sune Murare beseglar tillsammans med sin bror Gjurd och Nils Bonde, som på hans vägnar beseglar, men utan att själv besegla."
C5A1E6B77,"Priorn Petrus och konventet i Sigtuna kungör att de den 29/10 1325 i närvaro av Birger Persson, lagman i Uppland, Bengt Bosson, Finvid Nilsson, Edvard Filipsson, Gregers Magnusson och flera andra trovärdiga män upplåtit till fru Ragnhild, änka efter Folke Johansson, en äng vid Musmyra, som hennes man och hans förfäder testamenterat till dem, mot att hon överlåtit till dem allt de förut haft i Musmyra, nämligen en 4 alnar bred gärdesgård med fri vattenledning från sjön till klostret, som de för all framtid reserverat för sig. Fru Ragnhild hade vidare till klostret överlåtit en äng mellan staden Siggeboda och deras tegelhus, avgränsad av ra och rö. Klostret upphäver alla sina brev rörande Musmyra och beseglar."
CD69C939B,"Prior Peter i Sigtuna kloster och konventet därstädes kungör att de den 31 oktober 1320 i Sigtuna inför Birger Persson, lagman i Uppland, Bengt Bosson, Finvid Nilsson, Jerdvard Filipsson, Greger Magnusson och andra trovärdiga män, vilka kallats till detta möte, upplåtit till fru Ramborg, änka efter Folke Johansson, den mosse, som de testamenterats, och i gengäld erhållit en slätt i Mellantorp, kallad Siggeboda, och ett tegelhus, vilka de för evigt skulle äga. För att ytterligare stadfästa detta överlämnade de alla sina brev rörande mossen. Utfärdaren beseglar."
C3513ADDB,"Underlagman Jon Upplänning på Bo Jonssons vägnar tilldömer Johan Holmstensson en kvarn i Skänninge, Emakvarn, som tillhört Kettilvast i Skänninge. Utfärdaren betalar 6 mark penningar för kvarnen och förbjuder var och en att hindra eller klandra godset vid 6 mark penningar. Utfärdaren beseglar."
C58126944,"Underhäradshövdingen i Oppunda hd, Nils Djäken, kungör att Ingevald Anundsson till Vårfruklostret i Vadstena skänkt 12 öresland i Sunby i Forsa sn och ½ öresland i Hustom i samma socken samt en ström kallad Blåkvarnsström och ett bol kallat Tegnabol. Utfärdaren beseglar."
C5984726E,"Nils Djäken, häradshövding i Oppunda, kungör att han på nästföljande ting efter pingstdagen tillskiftat skäliga män Ingevald Anundsson och Karl Öra jord i Sköldesta i Björkviks socken. Utfärdaren beseglar."
CDB32DB0C,"Lars Krok säljer till herr Karl Uddsson, dekan i Skara, gårdarna Hasselösa, Husby och Husby i Hassla sn, Skånings hd."
C2A80C5C2,"Elena Bosonis, hustru till Boso, intygar att hon skötat sina gårdar i Kettilstorp och Sigurdstorp, vilka hon testamenterat till biskop B i Skara och hans efterträdare, och att hon med sin man Boso och riddaren Tolo förrättat skötning till biskopens förmån, varvid hon avstått från allt vidare anspråk på gårdarna. Vittnen är Tolo Petersson, Björn, kanik i Skara, Asmund, kyrkoherde i Sundbyberg och prost i Kållands, Nils, kyrkoherde i Söne, Simeon, kyrkoherde i Kettilsäter, Tuvbjörn, präst, samt Bosos hustru Elene, Juar Ödgertsson, Arnvid från Munnslunda, Alle och Frösten, grannar i Kettilstorp. Ragnarius, kyrkoherde i Örslösa, närvarande och intygar."
C844E5AD8,"Elena, hustru till Boson, testamenterar till biskop B i Skara och hans efterträdare i kyrkan gårdarna Kettilstorp och Sigurdstorp med alla tillägor. Vittnen är Tole Petersson, Sunne, Likvidus, Arnvidus i Munäslunda. Ragnarius, kyrkoherde i Örslösa, närvarande och uppgiftslämnare."
C0BACC307,"Kung Erik kungör att han på sin kröningsdag skänkt till Riseberga kloster och dess inrättningar en gård i Öland, Svaboda, där 12 attungar jord äro belägna, samt att han för framtiden vill vara klostrets beskyddare. Om någon skulle vilja ogiltigförklara denna gåva, skall han genom påvlig myndighet förbannas. Den som däremot underkastar sig denna kungörelse, skall av den Allra Barmhärtigaste uppnå nåd och förlåtelse. Utfärdaren beseglar."
C21F71238,"Erik, Sveriges kung, stadfäster de privilegier som kung Johan givit biskop Sune i Skara och som påven Urban V stadfäst."
C37FB5A98,"Kung Erik (Ericus) kungör för alla amptmän och invånare i Visingsö att han till munkarna i Varhem, vilka klagat över att de i hans fars och tidigare tid i hans provinser ägt skog och fiske, tilldelat en by i Amne (i Visingsö socken) med skog, åkrar, ängar och fiske, vilka avgränsas av munkarnas skog Venised i Byönsund, Tofvasund, Luvsten, Lakasten, Klemmetsöret, Källingaholm. Utfärdaren beseglar."
C50CEB85D,Kung Erik stadfäster den gåva som kung Johan skänkt biskop B. i Skara till hans släkting biskop S. i Skara och tillägger därvid det som Innocentius VI bifogat i sitt bekräftelsedokument.
C6EA578B3,Kung Erik kungör att han tilldömer Varnhems kloster och dess ägor i amts- och visningsborgarnas häradar fritt och utan hinder av kungens domsrätt. Utfärdaren beseglar.
CE4DE98B4,"Anders Erengislesson erkänner sig vara skyldig sin släkting Magnus Gregersson 200 mark svenska penningar och pantsätter 12 öresland i Grödby (i nuvarande Botkyrka socken) med alla tillägor. Om Magnus eller hans arvingar behåller jorden så länge som skulden inte är betald, skall dock endast 10 mark vara återbetalningsbara. Utfärdaren beseglar."
C25029243,"Prästen Petrus Nicolai säljer till biskop Tord i Strängnäs 2 öresland och 3 penningland i Signeby i Bettna socken, som tillfallit honom genom arv, för 24 mark penningar. Utfärdaren beseglar."
C5B0A3F1B,"Bo Jonsson, drots i Sverige, och Jon Upplänning, underlagman i Östergötland, utfärdar dom vid räfsteting med invånarna i Tjust i Herråkers socken i Sätra (nu Sätra brunn) i Tjust. Lars i Bråmark, Jon Ingevesson, Ragvald Skump, Nils Fadersson, Erland Bryte, Botolf i Fyrby, Jon i Ödetorp, Sune i Gökstad, Gudvast i Orrvall, Erik Svidesson, Ingemund Spiring, Nils Vit, Otar och Jovar Lilla döms för att ha slagit Anders i Skällinge i Tjust."
C9D55C53F,"Bo Jonsson, drots i Sverige, och Jon Upplänning, underlagman i Östergötland på Bo Jonssons vägnar, utfärdar dom vid räfsteting med allmogen i Tjust i Bredvassa i Lofta (senare Loftahammars) socken. Björn Sop, häradshövding, Klemet Birgersson, Nils Trottsson, Magnus Djäken, Erik Kulle, Jon i Ringfall, Olof Klindo, Peter i Tingetorp, Knut i Brånestad, Nils Stryk, Peter i Rödja, Vaste i Slät och Sige Holk dömer i enlighet med kungens vittnesbörd på sätesgården Grindebo i Svarta i 40 mark till kungens sak för att Svarta i Grindebo utfärdat en malsmansed för Peter, som var Bo Jonssons landbo, och att Svarta ödelagt Peters gods och dömt honom att återgå till Bo Jonssons gods och att allt som av detta skulle utgå skulle uppbäras av Svarta i så lång tid som Peter skulle vara lagligen skild från detta, tills han återfått det, och vidare 6 mark för lagsmansdomen. Utfärdarna beseglar."
C573771AE,"Kaniken Birger Gregersson i Strängnäs kvitterar 60 mark penningar, som domprosten Lars i Uppsala uppburit av honom för den pension, som han av domprosten mottagit. Utfärdaren beseglar."
CD13AD732,"Arnoldus de Lenepe utfärdar sitt testamente. Till förbättring av gator och vägar ger han 1 mark. Till byggandet av kyrkorna S:ta Maria, S:t Jakob, S:ta Döpeln och predikarbrödernas kyrka ger han 10 mark vardera. Till franciskanbröderna ger han 5 mark vardera. Till leprasjuka uteliggare på S:t Georgsgatan ger han 5 mark. Till byggandet av kyrkorna S:t Nicolaus, S:t Georg och S:t Petri ger han 5 mark vardera. Till ett brinnande ljus inför Kristi kropp i S:t Petri kyrka ger han 5 mark. Till S:ta Johannes nunnekloster i Lübeck och till inneslutna nunnekloster i Blankenburg vid Bremens stad ger han 3 mark vardera. Till S:ta Döpeln i Travemünde och leprasjuka i Grönwohld ger han 5 mark vardera. Till S:ta Döpeln i Stockholm ger han 10 mark. Till S:t Jakob, S:t Nicolaus, predikarbröderna och franciskanbröderna i Stockholm samt S:ta Maria Magdalena i Södermalm därstädes ger han 5 mark vardera. I Holstentor har han 10 marks årlig avkastning, som han ger till en evig mässa, som skall firas av en fattig präst i S:ta Maria kyrka för hans och hans föräldrars själar och för alla troende avlidnas själar. Till Heynon och Hennekino, sina bröder, ger han 100 mark vardera. Till Gobbels söner, sina brorsöner, ger han 100 mark vardera"
CDBF9DE35,"Biskoparna Peter i Viborg, Nicolaus i Börglum och Joannes i Ribe tillskriver ärkebiskop Jakob (Erlandsson) i Lund med redogörelse för den av kung Eriks ombud, professorn i kanonisk rätt Vilhelm Kraak, vid en offentlig förhandling den 13/8 1317 framställda appellen till påven mot ärkebiskopens exkommunicering av kungen och hans anhängare. Vilhelm Kraak, som var kung Eriks ombud, appellerade till påven på kungens vägnar av"
C496EFAF4,Lars Haraldsson skänker till Nydala kloster kvarnen i Kambstad.
C080F8A2A,"Riddaren Nils Turesson erkänner sig vara skyldig abbedissan och konventet i Klara kloster i Stockholm 600 mark penningar svenska för deras gods i Lydby, Karlaby och Ramsta med gården Vädla, vilka han enligt deras brev skall återbetala utan hinder före nästa S:ta Valborgs dag och de återstående 300 mark före S:t Johannes dag. Om han skulle dö före S:t Johannes dag skall han ge dem alla sina gods utom Vädla, vilka han skänkt till Växjö domkyrka. Utfärdaren beseglar."
C281A461B,"S:t Jakobs gille och S:t Petrus gille i Stockholm överlåter till herr Lars Gädda, som är prebendat i Uppsala, sin gillestuga, som är 40 alnar lång, 6 alnar bred och 2 alnar hög, belägen mellan Anders Ermundsson och herr Lars Gäddas gård, mot att han ger dem en mässa i varje vecka för alla kristnas själar. Gillet beseglar."
CD717C998,"Ulf Jönsson, som höll räfsteting i Huseby med yttersta tredingen av Dalarna på Bo Jonssons vägnar, och Peter Thomasson, som var lagmansdomhavande i Östergötland på herr Sten Stenssons vägnar, utfärdar dom vid ting i Hamra i Hammar (Östra Ryds) socken. I enlighet med intygande från kungsnämnden och då Thorbjörn Krokenäs och alla ägare i Hamra kärt härom, döms att de orättmätigt hindrat egendom i Södervik i Hamra, som till Hamra bolstad med rätta och till fall efter det att den först var utfallen och för deras fiskevatten hade varit och som de sedan med laga dom vunnit och förr hade gått tre syner såsom är ängen, synen och landsynen och bolstadsegendomen i Hamra, som inte luttit till vittnen, som bolstadsegendomen när om det delades och dombrevet efter deras vittnen togs och gavs. Eftersom dessa brev sedan var sönderrivna och annat sämjebrev gjordes, får alla goda viljor som äger i Hamra ty efter kungens domgranskning och vittnen att så var gjort som förut skrivits och dessa tolv i kungens nämnd satt Brinnolf i Rensby, Bengt i Forsum, Sigmund i Näss, Jahan Tomasarffve, Björn i Sundfiske, Stenbjörn Isakson, Olof Jonsson, Ingemund i Nämde, Nils Myrarfve, Peter Bondarffve, Olander Thynneson och Klemmer Botason och sade att Olander Djäken sönderrev det dombrev som lagligen hade g"
C4DB85E4B,"Jöns Bruddesson, häradshövding i Oppvidinge, kungör att han till Arvid Bengtsson överlåtit de gods som denne köpt av Nils Erlandsson, nämligen Pilaås, Haraldslycke och Videsås. Utfärdaren samt Peter Ingemundsson, Sune Mule, Halstan Petersson, Erengisle i Ängahult, Åke Petersson, Torkel Sege, Göme Glosa, Håkan Multer, Peter Svensson och Tole Stunka uppräknas som fastar. Utfärdaren beseglar."
C03F7B85D,"Nils Glysing kungör att han till riddaren Erik Puke har guldat allt sitt gods i Åkerby, som han köpt för 60 mark lödiga, och att han med alla lagliga rättigheter överlåter det till honom och hans arvingar. Utfärdaren beseglar tillsammans med Ulf Jonsson."
C7241CE6C,"Ödbjörn Ödbjörnsson och Björn Ingemarsson i Höfrisbol säljer till Peter Tomasson sin andel i Elleb (Elleby) i Gistads socken i Skärkinds härad, nämligen 2 spanns avgäld i Elleb i Tomtaakrom och i en gård och skog inom och utanför garten, för 11 mark svenska penningar, så gott mynt att 1 lödig mark gäller för 6 mark. De erkänner sig vara väl betalda och att pengarna är fullständigt uppburna. De kvitterar Peter Tomasson och dennes arvingar för de nämnda 2 spanns avgäld i Elleb och överlåter dem med all rätt till evig ägo. Köpet är gjort på ting, jorden är uppbjuden och lagstadd, och fastar är Göt i Brånestad, Sven i Tåby, Ingevald i Hacksäter, Olof i Häststad, Inge kanik, Johan i Marka, Ingemund i Torsjö, Anders i Höghom, Karl Ölman i Skärkinds, Arvid i Blidstad, Agmund i Broakärr, Erland i Hummelsäter. För att ge fastar och vittnen större insikt beseglars brevet av Ervast i Häststad, som är utsedd till fastar, och Sigge Björnsson och Ulf i Tråstad. Utfärdarna beseglar."
CFDEAB66A,"Riddaren Ulf Håkansson säljer till Vårfruklostret i Skänninge sin gård Holge i Skoklosters socken i Östergötland, vilken han tre gånger i häradstinget med 12 trovärdiga grannar till de heliga jungfrurnas kloster i Skänninge överlåtit för 220 mark penningar. Utfärdaren, hans svåger Karl Tukeson, Karl Petersson, hans systerson Sune, kanik i Linköping, kyrkoherde i Vårfrukyrkan i Skänninge, Johannes Lange, hans svåger, Skänninges borgare, Sven, stadens fogde, beseglar."
C01ECDABA,"Livia (Lovisa) överlåter till Peter Thomasson 8 spanns avgäld i Ellebäck i Gistads socken i Skärkinds härad, vilken avgäld hennes morgongåva var, i öppet brev. Egendomen säljs för 12 mark penningar, så gott mynt att 1 lödig mark gör 6 mark. För dessa pengar ger hon Peter Thomasson kvitto och löser honom och hans arvingar för det förra köpet. Egendomen uppbjuds och köps på tinget, och är lagligt gjort på tinget, som lagen tillåter. Egendomen överlåts till Peter Thomasson och hans arvingar till evärdelig ägo. Om egendomen på något sätt skulle gå ur Peters Thomassons ägo med laga rätt, så förbinder sig Livia och hennes arvingar att ge honom annan egendom i lika gott läge. Vittnen är Birgersson, Verner i Hällberga, Ervast, häradshövding. Utfärdaren beseglar."
C1E99105E,"Kyrkoherden Johannes Johannis i Kumo i Åbo stift berättar att han en söndag efter att ha förklarat vissa personer som kyrkans ovänner och skuldtyngda med kanonisk varning från predikstolen ha blivit angripen av en lekman Lars i Kumo, som kallat honom djävul och med ett träföremål i handen försökt kasta sig över honom. Johannes Johannis hade då inte svarat på angreppet, men när han efter mässan var på väg hem till sitt hus hade Lars i Kumo angripit honom på nytt och då han inte kunnat avvärja angreppet hade han skurit sig i huvudet med en yxa och dött av såret. Johannes Johannis ber nu att få absolution för detta mord och för sina övriga synder samt att få dispens att inträda i lägre vigning, så att han kan tjäna Gud och få ett kyrkligt ämbete utan själavård."
C92503D74,"Abbot Johannes i Vallombrosa, rektor för skolan i Linköping, bifaller supplik av Videkinus Johannis, skolpojke i Linköping, om dispens från illegitimitet, så att han trots detta kan promoveras till alla sakrament och inneha kyrkligt ämbete, även om han har själavård."
CC511EE65,"Prästen Petrus från Odensvi i Linköpings stift ber att få absolution från den allmänna exkommunikation, som han dragit över sig genom att med våld ha tillfogat en präst blodiga sår, och att få dispens för att fira mässa och blanda sig i kyrkliga angelägenheter. Detta bifalles på särskild grund. Abbot Johannes i Vallombrosa, generalvikarie."
CA1BD07A4,"Sune kungör att han i närvaro av Öger Drabbe och munken Nils av Alvastra samt andra hedervärda män slutit avtal med abbedissan Katarina i Vreta kloster om att gården Brigehstad, som hans hustrus mor Arga skänkt till klostret, skall tillhöra klostret på villkor att Sune eller hans hustrus arvingar kan lösa den för 22 mark penningar närhelst de vill. Utfärdaren samt Öger Drabbe, munken Nils av Alvastra beseglar."
CEC3A1AA5,"Påven Clemens V utnämner Israel Erlandi, prästvigd dominikanbroder, till biskop i Västerås."
C37E286B6,"Riddaren Arvid Isaksson säljer till biskop Nicolaus i Linköping 1/2 attung jord i Västerby i Lysings härad. Sigge Holk, Arnold Karlsson samt utfärdaren beseglar."
C46F74909,Arvid Isaksson säljer till Skelle Komme Johan Upplänning 1 attung jord i Luttinge stad i Lofta socken i Linköpings biskopsdöme. Utfärdaren beseglar.
C7BE17A3E,Ingeborg Gregersdotter stadfäster jordgåvor som hennes bror Magnus Gregersson skänkt till Vadstena kloster.
C350460A3,"Jon Bengtsson, riddare, skänker till Skara domkyrka sin gård på Kålleberg i Sävare sn, Skånings hd, som han erhållit i böter efter sin fader. Gåvan är förenad med villkor att han under sin livstid skall ha behålla avkastningen och att efter hans död gården skall tillfalla den prebenda som hans fränder herr Sigge Uddsson, ärkedjäkne i Skara, och hans bröder burit och grundat. Utfärdaren samt riddaren Gustav Magnusson, väpnaren Bengt Uddsson och Jon Larsson beseglar."
CC40DC283,"Ärkebiskop Johannes Westfal i Uppsala samt biskoparna Knut i Linköping, Brynolf i Skara, Andreas i Strängnäs och Nicolaus i Västerås sammankallar ett provinsialkoncilium i Arboga och beslutar att oblationen av träkors, tavlor och dylikt i Linköpings stift skall delas lika mellan kyrkorna och sockenprästerna."
C85D93AB3,Ingrid Karlsdotter säljer till sin svåger Fikke Gråpandeel sin gård Molanda i Långasjö sn.
CA41C905A,"Godske Bytöruff säljer till kaniken Nicolaus i Lunds domkyrka 1 attung och 1/2 attung i Sjövalla i Å socken i Linköpings stift för 160 mark penningar. Utfärdaren samt Lars Karlsson, riddare, Peter, prost i Södra Vedbo, Sune, skolmästare i Södra Vedbo, Simon Håkansson, väpnare, Johannes Petersson, Gudmund Klemmeson, Karl Rötkesson samt utfärdaren beseglar. Fastar är Sigmund i Kumlaby, Inge Sällesson, Åke Spjut, Tideke Fredagsson, Johannes Kastelli, Hemming Svarte, Ödolf Unge, borgmästare och rådmän i Södra Vedbo samt staden Södra Vedbo."
C98C15D75,"Kaniken i Linköping Johannes Kante upprättar sitt testamente, vari han ger penningar, böcker, kärl och andra lösören m.m. dels till Linköpings domkyrka för särskilda ändamål, dels till prästbordet i Husby och till bl.a. franciskanbröderna i Linköping och Jönköping, brodern Kettilbjörn, till dominikanerbröderna i Skara och till S:t Lars kyrka i Linköping. Utfärdaren beseglar tillsammans med testamentsexekutorerna magister Mathias och herr Magnus av Skinnskatteberg."
CC6D89846,"Elin Ingemarsdotter skötar till Nydala kloster sin gård i Kvänninge i Kvänums sn och i Gnustorp i Tvärreds sn, Södra Bo, i utbyte mot Nydala kloster."
CB1ABE5AE,"Nils Pekkilvå säljer till sin svärson Nils Ruska alla sina och sin hustrus samt dennes systrars och deras makars gods, som tillfallit honom och hans hustru efter hans svåger Lydar Ruska. Kettil Glysing och Lydar Svinakula samt utfärdaren beseglar."
C182EA5D3,"Bengt Mickelsson, häradshövding i Piteå, håller häradsting med allmogen i Råneå, Reso och Rusksele socknar. Här Andress Erlandsson, på S:t Sigfrids vägnar, tillskiftar Brännkyrkoborgaren Anders Brännkyrk och hans bröder en äng vid Asikala i Reso socken, vilken äng S:t Sigfrid enligt vittnesmål av tolv män, Olof Mua, Joar Vaniosare, Lars Sylte, Jöns Raisky, Henrik Ingeson, Henrik Pilkolaster, Olof Jolloster, Henrik Haloy, Jöns Häppilä, Mikael Pipare, Mikael Håkki och Marcus Aronsson, hade fått i bytet av Åre gods i samma socken. Vittnen var Hinze Mahlitula och Inge Mälkälä. Bengt Mickelsson dömer änggen till Anders Brännkyrk och hans bröder och förbjuder Brännkyrk och andra att hindra Anders Brännkyrk i hans rätt till änggen. Utfärdaren beseglar."
C1C68C68D,"Broder Nils, prior i Helsingborgs kloster, kvitterar för 40 läster, som han på klostrets vägnar kvitterat till drottning Margareta för 4 mark, som klostret var skyldigt henne. Klostrets ämbete och konvent beseglar."
C5FA1480F,"Johan Elifsson giver sin hustru Katarina Nilsdotter i morgongåva alla sina gods i Holsby och Gammal Röshult, vilka han fått av herr Peter Jonsson, med villkor att om de får barn skall dessa gods tillhöra dem som äktenskapsegendom, men om han skulle dö barnlös och hon överlever honom, skall hon och hennes arvingar ärva dem, och om hon skulle dö barnlös skall de återgå till utfärdaren och hans arvingar. Utfärdaren beseglar tillsammans med herr Peter Jonsson, Uppon Abjörnsson, Sigmund Petersson, Brynolf Elifsson, hans bror, Peter Birgersson, hans svärson, och sig själv."
C8C115C7D,"Domkapitlet i Lund tillskriver ärkebiskop Jakob och kung Erik av Sverige att de på ärkebiskopens vägnar upplåtit åt ärkedjäknen Johannes Pauli i Lund alla sina gods i Sölarp i Harbergi sn, med villkor att ärkedjäknen under de närmaste tre åren inte skall behöva betala någon hyra för byggnaderna, men att han efter denna tid skall betala 6 mark årligen i hyra, samt att ärkedjäknen inte får arrendera ut godsen eller låta uppföra byggnader på dem. Utfärdarna beseglar."
CB653B36E,"Elin Anunddotter bortbyter sin gård Rakarö i Östergötland, belägen vid Linköping, till fogden Ingevald i Stockholm mot sin gård Örebro i Skänninge, och tillskiftar honom därjämte 20 mark silver och 100 mark penningar. Birger, kung av Sverige, Erik och Valdemar, hertigar i Sverige, samt andra av rådet samt Stockholms stad beseglar."
C07C7872E,"Ragnhild, änka efter riddaren Magnus Karlsson, testamenterar sin gård i Vikingstad till Linköpings domkyrka för att därigenom bereda sig och sina barn en bättre evig salighet. Hon förordnar att en präst skall varje vecka läsa en mässa för hennes och hennes barns själar i den kapellkyrka, som domprost Harald Stubbe i Linköping stiftat och låtit uppföra vid domkyrkan, där hon också valt att begravas. Hon förbjuder sig att återkalla eller ändra detta testamente. Vittnen är biskop Karl i Linköping, Linköpings domkyrka, Harald Stubbe, Magnus, Mathias och Johannes Kettilsson, kaniker i Linköping, Harald Stubbe, riddaren Ragvald, Lars Toresson, Meneke, borgare i Linköping, och flera andra trovärdiga män. Utfärdaren samt biskop Karl i Linköping beseglar."
CB405F1FD,"Kristina Toke, dotter till Toke, skänker till Vårfruklostret i Vadstena 4 attungar jord i Kullerstad i Mogata socken i Hammarkinds härad. Hon ger häradshövdingen i Hammarkinds härad fullmakt att fastfara godset på tinget efter landslagen. Utfärdaren beseglar tillsammans med sin bror Magnus Toke och syster Katarina Toke."
C4DECD515,"Röd Keldorsson erkänner att han av Israel Petersson mottagit 6 öresland i Tensta fors, vilka Israel Peterssons förmyndare, domprosten Andreas i Uppsala och Birger Petersson, legiförare, tillskiftat honom för hans kvarnar i Tensta. Utfärdaren beseglar."
CBB26FC36,"Röd Keldorsson kungör att han till Israel Petersson, kanik i Uppsala, överlåtit den del av Tensta fors, där hans kvarn är belägen, intill Johannes döparens fest. Utfärdaren beseglar."
C279AB9EE,"Riddaren Otto Peccatel utser biskop Knut i Linköping, riddaren Nils Bosson, sin hustru Birgitta Stensdotter, hennes farbröder och Magnus Eriksson till sina barns förmyndare och ger dem fullmakt att förvalta hans och hans hustrus gods."
C2CDE2C87,"Biskop Peter i Roskilde och kapitlet därstädes kvitterar för 633½ lübska mark, som de av fru Margareta erhållit i pant för Kalundborgs slott. Härom kvitterar även abbot Salomon i Esrom, abbot Peter i Ringsted och abbot Nils i Sorö."
CF4A48D0D,"Gertrud Holm, änka efter Dancquard Holm, utfärdar sitt testamente. Hon ger sin silverskål till kalken, som skall överlämnas till predikarbröderna när den är färdig. Hon ger vidare 1 mark till S:ta Gertruds kyrka, 1 mark till franciskanbröderna, 1 mark till S:t Egidii kyrka, 2 mark till S:t Georgii kyrka och alla där boende spetälska, 1 mark till S:t Nicolaus kyrka, 1 mark till S:t Johannis på Sanden, 1 mark till S:t Petri kyrka, 2 mark till Vårfrukyrkan, 1 mark till S:t Clements kyrka, 4 mark till S:t Jakobs kyrka och väljer där sin gravplats. Hon ger vidare 1 mark till S:t Georgii kyrka vid Darsow, 1 mark till Darsows kyrka, 3 mark till Marquard, son till Johannes Holm, 1 mark till Telse, syster till Wendelbornus från Bunstorp, 2 mark till Wendelbornus dotter, 6 mark till Mathias Malsowen, 1 mark till prästen Hinricus Strokerken, 12 mark till Johannes Malsowen, 2 floriner vardera till Gotfridus Bilrebeken och Johannes Malsowen, 2 mark till Wobben, sin brorsdotter, och 1 tåg till hennes syster Leneke. Om någon av de ovannämnda männen skulle dö före henne, skall de gåvor hon skänkt dem inte tillfalla deras vänner, utan gå till de fattiga. Om något återstår av hennes lösegendom eller fastigheter, skall det gå till de fattiga för hennes själag"
C7FAF1815,"Jon Petersson, Folke Folkesson, Jöns Bengtsson, Jösse Petersson och Karl Nilsson skiftar med Holmsten Jonsson arvet efter Jöns Brudson, fru Kristina och Sten Jönsson. Holmsten Jonsson uppfyller med 2 gårdar i Ödinge och 2 kvarnar därstädes, 1 gård i Högsby kyrkby, 1 gård i Trähörnsholm i Vederum sn, 1 gård i Skirö i Småland, 1 gård i Kvinnoby i Landeryds sn i Östergötland. Karl Nilsson uppfyller med 1 gård i Bäckaby i Gårdveda sn i Småland. Utfärdarna beseglar."
CECBFEC77,"Riddaren Magnus Nilsson kungör att han till de av Östergötlands inbyggare för 20 mark penningar uppburna beloppen kvitterat Nils Abjörnsson och Erik Abjörnsson, varpå han ber inbyggarna att för hans skull kvittera dessa. Utfärdaren beseglar."
C8096F604,"Enbjörn Holmvidsson erkänner sig vara skyldig Endo Hada i Stockholm 28 mark penningar, för vilka han pantsätter 12 örtugland i Skäppsta i Heda socken. Utfärdaren beseglar."
CC121944D,"Anbjörn Holmusson erkänner att han med sin släkting riddaren Gustav Nilsson gjort ett jordabyte, varvid han till denne upplåtit alla de gods i Opplandene som blivit förstörda genom branden, nämligen 13 öresland i Skeldenehed i Lunde, 1 markland med 4 penningland i Gyrlinge, 7 örtugland med ½ öresland i Hoveke, 2 öresland i Stenby, 8 örtugland med ½ öresland i Grönehem, 4 örtugland i Lydinge, inom och utom hägn, med skogar, ängar, beten, fiske, kvarnar och kvarnplatser, efter sin syster Birgittas död, i utbyte mot hennes gods i Lofsundsberg och Skälderyd i Södermanland. Utfärdaren samt Fader Birgersson beseglar."
CCB87C34E,"Anbjörn Holmvidsson återlämnar och återbeseglar gods i Läfsund, Berg, Bogstafta och Skälda, som han genom byte erhållit av Gustav Nilsson. Utfärdaren beseglar."
C52A0A71F,"Ärkebiskop Johannes (Westfal) i Uppsala och biskoparna Knut (Westfal) i Linköping, Brynolf (Karlsson) i Skara, Andreas (Johannis) i Strängnäs, Nicolaus (Hermansson) i Västerås, Magnus (Johannis) i Åbo och Eskil (Johannis) i Växjö i Sverige inger supplik till kardinalerna i kurian angående kanonisationen av den framlidna Birgitta (Birgersdotter). Se vidare DS nr 9339."
C714B3589,"Biskop Peter i Västerås, konung Eriks domhavande, och Karl Styrkesson, underlagman i Västmanland och Dalarna, riddaren Tord Bonde, förrättar räfsteting i Västerås. Jösse Finne, som förklarat sig ha köpt skattegods av kronan, kallas till räfstetinget, men är inte närvarande. Vittnen är Bengt Djäken, Jösse Ingevaldsson, Björn i Bodom, Jon Kocksok, Anders Larsson, Sigurd i Balingsmora, Peter Holmgersson, Nils i Berga, Torkel i Norrby, Peter Ingevaldsson, Nils i Nora, Olof Andersson i Utsunda, Lars i Glevsö, Joper i Vik, Jöns i Amundabygd, Peter i Djupetorp, Anger i Håkanbygd, Olof Hermansson, Peter Olofsson, Jon Krak, Nisse Jute, Mathias Larsson, Olof i Bodom och Gudmund i Guttormshyttan. Vittnena intygar att Jösse Finne i Stockholm på kungens vägnar och med råds samtycke förklarat att han skulle komma till räfstetinget med en del av Dalarna och att Jösse Eriksson på härads vägnar förklarat att han skulle komma med Aspakrom, Birkebo, Grytnäs, Domararv, Folkärna, Mesta, Bya och Strömmar. Vittnena intygar vidare att Jösse Finne tillskansat sig gods av kronan och att de dömer dessa gods till nästa räfsteting. Biskop Peter, hans två kapitelmedlemmar, Karl Styrkesson, underlagmannen, och de nämnda riddarna och väpnandena"
C5B2AA713,"Ragnfrid, änka efter Israel, före detta häradshövding i Tiundaland, säljer jord i Ådöbol, Österby, Knivsta, Åsby, Grödby, Brunna, Länn, Bråxta, Risby, Kårsta, Kettilboda, Kumla, Sörsö, Vårdsed, Skedevi, Hallsla, Gimlinge, Karleby, Eneby, Torsholm, Djupvik, Alö, Ekby, Kålsta, Näsi, Torslunda, Husby, Näsi, till Uppsala domkyrka. Utfärdaren samt 16 fastar beseglar."
CFEB92514,"Jakob Jönsson kungör att han med vilja och berådda penningar överlåter till Bo Jonsson, drots i Sverige, och dennes arvingar allt det gods han ärvt efter sin bror herr Nils Fete och sina systrar med alla rättigheter han har till godset, oavsett var i riket det ligger. Han ber alla goda män att vara behjälpliga för Bo Jonsson med godset så att det kan följa honom enligt lag och rätt och inte hindras på något sätt. Utfärdaren vill gärna vara fri från alla skulder och förpliktelser till Bo Jonsson och hans förfäder. Utfärdaren beseglar tillsammans med riddaren herr Porse Getz och Eskil Magnusson."
C359DD467,"Borgmästare Jakob Nikelsson och rådmannen Nils Klemensson i Elbing intygar att rådet i Rostock gjort full ersättning för ett skepp som staden Elbing där tagit och som Rostock återlämnat. Utfärdarna lovar att skydda rådet i Rostock och dess efterträdare mot alla som på något sätt skulle göra anspråk på ersättningen. Utfärdarna samt rådmännen i Rostock Rake Krümvot, Friedrich Parkentin, Lambert Stenwerk och Hermann Woltorp beseglar."
C5A39A9A2,"Peter, kyrkopräst i Fröjel, överlåter till sina söner Rampna och Sune allt sitt gods i Edard i Fröjel socken på Gotland med alla tillagor, utom en bod i Fröjel, som heter Brodersbo, och med undantag av hans arvedel. Detta gods var hans avlidne broders, Nils Rampesons, arvedel. Utfärdaren avhänder sig och sina arvingar godset och överlåter det till sina söner med alla laga fång. Riddaren Porse Geth, Lasse Larsson, hövitsman i Östbo, herr Atta i Varnamo och Erland Martinsson beseglar."
CE84AE5EC,"Archidiakornen i Uppsala Ringuidus Nicolai upprättar sitt testamente. Till Uppsala domkyrka, där han väljer sin gravplats, skänker han bl.a. 100 mark penningar till domkyrkans byggnadsfond, ett blått täcke till högaltaret, 21 ullalänter till Jungfrualtaret, 21 ullalänter till S:t Eriks altare, 100 mark penningar till ett årligt anniversarium, ett Decretum till ärkebiskopen Peter, en vit björnskinnsskinn till Linköpings domkyrka, 2 bordsknivar till biskop Nicolaus i Linköping, en liten silveramfora med piphällare till samma domkyrka, 2 silverkittlar till domprosten Birger i Uppsala, en silverkittel till Johannes Karlsson, en silverkittel till Lars från Valandatum, en silverkittel till Rothgerus, en silverkittel till Petrus Ernolfi, om han återvänder som kanik i Uppsala, en silverkittel till Nicolaus de Birium, en ny överrock till Ulf, en myggtiell till Nicolaus Frötunensis, en kittel till Nicolaus Hermanni, en ny kittel till Nicolaus, ekonom, en ny kittel till Johannes, korgosse, en elfenbenstav till Petrus, diakon, en elfenbenstav till Nicolaus, skolinspektör i Uppsala, en elfenbenstav till Petrus, korgosse, en elfenbenstav till Nicolaus, korgosse, en elfenbenstav till Johannes, korgosse"
C0D874595,"Biskop Bengt i Linköping, hertig i Finland, tillskiftar sin kanik magister Wimundus sin tionde i Hagestad, som varit hans kanonikat tillhörig. Utfärdaren beseglar."
C0E5292D9,"Biskop Bengt i Linköping, hertig i Finland, kungör att Sveriges kungar givit kyrkornas gods och personer där boende full frihet från kungliga pålagor och avgifter, vilket framgår av deras privilegier för Linköpings domkyrka, och förbjuder alla att kräva något av dessa gods och personer, utom att de måste understödja brobyggande och brounderhåll. Utfärdaren beseglar."
C2B6A3E60,"Biskop Bengt i Linköping, som var kungens ombud i en tvist mellan denne och Uppsala domkapitel om den avlidne ärkedjäknen Johannes efterlämnade gods, intygar att han hört vittnesmål av Gerhard, kanik i Uppsala, Petrus Gardianus, minoritbroder, Torsten, predikarbroder, Nils Alla, Gamaliel, Sven, Lars, Johannes Botulphi, Botulphi abbots, samt att han förhört de nämnda vittnena inför de nämnda ordensbröderna Jarlof, minorit, och Israel, predikarbroder. Utfärdaren beseglar."
C330A10B4,"Biskop Bengt (Hermansson) i Linköping, hertig i Finland, vidimerar biskop Håkans (Håkansson) och kapitlets (i Linköping) oannulerade och oförvanskade brev av den 13/2 1288 (SDHK nr 884 / DS 534) om att de 10½ mark penningar, som årligen skall utgå av prebenda i Linköping till Håkans (Håkansson) tjänst, skall lämnas till honom. Utfärdaren beseglar."
C47290B2F,"Biskop Bengt i Linköping, som är hertig i Finland, upprättar sitt testamente, vari han bl.a. ger gården Lönn i Skärkinds socken till Linköpings domkyrka, gården Stav i Färnebo härad till Uppsala domkyrka, gården Siggerstad i Värmland till Skara domkyrka, gården Kårså i Kinds härad till Strängnäs domkyrka, gården Almare i Värmland till Varnhems kloster, gården Kårså i Kinds härad till Sko kloster, gården Abby i Kinds härad till Vadstena kloster, gården Kårså i Kinds härad till Nydala kloster, gården Kårså i Kinds härad till Alvastra kloster, gården Kårså i Kinds härad till Riseberga kloster, gården Kårså i Kinds härad till Julita"
C4731748D,"Biskop Bengt i Linköping, hertig i Finland, vidimerar påven Urban V:s (1362-1370) av 13630916 till Cisterciensorden givna privilegiebrev. Utfärdaren beseglar."
C4912FE9B,"Biskop Benedictus i Linköping, som är hertig i Finland, till priorinnan och systrarna vid Helgeandshuset i Skänninge, som lyder under predikarorden. Biskop Benedictus"
C9228E986,"Biskop Bengt i Linköping, hertig i Finland, tillåter kollegiet vid Linköpings domkyrka och dess kaniker att inte betala biskopens cathedraticum, synodaticum, procuration, contribution, subsidium eller questus, samt att själva ta upp, disponera och ordna tionden och andra biskopliga inkomster av kyrkliga gods, som de nu äger eller i framtiden kan komma att äga, samt av inbyggare, kolonister, hyresgäster, emphyteotis, feodater och deras familjer. Vidare tillåter han dignitärerna att själva utse sina klerker och vikarier och andra kaniker att själva utse sina klerker och vikarier, att bestraffa dessa för brott, utom för våldshandlingar mot klerker och för konkubinat med deras konkubiner, oavsett var de befinner sig, och att inte underkasta sig någon annan rättare än biskopen, som för tillfället skall ha insett att dignitärerna eller kanikerna varit försumliga i sådana fall. Biskop Bengt beseglar tillsammans med domkapitlet."
C9AE00639,"Biskop Bengt i Linköping, hertig i Finland, upprättar sitt testamente, vari han ger penningar, gårdar, böcker och andra lösören m.m., dels till Linköpings domkyrka för särskilda ändamål, dels till prästbordet i Husby och till bl.a. franciskanbröderna i Linköping och Jönköping, brodern Kettilbjörn, till dominikanerbröderna i Skara och till Vårfrualtaret i Skara domkyrka. Han giver ett öresland i Skirö by."
CA6CE2642,"Biskop Bengt i Linköping, som är hertig i Finland, kungör att abboten och konventet i Nydala inför honom klagat över att hans tjänstemän på olika sätt trakasserat dem och deras underlydande, som dömts vid biskopens nämnd, genom att kräva hälften av böterna för ensak och genom att påtvinga dem nya domsrätter. Biskop Bengt förklarar därför att de nämnddömda underlydande och deras familjer skall vara helt och hållet fria från alla biskopliga mål och rättigheter, så som de varit det förr av hans företrädare, med undantag av de fall där den dömde blivit exkommunicerad. Han förbjuder alla att trakassera dem eller deras familjer. Utfärdaren beseglar."
CBA0FE263,"Biskop Björn i Linköping, Finland sändebud, giver Cisterciensorden i Gotland tillstånd att på alla söndagar och högtidsdagar efterföljande sin skyddshelgon jungfru Marias fest hålla station och predikan, såsom de förr haft tillstånd, och att för att öka kyrkans besökning bevilja alla sanningsenliga botgörare, som av fromhet besöker deras kyrka på dessa dagar, 40 dagars avlat. Utfärdaren beseglar."
CBDB9FCD1,"Biskop Bengt i Linköping kungör att han till abboten och konventet i Nydala överlåtit biskopstiondena från Alseda, Myresjö, Skirö, Nyehult, Limmared, Myresjö, Nävelsjö, Skeda och Vrigstad i Njudung samt från Värnamo, Tånga, Oaxsta, Gyllersta, Hakarpshult, Kävsjö, Tofteryd och i Östbo. Han uppmanar alla dessa socknar att årligen före eller på jungfru Marie renings dag överlämna dessa tionden till sina kyrkor, eftersom Nydala konvent ofta lidit skada och olägenhet genom att bära dem. Han meddelar vidare att kardinalprästen Guido, påvlige legaten, till alla som hjälpt till med detta, beviljat 40 dagars avlat och att han själv till alla som följt hans uppmaning beviljat 40 dagars avlat. Utfärdaren beseglar."
CCB7E592B,"Biskop Bengt i Linköping, som även är hertig i Finland, erkänner sig vara skyldig Gerhard Plump, borgare i Stockholm, 100 mark i gotländska penningar, vilka skall erläggas på Jungfru Marie himmelsfärdsdag. Utfärdaren beseglar."
CCEEC20E6,"Biskop Bengt i Linköping, som är hertig i Finland, kungör att han, på grund av sin bror kung Magnus av Sverige och Gotlands välvilliga beslut att låta uppföra ett nunnekloster av klarissordens regel i Stockholm, för sin och sina förfäders själagagn skänker till detta kloster sin gård i Kersö med underlydande samt 1 markland i ækru villa Runhamer med alla tillägor. Utfärdaren beseglar tillsammans med kung Magnus, ärkebiskop i Uppsala, biskoparna i Västerås, Skara, Växjö, Åbo, Strängnäs, Linköping, Västerås, Skara, Väx"
CDF5A9AA3,"Biskop Bengt i Linköping, som är hertig i Finland, dömer i en arvstvist mellan kung Magnus och Uppsala domkapitel rörande den egendom som ärkedjäknen Johannes Ödolfsson efterlämnat. Utfärdaren tilldömer egendomen Uppsala domkyrka."
C2E59B453,"Påven Urban V till ärkebiskopen i Canterbury med ursäkt för att han inte varit tillräckligt ivrig i ärkebiskopens ärenden inför påven och i ärkebiskopens sändebuds Tobias råd. Han lovar att göra sitt bästa för att hjälpa ärkebiskopen i framtiden. Han lovar att hjälpa ärkebiskopens Peter, som är en ung man med goda egenskaper, att studera och att leva ett fromt liv. Han skickar en ampul med terebintolja, som är av utmärkt kvalitet och som ärkebiskop Mamertinus i Antiochia skänkt till honom. Han lovar att söka och skicka allt annat som ärkebiskopen kan önska sig från Frankrike."
C46478CAB,"Påven Urban V till ärkebiskopen i Canterbury med tillsägelse att fullfölja det goda han börjat med den unge man, som med framgång studerar och inte avviker från dygdens stig. Han är en planta, som genom Guds nåd och er vattning skall växa till ett träd, vars löv inte snart skall falla och som skall bära frukt i sin tid. Han är flitig i skolan, ärlig i sitt gästgiveri och varken slösaktig eller snål. Han förtjänar så sin kamraters välvilja, att han inte förlorar någons gunst. Utvalde ärkebiskopen och hans ädla släkt skall i honom upphöjas så att hans heder svarar mot hans börd och hans börd mot hans heder. Så skall farbrodern glädja sig i sin brorson, att brorsonen upphöjs av sin farbror."
C487D1CF3,"Påven Urban(IV) till ärkebiskopen i London med tillstånd att överlåta Peter, kanik vid S. Genovefa kyrka i Paris, till ärkebiskopens vård och uppfostran. Peter, som är en lovande yngling, har i ung ålder lovat lydnad och tagit emot undervisning i studier och sedvänjor. Eftersom han är en rask i andan men svag i köttet, överlämnas han till ärkebiskopen, som bättre kan vårda honom än påven själv. Peter lider ofta av malaria och dess kvarvarande besvär gör honom svag. Endast hans födelseort och naturens luft kan hjälpa honom, och hans moders mjölk och faders och moders tröst kan läka hans humör. Han rådas och befalls att inte vandra bland sina sekulära kamrater, utan att antingen vistas i ett kloster och studera med sina bröder under den vördige brodern Vilhelm, sin herres tjänare, eller att när som helst och när han vill vistas hos ärkebiskopen i hans domkyrka. Det som ärkebiskopen meddelat om att sända honom till Paris eller till Pariskolorna och till försäljarna av ord (s.k. venditores verborum) avvisas, eftersom det strider mot ordens regel och sedvänja. I klostren har Peter sina egna skolor, där han lär sig sanning och dygd. Om ärkebiskopen ändrar sig och vill göra honom till sekulär, bör han välja en annan stad än Paris, där han studerat, så att han inte i ärkebiskopens ögon offrar sitt morgon- och kvällsoffer, som han borde offra för påven, utan istället för ordet och ordstridens slingor, och så att det inte blir en"
C8B299BDF,"Påven Urban(IV) till ärkebiskopen i London med befallning att återta Petrus, som varit kanik i Genéveve (Genève), men nu blivit prästvigd i London och därvid förbundit sig till bägge stiften. Se vidare DS nr 6942."
C97EB16DA,Påven Urban V till kaniken Peter av Dacia i S. Genovefae kyrka i Paris med uppmaning att återvända till Sverige. Se vidare DS nr 6942.
CFE2E891E,"Påven Urban(IV) till ärkebiskopen i London med tillstånd att Petrus, kanik i Saint Geneviève i Paris, som nu är klerk hos påven, får avlägga löftena och inträda i ett kloster. Se vidare DS nr 6902."
CFFC6A52A,"Påven Urban(IV) till ärkebiskopen i London med befallning att, på grund av tartarernas svåra angrepp på det Heliga Landet, själv och med andra prelaters och klerkers hjälp uppmana de kristna i Sverige att deltaga i korståget till nämnda lands försvar. Påven utlovar full syndaförlåtelse för alla, som bidrar till korståget."
C9B048855,"Jöns Ekesson säljer till Anund Hemmingsson 1½ attung i Narveryd (Vallestads socken, Brobergs härad). Nils Turesson, lagman, Lars Karlsson, riddare, Halstan Petersson, väpnare, samt utfärdaren beseglar."
CDCFFB973,"Jöns Ekesson erkänner sig ha uppburit av Anund Hemmingsson 83 mark svenska penningar för en gård i Narveryd (Vallestads socken, Brobergs härad) som han sålt till honom. Utfärdaren beseglar."
CFDE6FDE8,"Sigge Birgersson i Vänneberga säljer till Ingeborg Erengisledotter 1/4 attung i Lindefors med alla tillägor och 1/50 lott i kvarnen, som Hemming Klåbar ägde. Utfärdaren samt herr Jon i Västervik, Lars Vielmsson, Paul Arvidsson och flera andra män beseglar."
C26C8CA08,"Anders, kyrkopräst i Börstad, Ansten i Röd, Ansten i Hökstorp, Lars i Haghammar, Ture i Lekfors och Elof i Ammenäs intygar att Håk Brattesson var Jöns Knutssons brorson på Fru gården i Tuna och att Jöns var ägare till godset. Utfärdarna beseglar."
C98AD77C7,"Påvlige legaten Petrus Gervasii kvitterar 243 mark och 10 små floriner, som han genom ärkedjäknen Johan i Linköping mottagit av domprosten Harald i Linköping för de beneficier, som varit lediga i Linköpings stad och stift under två år. Utfärdaren beseglar."
C3D73A741,Peter Bennesson i Rötna säljer till Lars Djäken i Åby sin gård i Skaghanäs i Tjurkö socken. Utfärdaren samt häradshövdingen Nils Nakke beseglar.
C29362A1A,"Ermegard, fru Knut Bossons hustru, kungör att hon och hennes arvingar skall ersätta Katarina, Svenna, hustru, för de 500 mark som hennes bonde Svenna uppburit på Vänne, om Katarina hindrar eller talar om dessa. Utfärdaren beseglar."
CAB917D76,"Jösse Bonde, väpnare, uppbär av Torbjörn Kärling 30 mark penningar för två delar i Fåten, vilka hans hustrus fader sålt till Sven Mule, väpnare, och en del i Klämpensten, vilka han och hans hustru tillträtt med skäppa och skäll och alla tillägor i åker och äng, våt och torr, varhelst de helst ligger, utan något undantag, och överlåter dem till Torbjörn Kärling och dennes arvingar. Utfärdaren samt riddaren Magnus Birgersson och Nisse Gudmundsson beseglar."
C412E82BA,"Tideman van Lune utfärdar sitt testamente. Till förbättring av vägar och broar ger han 1 mark. Till sin bror Johans barn Arnold och Johan ger han 600 lybska mark. Till Johans hustru Gertrud ger han sin kista med alla kläder, saker och smycken som finns i den och 13 silverskedar. Till sin syster Ida i Dortmund ger han 100 mark penningar och till hennes barn 200 mark penningar. Till sin moster Wobbeke ger han 20 mark penningar och till hennes syster Valborg i Ludvika 20 mark penningar. Till Lübeckaren Albert van Lune ger han 25 mark penningar och alla sina kläder som är skurna för honom. Till Herman Pozwalke och Johan van Lune i Beckergroven ger han ½ brysselskt tygstycke till deras kläder. Till byggandet av S:t Olovs kyrka i Ludvika ger han 10 mark penningar. Resten av sina ägodelar, både lös och fast, skall hans förmyndare ge till hans själs frälsning, där de anser det bäst. Hans förmyndare utses till Johan van Lune, hans bror, Herman Pozwalke och Johan van Lune i Beckergroven. Utfärdaren förbinder sig att uppfylla allt ovanstående, så länge han inte öppet motsätter sig det. Vittnen är Lübeckborna Albert Trauelman och Gerhard van Attendorn."
C403B0015,Underhärdshövdingen Nils Hidesson fastar på Skurusäters ting i Skärkinds hd.
C0DD47076,"Karl Tykesson tilldömer biskop Karl i Linköping de gods i Täljeås i Vårdnäs socken, som Gudvast Bosson ärvt av Israel, lagman i Uppland, och som Gudvast sålt till biskopen, samt 100 mark penningar, vilka Gudvast är skyldig Linköpings domkyrka. Biskopens två instrument, varav det ena är ett pantbrev på nämnda gods, det andra ett skuldebrev på 400 mark penningar, har granskats av lagmannen i Tjust Sune Jonsson och andra trovärdiga personer. Biskopens skäl har ansetts tillräckliga, och därför tilldöms han godsen och 100 mark penningar. Biskopens skuldebrev på 400 mark penningar"
C0C9D9C89,"Tor Jonsson och Klaus Priis kungör att de den 25/3 1400 vid Stadsjö kyrka (i Dalarna) hört Rödare Helgesson av Torbjörg Eriksdotter och Erik Torleifsson, Torbjörgs son, intyga att Torbjörg och hennes son Erik sålt till Rödare Helgesson 20 öresbol jord i Amundadal i Stadsjö socken i Orsa. Utfärdarna beseglar."
C78C5D911,"Sven Tuvesson, kungens domhavande, och Karl Magnusson, lagman, dömer till evig ägo efter rannsakning och vittnesbörd de gods som uppräknas i brevet. Utfärdarna förbjuder att godsen upptas i något uppbörd eller hindras på något sätt med böter av 40 mark för kungens dom och 1 mark för lagmans dom. Utfärdarna beseglar."
C09ECFEF6,"Abbedissan Ingrid och konventet i Vårfruberga kloster erkänner att Ragvaldus de Mörlundum, som var prebendat vid Linköpings domkyrka, till sin prebenda skänkt gods i Anundstad i Vårdbergs socken, men att detta gods efter Ragvalds död tilldelats deras kloster av biskop Nicolaus i Linköping och domprost Joar Nilsson, Ragvalds efterträdare i prebenda, för deras systerdotter Ragnhilds inträde, utan biskopens och kapitlets samtycke. De förbinder sig att vid Ragvalds efterträdares död återlämna godset i Anundstad eller ersätta det med annat gods. Abbedissan Ingrid och konventet beseglar."
C181CEC69,"Birger Petersson, lagman i Uppland, förnyar testamentarisk disposition till en evig vikarie vid Uppsala domkyrka, vilken han förut i Sigtuna offentligen kungjort och för vilken han anslagit 15½ öresland i Svinnsta i Edsbro sn, Jäders sn, Strängnäs stift, och ½ läst spannmål årligen från kvarnarna i Järpsta i Tensta sn, Uppsala stift. Utfärdaren förnyar testamentet inför ärkebiskop Olof i Uppsala, biskop Styrbjörn i Strängnäs, dekanen Filip Ragvaldsson i Linköping, riddaren Peter Ragvaldsson och andra vittnen. Utfärdaren samt ovannämnda vittnen beseglar."
C3C13530F,"Birger Persson, lagman i Uppland, ger sin morbror Ingeborg, Birger Skänkars dotter, fullmakt att sälja sin gård Gräshulta. Utfärdaren beseglar."
CE6F9C22A,"Abbot Bernard i Clairvaux till sin medabbot Bernhard i Sko. Han meddelar att nunnorna i Sko, som är underställda Sko, vägrat att låta abboten i Sko, som nyligen avböjt att åtaga sig visitationsuppdraget, besöka dem, och att de istället underställt sig ärkebiskopen i Uppsala. Abbot Bernard i Clairvaux befaller därför abboten i Sko att personligen bege sig till Sko och med hjälp av världslig makt tvinga nunnorna att återgå till sin ordentliga lydnad och enhet. Om de vägrar skall han tilldöma dem lämplig bestraffning, t.ex. genom att frånta dem deras ordensdräkt eller fängsla dem."
C3602299B,Nils i Sölje avstår från alla klagomål mot abboten och konventet i Nydala eller någon av dem på grund av tillstånd att bygga en bro över myren norr om hans ö Sölje mot skogen. Utfärdaren beseglar.
CBD3660B3,"Arvid Eriksson pantsätter till ärlig man Arvid Henriksson allt det gods som hans fader ägde i Hagryd för 30 mark penningar. Godset skall återlösas med avkastningen, och Arvid Henriksson lovar att inte avräkna denna från huvudgälden. Om godset skulle hindras på något sätt, förbinder sig utfärdaren och hans arvingar att ersätta Arvid Henriksson för den skada han därigenom lider. Utfärdaren beseglar tillsammans med Peters Bonde, Ragvald Erengislesson och Karl Långe."
CD870A986,"Arvid Eriksson säljer till Arvid Bengtsson sitt gods i Hjälmseryd. Utfärdaren samt Inge Ingesson, herr Bengt i Dädesjö, Torbjörn i Nottebäck och Johan i Åseda beseglar."
CDC170856,"De tyska städerna vid havet, som är förenade i Hansan, kungör för städerna Bergen och Oslo i Norge att de förenats om att deras borgare skall få segla med sina skepp till Bergen och Oslo med sina varor och att de skall få segla med de skepp som de norrmännen sänder till dem, och att de skall få segla till Tønsberg och Alesund med sina varor på egen bekostnad och risk. De kungör vidare att de som vill segla genom Nörrströmmen till floderna Prutz, Kampen och Zuiderzee till Mastricht, eller till Flandern, England eller Hamburg, får göra detta, men att de som vill segla genom Nörrströmmen till Flandern, England eller Hamburg inte får hindra Hansans skepp att komma till de andra skeppen, och att de som seglar genom Nörrströmmen till Flandern, England eller Hamburg inte får lämna dessa skepp förrän de kommit"
CD558CC1B,"Kung Albrekt kungör att han med Sveriges, Norges och Skånes städer och med Norges rådgivare i Malmö dagtingat på följande villkor: Om någon i Sverige eller Norge dör före midsommaren, skall hans efterträdare väljas inom 14 dagar efter hans död, och om någon i"
C209C5278,"Ingeborg Torstensdotter skänker till Vadstena kloster jord i Åkerby i Gärdbo sn, Skärkinds hd, för sin och sin makes Dan Knutssons själagagn."
C5AEE3E1B,"Ärkebiskop Birger och biskoparna Nicolaus i Linköping, Nicolaus i Skara, Thord i Strängnäs, Hartlevus i Västerås och Johannes i Åbo samt Växjö domkapitel stadfäster ett beslut av ärkebiskop Petrus och andra prelater att varje hushåll i Sverige med hustru, barn och tjänare över 16 år, varje änka och jungfru årligen skall lämna 1 penning till Vårfruklostret i Vadstena för dess underhåll och för att riket måtte återfå sin forna välmåga och fred. Penningen skall uppbäras av kyrkoherdarna i deras församlingar och avlämnas till klostrets ombud vid domkyrkan. Utfärdarna ger alla som lämnar penningen 40 dagars avlat."
CCD794839,"Lars Olofsson i Börringe kvitterar 120 mark penningar, som Mathias Ingeborgsson uppburit för 6 öres och 2 örtugland i Danmarks socken. Utfärdaren beseglar."
CD97395F2,Abbedissan och konventen i Vadstena till confessor generalis (Ericus Johannis) angående hans långvariga frånvaro (i Danmark) från klostret samt åtskilliga klostrets angelägenheter; att han hos kung Erik måtte utverka suppliker till blivande påven och konciliet.
C3C187BB6,Underlagmannen i Uppland Johan Haraldsson dömer i en arvstvist mellan Nils i Börnö och Anders Bäske. Utfärdaren beseglar.
CF734BA17,Torsten Långe bortbyter till Magnus Ragvaldsson 2 öresland i Farneby (Vrena socken) för 8½ öresland i Skillinge (Stigtomta socken) och giver därpå fasta. 12 fastar uppräknas. Utfärdaren beseglar.
CBD201F39,"Kaniken i Uppsala Henric upprättar sitt testamente. Till ärkebiskop Hemming skänker han sin svarta häst, slädhäst med en förgylld hov kallad Klo, vidare till sin morkyrka Uppsala domkyrka 12½ örtugland i Finsta i Vänge socken med hus, som han låtit uppföra vid ån, och sitt hus i Uppsala, där han väljer sin gravplats och begär att årligen hållas en sång i koret för sin själ. Vidare skänker han till ärkedjäknen 2 förgyllda hovar, 1 fint täcke och 1 silke, till dekanen sin båt Skute med segel och tillhörande utrustning samt 2 par skor, till kaniken Lars 1 stort horn, till dekanen 1 björnskinn med vagn, till kaniken Nils 2 förgyllda hovar, till kaniken Johan Karlsson 2 tallrikar som kan ställas in i varandra, 1 par skor, till kaniken Olof Fastesson 1 tyg, till kaniken Bengt 2 förgyllda hovar, till kaniken Kettilbjörn sin vandringsgris, till kaniken Johan i Skepptuna 1 skrin, till kaniken Peter i Vallum 1 rakhyvel, till kaniken Johan, prost i Forssa, 1 elfenbenstav med 1 fin väska, till magister Ulf Håkansson 1 vandringsgris, till kaniken Erik Skolastikus 1 par tinflaskor, till kaniken Magnus av Baldingsta 1 björnskinn med sin vagn och sitt segel, till kaniken Olof från Hospitalet Enköping 1 väska från Paris med kniv, till kaniken Jakob från Västland"
C4313B280,"Väpnaren Alexander Jensson i Tyringe säljer till kantorn Benechinus på Lunds domkyrkas byggnadskassa allt sitt gods i Fästerstad i Östra Tommarps socken. Utfärdaren samt Magnus Petri, priorinna i Lunds nunnekloster, Strangonis Johannes och Ulf Åkesson i Harthakra lithlæ beseglar."
C6BCAB93B,"Anders Rangvaldsson giver sin hustru Kristina Birgersdotter ½ attung och 1/3 attung i Kalstad samt 1/4 attung i Husberg i morgongåva, med villkor att om hon dör före honom, gården skall tillfalla honom, men om han dör före henne, skall hon med sina barn behålla den. Vittnen är herr Sune i Åby, herr Tord i Rövarkyrka och Valdemar Magnusson. Utfärdaren samt Sune i Åby, Tord i Rövarkyrka och Valdemar Magnusson beseglar."
C2DBF4615,"Riddarna Bo Djure, Staffan Ulfsson och Nils Sture kungör att de med sina hustrur Sigrid och Birgitta Carlsson givit och testamenterat till Sko kloster den jord i Rävsta som deras far Karl Bonde testamenterat till Sko kloster. Cecilia, Bo Djures mor, beseglar. Staffan Ulfsson och Nils Sture beseglar."
C5FB3894F,"Borgmästare och råd i Jönköping kungör att Mickel Landrat lagligen köpt den tomt, som han uppförde på, av alla de åtta som ägde den, nämligen byamännen där, kyrkan, Jösse Svensson och Brude Petersson, och att de alla godkänt köpet. Tomten är 180 alnar lång och 85 alnar bred. Staden beseglar."
C906752B6,"Guttorm Tuvesson säljer till Halstan Petersson sin gård i Östra Åsa, som han för 80 mark penningar köpt av den välborne Tord Bengtsson. Sven Fadersson, Nils Abjörnsson samt utfärdaren beseglar."
CAC19837A,"Riddaren Johan Hemmingsson och hans hustru Ingeborg Anunddotter överlåter till biskop Sigge i Skara gården Odensåker i Odensåkers sn med underlydande för 350 mark penningar, som de förut köpt av honom, i utbyte mot Ringvidshult i Forshems sn. Biskop Sigge och Skara domkyrka beseglar."
C84A99DF8,"Cecilia Ragvalddotter upprättar sitt testamente. Hon skänker 1 mark penningar till Uppsala domkyrka, 6 mark penningar till predikarbröderna i Sigtuna, hos vilka hon väljer sin gravplats, 1 mark penningar till mindrebröderna i Uppsala, 1 mark penningar till klarissorna i Stockholm, 2 mark penningar till Funbo och Othinshärgs kyrkor, 1/2 mark penningar till Enköpings hospital, 2 mark penningar till Närtuna kyrka. Hon vill att de penningar som hon skänker skall betalas av hennes arvingar inom ett år efter hennes död. Om de inte betalas inom detta årstid, skall 5 örtugland i Vikby användas för att betala testamentet. Vittnen är predikarbröderna i Sigtuna, broder Bo och broder Karl. Hennes svärson Meginhard, hennes dotter Holmfrid och prosten Peter från Näs beseglar. Utvalde biskopen i Uppsala Johannes och kapitlet därstädes samt predikarbröderna i Sigtuna beseglar."
C05CBEC57,"Gregorius Magnusson upplåter till S:ta Klara kloster i Stockholm ett stycke mark, som han erhållit av klostret, och som ligger väster om Peter Smides och hans hustru Gudvis gård, samt ett stycke mark vid en bro över en å, där hans skepp skall ligga. Utfärdaren beseglar."
C5E438941,"Gregers Magnusson säljer 14 öresland i Myssinge, Fittja socken, till Uppsala domkyrka för 336 mark penningar. Utfärdaren beseglar."
CBFC33F8E,"Greger Magnusson säljer till ärkebiskopen i Uppsala, som är föreståndare för Uppsala domkyrka, en tomt vid Uppsala slott, som han köpt av Olof Tyrp, och överlåter därvid äganderätten till tomten och de hus som han låtit uppföra där. Utfärdaren ber staden Uppsala att besegla. Utfärdaren beseglar."
CD218DFB0,Gregorius Magnusson säljer till domprosten Björn i Uppsala ½ öresland i Mörga i Alsike socken. Utfärdaren beseglar.
CD6730C66,"Gregers Magnusson säljer till Sko kloster 4 örtugland i Berga, Skoklosters socken, och ett skogstycke, Gissleteg, med alla tillägor. Han förbehåller sig dock rätten att fälla och forsla med 2 vagnar så mycket ved som behövs för hans gård Busaberg. Ärkebiskop Olof i Uppsala, Knut Magnusson, Nils Abjörnsson, Stefan Röriksson, Finvid Nilsson samt utfärdaren beseglar."
CF081DCED,"Gregorius Magnusson bortbyter ½ markland i Mysslinge, Fittja socken, till domprosten Björn i Uppsala. Utfärdaren beseglar."
C206636C7,Birger Ulfsson och Peter Arnstensson dömer Birger Toresson till att återgiva den jord i Bäckaby (i Nye socken) som Olof Vag ägde och som Birgers syster hade. Detta skall ske inom sex veckor efter att brevet lästs upp och att hela landgäldsskulden på 40 mark erlagts till kungens dombrut och sex mans dombrut. Utfärdarna beseglar.
C2EFE09C7,"Ingerun, änka efter Johannes Faber i Vaskersvik, överlåter till Klara systrar i Stockholm ½ örtugland i Vaskersvik med alla tillägor. Utfärdaren samt Bengt, hennes kyrkoherde, och Olov i Unnaryd beseglar."
C79744FBA,"Bengt, kyrkoherde i Eds socken, och Björn Sopper, häradshövding på Magnus Porse:s vägnar i Tjust, intygar att Jöns Djäken till Elin på Helgö (i Eds socken) betalat 64 mark svenska penningar av den skuld på 80 mark som Jöns var henne skyldig. De intygar vidare att Elin kvitterat Jöns och hans arvingar för de nämnda penningarna, vilka hon erkänt sig ha uppburit i rätta penningar, och att hon därmed fullständigt befriat Jöns och hans arvingar från skulden. Utfärdarna beseglar."
C3AD668C1,"Hildegard Källarsdotter skänker till Vårfruklostret i Vadstena sin gård Torpkulla i Gistads socken i Skärkinds härad. Hon ger även klostret fullmakt att överlåta denna gård till Vadstena kloster, vilket hon redan under sin livstid har fått i förläning. Vidare skänker hon till klostret en gård i Bankesta i Tåby socken, som hon har i förläning. Hon förbjuder sina arvingar att hindra dessa gåvor. Hennes systrar Kristin Källarsdotter, Kristin Staffansdotter, Katarina Källarsdotter, Kristin Ulfsdotter, Kristin Varnickesdotter och hennes son herr Peter Svensson samt hennes make Ingevaldsson beseglar."
CF780B2F1,"Domdekanen Jakob Esbjörnsson i Lund kungör att han till S:t Lars kyrka i Lund skänker sina gårdar i S:t Nicolai socken i Lund, varav den ena är en stenbyggnad, som han köpt av fru Ingeborg Mattsdotter, och den andra, som är sammanbyggd med den första och är den yttersta, som han köpt av Olof Nilsson, Ingeborgs son. Han överlåter dem till Skånes lagman i Lund, som skall förvalta dem på villkor att han får dem tillbaka, om han inte blir munk, och att de efter hans död under ett år skall förvaltas av hans testamentsexekutorer och därefter av en av Lunds domkyrkas kaniker, som skall bo där och årligen på hans dödsdag ge 3 mark penningar i Skånes mynt till kyrkans kaniker, som deltagit i mässan och vigi­lian, till fattiga studenter och lekmän, till klockaren och offerhållaren i S:t Nicolai kyrka, till S:t Nicolai kyrkas vikarier och till Lunds domkyrkas körvikarier. Utfärdaren beseglar tillsammans med Jöns, prost i Falsterbo, i Odense domkyrka, Johannes Bengtsson, kallad Kannæ, Peter Helgesson, Mikael, präst och lundakaniks ombud, Mikael,"
CB346EAE2,"Johannes Schulow och Gherlacus Badyseren lovar att hålla Stralsunds råd skadeslösa beträffande de gods som med Stralsunds öppna brev skall utkrävas av Herman, Gerhard Klokows tjänare, i Driburg. Utfärdarna beseglar."
C65C355DD,"Riddaren Johan Hjärne kungör att han till Knut Johansson, sin systers sons, och Arent Stubbe, sin måg, överlåtit allt det gods i Närke, som kallas Torp i Närkebo sn, med alla tillägor, som därav tillhört honom, samt tre gårdar i Njudung, nämligen Sävika, Hånvik och Bodhult, för att de skall ge klostret Nydala underhåll, på samma villkor som hans mor fru Kristina och hans far herr Jöns Hjärne givit klostret Nydala. Utfärdaren avhänder sig och sina arvingar all rätt till ovannämnda gods, så att det tillhör de personer, som Knut Johansson och Arent Stubbe överlåtit det till, och han lovar att inte hindra dem i något avseende. Utfärdaren beseglar tillsammans med biskop Eskil i Växjö och Bengt Tomasson."
CE9E3C040,"Björn Nilsson av Vinegarö säljer till Bo Jonsson, östgöta lagman, 2 markland i Viby och 1 markland i Tånge i Röds socken i Bro härad. Utfärdaren beseglar."
C504E75A6,"Kyrkoherden Michael i Knivsta testamenterar till Sko kloster, där han väljer sin grav, 20 mark penningar och ½ öresland i Kysinge i Skånela socken. Till abbedissan Vendilgerd därstädes ger han en häst. Utfärdaren samt Johannes, en av Sko klosters präster, beseglar."
CC91ECA90,"Ingeborg Petersdotter erkänner sig ha uppburit 100 mark svenska penningar av Vadstena kloster för sin gård Balingsäter i Törnevalla socken i Gudhems härad i Västergötland och förbinder sig att under sin livstid mottaga bröd och kläder därifrån. Otte, borgmästare i Vadstena, och Simon Jonsson, byfogde därstädes, beseglar."
CD9228894,Ingeborg Petersdotter säljer till Vadstena kloster sin gård Baletorp i Torbjörntorps sn i Gudhems hd i Västergötland.
CD1F1193D,"Ingevald i Klintum, häradshövding i Selångers och Gävleborgs hundare, utfärdar fastebrev på jord i Lund i Bjäkna sn, som Thjälve i Lång Tibble sålt till domkyrkan i Västerås."
CBE140B01,"Preceptorn Masinus de Jugulo i Parma, johannitordens ombud, kungör att han till förmån för Heliga Landet skänkt 843 mark penningar, varav 200 mark till domkapitlet i Linköping och 643 mark till domprosten, dekanen och övriga präster därstädes."
CD8C70D59,"Greger Styrbjörnsson säljer till kyrkoherden Thomas i Tierp 2 öresland i Öja i Tierps socken, som han hade fått av sin bror Johannes i utbyte mot den jord, som han hade köpt och kallades aflingajord. Utfärdaren samt Johannes, Thomas, Greger Styrbjörnssons far, Bengt Sigurdsson beseglar."
CC3854B97,"Holvastyr i Stutsta skiftar med Birger Nilsson jord i Tåsta på Över-Gerum i utbyte mot jord i Fälsta och Älvarsta i Botkyrka socken. Utfärdaren samt herr Jakob, Erik Magnusson beseglar."
C3942F40E,Jakob Velgast och Hinrik Stafhelt lovar att hålla rådet i Sund (Köpenhamn) skadeslösa i fråga om alla arvedelar som genom Herman Schönings död vid Valsterboda (i Skåne) skall tillfalla rådet. Utfärdarna beseglar.
CE5324681,"Birgitta, änka efter herr Sigmund Erengislesson, kvitterar lagman Lars Ulfsson för 65 mark penningar, varmed denne betalat ett av framlidne kaniken Ulf Holmgersson upptaget lån. Utfärdaren beseglar."
CE8D8858A,"Groa Torleivsdotter testamenterar till Mariakyrkan i Dragsmark (i Lunds stift) sin själ och sitt lik, samt jord i Bäcka i Lings socken (i Lunds stift) och i Skällvåg i Fyråsbacken, och ger därjämte Dragsmarks abbot och bröderna därstädes i uppdrag att årligen hålla åtta mässor för hennes själ, med sång och salutor, och att under dessa mässor föda tio fattiga män och bränna två kor över hennes grav. Hon vill även att 12 öresbol skall falla till hennes arvingar, om inte allt i hennes testamente hålls. Sune Eysteinsson och Halvard Björnsson, korsbröder i Oslo, beseglar tillsammans med utfärdaren."
C42F8F9A7,"Nils Ingemundsson och hans hustru Ragnfrid kungör att de till Vårfruberga kloster skänkt en gård i Flustretum (i Kärnbo socken) med alla tillägor för sin avlidne far Tofons själ. Utfärdarna samt Lars Ulfsson, hans hustru Ramborg och Nils Kristinasson beseglar."
C5796B0BF,"Tyska ordens högmästare br Wernher von Tettingen utfärdar ett fullmaktsbrev till sändebud, vilka skall förordnas att deltaga i mötet vid Öresund."
C8A5A9A27,"Margareta Nilsdotter, änka efter Ingevald Karlsson, säljer till riddaren Åke Ingevastsson i Borgåsa en gård i Byarga, där Olof Lale bor, med 1/2 bol, åkrar, ängar, betesmarker, fiskevatten, våta och torra, lös och fast egendom och alla andra tillägor, för 50 mark nya skånska penningar. Utfärdaren samt David Andersson, Johan Petersson, riddare, Åke Axelson, slottshövitsman i Ystad, Matheus Costentenson, Lars Mus och Jakob Axelson beseglar."
CCF62083B,"Girvar i Baldstad (i Skee socken) och hans hustru Ingeborg, hans syster Gerdh och Margareta ger till Riseberga kloster alla de hus och byggnader som står på klostrets jord i Baldstad. Utfärdarna avhänder sig och sina arvingar dessa hus och överlåter dem till klostret som evig egendom. Kyrkoherden Nils Brun i Kombla beseglar."
CBD8E3E00,"Vilhelm Jönsson i Karstorp utfärdar skuldebrev på 3 mark silver till svärsonen Peter Paulsson i Bråthorp. Om han inte betalar skulden vid nästkommande rättarting före Johannes döparens födelsedag, skall han pantsätta sina gods i Tummetorp till Peter Paulsson. Om Vilhelm Jönsson återfår sina gods, skall Peter Paulsson få avkastningen av dem men inte räkna in den i skulden. Utfärdaren beseglar."
C0D087798,"Lars Haggabrodd, borgare i Linköping, upprättar sitt testamente. Han skänker sin gård i Linköping till en prebenda till jungfru Margareta i Linköpings domkyrka, där han väljer sin gravplats, med villkor att varje månad två mässor av prebendatens innehavare skall hållas för hans själagagn. Till sin biktfader Nicolaus ger han 2 mark penningar, till bröderna därstädes 1 mark penningar, till Jærund i Rösäter 2 av sina röda och vita tunikor med toga, kapuce och kalsonger, till Jærund i Fröstentorps 1 fulk med kudde, till Gunna, Ödgers hustru, i Bessätter 1 fulk med kudde och toral, till Lars i Blektorp 1 av sina djupdräkter kallade tröjor, till bröderna Harok och Erik 1 mark penningar var, till Anund, sin släkting, sitt svärd, sin sköld och sitt ländänär, till Johannes i Skälf 1 av sina cellor med bränsle, till Ulf, sin släkting, 1 kudde och en kåsa, till Harok, sin tjänare, 1 grått kläde, till Helena, sin släkting, 1 fulk, till sin hustru Cecilia 1 ko, 1 säng med tillbehör, 1 gardin, 1 bord, 1 kudde, 1 täcke, alla sina kärl till brödbak, 1 brödbänk, 1 liten kvarn, 1 kista, 8 ½ spann spannmål, 1 bord, 1 kudde, 1 täcke, 1 k"
C906759FE,"Nils i Igelsta erkänner sig ha upplåtit och till fasta givit 2 kvarnar i Gylinsfors i Skultuna socken till ärfteliga arvingar efter Herman Gimpelman, borgare i Västerås, på uppdrag av riddaren Karl Näskonungsson. Vittnen var herr Lars i Skultuna, herr Esbjörn, kyrkoherde i S:t Nicolai i Västerås, Magnus Petersson i Frövi, Johannes i Järle, Olof därstädes, Sigmund i Skultuna, Anders i Åksta, Magnus i Julbo, Peter i Lägge i Solberga, Fastolf i Gylinsfors och Jakob därstädes. Utfärdaren samt herr Esbjörn,"
C03DEAE58,Drottning Blanka intygar att hon sett och läst kung Eriks brev av den 24/8 1311 om försäljningen av dess gård Ön i Dalarna till biskop Israel i Västerås. Utfärdaren beseglar.
C7E75FDDA,"Jöns Andersson, landdomhavare i Skåne, Jacob Skarloth, riddare, Tord Hase, Jon Svensson, Klaus Rynæbröth, väpnare, Knut, prior i Dalby, Bengt, prior i Nunnklostret i Lund, intygar att Anders Martinsson, riddare, och hans son Jöns Andersson, kallad Grim, samt Nils Svensson i Ällinge, till evärdelig ägo uppburit av Anders och Jöns Grim och överlåtit till Nils Svensson och dennes arvingar Tostarp i Harjagers hd med ny fasta i Harjagers Magle och en gård i samma by, kallad Boosgård, och en halv gård i samma by, där nu Nils Tuvesson bor, och tre gårdar i samma by, varav tre gårdars landgille givits till kyrkan i samma by, och en gård i Skärf, en i Hermanstorp och en i Herrslöv. Utfärdarna samt flera andra goda män, som var närvarande vid tinget, intygar detta. Utfärdarna beseglar."
C74FE5C2A,"Riddaren Ulf Gudmarsson, lagman i Närke, säljer till Bengt Jordansson och dennes arvingar alla sina gods i Hofgärde på Visingsö, med undantag av ett kvarnplats, för 100 mark penningar. Utfärdaren samt hans bror Magnus, Göstav Tunesson, lagman i Värmland, och Israel Birgersson, lagman i Västergötland, beseglar."
CDAB7FBD4,"Johan Folkesson på Fanö pantsätter till Hennike Lange, borgare i Stockholm, 20 öresland i Vinegar och 12 öresland i Viby i S:t Olofs socken i Sigtuna, för 500 mark penningar, med villkor att om hälften av skulden inte är betald vid midsommar skall hälften av nämnda gods tillfalla Hennike Lange, och om inte hela skulden är betald vid midsommar nästkommande år skall resten av godset tillfalla honom. Utfärdaren samt Nils Abjörnsson, Ulf Abjörnsson och Anund Röriksson beseglar."
C22AF1F2D,"Djäknen Sune kungör för Alvastra kloster att Rangvald Tosteson och hans hustru, som testamenterat 3/8 i Hovstad till klostret, nu överlåtit hela gården och ängarna där till klostret, mot årlig avgift av en av dem som brukar jorden. Utfärdaren beseglar."
CF5F3BDB4,"Kanikerna Lars i Västerås, Tyrgils i Husaby, Peter i Floda, Lars i Boberg, Vemund i Växjö och Linköping samt Lars i Västerås, Linköping och Växjö, vilka är utsedda att med kung Magnus av Sverige, Norge och Skåne kungörda lagar och rättigheter för Sveriges kyrka och prästerskap jämte andra rättigheter och privilegier, som givits åt kyrkan och prästerskapet i Sverige, förena och sammanjämka, protesterar inför kungens lagman Ulf Abjörnsson, lagmännen i Tiohärad Algot Bengtsson och Tjyrger i Värend, att de inte kan eller får avstå från sina rättigheter och privilegier, vilka de har tilldelats av påven, kungen och andra, och"
CEE1D6399,"Elin Arviddotter, änka efter Magnus Sture, och Bengt Sture uppgör med Margareta Eriksdotter, änka efter Karl Sture, om morgongåva, som Karl Sture givit henne. De överlåter 18 markland i Tolgsjö sn i Norrvidinge hd i Värend. Bengt Sture och Margareta Eriksdotter skall vardera behålla hälften av en skäppa i Bosgård i Tolgsjö sn. Bengt Sture skall överlåta 12 öresland i Siogård i Ödetofta, Stenkulla och Snogeröd i Tolgsjö sn. Elin Arviddotter skall överlåta 12 ö"
CBD7B0C2B,"Priorinnan Katarina och konventet i S:t Martins dominikankloster i Skänninge erkänner sig ha uppburit 20 mark penningar av fru Ingrid Gustavsdotter, vilka hon genom sitt testamente skänkt till klostret."
CD4B35B70,"Underhäradsdomhavanden i Jönåkers hd, riddaren Nils Bosson, utfärdar fastebrev rörande ett jordaskifte, varvid Lars Filipsson i Goffelunda upplät till Martin i Berga och hans systrar Katarina och Elin jord i Berga i Stigtomta sn i utbyte mot jord i Goffelunda."
CB0414B52,"Dekanen i Avignon, Johannes de Siluis, som är utsedd av påven Gregorius XI att döma i en process, som kyrkan i Uppsala väckt mot ärkebiskopen i Lund, meddelar att han mottagit påvens bulla DS nr 8703, vari ärkebiskopen i Lund tilldöms att återlämna till kyrkan i Uppsala de egendomar, som han tillskansat sig, och att han skall återinsätta ärkedjäknen i Uppsala, som han avsatt. Se vidare DS nr 8703."
CEBE54AEC,"Rådet i Reval erkänner att Revalborgaren Johannes Harnegge mottagit 300 mark penningar av Revalborgaren Venemar Berkhof med anledning av en arvskifte mellan Venemar Berkhof och Johannes Harnegge som Margareta Volmstene, Alheydis Berkhofs dotter och Alheydis Volmstene, Johannes Harnegges hustru, hade gjort. Johannes Harnegge avstår på Margareta Volmstensens vägnar från två gårdar, två bodar, kläde och kött i Falsterboda samt från alla gods och andra tillhörigheter som tillhörde Henrik Volmstene och hans dotter Alheydis. Venemar Berkhof och alla som kan vara intresserade av arvskiftet befrias från alla anspråk på framtiden. Utfärdaren noterar."
CFDF70A2E,"Riddaren Bengt Pik skiftar med sin son Per Tuveson gods, som denne ärvt efter sin far Tue Persson. Utfärdaren behåller i sin del gods i Boogsruth och Bräcke, medan sonen får gods i Vällinge, Bögetofta, Bensege, Oppetuna, Långeberg, Rytharna, Trollebo, Sönnerbo, Tingvalla, Örmölla, Tingvalla, Överby, Kågeröd, Ålrum, Djurö"
C1B2592DB,"Borgmästare och råd i Kalmar tillskriver borgmästare och råd i Lübeck och meddelar att Lubbert Sture, som var Kalmarborgares ombud i Lübeck, erkänt att han erhållit full ersättning av Tideman Herke, Lübeckborgares ombud i Kalmar, för de 40 mark lybska penningar, som Lübeckborgaren Tideman Westhof årligen erhållit i hyra för sitt hus i Lübeck och som nu återbetalats. Lübeckborgaren Tideman Herke har i Lübeck uppgivit att Lübeckborgaren Tideman Westhof årligen erhållit 2 mark lybska penningar i hyra för sitt hus i Lübeck. Lübeckborgaren Tideman Westhof har i Lübeck uppgivit att Lübeckborgaren Tideman Herke"
C835D8DEC,"Borgmästare och råd i Sendenhorst i Münsterstiftet anhåller hos borgmästare och råd i Lübeck att de måtte återställa till Herman Hardenacke, som var Lübeck-borgarens Dethleff Clinckroths ombud, de 9 mark lübska, som Lübeck-borgaren Herman Hardenacke tillskansat sig av Dethleff Clinckroths förvaltning. Utfärdarna beseglar."
C19105ABC,Riddaren Ake Larsson skänker till Alvastra kloster en gård i Skönberga i Rödja i Kvisslebo sn.
CDE39D94E,"Karl Lange och hans hustru Sedsstridh, Matts Gjurdssons dotter, säljer till Vårfruklostret i Vadstena sin egendom i Tvet i Tvetas sn, Åsbo hd, Östergötland, för 60 mark svenska penningar. Om egendomen skulle återgå till dem eller deras arvingar, skall de återgiva den till klostret. Klostret skall ha full rätt att fastfara egendomen enligt Sveriges lag. Utfärdarna beseglar tillsammans med herr Karl Magnusson, riddare, och Jöns Styrbjörnsson."
C5E17F31C,"Peter Tång, häradshövding i Östbo, Håkan, prost därstädes, Thyrir, kyrkoherde i Fröaryd, Brudo, kyrkoherde i Kärda, Knut Svensson, Thyrir Karlsson och flera andra invånare i Östbo intygar att Gisle Birgersson, hans svärsonar Lars, Peter och Johannes samt hans systerdotter Saxe, Gisles arvingar, inför dem i Värnamo i rådstugan samtyckt till att Gisle Birgersson får sälja, byta eller på annat sätt förfara med sina gods i Myckleäng och Kränghult. Utfärdarna beseglar."
C6D98631A,"Ingeruns, änka efter Rangvald Botvidsson, kungör att hon till klostret S:ta Klara i Stockholm skänkt 4 örtugland i villa Gilbergum och 1 örtugland i Lilla Söderby i Närtuna socken. Utfärdaren beseglar tillsammans med Rangvald, kyrkoherde i Närtuna, och Joar Nässkunnesson."
C720A8D99,Arnulfus i Mörby säljer till biskop Anund i Strängnäs gården Västerlösa med alla tillägor för 100 mark penningar. Biskop H. i Linköping och lagmannen B. i Östergötland beseglar.
C22F76861,"Magnus Salveson erkänner att han med sin svärfader Johan Holmgersson gjort ett fullständigt byte av jord, varvid han för sina ägodelar i Svartarp med gård och alla tillägor mot sina ägodelar i Väräng. Utfärdaren beseglar."
C4A17DC60,"Magnus i Hulte och hans hustru Katarina Andersdotter säljer till Nils Holm (Nytholm) 3 öresland i Kylis (i Kullerstads socken) för 10 mark penningar. Utfärdaren samt Olof Sköldmakare och Henrik Krämare, borgare i Arboga, beseglar."
CFB28B61B,Ärkebiskop Lars i Uppsala ger syndaförlåtelse åt alla botgörare som besöker S:ta Maria kyrka i Sigtuna och där lyssnar till mässan vid S:ta korsets altare. Se vidare DS X 1000.
CFEB5B4C8,"Ärkebiskop Lars i Uppsala tillskriver invånarna i Hälsingland och Jämtland och befaller dem att ge allmosor till Uppsala domkyrkas återuppbyggnad. Utfärdarna är biskoparna i Skara, Strängnäs, Västerås, Växjö, Århus och Växjö. Innocentius IV, Lars i Skara, Finvid i Strängnäs, Erik i Skara, Karl i Västerås, Kettil i Åbo, Asker i Växjö, Forchundus i Växjö, Magnus i Västerås, Kol i Strängnäs och Fader i Växjö."
C390CAC8E,Biskop Peter i Västerås ger klostrets generalkonfessor i Vadstena rätt att i dödsstunden ge avlösning för alla synder åt de av hans stift som kommer till Vadstena för att be och för att få syndaförlåtelse.
C31546B30,"Gummund Gregersson och hans hustru Märta Håkansdotter skänker till Vadstena kloster med samtycke av sin bror Jöns Håkansson, kung i Linköping, sin gård Tyrkilsryd i Daretorps sn i Vartofta hd i Västergötland i utbyte mot två åkrar i Kafve sn i Hanekinds hd i Östergötland."
C7734B160,"Daniel Nicolai, skolast i Uppsala stift, son till en präst, ber påven Urban V om dispens, så att han trots sin illegitima börd kan promoveras till alla kyrkliga tjänster och inneha beneficier med eller utan själavård."
CD476D7F3,"Påven Urban V tillåter att prästen Jacobus Johannis, som lämnat sin orden och sitt kloster i Yverbroch i Strängnäs stift och kommit till kurian, avlöses från exkommunikation och andra straff, som han dragit över sig genom att utan tillstånd ha firat mässor och andra gudstjänster, och att han får dispens för den oregelbundenhet, som han dragit över sig genom att ha lämnat sin orden och sitt kloster."
CFA55C65C,"Penitentiarians) regens Galeotus, protonotarie i Oddis, beviljar skolflickan Laurentia Egidii från Skara stift, som är född av präst och ogift kvinna, dispens från illegitimitet."
C7CD449B0,Hertig Johan av Mecklenburg erkänner att han förbinder sig att hålla de förut uppräknade artiklarna med kung Erik och drottning Margareta och de nämnda städerna. Utfärdaren beseglar.
C0B52615D,"Katarina, änka efter herr Nils Björnsson, upprättar sitt testamente. Hon skänker till sin man Nils Björnsson en guldfjäder, ett guldring och ett silverfat kallat bordkar. Vidare skänker hon till nunneklostret i Riseberga, där hon väljer sin gravplats, sin gård Åver med tillägor och en del av herr Nils Björnssons trä, varav abbedissan skall låta göra en korsfästelse, i vilken nämnda del av herr Nils Björnssons trä skall vördsamt förvaras. Vidare skänker hon till Vårfruklostret i Varnhem sin halva gård Alm med hela fisket i Norrköpingsån. Vidare pantsätter hon sina gårdar Knypsta och Öjar för 400 mark penningar, varav 20 mark skall gå till uppsala domkyrkas byggnad, 20 mark till domkyrkan i Västerås, 20 mark till predikarbröderna i Strängnäs, 10 mark till predikarbröderna i Sigtuna, 10 mark till predikarbröderna i Stockholm, 20 mark till Riseberga nunnekloster för dess kyrkfönster vid Olavs altare och 10 mark till sin syster fru Cecilia. Vidare skänker hon till sin tjänarinna Cecilia 20 mark penningar och 80 mark penningar, som skall fördelas mellan de barn och tjänarinnor i hennes hushåll som länge tjänat henne. Vidare skänker hon till sin piga"
C9DAFDB32,"Riddaren Magnus Gislesson bortbyter till abbedissan och konventet i Riseberga 6 örtugland i Bosskulla och 8 örtugland i Dvärstada till beloppet av 14 örtugland, vilka han tidigare överlåtit till sin kammartjänare Lindvard Holmgersson. Utfärdaren beseglar."
C1BA8A539,"Sven Fadersson, häradshövding i Selångers hd, och Gurunda utfärdar fastebrev på jord i Tällinge i Bjärtrå sn, som Nils Tingesson köpt av herr Johannes, kanik i Västerås. Fastar är Magnus i Tibble, Håkan i Bjärtrå, Ingevald i Västerås, Nils Karlsson, Sven i Gällsta, Jakob i Söderby, Peter i Gåsta, Hemming i Söderby, Rangvid i Nybble, Bengt i Ingared, Peter Magnusson, Faste i Ridval. Utfärdarna beseglar."
C08EDC465,"Sigvid Bengtsson, Tord Potte, Johannes Djäken, Arnbjörn och Bengt från Bränna, Esekil från Kårfrö intygar att de på uppdrag av Johannes Djäken av Kinnarumma besiktat en skog i Seglorna, som var i tvist mellan domprosten Bengt i Skara och Redher och Arnbjörn i Gruddtorp. De hade låtit de närvarande Heelove från Gerderstorp, Markus, byfogde i Örb, Esbjörn Hvite passera genom skogen och hade noggrant undersökt gränserna och genom vittnesmål av trovärdiga äldre män insett att skogen tillhörde domprosten och inte Redher och Arnbjörn. De intygar detta inför Gud och är beredda att bekräfta det med ed om det behövs. Utfärdarna beseglar."
C754971D0,"Fast Lång pantsätter till Rangvald Erengislesson Kalberga (i Lödöse socken) med alla tillägor för 50 mark penningar, varvid 1 ko kostar 12 öre, 1 oxe 3 mark, 1 tunna smör 5 mark. Om inte godset löses inom 12 dagar före jul, skall det tillfalla Kalberga och Rangvald samt deras arvingar. Utfärdaren samt Peter Magnusson, Johannes Larsson och Herman Styvva beseglar."
CFDB8C070,"Riddaren Styrbjörn Torstensson kvitterar 10 mark penningar, som domprosten Björn i Uppsala betalat för 1 örtugland i Säva i Danmarks socken. Utfärdaren beseglar."
C59790FCE,"Sven i Repskede kungör att han till Nils Kettilsson upplåtit 7 ½ öresland jord i Björnö, 2 öresland i Vigelsö och ½ öresland i Gärdellösa. Utfärdaren beseglar."
CE7B47CA6,"Borgmästare och råd i Stockholm anhåller hos ärkebiskop Peter i Uppsala att denne måtte biträda Johannes Brakel, som inför rådet i Stockholm framställt anspråk på betalning av sin morbror, kyrkoherden i Husaby, Nils, och andra av denne skyldiga personer. Se vidare DS nr 7561."
CFC951D08,"Kaniken Magnus Algotsson i Skara skänker till Vårfrukyrkan i Skara och dess biskop, nuvarande biskopen Nils, sin gård Lekkyu (i Skälvums socken) med alla tillägor, och till S:t Egidii kyrka i Skara sin gård Sunderby (i Skälvums socken), som hans far Algot Magnusson förstört och bränt. Utfärdaren samt hans svärfar Magnus Sture och hans bror Håkan Algotsson beseglar."
C0F6B3EF8,"Toke Jonsson avträder till Nydala kloster alla sina gods i Skärslida (Skarpnäcks socken, Brännkyrka härad) med villkor att hans gård vid sjön i nämnda by avhändes till klostret för konventets behov, medan resten av godsen avhändes till klostret för dess behov och för hans och hans sons själagagn. Klostret skall förse sig med en prästvigd föreståndare, som skall förvalta godsen och avkastningen. Klostret skall årligen till Toke och hans son Johannes, som var kanik i Växjö, lämna 100 mark penningar. Klostret skall årligen till"
C4F77511A,"Toke Jonsson intygar att Harald Gunnesson inför abboten i Nydala, Sigmund Gudmundsson, Gyrth Nilsson och Peter Jonsson uppgivit att han för sina och sin hustrus egendomar i Vrigstads socken mot klostrets gods i Myhult, Gyttjahylt, Bondafors och Höhokhylt accepterat ett byte på 30 mark penningar. Vittnen var abboten i Nydala Magnus Gotthardsson"
C7374EBAB,"Tukke Jonsson testamenterar till Nydala kloster gårdarna i Gällaryd och Lövås med alla tillägor och kvarnen i Skåthem, med villkor att klostret årligen under 6 dagar, 2 i höst, 2 i advent och 2 i fastan, skall försörjas med avkastningen av dessa gods, och att alla präster i klostret, som inte är knutna till något annat ämbete, skall fira mässor för honom och hans son, samt att andra psalmister, som inte är präster, skall läsa psaltaren. Utfärdaren avstår från alla rättigheter, som han kan ha till egendomarna. Utfärdaren beseglar."
CB9BA95CF,Tuke Jonsson skänker till Nydala kloster sin gård Fadersta i Lofta socken (Södra Vedbo härad) mot en gård i Ljusåker i Karelen. Utfärdaren beseglar.
CEF459A59,"Tukke Jonsson testamenterar sin gård Skärslid i Hycklinge socken (Kinnevalds härad) till Nydala kloster, varvid han förbinder sig att årligen under sex dagar låta underhålla klostrets bröder och präster med avkastningen av nämnda gods. Utfärdaren samt hans bror Mathias, prost i Växjö, beseglar."
CF2302158,Tuke Jonsson säljer sin gård i Faderstad till Nydala kloster.
C6DEE180D,"Hithin Björn i Smetastad i Jönåkers härad säljer i öppet brev till Bo Jonsson, drots i Sverige, och dennes arvingar jord i Flätna, Skällsta och Smetastad i Lunda och S:t Nicolai socknar. Egendomarna säljs för 600 mark svenska penningar, som uppbärarna burit. Utfärdaren har på häradstinget vid Stigtomta kyrka på rätt dag efter Guds födelse 1381, torsdagen före S:t Martins dag, givit fasta på egendomarna. Tolv män var fasta. Utfärdaren beseglar."
C4F83C233,"Kung Valdemars son kung Valdemar kungör att han, då han satt på tronen i Lunds stad, som är Danmarks huvudstad, för att för framtiden trygga de gåvor och årliga avgifter som kungarna före honom skänkt till kyrkan, beslutat att bekräfta och stadfästa dem. Han kungör att kung Knut, vilkens reliker är en prydnad för Fyns kyrka och hela Danmarks rike, i nämnda stad inrättat ett kloster för Gud och den helige martyren Lars, skänkt gods och egendomar, stadfästat gåvorna med kunglig myndighet och av de årliga avgifterna i staden, som av gammal sedvänja för tomter skall utgå 27 mark, årligen skänkt 27 mark i morgongåva och brudgåva till nämnda kyrka, och på invigningsdagen inför många och vördnadsvärda vittnen, biskopar och präster av den tiden, stallmästare och många adelsmän av olika ålder och stånd, inför Gud för evigt stadfästat. Vidare att han för alla de gods som han skänkt till Gud och den helige martyren Lars tillåtit de därvarande bröderna att för evigt vara fria från all kunglig rättskipning, så att det skall vara föreståndarens och de övriga brödernas sak att avgöra alla tvister, med undantag av tre fall: om någon av bönderna blivit satt utanför fred, skall fred återvinnas hos kungen och föreståndaren och bröderna skall ta hans egendom; om någon undandrar sig nämnda bröders expeditioner, skall han gottgöra kungen; om de inte ger utlöpare, skall de inte ge utlöpare,"
C65A23933,"Kung Valdemars son Valdemar kungör att han med kungligt samtycke stadfäster alla de gods i Halland, som Esromsbröderna förvärvat genom gåva, köp eller byte av hans far, bror eller andra välvilliga män, och att han befriar deras landbor från alla kungliga pålagor."
C3F4EDF36,"Godske Bengtsson, knape, säljer till ärkebiskop Henrik i Uppsala sin gård Ådö i Ladö sn i Bro hd och 1 markland i Kleva i Bro sn i Bro hd."
C2E1DEA2F,Jöns Spekkin säljer till riddaren Nils Gädda gården Jelabro i Råby sn.
CCC0FB8F9,"Borgmästare, råd och hela menigheten i Stockholm sluter med kung Albrekt av Sverige och hertig Albrekt av Mecklenburg ett evigt vänskapsförbund med Torne Karlsson, som för sin fader Karl Torstenssons döds skull erhållit fullständig förlikning. Utfärdarna beseglar."
CE9D987C4,"Kyrkoherden Karl i Hultstad (Hultsjö) testamenterar sin gård i Hyllum (Hylte) till Skara domkyrkas biskopsbord och överlämnar testamentet till biskop Sigge i Skara. Hagbard från Hagaboda, Peter från Uppland och Thyrner Bänesson beseglar."
C195A1896,Kettil i Brumby bortbyter till Södermanlands lagman Lars Ulfsson 2 öresland i Vaggby mot 2 öresland i Uddevalla i Spelvik socken. Utfärdaren beseglar.
C5D5ED967,"Borgaren i Lübeck Johannes Berkhoft erkänner sig vara skyldig Johan Schiphorst, Henrik Luttekenborch och Henrik Crummesse 112 mark lybska penningar, för vilka han pantförskrivit en bod för pannskärare och en för slaktare i Valsterboden. Notarien magister Gerhardus Bremis och Johannes Berkhoft, dennes bror, har även ställts som borgenärer för dessa belopp. Detta pantförskrifter har nu genom köp övergått till Bertold van Northem. Johan Schiphorst och Henrik Luttekenborch, som är förmyndare för Henrik Crummesses barn, erkänner att Bertold van Northem fullgjort de 230 mark lybska penningar, som han var skyldig dem och deras förmyndarbarn. De frikänner honom därför från alla anspråk."
C1AEEE699,"Anund Jonsson, kungens domhavande, Bo Jonsson, drots i Sverige, Peter Djäken, underlagman i Södermanland, på herr Knut Karlssons vägnar, kungör att Ragvald Nilsson vid räfstetingen i Nyköping, som hölls den 11/8 1381, klagade hos Rönö härads allmoge att herr Erik Kettilsson inte hade betalat honom för de jordar som han upplåtit till Ragvald Nilsson i ett skifte, nämligen 5 öresland i Vadsbro, 5 öresland i Stensta och 1 öresland i Håkanstorp. Häradshövdingen Anders Mattsson, riddaren Nils Gädda, Guttorm i Rävlinge, Skärlingus (Ulfsson), Erik i Onsta, Lars i Snavsta, Johan i Uppeby, Hakvard i Åkerö, Nils i Ökna, Ulf i Sätra, Martin i Sörsta, Tomas i Kleva och Peter i Gälsunda vittnade att Ragvald Nilsson inte hade fått något vederlag av herr Erik Kettilsson för ovannämnda jordar. Utfärdarna beseglar."
C1AA62209,Peter i Himna och Öja Roarsdotter säljer till Askeby kloster jord i Gyngeby i Vårdnäs socken.
CEB240D7A,"Jösse Rösia och Ragnvald Jonsson erkänner att de efter förlikning med Peder Bonde, häradshövding i Husaby i Hoggebo socken, givit honom all den skuld de hade till hans förvaltning av det gods han uppbar efter Johan Bengtsson, så att han skall gottgöra dem efter eget omdöme, vilket han vill svara inför Gud för. De lovar att hålla förlikningen och förlikningsbrevet med Peder Bonde och hans arvingar. Herr Vicke van Vitzen, riddare, herr Johan Ummereise, riddare, Arent van Vitzen, Klaus van Dyke och Magnus Pedersson beseglar."
CD458E2B3,"Kardinalprästen Ludovicus, tit. S. Marcelli, penitentiarius, till biskop Ludvig i Milopotamos, som vid påvestolen vistas i kurian, om att denne skall förklara cisterciensmunken Olavus Magni, som av sin abbot blivit förvisad från Julita kloster, oskyldig till mord och inte irregulär, utan tillåten att tjänstgöra, på villkor att följande uppgifter stämmer: Olavus Magni, som var munk i Julita kloster, hade en gång blivit indragen i en tvist med en lekman vid namn Olavus, som var klostrets tjänare, och hade med våld försökt skilja de stridande åt. När han kom till platsen, fann han munken Petrus Birgeri liggande på marken och Olavus med vapen redo att anfalla honom. Olavus Magni, som ville förhindra att Petrus Birgeri dödades, slog Olavus med en käpp, men då en annan man vid namn Nicolaus kom för att skilja de stridande åt, träffade Olavus Magni denne med käppen och sårade honom. Olavus Magni, som inte var skyldig till något mord, men som ångrar sig djupt, och som vill tjäna i sitt kloster, har blivit anklagad av några enklingar och jurister för att ha dödat Olavus och för att ha blivit oregerlig. Olavus Magni ber nu påven att ge honom ett gott svar på detta. Penitentiarien Ludvig, tit. S. Marcelli, uppdrar åt biskopen i Milopotamos att förklara Olavus Magni oskyldig till mord och inte oregerlig"
C018108C7,"Henrik Andersson, kyrkopräst i Feringe, Sven Toresson, Peder Jönsson, Erik Johansson, väpnare, och Olof Djäken, borgare i Stockholm, intygar att Nils Olofsson, kallad Blymestare, skänkt till sin bror Peder Olofsson hälften av sitt stenhus i Stockholm och att han i sitt testamente förordnat att Peder Olofsson skulle fullfölja hans resa till Jerusalem, om han själv inte hann göra det. Utfärdarna beseglar."
C20704BE3,"Ingegerd, änka efter Albrekt, och hennes son Olof kungör att de på Lunds ting den 12/4 1325 till kaniken Jacobus Esberni i Lund sålt och överlåtit sina gårdar i S:t Nicolai sn och att de förbinder sig att garantera och försvara gårdarna för Jacobus Esberni mot alla och för alla. Om någon tvist uppstår rörande gårdarna, lovar de att hålla Jacobus Esberni skadeslös. Om några avgifter eller tjänster erlagts för gårdarna fram till den dagen, lovar de att betala dem och att helt och hållet kvitta Jacobus Esberni för dem. Utfärdarna beseglar tillsammans med Thiderik Mattesson."
C79D008FD,"Anbjörn Esping, kyrkopräst i Tole, Gunne Siggeson, Sven Toresson, Anders Skytte, Magnus Hake, väpnare, Eyvind Bwk, Orm Bwk, byamän i Kungabacka, kungör att de till herr Abraham Brodersson, riddare, upplåtit gård och gods, som tillhörde Sven Pedersson, kallad Krok, och att de uppburit arvet för herr Abrahams räkning. Utfärdarna beseglar."
C1204EC3E,Harald Haraldsson lovar att återställa allt han tillägnat sig i Hattersjön eller Brottsån till allmänt bruk i Västergötland inom en månad efter mickelsmäss. Utfärdaren samt Håkan Mattsson beseglar.
CF4C0F2F2,"Harald Haraldsson säljer till Inge Kettilbjörnsson för 160 mark penningar de gods i Åseda, som han för 80 mark penningar pantsatt till Karl Niklisson och hans hustru Cecilia, och som Inge åter pantsatt till honom. Utfärdaren samt Knut Magnusson, Nils Abjörnsson, Ulf Abjörnsson, Anund Sture, Karl Bengtsson samt utfärdarens släktingar Anund Sture och Karl Bengtsson beseglar."
CF242075D,"Riddarna Ture Bengtsson, Ivar Nilsson, Karl Magnusson och Gotskalk Bengtsson vidimerar kung Albrekts och Bo Jonssons öppna brev på Perman (se DS X 1000)."
C7BBB4501,"Hövitsmannen Karl Bunde i Raseborg till borgmästare och råd i Reval med begäran om fri lejd för sig och sina följeslagare till Reval, där han ämnar anställa en rättssak."
C3253DF7A,"Ingholf, borgare i Stockholm, bortbyter till systrarna i Klara kloster i Stockholm 2 örtugland i Björkeby i Järfälla socken mot 2 örtugland i Åby i Vårdnäs socken. Utfärdaren beseglar."
C45F90B20,"Kristman Andersson kungör att han till Vadstena kloster skänkt halva sitt fiske i Hyvel i Hemsjö sn, Collabergs hd, Västergötland."
C1D84559F,"Tyska ordensmästare Goswinus van Herike i Livland kungör att han på grund av dennes samtycke och råd till riddaren och den förnäme mannen herr Nils Abjörnsson, kungens riddare, och dennes arvingar överlåtit följande gods i Estland: gården Pirsen med kvarn, 24 örtugland, byn Kolio med 16 örtugland, byn Hämekke med 12 örtugland, byn Hankuere med 7 örtugland, byn Memmikke med 3 örtugland, byn Kodre med 1 örtugland, byn Pale med 6 örtugland, byn Sawenpælte med 1 örtugland. Detta har Johannes Slawestorp erkänt genom att med full rätt och giltigt köpbrev överlåtit till nämnde Nils Abjörnsson och dennes arvingar. Detta har han gjort med fullmakt av sin högmästare, vilken han är behörig att fullgöra. Utfärdaren beseglar."
C1F4441CE,"Riddaren Magnus Gislesson uppdrager åt Mathias i Vallum att uppgöra fasta på 4 örtugland i Försätra i Löts socken, som han tillskiftat Olof i Mickelsbo, Peter och Johan i Västby samt Lars Oblidsson. Utfärdaren beseglar."
C2494E88C,"Riddaren Magnus Gislesson kungör att han till sin bror Barnim Gislesson överlåtit Ranstad i Västergötland, Lundkvarn och Ginningsäter i utbyte mot 3 markland och 8 örtugland i Vederlöv i Tiarps socken och Aspenäs i Tiarps socken. Vidare överlåter han till Barnim Gislesson 2 markland jord i Tiarp i Hjälmsereds socken, 10 örtugland jord i Gunnebo i Tiarps socken, 2 markland jord i Öndabo i Tiarps socken, 13 öresland och 1 örtugland i Svennebo i Vadsbo härad, ½ markland jord i Risängen i Hare socken, 1 öresland och 5 penningland jord i Ullefors i Tiarps socken, en kvarnfors i Alvesta, 2 öresland och ½ örtugland i Gärdsås, 1 öresland jord i Gärdsås, Folehult, Dygroboda, Öfrevi, 1 öresland och 3 penningland i Forshems socken. Vidare överlåter han Torestorp i Västergötland och ett landbogöje i Vedberg i Vederlövs socken, vilka han erhållit av Nils Magnusson, i utbyte mot 12 öresland jord i Älvby i Vederlövs socken. Utfärdaren samt kung Magnus, riddarna Nils Abjörnsson, Gustav Arvidsson och Magnus Gregersson, lagman i Uppland, beseglar."
C3BCDAFCE,"Riddaren Magnus Gislesson bortbyter till Ulf Jakobsson sin jord i Skärplinge by med 1/4 öresland, åker, äng, skog, fiskevatten, kvarn, kvarnstensdamm, vråfall, fäland och humlegårdar, hus och allt han ägt och rådit, för 100 mark, utan att något av 1/4 öreslandet i Bolby by eller något han ägt och rådit därunder kan minskas. Utfärdaren och hans arvingar förbinder sig att gottgöra Ulf Jakobsson för allt han mist genom utfärdarens överlåtelse inom ett halvår därefter. Utfärdaren beseglar."
C58669691,"Riddaren Gisle Mattsson bortbyter till Riseberga kloster 6 örtugland i Boskulla och Dvärstad (i Kumla socken) mot 2 löpbol i Järpata och ½ löpbol i Sävestaka samt 1 löpbol i Västradegge. Biskop Knut Folkesson i Strängnäs, Lindevard Holmgersson, Gisles hustru Birgitta samt utfärdaren beseglar."
C73BB6E8A,"Riddaren Magnus Gislesson tillskiftar Olof Nilsson i Bro 2 ½ örtugland i Södreby i Nora socken i utbyte mot 4 örtugland, som han återlämnar till riddaren Torsten Styrbjörnsson. Utfärdaren beseglar."
C7EBDC536,"Rd Magnus Gislesson, som innehar ett årligt avradsgods i Uttersjö i Västmanland, uppmanar sin släkting Tyrkils Stång och herr Nils i Lofta, som nu innehar avradsgodset, att utfärda kvitto till Olof Djäken på det gods som de har innehaft sedan de tog det i besittning efter herr Knut Folkesons död. Utfärdaren beseglar tillsammans med herr Peter i Ede, herr Johan i Kråkvik, Birger Djäken och Tyrkils Stång."
C81A2698F,Riddaren Magnus Gislesson utfärdar häradshövdingen i Gestrike-land Olof i Bro fullmakt. Utfärdaren beseglar.
CA285A2C9,"Riddaren Magnus Gislesson skiftar med rätt till Olof Nilsson i Bro ½ örtugland i Karbäck, 14 penningland i Kofrestad i Färnebo socken, ½ öresland i Östansvret vid Nora kyrka och 1 öresland i Byvalen i Vala socken i utbyte mot ½ markland jord i Aspnäs. Utfärdaren beseglar."
CA2E63B46,"Riddaren Magnus Gislesson skiftar med S:ta Klara kloster i Stockholm jord i Frösunda i Solna socken mot jord i Gärdsta och Lötta i Danemora socken. Fastar och vittnen är Lars i Eneby, Matts i Hudsta, Ragvald i Frösunda, Ragvaldsson, Olof Jakobsson, Joar Ragvaldsson, Olof i Ensta, Peter i Tibble, Ragvald i Tibble, Ödger i Nässelby, Lars i Eneby, Peter i Eldesta. Utfärdaren samt klostrets präst beseglar."
CA3374C12,Riddaren Magnus Gislesson ger sin tjänare Sigge fullmakt att upplåta till herr Nils i Lofta och Harald i Säby sina egendomar i Svenssjö och Svinhult med fastar och skäl. Utfärdaren beseglar.
CB9A823D5,"Riddaren Gisle Magnusson säljer till Riseberga kloster två löpebol i Järpata och ½ löpebol i Sävesta samt ett löpebol i Vestragy, som han erhållit i byte av Riseberga abbedissa och konvent. Utfärdaren beseglar."
C771EABA5,"Underhäradshövdingen i Selångers och Gävleborgs hd Ingevald i Ljusne utfärdar fastebrev på jord i Dungenäs i Dunderlanda sn, som kaniken Peter i Munkedals kloster i Vårfrukyrkan i Gävle överlåtit till klostret, i utbyte mot jord i Orrby i Ytterhogdals sn, Stenby i Hälsingtuna sn, Bollsta i Tuna sn och Tebye i Kävsjö sn."
C1FB977D1,"Brudher Karlsson skiftar med Folke Gudmundsson sin gård i Besterna mot dennes gård i Broasko. Anders Knutsson, kyrkoherde i Slätthög, och häradshövdingen Arvid Åkesson beseglar."
C661988A9,Priorinnan Ermegard och konventet i S:t Martins kloster i Skänninge säljer till Gudhem kloster sin egendom i Judekälla i Dals härad i Roslövs sn.
C81129713,"Peter Folkesson skänker till Nydala kloster sin gård i Höltorp (Hultsjö socken, Västra härad) med alla tillägor. Utfärdaren samt Andreas, kyrkoherde i Höltorp, Magnus Odulfsson samt utfärdaren beseglar."
C415253A1,"Ärkebiskop Birger i Uppsala tilldömer sockenborna i Strängnäs stift att på nytt bygga eller reparera de hus som är förfallna, på den plats där kyrkoherden Petrus, som har församlingen i Strängnäs under sig, har sin gård, och att de skall söka biskopen Tyrgils i Strängnäs för att han skall vidtaga åtgärder mot dem om de inte lyder."
CDA49AEF7,"Kyrkoherden Nils i Rödön intygar att han tillsammans med Ingemar i Torestum, Ravalde i Siltum, Finnvid Magnusson, Karl i Tygele, Lars i Hässelby, Ragnvald Lång, Anders i Hellby, Håkan i Tingbolsta, Stefan i Horn, Johannes Olofsson och Lars i Fåbolm varit fastar vid ett jordbyte mellan riddaren Anund Finnvidsson och Olof Holmvastsson, varvid Anund till Olof överlät sin gård i Horn mot 1 örtugland i Torestum, ½ örtugland i Vallby, 30 spann spannmål, 3 lass hö, 1 avgift och 1 ko. Utfärdaren beseglar."
C120E234A,"Påven Urban V bifaller supplik av klerken Joseph Arneri från Skara stift, som önskar bli vigd till alla sakrament och tjänstgöra vid altaret, men hindras av att han har en liten defekt i vänster tumme, som han ådragit sig genom att en lekman bitit honom i tummen. Supplikanten ber påven att bevilja honom dispens."
C7DD380FA,Finlands lagman Jakob Magnusson intygar att Nils Ingevallsson på Trefaldighetsdagen 1442 inför många trovärdiga personer i Ulvsby överlåtit alla sina ägodelar i Espelund by till Botvid Ragvaldsson och dennes arvingar. Utfärdaren beseglar.
C20D7E3B7,"Ingeborg Nilsdotter och Ingrid Nilsdotter säljer till Magnus Svensson en halv attung jord i Valstad i Klockrike sn, Bobergs hd."
CB795E276,"Abbedissan Gerdeka och konventet i Vadstena kloster upplåter till Botilda, Hans Koffelds hustru, halva en åtting i Älvestad i Broby sn. Klostret skall årligen erhålla 1 mark penningar av gården. Botilda lovar att årligen låta bygga en lagom byggnad på gården. Klostrets sigill vidhänger."
CA4084A24,"Gerhard Rode, rådman i Rostock, kungör att han på kung Albrekts och hertigarnas Henriks och Magnuss av Mecklenburg närvaro sålt staden Goldene i Rostocks område till sina morbröder Johan och Ludvig Roden och Henrik Roden och deras arvingar för 1000 mark i Rostockmynt. Utfärdaren beseglar."
CA54CE602,"Lydeke i Vallösa, Lafwin i Hossunda, Halvast i Nora, Jöns i Torsåker, kyrkopräster, Peter Skytte, fogde i Gästrikland, Elof i Bro, jämtdomare beseglar."
C931FEF84,"Frölichinus och Gøtichinus, förmyndare för Örebro domkyrka, Hennike Ödleband och Lars Bengtsson, borgare därstädes, förbinder sig att återgiva biskop Sigmund i Strängnäs 42 mark penningar, som de tillskansat sig genom att inte tillskansa sig 10 örtugland i Tuskögle, vilka de inte kan hävda för Örebro domkyrkas räkning. Utfärdarna beseglar."
C441C0F0F,"Anders Davidson i Ötterslöv pantsätter till magister Thomas, kanik i Lund, Johannes och Daniel, söner till den framlidne borgaren i Lund Ubbo, för 70 mark rent och prövat silver, dels för 300 mark skånska penningar, för vilka hans far tidigare pantsatt två gårdar i Göderslöv till dem, dels för andra skulder, vilka han ådragit sig på sin fars vägnar, två gårdar i Göderslöv med alla tillägor. Om inte pengarna betalas inom utsatt tid skall gårdarna tillfalla sönerna Ubbo. Utfärdaren samt hans far Nils Håk, Johannes Kanne, riddare, Anders Stigoti, riddare, Johannes Kaa beseglar."
CD5931EFF,"Ärkebiskop Jöns i Uppsala, biskoparna Knut i Linköping, Brynolf i Skara, Peter i Västerås och Eskil i Växjö samt riddarna Ture Bänesson, Algut Magnusson, Ivar Nilsson, Ture Stensson, Kristiern Nilsson, Nils Bosson, Knut Odsson, Gotskalk Bänesson, Björn Stensson, Erik Uddmar, Nils Gustavsson, Lars Ulfsson, Nils Erengislesson och Sture Algotson samt svennen Magnus Eriksson utfärdar räfstetingsbrev. Utfärdarna är alla kung Eriks rådgivare och har uppmanat honom att hålla räfsteting och utfärda brev enligt de artiklar som han nu utfärdar. Utfärdarna lovar att rätta sig efter rikets lag och att vara behjälpliga för kungen med liv och gods enligt den ed de svurit honom. Utfärdarna beseglar."
C17313577,"Gustav Nilsson bortbyter till Halstan Petersson alla sina gods i Åsa, nämligen Lanafors, Långsryd, Stocksryd och Granhult, mot Halstans gods Ulvåsta, som består av 12 öresland. Utfärdaren samt Halstan Petersson beseglar."
CF646EFF8,"Gustav Nilsson giver till Sven Gädda och hans hustru Ingrid Gäddotter sina gårdar i Högsiöryd och Skärfsjöhult med alla tillägor. Om gårdarna inte uppgår till 100 mark penningar, lovar utfärdaren att ersätta bristen med 100 mark penningar, vilka han ger dem i hjälp. Om den ena av dem dör utan arvingar, skall den överlevande ärva gårdarna. Utfärdaren beseglar."
C6006B6E5,Abbedissan och konventen i Vadstena till ärkebiskopen i Nidaros (Jöns Håkansson) med bön om suppliker till påven och konciliet angående klostrets regel.
CB5321BE8,"Abbedissan och konventen i Vadstena till kung Henrik av England angående sändande av fyra nunnor, en prästbror och två flickor till det kloster som kungen låtit uppföra i England."
C0F367CFC,"Påvlige notarien Joarus Nicolai, präst i Linköpings stift, intygar att biskop Peter i Linköping, som var påvlig kommissarie för insamlande av påvliga kammarens avgifter av kanonikat och prebenda i Sverige och Norge, erkände sig ha mottagit 147 mark penningar och 2 örtugar med 4 penningar i penningar av kaniken i Uppsala Olof Fastesson, som var utsedd till exekutor i insamlingsärendet, för kanonikat och prebenda Adhlunda vid Uppsala domkyrka, vilka var reserverade för påvliga kammaren, och att han förklarade sig nöjd med denna betalning. Utfärdaren beseglar."
C109DD3FB,"Notarius publicus Joarus Nicolai intygar att kanikerna Henricus Ludouici och Olaus Fastonis i Uppsala, vilka var utsedda att insamla avkastningen av de beneficier, som blivit lediga vid ärkebiskopens residens på grund av dennes reservering, erkänt sig ha mottagit 39 mark och 4 öre penningar av kyrkoherden Tyrgils i Feringe i utbyte mot de avkastningar, som tillfallit påvestolen av Feringe kyrka. De har kvitterat och förklarat sig nöjda med denna betalning och avstått från alla ytterligare anspråk. Utfärdaren beseglar."
CD934A5D6,"Berer Erlandsson skänker till Nydala kloster sin gård i Fiskvidå (Fiskvidå i Nydala socken, Västra härad) för sin och sin hustrus själagagn. Knut i Hestra och Gjurd Godi beseglar."
CC93F087C,"Magnus Hansson, lagman, och Erik Birgersson, Per Martinsson, Torkel i Mo, Martin i Oppna, Lars Persson, Lars Gustavsson dömer i arvstvist mellan Torbjörn och Ingolf Guttormsson å ena sidan och Nils och Johan Ottosson å den andra om en arvslott i Nora efter Paul Guttormsson och hans hustru Margareta Ottosdotter. Utfärdaren beseglar."
C8D4D945B,"Bengta Dagsdotter i Djurbohag (i Västerfärnebo socken) bortbyter till Råda kloster sin gård i Stråtjära (i Västerfärnebo socken) mot en årlig avgift av 2 mark penningar, som skall utgå till Kristina Arnlevsdotter, hennes systerdotter, och till Jungfru Marias och Guds moder kult. Utfärdaren samt Algot Bengtsson, lagman i Västergötland, herr Sune i Syndersberg, Timmeke Nilsson, Sune Pung och Mangne Magnusson beseglar."
CA54AB2D4,"Albrekt Wardborg erkänner sig skyldig sin farbror Otto Wardborg 50 mark svenska penningar i rättvis och redlig skuld. Denna skuld skall Albrekt eller hans arvingar betala Otto eller hans arvingar senast på S:t Martins dag nästkommande år, utan dröjsmål. Om Albrekt inte betalar skulden inom den utsatta tiden skall han till Otto erlägga 10 mark i förskott, och om han inte längre håller inne med skulden när Otto så önskar skall Albrekt inte längre erlägga 1 mark i förskott för varje år. Utfärdaren beseglar."
C11C03D97,"Riddaren Sven Sture pantförskriver till Bengt Dansson sin gård Sävsta och kvarnen Röma i Björkviks sn, Rönö hd."
C5ABADD74,"Riddaren Sven Sture ger till Nydala kloster en gård i Långserum i Svennarums sn, som fru Ingrid, Folke Bryniolfssons hustru, skänkt till klostret. Sven Sture hade hittills hindrat klostret att få full äganderätt till gården, men nu ger han klostret full äganderätt till gården."
C6A8E3E42,"Riddaren Sven Sture pantförskriver till Bengt Dansson 32 1/2 öresland i Edshults by och 32 1/2 öresland i Edshults skog, som han fått av sin hustru, samt Kville kvarn i Krokstads sn, för 200 mark reda penningar i svenska mynt. Sven Sture lovar att återlösa godset när Bengt Dansson eller hans arvingar vill lösa det. Det som Sven Sture låter bygga eller kostar på godset skall inte räknas Bengt Dansson till skada eller som landboränta. Utfärdaren samt Nils Sture och Bengt Tomason beseglar."
C925A77C7,"Riddaren Sven Sture skänker till Nydala kloster i utbyte mot Redeby i Holsjöfors i Västra härad, som klostret innehaft i Eksjö i Vallsjö socken, Redeby i Holsjöfors i Västra härad. Utfärdaren samt Bo Stensson, Johan Hælghansson och Brodher Svensson beseglar."
CE4065F6F,"Elof Djäken intygar att Kristina Ormsdotter sålt 1 attung jord i Biskopsmåla i Motala socken till Vadstena kloster för 60 mark penningar och 2 alnar kläde. Fastar var Jon Betstabonde, Håkan i Alm, Ragvald i Myreby, Ingeld i Vindesta, Anund i Torp, Agmund i Varby, Sune i Vindesta, Magnus i Skarstad, Ragvald i samma by, Anund Kampe, Johan i Skarstad och Ture i samma by. Utfärdaren beseglar."
C94F41D40,"Biskop Robertus i S. Sabini, licentiat i teologi och Innocentius VII:s sekreterare och legat, intygar att han personligen i närvaro av påven Innocentius VII sett och hört den fromme munken Lucas, som var av professionen i S. Salvatoris och Birgittas orden i Vadstena, framföra till påven en bön om att påven måtte bekräfta de privilegier, nådebevis och avlat som tidigare påvar givit Birgittas orden och kloster, och att påven bifallit denna bön och bekräftat alla de friheter, exonerationer och immuniteter som tidigare påvar givit orden och klostret, och att han förklarat att Bonifatius IX:s generalrevocation inte på något sätt upphävt eller minskat dessa nådebevis, och att påven förklarat att ingen general- eller särskild revocation upphävt eller minskat nådebevisen, och att påven förklarat att Bonifatius IX inte haft någon sådan avsikt, eftersom det i nådebevisen inräknats att ingen revocation eller omnämnande av nådebevisen skulle upphäva eller minska dem. Biskop Robertus intygar vidare att han sett och hört påven förklara att han inte hade någon avsikt att upphäva nådebevisen, och att han förklarat att påven"
CBCAA279C,"Allan, som detta brev ser, hör eller läser, önskar att följande, som är Nicolaus Holningsson, Bengt Nilsson i Valla, evigt med Gud och gör med detta öppna brev vittnesgilla med att de med båda sina fria viljor och rådiga mod har efterlåtit och gjort ett jordskifte på sin gård med dessa ärliga män Johan Holgersson och Magnus Salveson, kallad Svartsson, med allt som där till hör, rörligt och orörligt, för en av deras gårdar benämnd Väräng och tjugo mark danska i evig ägo. För detta brevets ytterligare stadfästelse undertecknar utfärdaren tillsammans med ärlig man Joannes Öjarson. Utfärdaren och Joannes Öjarson beseglar."
CA2DFE53F,"Olof, prost i Angermanland, testamenterar till sin sockenkyrka i Herjeåberg 12 örtugland i Tolfpänninge i Hellby och 9 örtugland i Vällinge i samma socken. Utfärdaren beseglar."
C3BDE5412,"Johannes Öjarsson säljer till Lars Dansson ½ attung med 1/8 attung jord i Dvärstada för 30 mark penningar. Utfärdaren samt Johannes Puka, kyrkoherde i Skedevi, Daniel Knutsson och Hemming, kyrkoherde i Nykla, beseglar."
C9654982B,"Johan Öjarsson skänker till Nydala kloster sin gård i Hundsjöhult i Rogberga sn i utbyte mot den gård som klostret erhållit av Jönis Torstensson i samma by och socken. Herr Olof, Rogberga sn, Karl Lång, häradshövding, och Gjurd Räv beseglar."
CE7D0FFAA,"Johannes Öjarsson erkänner sig vara skyldig Lars Dansson 30 mark penningar, för vilka han pantförskrivit sitt gods Limhult i Kila socken. Om han inte betalar inom Mikaelidagen skall godset tillfalla Lars Dansson och dennes arvingar. Joar Ingolfsson, herr Johan Puke och Nils Stange beseglar."
C35261176,"Tyrgils Andersson bortbyter med sin svärson Holmger Ulfsson till förmån för den senare 2 torp och 2 kvarnar i Torssärga i utbyte mot Holmgers gods i Lönna och Kalfstad. Vittnen var Mathias Kettilmundsson, Sigmund Erengislesson, Tyrgils Djäken, Lars Ulfsson, Nils Vänundsson. Utfärdaren samt ovannämnda herrar beseglar."
CF0636795,"Johan Karlsson i Bornö ger sin hustru Greta morgongåva i Bornö, Näsby och Laduvik. Utfärdaren samt Karl i Telge, Olof Haraldsson, Karl Petersson och Olof Nilsson beseglar."
C18E72D41,"Anders Nilsson bortbyter till riddaren Nils Turesson jord i Björkö i Alsnö, Häringe i Västerhaninge och Östertorp i samma socken, för jord i Hammarsta i Össeby-Överby socken. Tolv fastar uppräknas. Utfärdaren beseglar tillsammans med tolv fastar."
CF9901BA9,"Magnus Enbiörnsson, häradshövding i Dalarna på Bo Jonssons vägnar, utfärdar vid ting i Torsång fastebrev på köp och byte, varvid Gorsvensson och hans hustru på Kopparberget till Kirstin i Aspeboda upplät 11 skeppd av koppar. Utfärdaren samt Hemming, kyrkoherde i Torsång, beseglar."
CD3685CC4,Ulf Holmgersson och hans hustru C. Haraldsdotter kungör att deras son Magnus Haraldsson köpt gården Fifloryd av dem för 108 mark penningar och att de ger honom gården i arv. Utfärdarna beseglar.
C4AC2BDF0,"Rd Sten Bengtsson och Bengt Nilsson i Valö, som i Finlands lagsaga var lagmansdomhavande, kungör att de vid räfsteting i Eneby i Tjurbo hd till Nikel Svensson, som hade pantförskjutit sin gård Edlaby till Nils Svensson, återlämnat Edlaby, som Nils Svensson hade pantsatt till sin mor."
C074D344B,"Rd Sten Bosson, kungens domhavande i Österland, och riddaren Klas Fleming, lagman därstädes, utfärdar räfstetingsdom, varigenom jord i Sontemala, på vilken Ante Noko gjort anspråk, tilldömes kyrkoherden Jöns i Nummisby, och jord i Nummisby, på vilken Paul i Sontemala gjort anspråk, tilldömes Claves Djäken."
C7B967EDD,"Riddaren Sten Bosson, kungens domhavande i Österland, och riddaren Klas Flemming, lagman därstädes, utfärdar räfstetingsdom, varigenom jord i Järvi i Lemo socken, som Nisse Andersson gjort anspråk på, tilldömes domkyrkan."
CBC0B6000,"Rd Sten Bosson, kungens domhavande i Österland, och riddaren Klas Fleming, lagman därstädes, utfärdar räfstetingsdom, varigenom jord i Heväsaari, på vilken Staffan av Heväsaari gjort anspråk, tilldömes domkyrkan i Åbo."
CDFC20DF2,"Riddaren Sten Bosson, kung Eriks domhavande i Österland, och riddaren Klas Fleming, lagman därstädes, utfärdar räfstetingsdom, varigenom Nisse Andersson tilldömes sin egendom i Jervi i Lemmo sn."
CEC6E7032,"Gertrud van Hocheler upprättar sitt testamente. Till sin svärfar Johan van Lune och hans hustru Margareta, som är hennes svägerska, ger hon alla sina lösegendomar och fastigheter, med undantag av en del av hennes hus i Travemünde, som hon har med Volmar Buxtehude. Efter hennes död skall Johan van Lune och hans hustru Margareta få behålla denna del av hennes hus, men hon förbehåller sig rätten att efter sin död förlåta Johan van Lune och hans hustru 60 mark lybska, som de skall ge till hennes exekutorer för hennes själagagn. Av dessa 60 mark skall 50 mark ges till hennes själagagn och 10 mark till Lipp Henken van Bachems barn. Vidare ger hon 6 mark lybska till sin systerdotter Belen, 5 mark lybska till sin systerdotter Hilda, 4 mark lybska till sin systerdotter Grete, 10 mark lybska till Johan Stenbruggen, som är hennes lärjunge, 2 mark lybska till Gobelinus Everhardi Besops son, 3 mark lybska till sin tjänarinna Grete Wichards, 2 mark lybska till Lutken Grete vid Helgeandshuset, 4 mark lybska till Hennekino Voghet, son till Nyehus, och hans farbror Andrea Voghet, son till Alheidis, som är hennes svägerska. Om någon av de personer som hon ger pengar till dör före henne, skall pengarna ges till hennes själagagn. Hennes exekutorer är Henrik van Rostock, Tideman Röver och Johan van Lune. Utfärdaren beseglar."
C13408E34,"Bröder Haraldsson skänker till Vårfruklostret i Vadstena med sina barns och arvingars samtycke 1/2 attung jord i Hovstad i Vadstena socken, 1/4 attung i Järlunda i Herrestads socken, 1/4 attung i Kyrketorp i Röddinge socken, 1/8 attung i Kristberga i Örberga socken, allt i Dals och Aska härader, samt"
C1103E7A0,"Kyrkoherden Tyko Ulfsson i Birkesta och Finvid Magnusson, häradshövding i Tybo härad, avdömer en tvist mellan Karl och hans söner Anders och Kettilbjörn angående Kettilbjörns kvarn på en ås vid Halsta i Birkesta socken. Kettilbjörn har uppfört kvarnen på en plats där Karl anser sig ha äganderätt, eftersom han där för sin torvtäkt använt ån. Efter långvariga gräl och processer har parterna och deras grannar i närvaro av utfärdarna och andra vittnen slutit förlikning, varvid Kettilbjörn och hans far Anders tilldelas den plats där kvarnen är uppförd. Utfärdarna samt Johannes i Häplinge, Rangvald i Hanvada, Karl i Berga, Johannes i Vallum, Ingevald i Kolsta, Ulf i Halsta, Olof i Almsta, Peter i Ramsta, Jakob i Lundby, Lars i Lundby, Peter i Berga, Martinus i Biuresta och flera andra vittnen beseglar."
CE873C6B5,"Mjölnaren Birger pantsätter till välborne man Nils i Stång (Stångby socken) en fjärdedels attung i sin gård, om han inte kan lösa panten inom två dagar efter lördagen efter kyndelsmäss. Utfärdaren samt herr Olof i Vikbolandet och Anund Margareta beseglar."
CE3417A69,"Bengt Lång kvitterar Jon Andersson för 2 mark och 30 öre, som denne betalat för en gård i Rännefjäll, som Håkan Torsson pantsatt till Bengt Lång på Jons vägnar."
C12C22D17,"Påven Innocentius VII stadfäster att alla medlemmar av Vårfruberga och Birgittaklostrens konvent, både män och kvinnor, skall bära en liten röd korsduk på klädedräkten, oavsett om de vistas inom eller utanför klostrets område. Detta gäller även för dem som av lagliga och hedervärda skäl tvingas vistas på annan plats. Klostrets överhuvuden och prelater skall förse dem med korsduken enligt ordens regel och sedvänja. Klostrets stadgar och sedvänjor, ordens stadgar och bekräftelser samt andra bestämmelser skall gälla."
C69283895,"Påven Innocentius VII tillåter biskop Brynolf i Skara att disponera den del av spannmålsdekreten, som i hans stift vanligen tillfaller bönderna, till förmån för de kaniker vid Skara domkyrka, som är närvarande vid gudstjänsterna och de kanoniska timmarna, och att öka deras dagliga underhåll."
C88949C48,"Påven Innocentius VII ger 100 dagars avlat åt alla botgörare, som besöker Vårfruberga klosterkyrka i Vingåkers socken och bidrar till dess underhåll. Se vidare DS nr 6902."
C1E1307FC,"Ärkebiskop Nicolaus i Lund kungör att han på eget och sitt kapitels vägnar till Tuke Bjäge överlåtit en gård i Ellestofte i Egby socken i Luggude härad, som tillhör Lunds domkyrkas byggnadsfond, mot två andra gårdar i Norra Vallåkra i samma härad, vilka Tuke Bjäge överlåtit till samma fond. Utfärdaren samt Lunds domkapitel beseglar."
C26923DA9,"Ärkebiskop Nicolaus i Lund kungör att riddaren Peter Magnusson av Uvanløse den 27/12 1366 inför honom i Åsöhuset i närvaro av fru Kristina Jönsdotter, hans hustru, till Ake Inguarsson av Bergaholm överlåtit och skötat allt sitt gods i Hoby, som han innehaft tillsammans med sin hustru Kristina Jönsdotter, med alla tillägor. Utfärdaren beseglar."
C2EF21306,"Ärkebiskop Nicolaus i Lund, primas i Sverige, utfärdar skyddsbrev för alla som besöker Helga Lekamens altare i Lunds domkyrka. Utfärdaren samt biskoparna i Växjö, Skara och Västerås beseglar."
C5E01371E,Kung Valdemar av Danmark kungör att han med samtycke av rådet i Köpenhamn tillåtit sin syster Margareta att sälja sin gård i Köpenhamn till ärkebiskopen i Lund Jakob Erlandsson.
C907F7B53,"Ärkebiskop Nicolaus i Lund till borgmästare och råd i Lübeck med begäran att de skall återställa de brev, som Godskalk Bregde, borgmästare i Gand, lagt i deras stad och som dekanen i Lund därstädes tillägnat sig och låtit arrestera, eftersom Godskalk Bregde inför kungen uppgivit att han uppburit hela summan och att han lovar att återställa breven till ärkebiskopen eller biskopen i Lübeck. Utfärdaren lovar att i alla avseenden välvilligt betjäna Lübeck och dess borgare."
CA56BB311,"Ärkebiskop Nicolaus i Lund kungör att Cecilia, änka efter den välborne lundakaniken Lythbertus Bukhorn, på sin mans altare i Lunds domkyrka skötat dennes testamente, varvid hon och hennes son Gunther avhändit sig alla Lythberts gods, som denne testamenterat till nämnda altare, och att hon för detta altars underhåll årligen skall erlägga 6 mark penningar i penningar. Utfärdaren samt Sven Saxdorp, Gerhard Särghusæson, Henrik Hermansson och Ingemar Nilsson beseglar."
CF6D5C688,"Ärkebiskop Nicolaus i Lund utlovar 6 månaders avlat åt alla, som besöker Lunds domkyrka på Annandag pingst, Jungfru Marie bebådelsedag, Jungfru Marie himmelsfärdsdag, S:t Lars dag, S:ta Flora och Eufrosynes dag och S:t Marinus dag. För mördare och barnamördare, som på dessa dagar besöker kyrkan och ger betydande gåvor till dess återuppbyggnad, utlovas 6 månaders avlat, om de först blivit försonade vid Lunds domkyrka. Utfärdaren beseglar."
C71C47F22,"Magnus Porse kungör att riddaren Karl Ulfsson av Tofta återbetalat 6 mark penningar, vilka utgjorde en del av den skuld på 12 mark penningar som han hade till utfärdaren."
C00E1D553,"Riddarna Gisle Elinasson, Nils Abjörnsson, Karl Naskonungsson, Ulf Abjörnsson och Erengisle Jonsson kungör att de på uppdrag av Sveriges och Norges kung givit Stegeborgs borgare och invånare i Möckeln, Kalvagge och Viddemose frihet att besöka Skanörs och Falsterbo marknader. Detta skall gälla till 11/11 1361. Se vidare DS nr 1000."
CFE356482,"Färdens unga (ungar) kvittar sig för sitt deltagande i skiftet mellan Olof Horfastsson och hans syster Ragnhild. Vittnen är Torsten i Tuna och Hindrik Djäken. Utfärdaren samt Färdens unga är Hindrik Djäken, Joen i Ruda, Sigvard i Sköllom, Sigvard i Runsvik, Olof i Ruda, Lars i Alstad, Gamle Gynte i Viggeby. Vittnen är Torsten i Tuna och Björn i Attmar"
CD8782EA7,Riddaren Magnus Birgersson och Cecilia Sigriddotter stadfäster det av Magnus Bengtsson och dem med Vadstena kloster uppgjorda skiftet om Starby och ger klostret fullmakt att fastfara och städa Diurkälla i Mogala sn i Aska hd. Klostret skall efter deras död ha en stuga och härbärge i klostret för deras makar och Cecilia Sigriddotter skall ha en provision av källaren och stekarhuset. Klostret skall efter deras död ha frihet att behålla alla hus i klostret och gården i Vadstena by
CB5427A85,"Underhäradshövdingen i Östkinds hd, Sigurd Geet, utfärdar fastebrev på jord i Gällersta i Stenby sn, som Johannes Esbjörnsson sålt till Botvid i Nässtad."
C48F76EE9,"Kaniken Ingevald Magnusson i Strängnäs testamenterar till Strängnäs domkyrka 4 markland i Grytra (i Rönö socken), Hällingeakärr (i Hällinge socken), Sandö (i Lidens socken), Karlby (i Svärta socken), Berga (i Torsåkers socken), Tingelösa (i Frustuna socken), Vada (i Torsåkers socken), Kappsta (i Lidens socken), Ängby (i Lidens socken) m. fl. egendomar, vilka han inte ärvt, utan förvärvat genom egen flit, och till samma domkyrka 9 öresland i Närke, Fellingsbro (i Fellingsbro socken), Bro (i Fellingsbro socken), Gryttve (i Fellingsbro socken) m. fl. egendomar, samt 5 stänger i Fjärdåkärr (i Svärta socken), vilka han tilldelar Strängnäs domkyrka på villkor att domkyrkans kyrkoherde årligen och varje vecka håller en mässa för hans och hans föräldrars själar och på hans dödsdag två mässor med vigilior och 9 läsningar. Han utser till sin efterträdare som ständig vikarie vid Strängnäs domkyrka kaniken Björn i Västerås, vilken skall vara förpliktad att deltaga i kyrkans huvudgudstjänst och att hålla 3 mässor för de avlidna och 1 mässa för Jungfru Maria med 9 läsningar varje vecka. Han testamenterar vidare till Strängnäs"
C257F23D7,Johan Tjälvesson säljer till Magnus Håkansson sin gård i Berga i Rimsjöhults sn i utbyte mot Smörmalan och Olofshyddan i samma socken.
CBA8DA188,Johan Tjälvesson skiftar med Magnus Håkansson jord i Buskatorp och Öre. Utfärdaren och Peter Knutsson beseglar.
C69B10823,"Peter i Lundhe säljer till riddaren Sten Bengtsson 1/12del mindre än 1/2 åtting jord i Åsaka i Aska sn. Tolv nämndemän uppräknas som fasta. Elof i Grepstad, häradshövding, beseglar."
C27B32011,Abbedissan och konventen i Vadstena till confessor generalis (Ericus Johannis) angående hans långvariga frånvaro (i Danmark) från klostret samt åtskilliga klostrets angelägenheter; att han hos kung Erik måtte utverka suppliker till blivande påven och konciliet.
C74D93FE7,"Domkapitlet i Linköping, stadens fogde och råd intygar att de i domkyrkans sakristia sett och hört ett brev från domprosten Wimund i Linköping om fiskerätten i Fylleån, vilket utfärdaren beseglat. Utfärdarna beseglar."
C19BFBE32,"Åke Torbjörnsson i Söderby erkänner sig ha pantförskrivit till Axel Pedersson, hövitsman på Helsingborg, en gård i Söderby."
CEA2D015C,Åke Torbjörnsson ger sin hustru Ingeborg morgongåva i form av 2½ örtugland i Gåtaby och Gislestad i Lofta socken. Utfärdaren samt hans bror Esger och Eskil Magnusson beseglar.
CF5066639,Jakob i Valby bortbyter till kaniken Lars Nilsson i Uppsala 4 örtugland i Skäggesta i Lidköpings socken och 3½ örtugland i Sävlinge i Herrtjärps socken mot 5 öresland i Brånby i Fröskogs socken. Utfärdaren samt Nils Jonsson beseglar.
CAAF0643A,"Karl Hemmingsson, kallad Djäken, giver sin hustru Katarina Ragndalid i morgongåva gården Högamåla (i Kristdala socken) med alla tillägor, med villkor att om de får barn skall gården tillfalla dem som fadersarv, men om Katarina skulle avlida barnlös, skall hon och hennes arvingar för evigt äga gården, och om Karl skulle avlida barnlös, skall gåvan återgå till honom och hans arvingar. Biskop Karl i Linköping, Sven Johansson, väpnaren Sigmund Petersson, väpnaren Erengisle Petersson samt utfärdaren beseglar."
C172AEAC8,"Sven i Norrby, häradshövding i Bankekinds härad på herr Sten Stenssons vägnar, intygar att Jöns Djäken av Virmby i Hults säteri i Bankekinds härad till Jöns Djäken upplåtit 12 attungar i Värnbosäter i Bankekinds härad med allt som därtill hörde i våt och torr mark, för 5 mark svenska penningar i gott mynt. Utfärdaren beseglar tillsammans med 12 fastar."
C238DF3AF,"Sven i Norrby, häradshövding i Bankekinds härad, intygar att Karl Tokesson i Värna till Jöns Djäken upplåtit 1 attung i Värnbosäter i Bankekinds härad med alla tillägor i våta och torra till 8 mark svenska penningar, så gott mynt att 6 mark gäller för 1 lödig, och att säljaren erkänner sig till fullo ha upplåtit jorden till Jöns Djäken och hans arvingar. Utfärdaren beseglar tillsammans med Herman i Åtvid och Jöns i Svinsäter."
C4241C152,"Sven i Norrby, häradshövding i Bankekinds härad, intygar att Michel Djäken till brevföraren Jöns Djäken upplåtit 1/8 öresland i Hultsäter i Bankekinds härad med alla tillägor för 6 mark svenska penningar, så gott mynt att 6 mark gäller för 1 lödig, och att Michel Djäken och Ragvald i Hylta (i Värna socken) upplåtit samma jord till Jöns Djäken och hans arvingar. Utfärdaren beseglar."
CA2C81E5C,"Sven i Norrby, häradshövding i Bankekinds härad på herr Sten Stenssons vägnar, intygar att Olof i Strålsäter (i Värna socken) till Jöns Djäken upplåtit jord i Strålsäter i Bankekinds härad med hela Strålsäters vada för 20 mark svenska penningar, i så gott mynt att 6 mark gäller för 1 lödig, och att säljaren erkänner sig till fullo ha uppburit dessa penningar av Jöns Djäken. Egendomen säljs så som den erhållits"
CB8827E94,"Sven i Norrby, häradshövding i Bankekinds härad på herr Sten Stenssons vägnar, intygar att Asger i Elestorp till Jöns Djäken upplåtit 2 attungar i Värnbosäter i Bankekinds härad med allt därtill hörande i våt och torr mark för 12 mark svenska penningar, så gott mynt att 6 mark gäller för 1 lödig, och att Jöns Djäken och hans arvingar till evig tid äger egendomen. Utfärdaren beseglar tillsammans med 12 fastar."
CDBD694FB,"Sven i Norrby, häradshövding i Bankekinds härad på herr Sten Stenssons vägnar, intygar att Sune Jonsson till brevföraren Jöns Djäken sålt 1 attung i Värnbosäter i Bankekinds härad för 3 mark svenska penningar. Utfärdaren beseglar tillsammans med 12 fastar."
CE920A886,"Sven i Norrby med Guttorm intygar att Bo Johansson till Hemming Larsson skänkt 7 fjärdedels attungar i Rödje med alla tillagor i utbyte mot 1 hela attung i Götetorp i Vists socken. Fastar var Håkan Fadersson, Tomas i Händelberga, Franses i Borgnäs, Jovar Högesson, Anders i Varna, Jakob i Mårbäcka, Holmger i Rödje, Ragne i Viby­torp, Bengt i Berstad, Jöns Grötofot, Peter i Ljushult och Halvar i Moshult. Utfärdaren beseglar."
C358626E6,"Lagmannen i Värend Magnus Karlsson kungör att han upplåtit sina gårdar Högh och Ugglusäter i Värend till abbedissan i Vreta för sin syster Ingebjörgs begravning, mot 100 mark penningar, med villkor att övriga avkastningar och inkomster av nämnda gårdar årligen skall tillfalla abbedissan och hennes ombud eller hans arvingar, om han skulle avlida innan skulden är betald, i enlighet med värderingen av inkomsterna i nämnda trakter. Om han skulle återfå nämnda gårdar innan skulden är betald, skall abbedissan vara skyldig att betala hela skulden i reda pengar, och gårdarna skall återgå till honom eller hans arvingar. Utfärdaren beseglar."
CFE424D03,"Riddaren Nils Magnusson, riddare, avträder till Johan Dansson i Gismundastad (Gismundsstad) jord i Gudhemstada (Gudhemstad) i Vikingstads sn, Valkebo hd."
C2D49690E,"Karl Gregersson upprättar sitt testamente. Till sin bror Magnus och sin syster Margareta, Filip Ingevaldsson och dennes hustru, sina systersöner och systerdöttrar samt sina systers barn utser han sina arvingar, förutsatt att han inte skulle ha några lagliga arvingar efter sig. Vidare väljer han att begravas i Uppsala domkyrka i den kapell där Israel, den framlidne lagmannen, är begraven. Till Uppsala domkyrka skänker han sin gård Nannetuna med alla tillhörande fastigheter och lösegendomar. Till utvalda personer, som skall förvalta egendomen, överlåter han gården med dess tillägor, och om de skulle dö före hans död, skall ärendet överlämnas till ärkebiskopen i Uppsala. Vidare skänker han 20 mark penningar till franciskanbröderna i Uppsala, där hans far och flera av hans släktingar är begravda, 4 mark penningar till Vårfrukyrkan i Uppsala, 3 mark penningar till Helgeandshuset i Uppsala, 3 mark penningar till Sko kloster, 8 mark penningar till predikarbröderna i Sigtuna, 3 mark penningar till franciskanbröderna i Stockholm, 3 mark penningar till Sankta Klara kloster i Stockholm, 3 mark penningar till Helgeandshuset i Stockholm, 3 mark penningar till predikarbröderna i Strengnäs, 3 mark penningar till franciskanbröderna i Enköping, 3 mark penningar till Helgeandshuset i Enköping, 2 mark penningar till predikarbröderna i Västerås, 2 mark penningar till franciskanbröderna i Arboga,"
CAA343505,"Karl Gregersson kungör att han med ärkebiskop Nicolaus i Uppsala gjort ett jordabyte, varvid han till ärkebiskopen avträtt 12 öresland i Vallum i Skuttunge socken, 2½ örtugland i Runö i samma socken, 1 öresland i Östuna i samma socken, 4 örtugland i Berga i samma socken, och till sig och sina arvingar fått 1 markland i Berga i Gryts socken, 10½ örtugland i Lena i samma socken, 3 öresland och 5 penningar i Sommaränge i Vaksala socken, 1 öresland i Gryta i Tensta socken, 2 örtugland i Knovesta i Lena socken, 1 örtugland i Djupvik i samma socken. Fastar var Ulf Lagmansson, Johannes Ingemarsson, Styrbjörn Torstensson, Jarlerus i Västby, Peter i Hesselby, Gisle i Gålvastad, Sigvard i Karleby, Johannes i Bälinge, Bero i Sälta. Utfärdaren beseglar tillsammans med Andreas, kanik i Uppsala, Rangburgs make."
C6AC2B805,"Klara kloster i Stockholm, som erhållit påvligt subsidie, kvitterar detta till klostret i Clairvaux."
C72932A6F,"Underlagmannen i Västmanland Bengt i Våla utfärdar fastebrev på jord i Möreby (i Frövi sn) i Nora hd, som Katarina Brodersdotter och hennes son Klaus Brodersson sålt till borgmästaren i Västerås Albrekt van Holten."
CD20F71E3,Ulf Nilsson pantsätter till biskop Johannes Westfal i Västerås 11 öresland jord i Tjälbo i Säby socken i Åkerbo härad. Pantsättningen sker för 24 mark penningar. Om inte jorden återlöses före 11/11 (1378) skall den vara biskopen och hans arvingars. Betalning skall ske på Karls i Grums gård. Utfärdaren beseglar tillsammans med Bengt Galle och Gregers Anundsson.
C47653B20,"Kung Valdemar till städerna Anklam, Stralsund, Greifswald och Wismar med bekräftelse på deras privilegier."
C6807804F,"Filip Björnsson testamenterar till predikarbröderna i Sigtuna, hos vilka han väljer sin gravplats, 50 mark penningar samt 50 mark penningar till utdelning till kloster, kyrkor, hospital och fattiga genom testamentsexekutorerna. Utfärdaren samt Sigmund Keldersson, Magnus Nilsson, Filip Mikaelsson och herr Lars, präst i Vallby, beseglar."
C51F26814,"Domdekanen Harald i Linköping upprättar sitt testamente. Han skänker till Värna kyrka sin gård i Nybble, som han förvärvat genom köp, med alla dess lösegendomar, till sin broders bord och för kyrkoherdens underhåll därstädes, på det sätt som hans herre biskopen i Linköping i detta fall bestämmer. Vidare skänker han till Värna kyrka sin bibel med passionsboken och en kyrkoeld, till kyrkoherdens bord i Kärrby, med alla lösegendomar därstädes, på samma sätt som han skänkt Nybble i Värna kyrka, så att kyrkoherden därstädes, som för tillfället är, skall ha hans själ i åtanke, även enligt biskopen i Linköpings bestämmelse. Vidare skänker han till Kärrby kyrka 3 mark penningar för sin tjänare Nils Värmmes själ, till kyrkobyggnad och kyrkoherde därstädes. Vidare skänker han till Nydala kloster alla sina gods i Rödjeholms socken, Upplöv, med alla dess underlydande, skogar och andra tillägor, som han för 400 mark penningar köpt av riddaren Nils Turesson, lagman i Tiohärads härad, vilket tydligt framgår av dennes öppna brev om köpet. Vidare skänker han till varje kyrka i Östbo 1 mark penningar till kyrkobyggnad och till varje kyrkoherde därstädes. Vidare vill han att alla hans byggnader i Vexjö återförs till Värna kyrka för att återställa därvarande prästgård och att hans gods därstädes, tillsammans med det gods han för 20 mark"
C684ECF22,"Kristina Nilsdotter, änka efter Nils Jonsson, bortbyter till abbedissan Kynigunda och konventet i Vårfruberga 1 markland i Svärtinge i Selandetuna (Selångers) socken mot 8 örtugland i Fröslunda i Stensta socken. Utfärdaren samt Erik Kristiernsson, hennes bröder och Peter Sigridsson beseglar."
C619A6503,"Abbot Sten i Munka-Lövö rekommenderar Margareta, en kvinna av lappars ätt, som i många år lidit av sjukdom och som nu är på resa för att omvända lapparna till kristendomen. Abbot Sten ber ärkebiskopen att beakta hennes böner och framställningar."
C9E78170D,Biskop Bengt i Åbo kungör att han i sin egenskap av förmyndare för Paul Vesundhe tillåtit Gunne i Kumo att efter överenskommelse med Pauls arvingar förfara med dennes gods. Utfärdaren beseglar.
CF5502A3F,"Kung Knut (Eriksson) kungör att han på Guds uppmaning skänkt en del av fisket i Elvkarleby (ælwakarlabv) till Jungfru Marias kyrka i Jomala och därvarande kloster. Vittnen är på kungens sida Birger, Karl, Knut, Holmger, Finvid, på kyrkans sida ärkebiskop Peter i Uppsala, biskoparna Vilhelm i Västerås, Kettil i Linköping, Jarpfus i Skara, Stenar i Västerås och alla abbotar och prostar i riket samt alla stormän. Eftersom denna gåva skett med så stor högtidlighet befaller han att ingen av hans efterträdare får återkalla eller ogiltigförklara gåvan. Om någon gör det skall han råka i Guds vrede och inte få del i Guds rike. Utfärdaren beseglar."
C2A26B0BF,"V. Thomasmästare i Paraklitus till biskop Ulf i Skara med försäkran om att han, trots att han inte kan närvara vid mötet, ändå känner sig delaktig i det."
C0F930C40,Biskop Lars i Skara vidimerar påven Alexander IV:s bannlysningsbulla över dem som gör inbrott i prästhus och kyrkor. Utfärdaren beseglar.
CEB7CD794,"Biskop Lars i Skara stadfäster Innocentius VI:s beslut 1360 17/6 (se DS nr 6291) att providera Petrus med kanonikat i Skara domkyrka och med det prebende, som hans företrädare Torbjörn innehaft, samt att tilldela Petrus och hans efterträdare i kanonikat och prebende medel av biskopsgodsen, nämligen hälften av biskopsgården i Skara med Marum (Marhem) kvarn, som av Vanhems och Gökhems församlingar upplåts till Peters förfogande"
C71FF6E37,"Johan Ramburg och hans syster Helena samt deras systerson Johannes Johansson kungör att de till Vårfruklostret i Stockholm överlåtit ½ markland i Söderby i Torsåkers socken, för att deras syster Ingrid skall kunna inträda i klostret och erhålla prebenda där. De utser Friderus, Halstanus, Johannes, Stockholmskustod, Sune Halstensson, fogde på Stockholms slott, Gudormus Gudormsson, fogde på Stockholms slott, till taxatorer och förlikningsmän. Utfärdarna beseglar tillsammans med nämnda kaniker och fogdar."
CDD1E5CB5,"Sune Jonsson och hans bror Peter Håkansson intygar att de av biskop Karl i Linköping mottagit ett lån på 500 mark penningar, som de använt till inköp av Viborgs slott, och lovar att öppna slottet för biskopen och hans ombud närhelst de vill besöka det. De avstår från alla invändningar mot att de inte fått pengarna i sin hand eller att de inte utfört det de lovat. Utfärdarna beseglar."
CFACD00FC,"Greger Magnusson och hans hustru Ingeborg Magnussdotter säljer till biskop Anders i Strängnäs jord i Skälby i Vadsby (Vadstena) sn, Östergötlands (Östbo) hd, för 80 mark svenska penningar. Om jorden inte kan återlösas inom sex veckor, skall Greger Magnusson och hans arvingar återlämna lika mycket jord i lika god läge. Utfärdarna beseglar."
C6EF9F712,"Underhäradshövdingen Sten Fugelare på Sunnerbo ting i Hamneda tillkännager att han sett och hört skälig man Broder i Simmatorp och hans hustru Kristina Anbjörnsdotter med sina fränder och arvingar lagligen ge, sköta och skaftföra Nydala kloster för deras och deras föräldrars själagagn den gård i Simmatorp, som de lagligen köpt av Havid och Elin, hans hustru, för sina köpegods och reda penningar, så gott som 8 mark och 20 öre, med allt som hör därtill, både nära och fjärran, utan att något undantag gjorts. Vidare tillkännager han att Knut Lindormsson, Magnus Välling, Jöns Magnusson, Magnus Greve, Åtte och Gunne Eskilsson, Broder Jonsson, Jöns Magnusson, Loft, Nils Botildsson, Gunne Jonsson, alla på tinget och med honom skaftade, utan återkallande givit klostret stugan. Utfärdaren beseglar."
C6F08E468,Domkapitlet och borgmästare och råd i Västerås vidimerar kung Magnus brev av den 4/8 1375 till Västerås domkyrka rörande en gård i Västerås. Utfärdarna beseglar.
C7AE81244,Domkapitlet i Västerås vidimerar N. 1890. Utfärdaren beseglar.
CD6D218B8,"Domkapitlet i Västerås erkänner att Evert Evertsson av Munktorp skänkt en tomt i Västerås till Forsbyaltaret, för vilket han redan skänkt en annan tomt i samma stad. Utfärdarna beseglar."
C8D3D6D37,Drottning Blanka kvitterar för Hemming Hemmingssons förvaltning av Värmland och frikallar honom och hans arvingar från allt ansvar för denna förvaltning. Utfärdaren beseglar.
C16BBD0B3,"Kettilögis Petersdotter och hennes son Nils Johansson upprättar sitt testamente, varvid de skänker till Linköpings domkyrka sin gård där för att öka den prebenda, som den framlidne herr Knut Jonsson därstädes stiftat, med villkor att den präst, som för tillfället innehar nämnda prebenda, skall vara skyldig att årligen fira tre mässor för testamentets utfärdare, varav de hoppas bli delaktiga, även om Nils Johansson skulle komma att erhålla annat ämbete vid samma domkyrka eller om han skulle avlida, medan hans mor Kettilögis ännu lever, varvid han eller den präst, som innehar nämnda prebenda, skall vara skyldig att årligen ge 3 mark penningar för gården, och efter deras död skall gården återgå till nämnda prebenda. Vidare skänker de till Klåckarike kyrka och prästbord där 1/4 attung i Täckta med alla tillägor, varav 2 thynones och 2 öresland årligen uppbärs, och 10 mark penningar i lösegendom för att öka prästbordets inventarium, med villkor att prästvigd person, som för tillfället är därstädes, skall vara skyldig att årligen fira två mässor för nämnda inventarieförstärkare, nämligen på den närmaste måndagen efter nyårsdagen och på den närmaste måndagen efter Mikaelidagen. Utfärdarna samt Olov i Berga, Botvid Ragvaldsson, herr Birger Karlsson, Peter Karlsson och Botger Karlsson beseglar."
C8C1B409F,"Germund Håkansson och hans hustru Inga Bengtsdotter säljer till domprost Olof Magnusson i Uppsala 4 öresland jord i Vällinge i Lagga socken, Långhundra härad, för 10 mark penningar. Om jorden skulle återfalla till dem, skall de ersätta den med jord i Skälby. Utfärdarna samt Karl Eriksson, häradshövding i Långhundra, Slavi och Klaus Karson beseglar."
C29A629A5,"Utvalde ombud för biskop Brynolf i Skara, Nicolaus och Benedictus, förklarar att de i biskopsgården i Uppsala inför ärkebiskopens närvaro exkommunicerat biskopen i Skara, om han inte rättar sig efter de artiklar som ingår i deras fullmakt. Härom tillskrives exekutorerna ärkebiskopen i Uppsala och biskopen i Västerås. Utfärdarna beseglar."
C475CA8F2,"Kaniken Hans Westmodi i Linköping pantsätter till Bo Jonsson, drots i Sverige, sitt kanonikat i Linköping med brötsland och hjonom och allt som därtill hör, för 100 mark svenska penningar, så länge Bo Jonsson eller hans ombud inte har uppburit hela skulden av Hans Westmodis kanonikat. Om"
C22309930,"Kyrkoherden Johannes i Solberga (i Solberga socken) upplåter till Lars Staffansson allt sitt gods i Bokhult, nämligen två syttungar, som genom kungens dom i Ekesiö nyligen tilldömts honom som gottgörelse för hans bror, den välmenta minnet av hans frökenätt. Utfärdaren samt Vigsten Birgersson, Magnus Skogh och Toste Flade beseglar."
CFF1DC981,Häradshövdingen i Västernyland Janicke Hampson kungör att Olof Nilsson och hans hustru Kristina Larlsdotter på säteting i Tenala socken sålt till biskop Magnus i Åbo två delar av Germundaby för 360 svenska mark i reda penningar. Tolv fastar uppräknas. Utfärdaren beseglar.
CA49C20AC,"Mathias Nicolai, kanik i Linköping och prost i Sunnerbo, och Erik Turesson kungör att de med samtycke och av alla goda viljor till Nydala kloster överlåtit två gårdar i Rammsås i Agunnaryds sn i Sunnerbo hd."
CD641F297,"Gregers Magnusson och hans hustrur Ingeborg Magnusdotter och Bengta säljer till riddaren Knut Odsson jord i Varskäla, Bönö, Solaryd, Kettilstorp och Brängesås i Västergötland, som hans hustru Bengta ärvt av sin far."
CDA8818C3,"Domprosten i Lund Johannes Pauli, som till altaret för Vårfrualtaret i Lunds domkyrka, som uppförts efter kung Valdemars död, skänker sina gods i Nävlinge i Bara härad, vilka han bytt mot gods i Torpebyärg i samma socken, till dekanen i Roskilde Lars Johannis. Utfärdaren samt drottning Margareta, ärkebiskop Jakob och Lunds domkapitel beseglar."
CCCB3438D,"Domprosten Bengt i Uppsala upprättar sitt testamente, vari han ger penningar, gårdar, böcker och andra lösören m.m., dels till Uppsala domkyrka för särskilda ändamål, dels till bl.a. franciskanbröderna i Stockholm och Västerås, brodern Kettilbjörn, till dominikanerbröderna i Stockholm och Västerås, till prästbordet i Husby och till bl.a. Sko kloster."
CB5175CCF,"Nils Tuvesson i Hörby, Bengt, Nils Vråe och Karl Tuvesson kungör att de till klostret Gudhem överlåtit gården Åkerstorp, som fru Ingeborg, dotter till den framlidne Magnus Skänke, testamenterat till klostret. Sigillanterna Bengt, Nils Vråe och Karl Tuvesson beseglar. Utfärdaren Nils Tuvesson beseglar."
C123CAC46,"Påven Urban V kvitterar ärkebiskop Petrus (Gudmundi) i Västerås för 19 guldfloriner, 15 skilling och 10 denarer i Avignonmynt, utgörande en del av dennes commune servitium, samt för 2 guldfloriner, 13 skilling och 8 denarer i Avignonmynt, utgörande en del av dennes minuti servitium."
C3D1C51E9,"Påven Urban V tillåter ärkebiskop Nicolaus i Siponto (Manfredonia) att i de nordiska rikena lämna 60 personer, som inte invigts på lagenligt sätt, dispens till att kvarstå i det andliga ståndet."
C419C0A00,"Påven Urban V kvitterar biskop Peter (Hermansson) i Västerås i Sverige för 80 guldfloriner, 34 skilling och 2 penningar i romerskt mynt, som utgör en del av dennes commune servitium, samt för 7 guldfloriner, 16 skilling och 9"
C5E256CB9,"Påven Urban V kvitterar ärkebiskop Petrus (Johansson) i Strängnäs för 96 guldfloriner, 14 skilling, 9 penningar och 1 öre i Avignonmynt, utgörande en del av dennes commune servitium, och för 14 liknande floriner, 40 skilling och 9 penningar i Avignonmynt, utgörande en del av dennes minuti servitium, vilka belopp ärkebiskopen betalat till påven vid rätt tidpunkt genom Petrus Johannis, präst i Strängnäs. Men eftersom ärkebiskopen inte hunnit betala den återstående delen av sitt minuti servitium, förlänar påven honom ytterligare ett år på betalningen av denna del, dock med förbehåll för att han skall betala den återstående delen av sitt minuti servitium före nästa påsk."
C5F1BD971,"Påven Innocentius VII kvitterar biskop Brinolf (Algotsson) i Skara för 166 guldfloriner, 33 skilling och 4 denarer i Avignonmynt, som utgör en del av dennes commune servitium, och för 33 guldfloriner, 16 skilling och 8 denarer i Avignonmynt, som utgör en del av dennes minuti servitium."
C618DB71E,"Påven Urban V kvitterar ärkebiskop Petrus (Gullani) i Strängnäs för 37 guldfloriner 1 solidus och 10 denarer i Avignonmynt, som är en del av dennes commune servitium, och för 4 guldfloriner 5 solidus och 9 denarer i Avignonmynt, som är en del av dennes minuti servitium. Utfärdaren beseglar."
C69B42BFD,"Kardinalprästen Henricus (av S. Anastasia), påvlige kammarherren, meddelar att biskop Torsten i Skara för sin commune servitium erlagt 88 guldfloriner och för ett minuti servitium 5 likadana floriner genom Johannes Swan, kaplan hos påven, men att han på grund av de svårigheter han uppgivit för kammarherren, vilka gör honom oförmögen att betala de återstående 4 minuti servitiis, fått ett nytt betalningsvillkor, enligt vilket han skall betala inom 1 år från påskdagen, men att han, om han inte betalar inom denna tid, skall bli bunden av de straff och domar som han tidigare blivit bunden av."
C79C6F3B2,"Påven Urban V kvitterar ärkebiskop Jakob i Lund för 42 guldfloriner, 9 skilling, 4 denarer och 1 obol i Avignonmynt, som denne betalat för sin del av det gemensamma tjänstetvånget, och för 2 guldfloriner, 40 skilling, 7"
CB8A4C24B,"Påven Urban V kvitterar ärkebiskop Jacobus i Lund för 25 guldfloriner av dennes commune servitium och 2 guldfloriner av dennes minuti servitium, vilka han mottagit genom kaniken Petrus Johannis i Lund. Han förlänger dock betalningsterminen från Jungfru Marie himmelsfärdsdag till nästföljande år."
CBA95440D,"Påvlige kamreraren kardinalprästen Petrus (Gimma) kvitterar ärkebiskop Petrus (Gimma) i Uppsala för 250 guldfloriner och 11½ skilling i Avignonmynt, som denne betalat för sitt och kardinalernas hushålls servitium."
CC1106968,"Påven Urban V kvitterar ärkebiskop Jakob i Lund för 45 guldfloriner, 16 skilling och 8 denarer i romerskt mynt, utgörande en del av dennes commune servitium och minuti servitium. Utfärdaren förbinder sig att betala återstoden av sin commune servitium och minuti servitium före påsk. Utfärdaren beseglar."
CF89B0087,"Påven Urban V kvitterar ärkebiskop Jakob i Lund för 38 guldfloriner av ärkebiskopens commune servitium och 3 guldfloriner och 2 solidi av ärkebiskopens minuti servitium, vilka betalats av ärkebiskopens ombud Petrus Isakson, kanik i Lund. Betalningsterminen förlängs från påsk till nästföljande år."
CA8C384D2,"Riddarna Markvard van Kosveld, Wemmer van Essen, Philip, Anders, Paul, Ansen och Mikkel Mesenik Felix, som är sändebud från Lübeck, Gotland, kung Filip, Norderne, Philip, Paul, Ansen och Mikkel Mesenik Felix, kungör att de på biskopens av Dorpat, herr Henriks av Plessekouwe, mästaren, herr Voldemers av Dolen, herr Johans av Ickels, herr Engelbrechts av Tisenhusen, herr Johans av Livland och herr Eilhardus van Wrangels vägnar slutit förlikning med riddarna Woghen och Vogt av Dorpat rörande det våld som begåtts mot Wollus, hans kamrater och gods, och att de förbinder sig att återställa Wollus gods och att hans barn och kamrater inte skall ha något att göra med gästen, som har tagit Wollus gods, och att gästen inte skall ha något att göra med Wollus barn och kamrater, som har blivit slagna i koggen"
C359FBE46,"Karl Näsakungsson kungör att han inte före sin försäljning av gårdarna till Håkan avhändit dem genom försäljning, pant eller annan överlåtelse, och att han därför förbinder sig att till Håkan och dennes arvingar överlåta gårdarna med alla tillägor, lös och fast egendom, såsom han uttryckligen förklarat i sitt brev. Utfärdaren beseglar."
C51C3CAF3,"Karl Näskonungsson säljer sina gårdar Tranås och Hjärtnäs i Värend till Håkan Karlsson för 200 mark penningar. Nils Abjörnsson, Sveriges kung Djäkne Anund Sture samt utfärdaren beseglar."
C6BE4A3B2,"Karl Näskunsson intygar att han av abboten och munkarna i Julita fått ett ängstycke vid Nennestorp, öster om staden, och att han för detta ängstycke upplåtit ett annat ängstycke, Paradis, av sitt gods Gimbrestad, till pant, till dess att han till abboten och munkarna i Julita tillfredsställt deras fordringar på honom. Utfärdaren beseglar."
C7E9985F8,Karl Näskonungsson erkänner att han uppburit 200 mark svenska penningar av Håkan Karlsson. Utfärdaren beseglar.
C88801F45,"Karl Näskonungsson pantsätter ½ markland i Sundby i Tumbo socken till Vårfruberga kloster, mot att klostret årligen i annan by, där han har årlig avkastning, ger ½ markland i evig besittning. Utfärdaren beseglar."
CA8890C52,"Karl Näskonungsson pantsätter till biskop Karl i Linköping sina gods i Fröslunda i Svennevads socken på villkor att om han inte betalar tillbaka lånet före pingst, skall egendomen tillfalla biskopen och hans efterträdare. Egendomen skall värderas av Algot i Gällersta och Lars Dansson. Utfärdaren och hans hustru Helga beseglar."
CF5633DB5,"Karl Nossekungsson lovar att hans svärson Sture skall besegla de brev, varmed han till Håkan Karlsson bortbytt sina gårdar Tranås och Hjärtnäs i Värend. Utfärdaren beseglar."
CD90CDF38,"Jon Ingvaldsson och Folke Jonsson kungör att Rörik i Tuna av dem förvärvat 1/2 markland i Hussaby och 2 öresland i Bergby och Lundby i samma socken, vilka tillhört Fulkes Jonssons dotter Ragnborg. Utfärdarna beseglar."
CD02E4E35,"Kyrkoherden i Arboga Nils Knutsson säljer till riddaren Bengt Stensson jord i Målby och Haddesta, som hans far borgmästaren Knut Borgamästare förvärvat."
C26886958,"Nils Arvidsson och hans hustru Botilda Jonsdotter skänker till Vårfruklostret i Vadstena med abbadissan och konventets samtycke och välbehag halva fjärdedelen i Höghnastad i Hardstads socken i Gällstads härad, som ligger i Vartofta, och tre attungar i Näs i Eksjö socken i Bobergs härad. Om Höghnastad skulle hindra klostret eller på något sätt binda det, förbinder sig utfärdarna att efter klostrets vilja och sina vänners på båda sidor fullgöra det. De avhänder sig och sina arvingar det nämnda godset Höghnastad och ger det till Vårfruklostret i Vadstena som evig egendom. De ger häradshövdingen i Gällstads härad fullmakt att fastfara detta enligt landslagen på tinget. Brevet beseglas av Bo Jonsson, Sveriges drots, utfärdarens bror Anders Torstensson, utfärdarens svåger Bo Jonsson och Peter Tomason."
CD820955B,"Jöns Magnusson upplåter till Sigfrid i Åker i Husby Börninge sn och Österrekarne hd 30 örtugland i Tandala och 14 penningland i Tandesten och upplåter sig av Sigfrid 30 örtugland och 6 penningland i Hällinge Åker i Runtuna sn och Rönö hd. Utfärdaren samt Olof i Edsby, Raukvald i Norrby, Peter i Berga, Gudmund i Mellösa, Ingevald i Råsta, Nisse i Löt, Sigurd i Järsta, Peter Karlsson, Öde i Onsta, Sven i Kvida, Jöns i Vreta samt Ingevald Ottesson uppräknas som fastar. Tomas i Runtuna, häradshövding i Rönö hd, beseglar."
CEE46982E,"Jöns Magnuson säljer till Kristian i Brånberga 1 öresland och 5 penningland i Mellösa (i Mellösa socken) för 16 mark penningar. Tolv fastar uppräknas. Brevet beseglas av Rangvald, kyrkoherde i Tuna, och Finvid Larsson."
CD2E968E2,"Håkan, kallad Kappi, giver sin son Rikolf hälften av sitt gods i Galtås (i Lemnhults socken) med alla tillägor. Rikolf giver sin hustru Kristina hälften av nämnda gods. Om Kristina dör utan barn skall gåvan till Rikolf återgå till honom eller hans arvingar mot 30 mark penningar. Hägni, prost i Östbo, Brudd Sabs samt utfärdaren beseglar."
C0984A793,"Påven Urban V bifaller supplik av Erik Johansson, student från Skara stift och son till en präst och en ogift kvinna, om dispens från illegitimitet."
C0DB5DDD5,"Johannes Andersson, skolpojke från Åbo stift, ber om dispens från illegitimitet."
C20CC1D7E,Skolastiken Olavus Cnothen från Linköpings stift supplerar om dispens från illegitimitet.
C28C5118A,Påven Urban V bifaller supplik av prästen Johannes Ingheldi från Linköpings stift om att få bulla med allmänna syndaförlåtelser.
C4228A6EB,"Penitentiarians regens Philippus, kardinaldiakon av S. Lorenzo in Lucina, beviljar Johannes Olofsson och Brigitta Kurki från Åbo stift dispens att ingå äktenskap trots att de är släkt i fjärde led. De har redan ingått trolovning."
C5BA3DBD3,"Jakob Olofsson från Åbo stift ber påvlige penitentiarians regens Philippus, biskop i San Lorenzo in Lucina, om tillstånd att ingå äktenskap med en kvinna som han redan haft samlag med flera gånger, medan hans hustru fortfarande levde. Han lovar att inte ha något samlag med henne igen."
C734ED6BF,"Påven Urban(IV) till ärkebiskop Jakob (Erlandsson) i Lund med befallning att, på grund av tartarernas svåra angrepp på det Heliga Landet, själv och med andra prelaters och klerkers hjälp uppmana de kristna i Sverige att deltaga i korståget till nämnda lands försvar. Påven utlovar full syndaförlåtelse för alla, som deltar i korståget."
C76D86094,"Klerken Johannes Martini från Skara stift framställer supplik till påven Urban V om att förklaras fri från irreguläritet, som han påstås ha ådragit sig genom att ha varit kommissarie åt en fogde i Värmland, som låtit avrätta en kvinna för incest och mord. Se vidare DS nr 6960."
C940C77AA,"Penitentiarians regens Philippus, kardinaldiakon av S. Laurentii in Lucina, ger absolution åt prästen Jacobus Sunonis från Uppsala stift, som först i hemmet döpt ett sjukt spädbarn och sedan, när föräldrarna fört det till kyrkan för en högtidlig dopceremoni, själv döpt det på nytt och därför blivit exkommunicerad. Han hade sedan flera gånger utan att veta om detta firat mässor och andra gudstjänster."
C954EE103,"Påven Urban V bifaller supplik av Johannes Dani, skolast i Strängnäs stift, som är illegitim son till en präst, att trots detta kunna promoveras till alla kyrkliga tjänster och inneha kyrkliga beneficier med eller utan själavård."
CA1065B4E,"Kyrkoherden Johannes Halwidi i Bjärmästare (Björmästare) och Ränne i Linköpings stift, som var föreståndare för flera församlingar, berättar att han en dag spelade kort med en lekman Olof Johansson i samma stift och att Olof Johansson, som ville lura honom och vinna pengar, lade en penninghög på bordet och tvingade honom att spela. När Johannes Halwidi vägrade spela och i stället fördömde Olof Johansson för att han ville spela för pengar, tog Olof Johansson pengarna och kastade dem i Johannes Halwidis ansikte, slog honom i käken och rusade mot honom med en dolk, som han drog ur skidan för att döda honom. Johannes Halwidi, som stod mellan bordet och väggen och inte kunde fly, tog en kniv och stack Olof Johansson i huvudet. Eftersom han inte kände något av sticket, gick han dagen därpå och de följande dagarna omkring som om han inte hade blivit sårad. Sedan drabbades han av en annan sjukdom, som läkarna säger, och avled. Eftersom Johannes Halwidi tvivlar på att han har gjort sig skyldig till något brott, även om han inte har gjort det, och vill fortsätta att tjänstgöra i alla sina ämbeten, kan hans rivaler och juridiska experter hävda att han inte kan göra det. Därför ber han att han inte ska anses ha begått något mordbrott eller någon oregelbundenhet eller inkompetens. Se vidare DS nr 6995. Penitentiarians regens Philippus, biskop i Saint Lawrence in Lucina, ger i uppdrag åt biskopen i Åbo att förklara Johannes Halwidi, kyrkoherde i Björmästare och Ränne i Linköpings stift, oskyldig"
CB0A9B44E,"Påven Urban V bifaller supplik av Johannes Canuti, klerk från Århus stift, om dispens från illegitimitet. Se vidare DS nr 6958."
CBBA7FB6A,"Petrus Olavi, lekman från Uppsala stift, framställer en supplik om att hans far Olavus skall förklaras legitim, eftersom han efter sin hustrus död hade en oäkta son med en kvinna vid namn Sigrid, med vilken han sedan gifte sig. Se vidare DS nr 6915."
CD13B3D3C,"Penitentiarians regens Philippus, kardinaldiakon vid S. Laurentii in Lucina, beviljar Bella Stinta, änka från Linköpings stift, biktbrev med evig giltighet."
CDF66F050,"Filip, kardinalpräst vid S. Laurentii in Lucina, beviljar Torbjörn Arvidsson, präst i Skara stift, som haft två systrar till konkubiner och av dem fått barn, avlösning från exkommunikation, som han dragit över sig genom incest, för att han skall kunna utöva sitt ämbete. Torbjörn skall vara suspenderad från altartjänstgöring i sex månader."
CFCA721B7,"Påven Urban V bifaller supplik av Petrus Johannis, student från Uppsala stift, om dispens från illegitimitet."
CFCCCA520,"Påven Urban V bifaller supplik av Magnus Johannis, klerk från Uppsala stift, som är född av präst och ogift kvinna, om att få dispens att inträda i det andliga ståndet och att befordras till alla sakrament och inneha kyrkliga beneficier, även om han har själavård."
C1D6A2FC9,"Prästen Hinze Markman, barnansluten vid Skänninge hospital, säljer till Vårfruklostret i Vadstena 1 attung jord i Mölna i Vadstena socken och 1/2 spann säde i andra gården i samma by, vilka han erhållit av Ingegerds barn, vilka varit intagna vid hospitalet, och för vilka han mottagit Ingegerds gård i Kuddveden. Han avträder vidare till klostret den jord, som han köpt av Ingegerd för 8 mark svenska penningar. Han ger häradshövdingen i Aska härad fullmakt att fästa och hålla klostrets jord efter landslagen. Utfärdaren samt Andreas, prost i Skänninge, och Torger, präst i Vadstena, beseglar."
C78FDFA84,Gotstavus Nicolasson och Johannes Christineson utfärdar skuldebrev på 12 mark silver till Stefanus Laurentii. Utfärdarna beseglar.
CCC1A71D7,"Lars Jonsson, kungens domhavande, stadfäster Anund Djäkens, underdomhavande i Södermanland, dom i en tvist mellan herr Peter av Vårdinge, prost, och Jöns Larsson. Utfärdaren förbjuder var och en att hindra domen vid vite av 40 mark till kungen. Utfärdaren beseglar."
C56E165E6,"Riddaren Karl Ulfsson, lagman i Uppland, utfärdar exekutorbrev på fru Ingeborgs testamente, varigenom hon skänker till Vadstena kloster gården Fogelstad i Kävesta socken i Aska härad. Bo Jonsson, drots i Sverige, och Magnus Porse beseglar."
C8904AB0E,"Riddaren Karl Ulfsson, lagman i Uppland, skänker till Vårfruklostret i Vadstena sin gård i Klåstad, hela sin egendom i Granby och Hovstad samt halva fjärdedelen i Näs i Ekeby socken, vilka gods skall tillfalla klostret efter hans död. Utfärdaren ger häradshövdingen i det härad där godsen ligger fullmakt att fastfara godsen enligt landslagen. Utfärdaren beseglar."
C8CE8EA2A,"Rd Karl Ulfsson, lagman i Uppland, tillkännager att han av arvingarna till Magnus Nilsson i Revelsta (i Altuna socken) har utdömt 5 ½ markland jord i Kaby i Simtuna socken åt kung Magnus, emedan samme Magnus Nilsson i sin livstid bötade den nämnda jorden åt kungen med fastar och enligt landets lag för 100 mark penningar. Egendomen säljs så som den erhållits av arvingarna till Magnus Nilsson. Se vidare DS X 1000."
C929C5555,"Riddaren Karl Ulfsson, lagman i Uppland, skiftar med prebenda vid Linköpings domkyrka, som grundats av hans fader Ulf Abjörnsson, och med herr Sune Håkansson, som nu innehar den, med samtycke av biskop Nils i Linköping och domkapitlet, och med Bo Jonsson, Sveriges drots, följande egendomar: 2 attungar jord i Hässelby i Björkviks socken, 2 attungar i Stutberga i Älvestads socken, 1 attung i Nydala i Normlösa socken och 2 attungar i Åby i Slaka socken, vilka han erhållit av Bo Jonsson, i utbyte mot gårdarna Vindstad i Aska härad, Lärby och Åby, vilka han tidigare givit till prebenda, och vidare mot en spann avgäld i Vrekenbro vid Motala, en i Sjökumla, ett torp i Sönaboda och en gård i Sunaboda. Detta skifte är gjort med fast och all landslag och skall stå och bli utan någons nekande eller tal. Om det visar sig att de gods som nu av Karl Ulfsson ges i skifte till prebenda är mindre värda än de gods som prebenda tidigare givit honom, förbinder sig han och hans arvingar att ersätta klockaren och prebenda med lika och fullgod egendom, och skall prebenda ha del i gods och egendom och inte mindre, och skall han eller hans arvingar fullgöra detta inom 40 dagar före påsk. För att ge detta skifte större trovärdighet och stadfästelse beseglar utfärdaren det och ber Bo Jonsson, Sveriges drots, och herr Anund Jonsson, riddare"
CE19DF0C1,"Karl Ulfsson, lagman i Uppland, förbinder sig att efter sin hustru Helenas död överlåta till domprosten i Linköping och kaniken i Uppsala herr Johannes Karlsson allt gods i Risnäs som denne fått av utfärdaren. Utfärdaren beseglar."
C961788AA,"Kaniken i Linköping Johannes i Juneköping kungör att han till sin måg Gotscalk skänkt halva sin fädernegård i Festenäs med söderfjärden, varpå denne skall ha betalat 40 mark gäld, varvid han till säkerhet för detta upplåtit sina tre torghandlar på platsen. Utfärdaren samt Linköpings stad beseglar."
C94D71653,"Göstav Arvidsson, lagman i Södermanland, intygar att Valborg, änka efter Hinze Valborsson, i närvaro av honom och flera trovärdiga personer vid de senaste lagting som han hållit i Strängnäs på kung Magnus uppdrag, offentligt erkänt sig ha överlåtit till biskop Sigmund i Strängnäs och hans domkyrka vissa gods, nämligen 13 öresland i Ärna, 4 örtugland i Norrismåla, 1 örtugland i Vånge i Torshälla socken, 9 penningland i Byringe i Vårdnäs socken, samt ett kvarn, med alla tillägor, i Ullevids kyrkas socken i Sela, dels genom arv och dels genom gåva på grund av det bröllop som hon fått av biskopen, mot en årlig underhållsdel på 8 mark penningar och 20 tönner spannmål, som biskopen eller dennes efterträdare skulle förvalta på ett lagligt och lämpligt sätt. Utfärdaren beseglar."
C2871E0C5,"Kung Johan och biskop Karl i Linköping kungör att Bengts Mattssons arvingar inför dem på deras kröningsdag lovade att klostret Nydala skulle ha fritt och säkert fiske i sjön Schettyna, oaktat en tvist uppstått mellan klostret och herr Bengts arvingar. De som försöker ogiltigförklara detta avtal skall straffas med exkommunikation. Utfärdarna beseglar."
C621212C8,"Margareta Gustavsdotter, som blivit utvald till abbedissa i Kalmar nunnekloster, överlåter till detta kloster sin gård i Norrby i Närke, som årligen ger 40 tönner säd, och därutöver alla de gods, som hon ärvt av sin mor, systern Bengta Birgersdotter, nämligen i Mörby, Ängeby, Åsbo, Bjärka, Yxgerd, Bösskoga, Husaby, Sinderstad och Överhult, vilka gods hon förut överlåtit till Kalmar nunnekloster med fullmakt att sälja dem, om klostret skulle komma i ekonomiska svårigheter. Klostret skall därjämte mottaga de gods, som Margareta Gustavsdotter"
C51CCBD6A,"Finlands hövitsman Lyderus de Kyren säljer till borgaren Hartman i Åbo sina nybyggen Bjärsjö, Kalamåtak, Sävsjö och Brätte. Utfärdaren beseglar."
C381A7E9D,"Notarius publicus Johannes Andreae i Pelhizimow intygar att Bene­dictus Naffnonis, präst i Lunds stift, utsett Johannes Pauli, ärkedjäkne i Lunds domkyrka och kanik i Roskilde, till sin fullmäktige att för honom söka och mottaga ett kyrkligt benefice, som blivit honom beviljat av påven Innocentius VII, och att han givit fullmakt åt Johannes Pauli att ersätta sig själv med en eller flera fullmäktige, om han ansåg det lämpligt. Utfärdaren beseglar."
C13068BB8,"Borgaren i Linköping Magnus Jakobsson säljer till Ingevald Petersson, som är prebendat vid Linköpings domkyrka, sin andel i Åsarp (i Gammalkils socken) för 22 mark penningar. Utfärdaren samt Birger i Hirsäter och Daniel Karlsson beseglar."
C4F6FDB3E,"Underlagmannen i Österland Kettil kungör att Elin Kudsa, änka efter Kudsa, till herr Jöns Petersson sålt sitt gods i Strandaby för 3 mark silver och att hon uppburit 20 mark av köpesumman. Utfärdaren beseglar."
C49A7668B,"Meghinthor i Rävsta upprättar sitt testamente. Till Uppsala domkyrka skänker han 1 örtugland i Loskällf i Bälinge socken, till predikarbröderna i Sigtuna 3 örtugland i Ensta i Dalby socken, till Näs kyrka 2 örtugland i samma socken, till Dalby kyrka 1/2 örtugland i samma socken, vidare till sin hustru Holmfrid 1 markland i Rävsta, som är hennes fädernearv, och hälften av gården, som hennes svärfar Karl, hennes fars bror, skänkt henne. Vittnen är Peter, präst i Näs, Holmfrid, hennes mor Cecilia, hennes make Ulf, Karl och Bo, bröder i Sigtuna. Utfärdaren ber ärkebiskopen i Uppsala, domkapitlet därstädes, herr Jöns, herr Bengt Bosson och predikarbröderna i Sigtuna att besegla."
CC0E2DB82,"Karl Arvidsson, häradshövding i Åkerbo, kungör att han skilt fasta för den fasta som Nils i Stång (i Fröjereds socken) tillskiftat Johannes Upplänning på 16 spanns avgäld i Fröjereds socken, närmare bestämt i Fröjereds by och fjärran, utan undantag, och på 1/3 i skogen Huvudä (i Fröjereds socken). Fastar var Peter Arnstensson i lagmansstolen, Nils Upplänning i Norby, Rangvald i Skäggesta, Hemming i Hanskestad, Önd i Uppröv, Håkan i Skällinge, Johannes i Berkeestad, Lars i Stavby, Rangvald i Tingsta, Agmund i Tingsta, Nils i Luttingsta och Peter Botolfsson samt många andra som då var på laga ting. Utfärdaren beseglar."
CB4868F78,"Ingevald Eriksson, borgare i Skänninge, säljer till Brude av Ulvå (Ulvå i Ulvåsa socken) den del av tomten, som upp mot Halders gård, vilken han köpt av Katarina Ribbenäs. För detta belopp av 11 mark penningar har han fullgjort betalningen. Tomten och ett härbärge ovanpå den säljs till Brude och dennes arvingar. Utfärdaren beseglar."
CE0282D34,"Jöns Petersson, kyrkoherde i Kimito och kanik i Åbo, säljer till herr Matts i Tenala sitt gods i Germundby i Tenala socken, som han köpt av Göbla och hans mor. Utfärdaren samt Olov Nilsson beseglar."
C2DA1AD3A,"Biskop Brynolf i Skara stadfäster ett jordabyte mellan Johannes i Rödön och Lars i Örlunda, varvid Johannes i utbyte mot ett gods, som tillhörde prästbordet i Rödön, får ett annat gods, Höberg, i Rödöns socken, som ligger närmare hans kyrka i Örlunda. Biskop Brynolf tillägger att Lars skall betala 6 mark penningar för att upprätthålla jämvikten i bytet. Utfärdaren samt Johannes och Lars beseglar."
C6929AEA3,"Brynolf, biskop i Skara, utlovar 40 dagars avlat åt botgörare, som besöker kyrkan i Horn på de nedan uppräknade högtidsdagarna och därvid besöker kyrkogården, ger bidrag till kyrkans byggnad eller prydnad, testamenterar något eller ber för Sveriges välfärd och fred. Utfärdaren beseglar."
CA6497B33,Håkan Askolfsson säljer till riddaren Abraham Brodersson sin gård Glöminge i Solberga sn (Södra Vedbo hd).
C0A562869,"Häradshövdingen i Gistinge hd, Paul Gram, kungör att Jöns Kulle gjort byte med Vadstena kloster av 3 1/4 attungar och 1 1/2 åker i Vallösa i Appuna sn mot 1/2 attung i Höganstad i Hovs sn och 1 attung i Sjöla i samma socken. Fastar var Anders i Lärkeryd, Jakob Lung, Peter Kegla, Karl i Vallösa, Ebbe i Mörby, Peter Ödbjörnsson, Lars Staffansson, David, Brude i Huxstad, Finnvid, Torkel i Järstad, Sven. Utfärdaren beseglar."
C2FA3F041,"Kristina Nilsdotter kungör att hon med sin dotter Kristina Mattsdotter skänkt 1/2 markland jord i Vikby i Dalby socken till S:ta Klara kloster i Stockholm. Finvid Finvidsson, Magnus Håkansson, hennes makes broders Jakob Sigvastsson, hennes bror Magnus och utfärdaren beseglar."
CE3F7AEA6,"Almund Nilsson i Horns socken säljer till Magnus i Gunnartorp en attung jord i Gunnartorp, vilken han ärvt efter Nils i Gunnartorp, vidare en hump och tre tegar i Lilla äng i Tjulögatorp och en fjerdings åttung i Norra skogen vid Tjulögatorp för 60 mark svenska penningar. Han uppbjuder jorden på laga ting och ger 40 fastar. Utfärdaren beseglas av Lars Dansson, häradshövding i Valkebo härad."
CF34C0F03,"Mathias Kettilmundsson, drots i Sverige, Håkan Jonsson och Nils Björnsson kungör att de på Riddarhuset i Stockholm hört vittnen om att abbedissan i Riseberga kloster köpt jord i Skäppa av Gustav Karlsson och att Riseberga kloster nu äger gården. De beseglar."
C30E11F84,"Öjar Nilsson kungör att han med sina släktingars och vänners samtycke låtit sina döttrar inträda i Vreta kloster, varvid han till klostret överlåtit hälften av Klypsna (Klyxna i Kristdala socken) och återställt sin systers gods i Yxhult. Utfärdaren, herr Svantepolk, fru K. (Abtissa i Vreta), utfärdaren själv, kanikerna i Linköping Knut och Olof samt klostrets gardian beseglar."
CEA613CF3,"Riddaren Knut Bosson och hans syster Margareta Bossdotter säljer till drottning Margareta allt det gods som deras far Bo Jonsson ärvt av Gustav Folkesson, Ragnvald Magnusson, Rambold Petersson och Finvid Ragnvaldsson, nämligen Gripsholms slott och holmen i Kärnbo sn i Selebo hd i Södermanland, Gotstafs i Kärnbo sn, Gotstafs i Österhaninge"
C217FF9CC,"Kaniken Johannes Westphal i Åbo skänker till S:ta Katarinas altare i Åbo domkyrka en gård i Rentämäki (i Nykyrka) vid Padasjoki å. Utfärdaren samt Dettmar, hans bror, kanik, och Rothker, präst, beseglar."
CDA504ED4,"Fogden och övriga borgare i Linköping kungör att Ingrid från Amundstada sålt till Ragvald, en av deras medborgare, 1 attung och 1/2 i Anundstada, varav 1/12 attung saknas i skogen, och i Aleda 1 hela attung och 1/3 attung med alla tillägor. Vidare säljer hon till Ragvald 2 delar av 1 attung i Ullebylunda. Staden beseglar."
C9F40059C,"Borgaren Bernardus Blomenbergh i Kalmar köper av riddaren Gunne Wresen, som är i hertig Albrekts tjänst, ett skepp, som hertigen låtit återtaga från sina fiender och som Gunne skall bevaka för Bernardus ett år och en dag."
CB9700BAC,"Tomas Öndsson erkänner sig ha mottagit full redovisning av sin släkting Sven Bonde för dennes förvaltning av Tomas Öndssons gods. Vittnen är Vist Bårdsson, Magnus Skogh, Brudd Ingersson och Tomas Öndssons hustru Ingrid. Utfärdaren beseglar."
C93351C5D,Ingrid Andersdotter testamenterar sin gård Möja och sin andel i Honningstad i Köln till Riseberga kloster. Klostrets abbess och konvent beseglar.
C8EC86513,Riddaren Magnus Birgersson pantsätter till Nils Eriksson en gård i Vallsta (i Husby sn) i Selebo hd.
CFEADECFC,Rd Magnus Birgersson pantsätter till Joar Petersson i Värn (i Värnums sn) sin gård i Bodestad (i Nybäcks sn) i Vadsbo hd för 30 mark penningar.
C5DA7C6DF,"Ödgerus i Sjöaryd (i Tofteryds socken) kungör att han pantsätter sina gods i Sjöaryd, Faderstorp och Barkebo (i Tofteryds socken) till Jöns Birgersson för 40 mark svenska penningar, som denne skall betala honom eller hans arvingar på nästa Mariadag, med pantgods i lagenor smör för 5 mark, en oxe för 3 mark och en ko för 12 öre penningar, vilka skall vara honom eller hans arvingar till godo, om han inte betalar inom utsatt tid. Detta sker med samtycke av hans hustru Syster och hans mor Estrid. Utfärdaren beseglar tillsammans med abboten Sven i Nydala, Peter Fröjel och Ulf Arvidsson."
CFB4CB03F,"Peter Johansson kungör att han till Magnus Larsson sålt 2 attungar i Larbo. Tolv män uppräknas som vittnen. Utfärdaren samt Skärijung Ille Andersson, Magnus Svensson, Johansson Håkansson beseglar."
C470D8C9A,"Riddaren Gregorius Magnusson, Peko Glysinger, Halstan Petersson och Anund Finvidsson erkänner sig vara skyldiga Ulf Abjörnsson och Gjödstave Nilsson 80 mark kolnska penningar eller 400 mark penningar i nuvarande mynt, för en sköld som de fått av deras herre kungen. De lovar att inom den 6 januari nästkommande år betala"
C8EE5FCC5,"Magnus Anundsson i Kinninge (i Vreta socken) säljer till Johan Holmgersson 1/2 attung i Kinninge för 40 mark penningar. Ingrid Svantepolksdotter, abbotinna i Vreta, Peter, kyrkoherde därstädes, Magnus Håkansson, Tyrgils Gudebondsson beseglar."
CAD94A191,"Magnus Anundsson i Knippinge i Vrödinge socken säljer till Jöns Holmgersson och dennes arvingar en halv attung i nämnda by för 40 mark i den myntfara som kallas adel­festa. Utfärdaren beseglas av Ingeborg Svantepolksdotter, abbedissa i Vreta, herr Peter, kyrkoherre i Vreta, Magnus Håkansson och Tyrgils Godherbonda."
C339944EE,Kung Birger och ärkebiskop Nicolaus stadfäster den av Birger jarl och ärkebiskop Lars i Uppsala förut i Finland utfärdade ordningen om tionden och andra kyrkliga avgifter. Se vidare DS nr 1012.
CA3C7CD40,Peter Skytte i Viggebydala säljer till Birger Trolle gården Sjöholm i Borshults sn i Lemnhults socken.
C5E2C2105,"Bo Jonsson, drots och kungens ombud i Sverige, och slottsfogden i Åbo Ernst Dotzem intygar att de givit alla de personer som Reval sänt till Åbo full frihet att komma, stanna, förhandla och återvända. Utfärdarna beseglar."
C97FFFAC8,"Nils Ingevaldsson och Ragvald Björnsson säljer med sin herres (Kettil) samtycke till Sune Håkansson en åtting och en tolfting i Björlösen med hus och alla tillagor för 60 mark penningar. De ger Sune Håkansson 20 mark i bättreing. Säljarna eller deras arvingar får inte hindra eller klandra Sune Håkansson eller hans arvingar i godset. Utfärdarna beseglar inte själva, utan ber skäliga män att besegla. Vittnen är herr Asker i Vreta kloster, Hemming i Kila, Dans i Ljunga, Magnus, Joar Östenson och Håkan Johansson"
CE8CED47C,"Birger i Sigrestom, häradshövding på herr Lars Ulfssons vägnar, tilldömer Olof i Skälby 30 skördeskador i Salsta, vilka 12 skördeskadade vittnen (se SD 1359) vittnat om."
C5A3003CB,"Tredingsprosten Jakob i Närke till kyrkoherden Johannes i S:t Olai i Visby med uppgift om att Visby Mariakyrkas församling sänt ombud till honom med privilegierna för nämnda kyrka, vilka han skall överlämna till biskop K. i Linköping för granskning. Därför befaller han Johannes att häva det interdikt, som han utfärdat i nämnda kyrka, till dess han mottagit biskopsbrevet rörande privilegierna. Utfärdaren befaller att brevet skall läsas i Mariakyrkan."
CF6049741,"Jakob, prost i Södra Tjurkö på Gotland, meddelar att han på biskop Karls av Linköping vägnar dömt i ett mål om ett lik mellan Johannes Bremer, kyrkoherde i S:t Johanneskyrkan i Visby, och Johannes Henricus, kyrkoherde i Vårfrukyrkan i Visby, och att han därför lagt kyrkogården i Johannes Henricus' församling under interdikt, men att Johannes Henricus och hans församling sänt en delegation till honom med ett privilegiebrev av påven Urban V, vilket han och hans assessorer Olof av Burs och Andreas av Law granskat och funnit giltigt. Utfärdaren beseglar tillsammans med ovannämnda assessorer."
C237993E5,"Peter Gregersson upprättar sitt testamente. Han väljer att begravas hos predikarbröderna i Sigtuna, där han insätter dem som testamentsexekutorer jämte sin mor och sina bröder. Till dem testamenterar han sin bästa häst, värd omkring 30 mark penningar, vidare 5 mark penningar för att predikarbröderna skall hålla två mässor varje vecka under innevarande år, en på måndagen för de avlidna och en på lördagen för den saliga jungfrun. Vidare testamenterar han 3 mark penningar till de fattiga, ½ mark penningar till varje sockenkyrka i Sigtuna, 1 mark penningar till byggandet av Uppsala domkyrka, 2 mark penningar till franciskanbröderna därstädes, 1 mark penningar till Jungfrukyrkan därstädes och ½ mark penningar till S:t Pers kyrka därstädes. Vidare testamenterar han 1 mark penningar till Helgeandshuset i Sigtuna, 2 mark penningar till franciskanbröderna i Stockholm,"
C96E25600,"De tre prepositurerna i Guttland, Lübeck, Salzwedel och Schwerin vidimerar påven Honorius III:s privilegiebrev (DS nr 241) för S:t Petri kyrka i Visby. Utfärdarna beseglar."
C9718BC54,"Botulf i Visby, Olof i Sanda och Johannes i Rone, domprostar i Gotland, intygar att de den 14/6 1340 vid Kristi lekamens fest läst och noggrant granskat ett av Heliga Birgittas förre biskop i Skara, Guido, utfärdat avskrifterbrev, som de funnit vara oförfalskat och innehålla följande ord: Broder Guido, med Guds nåde biskop i Skara, m.m. Se DS nr 1408 och 1375. Utfärdarna beseglar."
C7F9F76D5,"Karl, lagman i Värend, och hans hustru Hulvild kungör att de i Babylon vid floden, där de nu är fångna, för att förbereda sig för döden, testamenterat en tredjedel av deras gård Bete i Moareds (Måreda) i Nydala socken till gråbrödraklostret i Nydala, där de valt sin gravplats, och att de vidare skänkt 1 mark penningar till varje kloster i Sverige. Eftersom det är svårt att undgå att bli hörd av en stor skara, och det är Salomo som säger att den som sår över alla vatten, som ju är de fattiga, skall få hjälp av många efter denna levnad, har de dessutom skänkt 1 mark penningar till varje kloster i Sverige. För att detta skall bli bestående och ingen framtida klander skall kunna uppstå, beseglar utfärdarna tillsammans med sin notarie."
C36EBDE4C,Olaus Djäken i Tuna kungör att han till Finvid Finvidsson överlåtit 1 markland och 8 penningar i Holamyr i Bonde­kulla socken och 6 öresland i Fensvreta i samma socken samt en liten jordlott vid Bonde­kulla kyrka med alla tillägor för 1 markland och 1 öresland i Hedensberg i Täljebergs socken. Finvid Finvidsson utses till Lagunda provinsens förlikningsman och får fullmakt att utse fastar. Utfärdaren beseglar.
C1A81D3E9,"Karl Stensson ger sin hustru Kristina Kristiernsson morgongåva i Penningby i Frötuna sn, Åkers hd, i Sundby i Tibble sn, Hagunda hd, och i Näsby, Nälsta och Ringsö i Ytter Sela sn, Selebo hd. Vittnen är biskop Peter i Västerås, biskop Anders i Strängnäs, lagmannen i Uppland Ture Bengtsson, Tord Bonde, Gotskalk Bengtsson, Nils Bosson, Knut Uddsson, Gustav Algotsson, riddarna Knut Bengtsson, Anders Ingvarsson, Gregers Magnusson, Peter Finvidsson, Erik Nilsson och Nils Mattsson. Utfärdaren beseglar tillsammans med Ture Bengtsson, lagman i Uppland"
CAFA3C26E,"Karl Stensson erkänner sig skyldig sin farbror riddaren Nils Bosson 100 mark tyska penningar och pantsätter därför 1 markland jord i Brånna i Härads sn, Åkerbo hd, Strängnäs stift."
C076F33B7,"Jon i Säby och Inge i Rävnäs, byggande i Kungensunds socken, intygar att Grindby (i Kungensunds sn) alltid tillhört domkyrkan och S:t Eriks kapell. Utfärdarna beseglar tillsammans med kyrkoherden i Kungensunds socken."
CF5CAA023,"Borgmästare Magnus Baath, åldermannen Knut Mattsson, borgmästare Bengt Jensen, borgmästare Peter Guldsmed, kallad Svartekop, och borgmästare Andreas Eptingsson intygar att Thrugillus Petersson till domprosten Sevidus i Lund överlåtit en tomt vid S:t Jakobs kyrka, som Peter Andersson tidigare bebyggt. Utfärdarna beseglar."
C5147EE3A,"Hertig Kristofer av Danmark giver Stralsunds borgare privilegier att vid Skanörs och Falsterbo marknader årligen utse en fogde över sina borgare, att uppföra sina bodar (vitten) utan att någon annan får bygga på dem, att vid skeppsbrott få hämta ved i hans skogar, att vid dödsfall inom hans rike eller domäner lämna en arvslott och att befrias från alla nya avgifter, men åtnjuta de gamla rättigheterna och avgifterna från kung Valdemars tid. Utfärdaren beseglar."
C71BDF9CC,"Underlagmannen i Hälsningland, Lars Karlsson, kungör att han på uppdrag av underlagmannen i Uppland, riddaren Karl Ulfsson, tilldömer Jöns i Fiskevik, Sven i Fiskevik, Klemmet i Holte, Lars i Vada, Ulf i kyrkbyn, Björn i kyrkbyn, Jon i Berga, Sigund i Ytterö jord i Jettunda sn, som Jöns Djäken sålt till Olof i Fiskevik och Lars Petersson."
C4C8F2D15,"Väpnaren Paul Jönsson i Värstorp bortbyter till riddaren Nils Svarte Skåning alla sina gods i Kättilstorp, Kättilstorpafång, Grimetuna, Spannarp och Stämnared i Skåne, Ginnetuna, Yllevads i Vårdnäs socken, Berga i samma socken, Staffanstorp i Rängslövs socken, Rännarps i Rängslövs socken, Trälsryd i Knäreds socken och två gårdar i Rännarps i Rängslövs socken. Utfärdaren beseglar tillsammans med Magnus Gylta, Jösse Gylta och Michel Skofisk."
C3991AE5F,Lars Dansson ger sin brorson Dan Knutsson 2 attungar i Åkerby i Garbo socken. Hemming av Kyl och Sune av Gammalkil beseglar.
C722A97B6,"Lars Dansson skänker till Kristina Jönsdotter från Skaraltö alla sina ägodelar i Gödslebo, med undantag av ett kvarn i Valkebo härad. Utfärdaren samt Lars Karlsson, riddare och hövitsman i Skåne, och Matheus Håkansson, väpnare i Visby, beseglar."
CF18D7CB1,"Lars Dansson överlåter till sin hustru Änge sin gård i Gesebo med kvarn och alla tillägor, med full äganderätt, och ger henne full frihet att förfara med godsen efter eget skön. Karl Bengtsson, utfärdaren och hans bror Knut Dansson samt hans syster Kristina beseglar."
C77044B54,"Kyrkoherden Johannes i Garn testamenterar till Uppsala domkyrkas byggnadsfond 8 mark penningar, till sin egen kyrka i Garn 10 mark penningar och 1 kvarn, till sin efterträdare 3 mark penningar, till predikarbröderna i Sigtuna 6 mark penningar, till franciskanbröderna i Uppsala 2 mark penningar, till systrarna i Sko 2 mark penningar, till franciskanbröderna i Stockholm 2 mark penningar, till systrarna i Klara kloster i Stockholm 2 mark penningar, till franciskanbröderna i Enköping 2 mark penningar, till hospitalet i Stockholm 2 mark penningar, till varje sockenkyrka i Åsunda härad 1/2 mark penningar och till varje präst i samma härad 1/2 mark penningar, till Östby kyrka i Vallentuna härad 1 mark penningar, till Söderby kyrka i Lyhundra härad 1/2 mark penningar, till Karlskyrka 1/2 mark penningar, till sin ombudsmans hustru Gyrid 5 mark penningar, till sin ombudsmans son Johannes 6 mark penningar, till sin ombudsmans svärson Johannes Karlsson 6 mark penningar, till Guttus diakon 4 mark penningar, till herr Hennike i Hattuna 1 brev, samt beseglar. Utfärdaren samt domkapitlet i Uppsala, herr Hemming, kanik i Uppsala, herr Bo, prior för predikarbröderna i Sigtuna, herr Hennike, präst i Hattuna, herr Bero av Gärdesta samt utfärdarens församlingsbor Finnvid av Brunnsta, Attö av Kyninge, Lars av Kumla, Hemm"
C1AE2F1A9,"Sveriges, Norges och Skånes drots Nils Abjörnsson och marsk Håkan Mattsson kungör att Nils Nipretz och Gustav Ionsson den 2/2 1336 i Helsingborg slutit förlikning med varandra och sina släktingar rörande alla tvister och meningsskiljaktigheter, vilka fram till denna dag uppstått mellan dem och deras släktingar, och att de förbinder sig att aldrig öppet eller i hemlighet motsätta sig denna förlikning. Utfärdarna samt Mattsson, Saxe Petersson och Jakob Jonsson av Markkyöge beseglar."
C2C353648,"Abbot Johannes av Cisterciensorden i Paris till sina koabbotar i Alvastra och Varnhem i Sverige med befallning att bekräfta munklöversövergången av Gudsberga nunnekloster till Rättvik, som skett utan tillstånd av generalkapitlet, samt att med exkommunikationshot återföra de nunnekloster i Sverige, som avvikit från ordens lydnad."
C68FA4B31,"Ingeborg Dansdotter säljer sina gods i Stavsäter i Husaby socken i Östergötland till sin släkting Gudmund Toresson för 135 mark penningar. Utfärdaren samt Magnus Bengtsson, Inge Kettilbjörnsson, Birger Magnusson, Knut i Härestad, Harnike Botvidsson samt utfärdaren beseglar."
CEC743936,"Aslak Botolfsson och Anund Torleifsson, lagrättermän i Orust, kungör att de på Tängnabys kyrkas vägnar den 12/1 1375 (1374/1375) hört och sett att Sten Helgesson upplåtit till sin son Jon hälften av en öresbol i Skånarp (i Tängna socken) på villkor att denne skulle ligga i kyrkan med alla de lut och lunnor som till den förra och nuvarande kyrkan hörde, men att biskopen inte ville ge sin nådige herre Jon tillstånd att ta den andra hälften av öresbolet, så gott som den var med lunnor och lösa gods i kyrkan. Utfärdarna beseglar."
C4EC8CA7D,"En prästkandidat av premonstratensorden, diakonen O, rekommenderas till prästvigning av utfärdaren, som vidare meddelar att präster i utfärdarens stift vägrar att tillåta premonstratensbröder att höra bikt, vilket vållar stor skada för de troende. Utfärdaren rekommenderar därför Bodon, Simon, Johannes Succke, Hermannus Lydekini, Johannes Fokka m.fl. till biktfäder. Vidare omnämns att premonstratensbrödernas klosterbyggnader är förfallna."
C1C2F8BFC,"Henrik Raspe, Hans Stopa, Weke van Hugevez och Albrekt van Sager erkänner att de på kung Valdemars vägnar upptagit och fullgjort alla de löften som de givit till kung Albrekt av Mecklenburg och hans medlovare, vilka löften de nu återkallar. De lovar att hålla och bevara de städer och land som kung Valdemar givit dem, och beseglar."
C7BC1D588,"Sigge Larsson säljer till Arvid Gunnarsson gården i Hangstad, som han fått i pant av herr Mattias Gustavsson."
CB53CCA07,"Sigge Larsson ger sin hustru Kristina morgongåva i Birka och Fenslunda med alla tillägor. Om han skulle dö före henne utan barn, skall egendomen tillfalla henne och hennes arvingar. Om hon skulle dö före honom utan barn, skall egendomen tillfalla honom och hans arvingar. Om han skulle dö före henne med barn, skall egendomen tillfalla deras äktenskap och inte deras framtida barns. Anundus Sture, Helgon, prost i Långeem, Nils Tanne, Sigurd samt utfärdaren beseglar."
C82507AA6,"Ödger Björnsdotter och hennes dotter Anna Nilsson säljer till borgaren Olof Skytte i Stockholm en tomt vid Norrmalm, norr om stadsporten, mellan Ramborg Unges och Nils Blankestenar tomter. Köpet bekräftas av dandamännen herr Evert Greve, borgmästare i Stockholm, Sape, Klaus Guldsmed och Gerd Surabäck. Utfärdaren beseglar."
CDBE3F5E2,Biskoparna Erland i Färila och Arvid i Bergen samt Bergen domkapitel vidimerar greve Jakobs brev av den 12/10 1306. Utfärdarna beseglar.
C3E2A426F,"Ärkebiskop (Magnus) i Uppsala, som blivit vald och invigd, exkommunicerar biskop Brynolf i Skara, som genom sina ombud, kaniken Nicolaus och prästen Benedictus, blivit underställd exkommunikation, om han inte håller sig till de artiklar, som blivit uppgjorda mellan kung Magnus och honom. Dessa artiklar är: 1) Att han aldrig skall ge någon skadlig råd, hjälp, öppen eller dold, till kung Magnus eller hans barn, utan hjälpa och stödja dem så mycket han kan, med bibehållande av kyrkans rättigheter i allt lagligt och hederligt. 2) Att han inte skall giva sina bröder eller andra, som han nu eller i framtiden kan veta vara kungens fiender, öppen eller dold hjälp till deras skada eller rikets förfång. 3) Att han inte skall uträtta eller låta uträtta något inom eller utanför riket, som han i samvete anser kan vara till skada för riket eller kungens majestät. Och om han av trovärdiga personer får veta något som kan vara till skada för kung Magnus eller hans barn, skall han omedelbart underrätta kungen eller hans ombud därom, så gott han anser lämpligt för rikets bästa. Biskop Brynolf skall alltså exkommuniceras, om han inte håller sig till dessa artiklar."
C7F7C266E,"Lars Ingemarsson skänker jord i Ed, Norslunda, Dygra Örva, Nerdena, Kimsta och Skånela till sin dotter Agnes och till hennes syster Agnes, sin brorsdotter. Kyrkoherden Nils Botvidsson i Vada intygar att Lars Ingemarsson skänkt jord till Agnes, sin brorsdotter. Utfärdaren samt riddaren Knut Uddsson och Erik Nilsson beseglar."
CA5052B00,"Abbotarna Petrus i Esrom och Tidemannus i Varnhem av Cisterciensorden i Roskilde och Skara stift meddelar att de mottagit abboten Stephanus i Clairvauxs brev till sina medabbotar i Novalla och Alvastra, vilka inte är raserade, ogiltigförklarade eller på något sätt skadade, och att de i enlighet med sina överordnades befallning personligen besökt Alvastra kloster den 2 april 1381 och därvid förhört vittnen om de överträdelser och motstånd som abboten Johannes de Chassingnollis från Clairvaux, som var utsedd att besöka Alvastra kloster, mött av abboten Matheus Knopp, som företrädde Alvastra kloster. Vittnenas vittnesmål och eder har de fört till abboten Stephanus i Clairvauxs kännedom. De uppmanar sina medabbotar att offentliggöra att Matheus Knopp är exkommunicerad och att de skall förkunna detta för honom, så att han inte kan hävda att han inte blivit informerad om exkommuniceringen, och att de skall citera Matheus Knopp till nästa generalkapitel. Utfärdarna beseglar."
C3A009D48,"Sune Tjälvesson Orm och Simon, Sunes systerson, säljer till Alvastra kloster kvarn i Broby i Dals hd och jord i Broby och Åby med alla tillägor för 5 1/2 öresland och 16 mark penningar samt jord i Åsby och Iksta för 2 1/2 öresland och 3 örtugland. Alla andra godemän i Broby och Åby säljer till klostret vägen och strömmen från Kolsbro till nämnda Broby kvarn för 20 mark penningar."
C6274C71D,Rd Bengt Karlsson säljer till riddaren Karl Karlsson halva Åkerfors kvarn i Björkviks socken i Oppunda härad.
C0BD19A8A,"Riddaren Bengt Nilsson, som ärvde sin mormorsgård i Åsle av hennes testamente, skänker den till Vårfrukyrkan i Skara på villkor att den förblir i kyrkans ägo och att den inte återgår till hans släkt. Domprosten Folke i Skara samt utfärdaren beseglar."
C5031EDDF,"Riddaren Bengt Nilsson säljer till Magnus Tyrgilsson 10 öresland i Säby i Knivsta socken och 7 örtugland i Nora i samma socken. Utfärdaren samt Nils Kettilsson, Lars Olofsson, Harald Jakobsson, Björn Nilsson, Filip Karlsson, Johan Haraldsson, Lars av Lidingö, Olof Galle, Bengt Galle, Matts Ingabjörnsson, Nils Petersson, Lars av Ällö beseglar."
C9D6D4C1A,"Riddaren Bengt Nilsson säljer till Knut Bosson, riddare, de gods som Karl Magnusson sålt till honom, nämligen Samsöke, Bergaboda, Kilafors, Horn, Yttre Hultamala, Hornsvedja, Långgvik, Nävarsvik, Hultbodarna, Tötingamåla, Örshammar, Vadsbäck, Sjöhult, Stäkelo, Gödhammar, Rödlösa, Mummarp, Marslota, Gäddeglo, Krakaboda, Sväckrafälle, Gårdsrum, för 500 mark penningar, varav 250 mark penningar skall betalas nu, 125 mark penningar vid midsommar nästkommande år, 125 mark penningar vid Mickelsmäss nästkommande år och 125 mark penningar vid påsk nästkommande år. Om Bengt Nilsson dör och Knut Bosson eller hans arvingar vill behålla godsen och återbetala de 500 mark penningar som Bengt Nilsson lovat, skall Bengt Nilssons arvingar återbetala sina gods till Knut Bosson och hans arvingar. Bengt Nilsson beseglar. Vittnen är riddarna Magnus Sture, Folke Folkesson, Olof Mattsson, Olof Djäken och Kettil Djäken."
CBDD7B13A,"Riddaren Bengt Nilsson kvitterar för den summa pengar, som han fått för sitt andel i Stäkeholms slott och fäste i Tjust, och återlämnar dessa till kung Erik. Utfärdaren samt ärkebiskop Peter i Lund, biskop Knut i Linköping, biskop Nicolaus i Västerås, herr Jens Due, herr Anders Jakobsson Lunge, herr Erik Krummedige, herr Algot Magnusson, herr Benedictus Pugwisch, herr Nils Gödstafsson, riddaren Knut Odesson, Hans Kroppelin och Jens Larsson av vapen förordnade vittnen beseglar."
CF515EC5A,"Riddaren Bengt Nilsson erkänner sig vara skyldig Mariakyrkan i Skara 300 mark penningar, vilka skall användas till att byta till jordegendomar, varav en mässa skall firas i Skara och en i Fogelås kyrka varje vecka för den framlidne ärliges man magister Björn. För att säkerställa betalningen av dessa 300 mark pantsätter utfärdaren sina gods Hökabäck och Brängesås i Kållands-Åsaka socken, Röriksberg med kvarn och Tolstorp med kvarn. Godsen skall inte lösas förrän efter skörden av innevarande år, och om de inte löses inom tre dagar efter nästa Skara-synod skall de tillfalla kyrkorna. Om godsen överstiger 300 mark skall Bengt Nilsson eller hans arvingar få ersättning. Utfärdaren beseglar tillsammans med Lars Björnsson och Magnus Andersson."
C0184C531,"Rd Göstav Magnusson, lagman i Västergötland, tilldömer på kungens vägnar Markvard Linka, fogde i Vartofta härad, kvarn, tomt, gård och fiske i Hagaboda (i Hällestads sn) till Udd Martinssons barn, herr Knut Uddsson och hans syster Tume (Tumme) i utbyte mot gården Stålberga mellan Skara och Axvall. Vittnen är Lars Torstensson i Hanstorp, Jon Tokesson i Dvärstorp och häradsmenigheten Arnvid Hilfvesson, Jöns Assarsson, Anders Hallansfarer, Lars Spak, Lars Stanne, Nisse Brodderson, Lasse i Hanundö, Sven Arnvidsson, Jöns Tokesson, Anders Olofsson, Peter Kettilsson. Utfärdaren beseglar tillsammans med häradshövdingen Torbjörn Karlsson och Markvard Linka."
C52E6D8D9,"Ingeborg Bengtsdotter, Olof Bengtsson, Lars Smed och Cecilia, Olof Bengtssons hustru, säljer till Bo Jonsson, drots i Sverige, med samtycke av sina vänner och fränder, följande egendomar på evig tid: Ingeborg Bengtsdotter säljer 6 penningland jord i Kroknäsa i S:t Nicolai socken för 100 mark svenska penningar, Olof Bengtsson säljer 2 torp, det ena vid Vedeå och det andra vid Olofstorp, som han innehade i samma socken för 100 mark svenska penningar, Lars Smed och Cecilia Bengtsdotter säljer 7 ½ penningland jord i Ekeby och hela sin ägolott i Ämtenäs i samma socken i Jönåkers härad i Strängnäs biskopsdöme för 100 mark svenska penningar. De tre sistnämnda säljarna uppburit hela summan av 300 mark svenska penningar och kvitterar Bo Jonsson och dennes arvingar för egendomarna. De tre säljarna beseglar."
C7EBE12D8,"Hertiginnan Eufemia av Mecklenburg kungör att hon på sin herres hertig Albrekts av Mecklenburg vägnar avträtt Hageneu, som varit hennes livgeding, till Reimar van Plesse och dennes arvingar. Utfärdaren beseglar."
CBC632E37,"Priorinnan Elin i Skänninge nunnekloster, Botild Bengtsdotter och hela konventet därstädes ger häradshövdingen Peter i Västergötland fullmakt att på deras vägnar ge prosten i Eskilstuna och hans bröder därstädes fasta och lysning efter landslagen på deras gods i Öster-Götland, vilka de till dem överlåtit med skifte, och vill att det skall gälla som fast och stadgadt att det fasta och lysningen givits efter det de bett och på det sätt de givit. Utfärdarna beseglar."
C91C9128F,"Sune, lagman i Närke, kungör att han med biskop Isar i Strängnäs och med Werners Brunks söners samtycke till Riseberga kloster skänkt gården Alm med tillägor på grund av den prebenda, som han därstädes upplåtit åt Cecilia, dotter till nämnde Werner Brunke, och vidare 40 mark penningar på grund av nämnda prebenda och de därstädes förorsakade kostnaderna, vilka han önskar att de nämnda Werners Brunks arvingar skall betala inom ett år från påsk. Gerhard, prost i Närke, och Johannes, kyrkoherde i Örebro, beseglar."
C917D3032,Abbot N. i Alvastra intygar att han inte hört talas om att någon av Fluvut och hans arvingar på något sätt tillskansat sig Boyrkefors (i Finnveden) under den tid han vistats i dessa trakter. Utfärdaren beseglar.
CA8F326F7,"Abbot N. i Alvastra intygar att han under sin abbotstid i Nydala kloster inte tillåtit några byggnader vid kvarnarna Fröle eller Hembleshult, vilka tillhör Nydala kloster, och att han inte tillåtit någon att bygga kvarnar på sträckan mellan Fröle och Hembleshult, som"
C1C439E84,"Björn i Kalstorp säljer till häradshövdingen Jon Nilsson 6 öres skäppa i Kalstorp och 1/2 marks skäppa i Olofshus för 30 mark svenska penningar. Jon Nilsson löser för honom ett bylag i Huskaby och Huskabyfiskare, hustru Jöns i Skinnberga i Skinnberga socken. Utfärdaren överlåter därför till Jon Nilsson och hans arvingar"
CC8A5DC8D,"Nils Håkansson i Östansträsk upplåter till riddaren Nils Svensson i Ällinge fullmakt att lösa sin gård Vinarp i Härslövs sn i Rängs härad. När Nils Svensson löst gården skall han och hans arvingar ha den som pant för de 13 skånska mark, som gården pantsatts för till Härslövs kyrka, så länge Nils Håkansson eller hans arvingar inte löst annat gods i Vinarp. När Nils Håkansson löst det andra godset skall han lösa gården Vinarp igen för de 13 skånska mark. Utfärdaren beseglar."
C6797D75B,"Lagmannen i Södermanland Magnus Finvidsson grundar en prebenda vid Strängnäs domkyrka till ära för apostlarna Petrus och Paulus, kyrkans skyddspatroner, och utrustar den med avkastningen av 4 mark penningar, som årligen skall utgå av de gods, som han äger i Holby (i Vansö socken), Lagnö (i Vansö socken), Helgarö (i Vansö socken) och Almby (i Vårdnäs socken). Han förordnar att Strängnäs domkyrka efter hans död skall övertaga dessa gods och till den av honom utsedde vikarien årligen lämna 40 mark penningar, varav 1 mark silver efter stockholmsvikt skall motsvara 6 mark penningar. Han vill vidare att vikarien, som han eller hans arvingar utsett, skall deltaga i huvudandakterna och läsa 3 mässor varje vecka för hans och hans föräldrars själar. Vidare vill han att patronatsrätten till vikariestolen skall förbli hos honom och hans arvingar, förutsatt att han behåller godsen med deras avkastning under sin livstid och att de efter hans död fritt övergår till kyrkan. Biskop Tyrgils i Strängnäs, riddarna Magnus Håkansson och Sten Bengtsson, väpnaren Lars Filipsson och hans bror Ragvald Magnusson samt utfärdaren och hans hustru Margareta Knutzdotter beseglar."
C06EE8C50,"Olof Kärling intygar att han uppburit av riddaren Bengt Filipsson 100 järnbönder och 70 i Fröjninge socken belägna gods, nämligen Fröjninge och Fröjningeholmen, utan att något undantag gjorts. Vittnen är mästaren Villus. Utfärdaren beseglar."
C6DE847BA,"Påven Sixtus V utnämner biskop Marin i Kammin till apostolisk nuntie i Danmark, Norge och några andra länder."
C44A88482,"Kung Erik av Danmark utfärdar fullmakt för professorn i kanonisk rätt Vilhelm Kraak och domprosten Jordanus i Salingsysel att i hans ställe uppträda inför påven och hans ombud i alla mål, som han har eller kommer att ha mot ärkebiskopen i Lund Esger, särskilt i anledning av den klagomålsskrift, som han till påven inlämnat, eller som Esger mot honom har eller kommer att ha. Utfärdaren beseglar."
C46AE172A,"Petersdotter, änka efter Peter Boson, ger Holmger Jönsson fullmakt att på hennes vägnar kvittera alla hennes gods i Ytleryd och Linderyd. Utfärdaren beseglar."
C67FC447C,"Torstensdotter, änka efter Peter Boson, återlämnar till Torsten Turesson gården Ötaryd, som hon ärvt efter sin man, och den del av Linderyd, som hon köpt av honom, i utbyte mot alla de skulder, som hon varit honom skyldig. Utfärdaren samt Peter Ekeson och Holger Jonsson beseglar."
C2BF51F72,"Peter Tomasson säljer till Bo Jonsson, drots i Sverige, och dennes arvingar följande egendomar på evig tid: 1 attung och 1 åttondel attung i Skog i Västerviks (nu Gamleby) socken och Hanekinds härad, ½ fjärding och 1 spann korn i Valsunga i Björsäters socken och Bankekinds härad, 1 spann korn i Tida i Björsäters socken och Bankekinds härad, ½ mark i Långsrum i Röds socken och Skärkinds härad, 1 öres avrad i Östergården i Hombla i Björsäters socken och Bankekinds härad, 3 öre i Dånvik i Björsäters socken och Bankekinds härad, 1 gård i Söderköping och 1 gatubod i S:t Lars socken, vilka gårdar Peter Tomasson förut innehaft. Egendomarna överlåts med alla tillägor, undantagande skogar, fiskevatten, tomter, tomtstäder, torp, torpstader, närbelägna och fjärran inom och utan gårdar, som tillhört eller kan tillhöra dem. Egendomarna överlåts med full äganderätt, så att Bo Jonsson kan fastfara dem med fast och full skäl efter landslagen. Peter Tomasson lovar att hålla fasta och stadhugna egendomarna för Bo Jonsson och dennes arvingar utan alla gensägner och arghalster. Brevet beseglas av utfärdaren och av följande vittnen: Staffan Stangenberg, Harald Bagge, Håkan Kampe och Jon Upplänning."
C5B2E35E3,"Peter Tomasson skiftar med Olof i Blystad jord i Västre Halaby, som han erhållit av Håkan Fadersson, och ger honom 3/4 spanns avgäld i Östra Storp kvarn i järn och sten och 4 öres avrad i Östra Storp i åker och äng, skog och fiskevatten inom och utom gården. Detta sker på ting och är lagligen gjort. Utfärdaren beseglar tillsammans med Verner i Händelö."
C82FD66DE,"Riddarna Jöns Dume, Bengt Nilsson, Algot Magnusson, Sven Sture, Otto Pekkatel, Erik Umre, Henrik Tuv och riddaren Albrekt Styke samt knappen Albrekt Styke utfärdar sonatidinge mellan Erengisle Albrektsson och hans hjälpare och Erengisle Albrektssons svåger Arvid Svan på den sistnämndes vägnar och för alla andra Nisse Arvidssons arvingar. Erengisle skall genast föra Nisse Arvidssons lik till Skänninge frukloster och låta begrava det där med 40 präster samma dag som liket anländer. Vidare skall Erengisle låta begrava Nisse Arvidsson i sin sockenkyrka tre gånger om året, en gång vart år, med 12 präster. Vidare skall Erengisle omedelbart efter påskdagens midfastosöndag bege sig till Vadstena kloster för Nisse Arvidssons själ. Vidare skall Erengisle omedelbart efter 13/6 bege sig till Uppsala domkyrka"
C17687E32,"Fogde, borgmästare och råd i Västerås kungör att herr Jacob Fastolfsson riddare och Karl Styrkarson på rådets vägnar förklarat sig nöjda med ett arvskifte mellan dem rörande gårdar, tomter och lösegendom efter fru Lucia, Karl Styrkarsons hustru. Herr Jacob och hans arvingar skall för evigt äga den gård som Olof Djäken byggt i Västerås norr om Gropen och en tomt väster om Klas Dörings gård, medan Karl Styrkarson och hans arvingar skall för evigt äga stenhuset, tomten på Näset och stenhuset därpå. Båda parter lovade att inte ifrågasätta eller återkalla detta skifte. Utfärdarna beseglar tillsammans med herr Jacob."
C1A166A73,"Ärkebiskop Jakob i Lund giver till Lunds domkyrkas fromma och till ära för Gud, Jungfru Maria och S:t Lars martyr, alla sina gods i Hovstorp, Dåsarp, Särslöv och Vitteinge Norr samt sitt kvarnfall vid Tågarp med alla tillägor. Dessa gods skall tillfalla domkyrkan för att därigenom kunna underhålla så många fattiga skolbarn från Lunds skola som möjligt, vilka skall utses och avskedas av ärkebiskopen för tiden. Denne skall även förvalta och försvara de rättigheter som domkyrkan har i de ovannämnda gods och godsdelar. De fattiga skolbarnen skall vara sådana som är dugliga och har ett gott lynne och som kan förväntas göra framsteg i sina studier. Utfärdaren närvarade vid överlåtelsen."
C9648EB9C,"Ärkebiskop Jakob i Lund kungör att han skänker sina gods i Hovstad, Duvestad, Särslöv och Vitteby till Lunds domkyrka. Utfärdaren samt domprost Sakerus, dekan Olof, Bengt, Mathias, Erland, Johannes Dros, Trugot, Nicolaus de Baldringi, Nicolaus cellerarius, magister Boone, kaniker i Lund, Gotfridus presbyter, magister Karl, kanik i Dalby, Esbern Vagnsson, Andrea, utfärdarens bror, Nicolaus Eresen, Toke Nilsson, Johannes Åvesson beseglar."
C81305B16,Nils Nilsson pantsätter sina gods i Muda och Gestlösa till Torbjörn Nilsson för 11 mark penningar nya svenska penningar. Utfärdaren beseglar.
CAEDD8A8A,Nils Niklesson pantsätter sina gods i Muda och Gestlösa till sin skuldsedelagare Thure Niklesson. Utfärdaren beseglar.
C8E3850E1,"Hertig Rudolf av Sachsen och Lüneburg, pfalzgreve av Sachsen, greve av Brandenburg, burggreve av Magdeburg, ärkefältherre och kurfurste av det heliga romerska riket av tysk nation kungör för Vårfruberga kloster att en ny kyrka invigts i Brandenburgs stift, där många mirakler sker genom Jungfru Marias förbön, och att många människor vallfärdar till denna kyrka. Hertigen ber därför klostret att skicka några av Jungfru Marias reliker till denna kyrka, så att de kan förvaras där och att klostrets minne skall bevaras där. Utfärdaren beseglar."
CE2359DF3,"Rd Ivar Nilsson, Östergötlands lagman, utfärdar fastebrev på en sjöskiljedom mellan Tuna och Tordönäs på ena och Gyllinge på andra sidan, som han tilldömer Gyllinge."
C3B8AFC3C,"Tume van dem Berge erkänner sig ha tagit emot ett öppet brev av Bo Jonsson, drots i Sverige, på 3000 mark svenska penningar, som borgmästare och råd samt all menighet i Stockholm utfärdat på Volrad van Tzula, vilken är skyldig dem 3000 mark svenska penningar. Tume van dem Berge förbinder sig och sina arvingar att ersätta Bo Jonsson och dennes arvingar för det öppna brevet, som Ludger utfärdat på 3000 mark svenska penningar, och att inte göra några ytterligare anspråk på Volrad van Tzula och hans arvingar eller på sig själv och sina arvingar eller på någon annan. Tume van dem Berge beseglar. Nyckelharpan i Nyköping beseglar."
C3887C332,"Riddaren Anund Jonsson upplåter till Kalmar nunnekloster jord i Tygböle i Lunds socken, som han har bytt med klostret mot jord i samma by. Utfärdaren beseglar."
C227DDAC6,"Biskop Peter i Roskilde och kapitlet därstädes kvitterar för de 14 000 lybska mark, som de av kung Erik och drottning Margareta fått i pant för Skanörs slott och Falsterbo, och återlämnar dessa till drottningen."
C710E2DBC,"Peter Sadelmakare i Skänninge, som är borgmästare därstädes, testamenterar till Vadstena kloster sin gård i Skänninge, som han och hans hustru Gertrud ger till själagift. Han ger fullmakt till klostrets abbedissa och föreståndare att sälja gården. Han ber att hans hustru och barn skall få fri nyttjanderätt till gården efter hans död. Han beseglar."
C41CFDA0A,"Nisse Erlandsson pantsätter till välboren man Birger Knutsson sina gods i Bovatorp (i nuvarande S:t Pers socken) för 20 mark silver av Kölns vikt, att betalas inom nästkommande pingst, eller i smör av samma värde, med villkor att om betalning inte sker, godsen tillfaller Birger Knutsson och hans arvingar. Utfärdaren samt välborna män Knut Jonsson, Nisse Knutsson, herr Unne från Berga, Bote och herr Tord, kanik i Linköping beseglar."
C4345F5A9,"Nils Erlandsson kungör att han till den för hans herre kung Håkans räkning fängslande Knut Jönsson avträtt sina gods Stödestad och Grindaby i Östergötland med alla deras tillägor. Riddarna Erengisle Sunesson, Magnus Nilsson, Jöns Erengislesson och Erik Kettilsson beseglar."
C4B0C17D8,"Nils Erlandsson ger sin frände Birger Knutsson 100 mark penningar i gottgörelse för en skuld, som han är skyldig honom, och pantsätter därför sina gårdar i Utterup, Ingeslövsboda, Väshult och Pakeberga med alla tillägor."
C681E7938,"Nils Erlandsson säljer till Birger Knutsson sitt gods i Harstads by i Nye socken. Utfärdaren samt abboten i Nydala, hans far Erland Matzson och Håkan Ryvkullsson beseglar."
C930C51AF,"Nils Erlandssson bortbyter till sin systerson Arvid Bengtsson sitt gods Tyringe i Halland, som han erhållit av denne med rätt skifte för 20 lödiga mark i lödigt silver. Utfärdaren och Johan Brutzson, Ärland Mantusson beseglar."
CA418B8C3,"Nils Erlandsson bortbyter till sin måg Anders Nilsson sin mödernearv i Södra härad, nämligen gårdarna Hagaby Norrre, Hagaby Södre och Hagabotorp, samt i Norra härad Gösbäck och Ljungnäsa. Utfärdaren samt Nils i Lofta, kaniken i Linköping, Johannes Botulfsson och herr Peter i Edh beseglar."
CAE9C4801,"Nils Erlandsson pantsätter till Birger Knutsson 50 mark och 100 penningar för gods i Hargsstad, utom de yttre kvarnarna, som Birger Lille står, med allt därtill hörande. Om inte gälden erläggs vid mickelsmäss, skall godset tillfalla Birger Knutsson och hans arvingar. Vittnen är abboten i Nydala, herr Uno i Bjurum, utfärdaren själv."
CC2AD4611,"Nils Erlandsson säljer till riddaren Halstan Petersson sina gods Skymmesås, Svinås, Äspealmning och allt han äger i Lemnhults socken i Sanda socken, mot att Halstan ger honom sina gods Medalby i Förlösa socken, Halahult med en malmskog, Hårskruffsmala och Kuttahult i Älgahults socken. Vittnen är Magnus Knutsson, Håkan, kanik i Linköping, Johan Göthasson och utfärdaren."
CC7C5EBD1,"Nils Erlandsson ger Jöns Bruddesson, häradshövding i Oppvidinge, fullmakt att för hans systerson Arvid Bengtsson övertaga hans gods i Sjösås socken, nämligen Pilaås, Haraldslycke och Vedeås. Utfärdaren beseglar."
CD354A514,"Nils Erlandsson säljer till sin systerson Arvid Bengtsson sina gods i Pileås, Haraldslycke och Vedeås mot sin gård i Tärninge i Hallingebergs socken och 20 mark penningar. Utfärdaren samt Johan Bruddesson, Hemming Larsson och Abbon Dordson beseglar."
CFFC2F681,"Nils Erengislesson pantsätter till herr Ebbe Pyk 16 lödiga mark i Köln till belåning för gods i Östergötland, nämligen Skedvi i Skärkinds socken och i Kuddby i Värna socken. Om han inte kan lösa in godset inom fastogången, skall han och hans arvingar göra herr Ebbe skadeslös. Om han inte kan få samma penning i lödigt silver eller 20 tunnor smör samma dag, skall inte landgäld av godset avräknas i huvudskulden, hur länge det än står i pant. Utfärdaren samt herr Atte i Värna, Arvid Svan och Sten i Hå beseglar."
CE1B62021,"Jöns Djäken, underlagman i Finland, utfärdar fastebrev på jord i Livskallioby i Virmo socken, som Anders Kaponen, Olof Kälänpoika, Thomas Tyvänen, Paulus Laddenpoika, Jop Pursia, Anders Lempiskallio, Jop Parse mager, Henrik Vina, Lars Kasuri, Olof Korpolainen och Olof Livskallio skattat av Peter Tyske."
C612ABF25,"Anbjörn Holmvidsson erkänner sig vara skyldig Margareta, änka efter Torbjörn Magnusson i Nyköping, 24 penningar i nuvarande mynt, för vilka han pantsätter ½ markland i Tärna till henne på Mikaelidagen nästkommande år, annars får hon fritt göra med egendomen vad hon vill. Utfärdaren beseglar."
CBED8E37E,"Arnbjörn Holmvidsson kungör att han till Sune i Tärn avträtt 2 örtugland i Vallum och 1 örtugland i Berga i Husaby socken samt ön Masö med full äganderätt. Utfärdaren samt Magnus Ragvaldsson, Olof i Bettna och Nils i Husaby beseglar."
C69E7C834,"Hertig Birger av Sverige kungör att han låter Riseberga kloster erhålla 8 öknar, Snevringe härad 4 öknar, Fivelstads härad 9 öknar, Gillberga härad 2 öknar, en gård vid Hovbro, kallad Lotorp, med ett kvarnställe och hälften av alla fiskar som fångas i Anen i Mosjöby, samt 2 öknar i Rävinge och 1 ökning i Värmlands fiske. Den som vågar angripa dessa Guds helgade landegendomar skall veta att han utsätter sig för hertigens och hans söners och föräldrars hämnd och skall bli bannlyst av Gud och alla helgon."
CFA473D48,"Hertig B. kungör att han skänkt till Risbergaklostret all laxfisk i Värmland som han besuttit. Om någon skulle försöka ta den ifrån klostret, skall han veta att han tillägnar sig Guds och alla helgons vrede."
C8C8DCBA3,"Brynolf Håkansson skänker till Nydala klosters kyrka ett äng i Loftaås, kallat Kyrkängen. Kyrkoherden Mathias i Frövi beseglar."
C80976188,"Nils Kettilsson, häradshövding i Frötuna, kungör att han till Botvid i Hammarby på tinget i Mittenneby den 7 april 1366 skilt sig från det byte som Olof Nilsson i Hammarby gjort med Botvid. I utbyte mot 2 örtugland och 7 ½ penningland i Mittenneby och 1 örtugland och ½ penningland i Västby i Åkers härad fick Olof Nilsson 2 ½ örtugland i Hammarby i samma härad. Fastar var Sven i Repskägg, Peter i Hornacka, Anders i Utby, i Kvisselmåla, Jon Toresson, Jöns Unge, Peter i Kvisselmåla, Anders Kant, Olof Unge, Peter i Östby, Viggelsö, Botvid i Svinö. Vittnen var Johan i Tälje, Anders i Berga. Utfärdaren beseglar."
C6F307E25,"Hertig Barnim av Stettin kungör att han på råds och fullmaktens vägnar för sig och sin bror hertig Wartislav förpliktar sig att hålla alla de löften och förbindelser som kung Erik, drottning Margareta och deras rådsherrar givit honom och hans bror. Hertig Wartislav skall inom tre månader efter påsk"
C7BE1E528,"Akke Pik kungör att han till Gudhem kloster överlåtit alla sina och sin hustru Kristina i Slätthult egendomar samt sin dotter Margareta med hennes gods. Vidare kungör han att han av Knut Ebbasson köpt Bero Gäddas gods, som denne innehaft, och att han till sin dotter överlåtit dessa gods, vilka han köpt på så sätt att Bero Gädda till Bero Ebbasson betalat 1/2 spann grön tyg, 5 nötkreatur och 20 mark penningar. Utfärdaren beseglar."
C78AF8128,"Lars i Bjärka upprättar sitt testamente. Till Uppsala domkyrka, där han väljer sin gravplats, skänker han bl.a. 11 örtugland i Valby, 1 öresland i Ledungsby, 1 öresland i Lunby i Vänge socken, 1 öresland i Åby i Jumkils socken, 2 örtugland med 3 penningland i Åkerby i Söderby socken, 8 örtugland med 5 penningland i Ärna, 1 öresland med 1/2 örtugland i Vaksala, 1 öresland i Försäng i Ärsta, 3 lass spannmål, 30 mark penningar, 3 årsminnesgudstjänster, 1 öresland i Nävby i Bjärka socken, 2 örtugland i Ekeby, 1 öresland i Nyby, 1 öresland i Åkerby, 1 öresland i Vaksala, 1 öresland i Ärna"
CB8C2A4C0,"Abbedissan Gertrud Johansdotter i Vårfruberga kloster (Strängnäs stift) bortbyter till Olof Djäken i Löfsta i Tälje socken (Sigtuna stift) jord i Björksta, Kustom, Vadhby, Norrbolstad, Berby, Dalby, Berghem, Berby, Söderviggeby, Arby, Rädlinge, Skälby, Ekeby och Kinger i Gamlakloster (nu Fogdö) socken (Åkers härad) mot jord i Berga"
C67174AEB,"Gutorm Turesson kvitterar herr Birger Gregersson och hans bror Johan Gregersson för 3 markland, 7 örtugland och 11 penningland jord, som han uppburit för sin hustrus syster. Utfärdaren beseglar tillsammans med Thomas, biskop i Växjö."
C92F0090B,"Gudmund Toresson giver sin hustru Inge i morgongåva 1 markland i Tuna i Munktorps socken, 13½ örtugland i Hammar i samma socken, 3 öresland i Stenby i Munktorps socken och ½ öresland i Hemmlinge i Munktorps socken. Greger Magnusson, Sigge Magnusson, Bengt Sigurdsson och Anund Petersson beseglar."
CDABB4C99,"Håkan Oddsson, kyrkopräst i Hösna, pantförskriver till Lindorm Jonsson en gård i Grimstorp i Vartofta härad i Sandhems sn."
C691F777E,"Magnus Bot, landsdomhavande i Skåne, Jakob, abbot i Helgeandskyrkan i Lund, Jes Truedsson, riddare, Hans Laxman, kanik i Lund, Nils Jakobsson, väpnare, Jon Andersson, borgare i Lund, intygar att Elna, änka efter Väst Olsson, skötat till S:t Lars kyrka i Lund den gård i Tärstena i Tjörpe sn, Rängsbo härad, som Magnus Jensen nu bor på."
CE4B8ED82,"Borgaren i Åbo Robert säljer till Simon Hokesson alla hus som han då byggt på sin gårds tomt, men inte själva tomten, vilken kyrkan innehar. Utfärdaren beseglar."
C17A9A805,"Kettilbjörn Kettilbjörnsson kungör att han och hans bror Jeppe Andersson den 13/10 1495 i Uppsala i närvaro av herr Anders i Åkerby, Filip Stoke och Lars Johansson i Vårby skiftat gods med varandra. Jeppe Andersson fick jord i Marsta i Bälinge sn, Kettilbjörn Kettilbjörnsson jord i Vallby i Bälinge sn. Herr Anders i Åkerby beseglar."
CBF5F9281,"Kungens bror B. kungör att han till Riseberga kloster skänkt en gård i Eggeby i Vårdnäs socken i Östergötland, som länge tillhört Rystads kyrka, och att han i utbyte till Rystads kyrka skänkt en annan gård. Utfärdaren beseglar."
C9765DED8,"Predikarbrodern Torir i Sigtuna intygar att han har ett breviarium som han fått av Sigtuna konvent och som han fått tillstånd att behålla på livstid, så att det efter hans död återgår till Sigtuna konvent. Utfärdaren beseglar tillsammans med priorn Israel i Sigtuna och priorn Lars i Insula."
CF006130E,"Guldsmeden Ragnvald i Skänninge kvitterar 40 mark penningar, som han uppburit av Nils Folkesson på uppdrag av riddaren Lars Ulfsson. Utfärdaren beseglar."
C566A5C91,"Rangvald i Hanebo, häradshövding i Tjurbo hundare, kungör att han var på Guldgrinds ting, då Kristin i Viggebo och Kettilmund i Kila gjorde jordabyten, varvid Kristin gav Kettilmund 15 penningland i Kila i Myckelby (socken) med alla tillägor, och Kettilmund gav henne 15 penningland i Rötemossa i Junkarps (socken) med samma förord som hon givit honom. Vidare sålde Kristin till Kettilmund 6 penningland i Söderkila och 3 penningland i Björnboda för 4 ½ mark penningar. Häradshövdingen Hakon i Kila, Olof i Orrbo, Karl i Västby, Styrbjörn i Hugglo, Holmger i Enegala, Sven i Ingelinge, Nils Gode i Kvissle, Tord i Västby, Anders i Ekeby, Olof i Åby, Ödbjörn på Hedet och Björn i Fornaby fastar vid bytena. Utfärdaren beseglar."
C7A933B34,"Borgaren Menneke i Linköping upprättar sitt testamente, varvid han ger till Linköpings domkyrkas byggnadsfond alla sina byggnader på dekanens tomt, ett åkerstycke i Möllängen, ett i Torpgården, ett i Torpgården på 2 ½ öresland, ett i Gässlöt på 6 ½ öresland, ett i Fäme på 6 ½ öresland, samt alla sina lösegendomar, med undantag av avkastningen av dessa, som han behåller under sin livstid. Vidare ger han 2 örtugar till varje klerk som närvarar vid hans begravning. Utfärdaren samt biskop, domkapitel, Birger, lagman i Östergötland, och utfärdaren beseglar."
CAD237EF5,Riddaren Ulf Håkansson giver sin syster Birger Magnusson fullmakt att till Skänninge nunnekloster sälja sina gods i Hög i Skoklosters socken. Utfärdaren samt Birger beseglar.
CF6E0B912,"Riddaren Ulf Håkansson erkänner sig ha gottgjort sig till kaniken Lechonis i Linköping för dennes fångenskap i Svanåholm genom att med biskop Nicolaus' samtycke avstå från 100 mark penningar, som han för samma sak förpliktat sig att betala, och i stället ge fångvaktarna en häst, som han köpt av Lechonis för samma belopp, för att undvika att hans gods brändes, vilket han inte kunnat förmå dem att avstå från, trots löfte därom av kung Erik. Om han i framtiden skulle fängslas på grund av samma förbindelse, lovar han att underkasta sig kungens och rikets råds beslut. Utfärdaren beseglar tillsammans med Linköpings stad, ärkedjäknen och kaniken Nicolaus Johannis."
CC1294873,"Olof Nilsson, borgare i Jönköping, upplåter till biskop Knut i Linköping hela arvet efter sin mor Grete, som tillfallit honom efter hennes bror Hans Gudskalksson i Alsheda. Utfärdaren beseglar."
CE28FE125,Borgmästare och råd i Brügge tillskriver Reval och meddelar att de har arresterat det oförseglade brev som kommit från Stockholm och som Peter van Aken från Stockholm överlämnat till dem. De har vidare arresterat det gods som Peter van Aken fört med sig och som enligt hans uppgift inte tillhör köpmansrätten. De ber Reval att snarast meddela dem vad de skall göra med detta gods. Utfärdarna beseglar.
C2C3AEE33,"Riddaren Matts Gustavsson ger riddaren Abraham Brodersson fullmakt att lösa sitt gods Nydala Särestad i Rävsjö sn av Nydala kloster, så snart Abraham Brodersson löst nämnda gods av Nydala kloster. Om Abraham Brodersson inte löser nämnda gods av Nydala kloster, skall han och hans arvingar ha Nydala Särestad i pant, till dess att Matts Gustavsson eller hans arvingar löser det av Abraham Brodersson eller hans arvingar för så mycket pengar och så mycket som Abraham Brodersson löser det av Nydala kloster. Det som Abraham Brodersson eller hans arvingar uppbär av Nydala Särestad skall avräknas i huvudsumman, som han löste nämnda gods för av Nydala kloster. Matts Gustavsson beseglar."
C9359EF89,"Folke Tuvesson säljer till Thure Stensson, riddare, en tredjedel av gårdarna Hvirfvelhult, Elmeberg och Haddetorp i Öja sn, en tredjedel av en gård i Hjortås i Rödjeholms sn och en tredjedel av Nydala i Öja sn."
CF6941CC9,"Birger Trolle och hans hustru Ingeborg Arvidsson avträder till Vadstena kloster jord i Borgsäterryd, Dalshult, Dämbadal och Misten i Fogelsta sn, Varvs hd, i utbyte mot gårdarna Södervik i Duderhults sn, Vierstad i Höxby sn och klostrets egendomar i Västmarkerna i Höxby sn. De stadfäster även de gåvor som Erengisle Sunesson, jarl, testamenterat till klostret."
C81C21768,Gunnar Emundsson i Landeryd säljer till domprosten Lars i Linköping sin halva i Gunnarsmåla i Landeryds sn.
CE5910F19,"Cecilia, dotter till den forna hertigen Knut, upprättar sitt testamente. Hon skänker Flisby (Flisby socken, Norra Vedbo härad) till Fogdö kloster, där hon väljer sin gravplats, och gården Flisby till sin son Birger, för vilken hon återlöser Husaby i Närke. Hon ger alla klostren i denna del av Tiohärads lagsaga hälften av gården Svenneby, som hon återställt till sitt rätta värde, och till alla kyrkor, vid vilka hennes gårdar ligger, en ko, där flera gårdar ligger, flera kor. Till sin dotter Ingeborg, som hon velat hålla kvar i klostret men som inte fått något av arvet, ger hon gården Vårdnäs (Vårdnäs socken, Hanekinds härad). Till Estrid, som länge varit i hennes tjänst, ger hon 1/2 markland jord, varpå hennes arvingar vill låta henne bosätta sig. Till fem trälar ger hon frihet, som hennes son Birger vill nämna. Detta testamente upprättas i närvaro av hennes son B., dottern Ingeborg, priorinnan i Sigtuna, hennes medhjälpare herr Håkan och Lars, präst, samt hennes familj."
CB82A82EF,Borgmästare och råd i Lund intygar att kantorn i Lund Johannes Petri Falster till rådmannen därstädes Arvid Guldsmed sålt en gård i S:t Botulphi sn i Lund. Utfärdarna beseglar.
C41657014,Gyrid Petersdotter upplåter till välboren man Magnus Håkansson sitt gods Långstorp i utbyte mot hans gods i Rinkaby. Utfärdaren samt välboren man Nils Olofsson beseglar.
C5EE07EF6,Riddaren Valdemar Eriksson och hans hustru Ingeborg Karlsdotter säljer till ärkebiskop Hemming 11 öresland i Nyby i Bondekulla socken. Utfärdarna beseglar.
C1B60E16D,"Påven Urban V bifaller suppliker av Johannes Olavi, Nils Nutason och Johannes Johannis, vilka är födda av ogifta föräldrar, om att få dispens från illegitimitet. Se vidare DS nr 6958."
C1A901FCF,"Underhäradshövdingen i Lössninge hd Peter Hemmingsson utfärdar fastebrev på jord i Hagaby, som Margareta Larfsdotter sålt till Björn i Hagaby."
C96BB30A1,Nils Erengislesson och Tore Jonsson kungör att de på Baholms lagting (i Selebo hd) på torsdagen efter S:t Petri och Pauli dag (29/6) hört att Torbjörn Ödansson och Torleif Jonsson samt dennes söner Joar och Torkel dömts till att gottgöra Torbjörn för jord och annat som de haft mellan sig. Utfärdarna beseglar.
C46922158,"Riddaren Claus Due och hans hustru Ylena, fru till Clausholm, avträder till drottning Margareta allt gods de ägt på Öland, nämligen Utneby, med alla tillägor, såsom åker, äng, skog och fiskevatten, vatten och tjärn, med undantag för änkans del, och med alla brev och rättigheter som de förut haft till nämnda gods. De upplåter det till henne med alla brev och rättigheter som nämnts ovan. Till ytterligare bevarande beseglar Claus Due och Ylena detta brev, och häradshövdingen Peter Avesson, riddarna Vicke van Vitzen och Henrik Tuen beseglar det. Utfärdarna samt de ovannämnda beseglarna intygar att de upplåtit godset till drottningen med full äganderätt."
CB227567A,"Nils Larsson säljer till Torsten Gjurdsson sin fjärdedel i kvarnen i Norrköping, som han ärvt efter sin bror Arnoldus. Utfärdaren beseglar."
CEFFA2BD8,"Nils Larsson erkänner sig vara skyldig Nils i Stång för 20 mark penningar, vilka han pantsatt på ett attung i Patastad, beläget vid Lofta kyrkas högaltare, och som skall lösas på S:t Martins dag nästkommande år. Om han inte betalar inom utsatt tid, överlåter han då äganderätten till nämnde Nils eller dennes arvingar, men allt som överstiger 20 mark skall återbetalas till utfärdaren eller dennes arvingar efter skälig taxering. Riddaren Magnus Knutsson, Magnus i Hjälstads, Götekne, kyrkoherde i Skärkinds härad beseglar."
C764B6C28,"Torsten Petersson kungör att han till Lars Olofsson av Burunge sålt 5 öresland i Danmarks kyrkby, som han tidigare köpt av honom. Utfärdaren beseglar."
C39BA4D12,"Ärkebiskop Birger i Uppsala befaller domprostarna i Habo och Brohundare att i sina kyrkor på Annandagslördagen och Palmsöndagen förmana sina sockenbor att inom påskhelgen betala den vanliga spannmålsmängden till Ragvald i Torstuna, som är Enköpingshospitals ombud."
C5F19AE41,"Ärkebiskop Birger (Gregersson) i Uppsala sänder med utfärdaren Konrad en berättelse om den heliga Birgitta, som han redan länge skulle ha fullbordat, om han inte hindrats av dagliga och tröttsamma gästfriheter och andra olika ärenden. Han lovar att inom påsk eller omkring denna tid sända henne vidare till Växjö domkyrka, om den inte hinner till klostret under fastan. Vidare sänder han ett silverarmband, som han avlagt i bot för en smärta i högra armen, och ber att det skall hängas upp vid den heliga Birgittas reliker, med vilkas förmedling han återfått hälsan. Utfärdaren Konrad beseglar."
C828446BC,Ärkebiskop Birger (Gregersson) till Peter Olofsson i Vadstena. Inget nytt från Rom förutom att utvalde biskopen i Strängnäs (Hemming) meddelat att påven Gregorius (XI) avlidit under fastan och att ärkebiskopen i Neapel blivit krönt till påve på påskdagen. Utfärdaren har varit mycket svag efter hemkomsten från Helsingland och hoppas att Gud vill låta honom återhämta sig. Han rekommenderar sig och sina bröder och systrar för bönerna hos Peter Olofsson och hans bröder och systrar. När Gud återställt honom i hälsa vill han resa till Söderköping och därifrån till Vadstena. Gud må välsigna Peter Olofsson och hans bröder och systrar och deras kloster. Utfärdaren beseglar.
C91223A22,"Ärkebiskop Birger i Uppsala till confessor generalis (Ericus Johannis) med en av Birgitta författad not om Conradus, som åtföljt ärkebiskopen till Rom. Se vidare DS nr 7559."
C9DD8BA14,"Ärkebiskop Birger (Gregersson) till confessor generalis (Ericus Johannis) och tackar för den avskriften av Jungfru Marias litania som sänts till klostret och ber att han vid tillfälle skall bestämma hela officiet för Jungfru Maria. Han tackar även för det brev som sänts med uppgift om den uppenbarelse som Birgitta (Birgersdotter) hade om denna historia och lovar Gud för den nåd han genom Jungfru Marias och Birgittas förböner visat klostret. Han meddelar att den historia om Birgitta som sänts till confessor generalis är ofullständig och att han själv inte är författare till den. Han ber att man skall korrigera prologen och slutet av den nionde läsningen, där Birgittas translatiodag nämns. Han ber att man skall skicka en avskrift av mirakelsamlingen till Vexiö, där Birgers (Gregersson) lärare och herre Birger (Gregersson) är biskop, så att han kan korrigera den. Han ber att man i det brev som skall sändas till biskop Alphonsus i Verona skall rekommendera klostrets person. Utfärdaren beseglar."
CC5DD828A,"Ärkebiskop Birger i Uppsala tillskriver Birgittasystrarna i Rom och meddelar att han mottagit en av Arvid Djäken upprättad rulla med några av herr Alfonsus (Alfsson) samlade och komponerade antifoner till fru Birgittas ära. Han ber dem vidare att, om de redan sänt henne någon del av hennes helgonhistoria, skicka henne en avskrift av denna. Vidare meddelar han att en av deras kammartjänare, Karl, som sänts med underrättelserna om de underrättelser och"
CE025ACCF,"Ärkebiskop Birger (Gregersson) tillskriver abbedissan och konventet i Vadstena kloster och meddelar att han vid sitt senaste provinsialkoncilium i Tälje (se DS nr 7079) upptagit deras bön om att den så kallade vårfrupenningen, som av rikets allmoge ska betalas till klostret, skulle fastställas, men att beslutet måste vila, till dess att rådet och kungamakten hunnit sammanträda med ärkebiskopen och biskoparna. Se vidare DS nr 7080."
C66FDD4E9,"Lagman Knut Jonsson i Östergötland och hans hustru Katarina Bengtsdotter kungör att de med samtycke av sina barn Birger, Magnus, Johan, Cecilia och Valdemar till Peter Ragvaldsson, som på deras uppdrag sålt sina gods för att betala deras skulder, överlåter sin gård Sjöaryd (Sjöaryd i Kristdala socken, Norra Vedbo härad) med alla tillägor för att ersätta de skulder som Peter Ragvaldsson uppburit för dem. Utfärdaren samt Gustav Tunesson och barnen Birger, Magnus, Johan, Cecilia och Valdemar beseglar."
C95F060D4,"Birgitta, änka efter herr Sigmund Erengislesson, utfärdarar fullmakt för Södermanlands lagman Lars Ulfsson att i hennes ställe sköta begravningen av hennes brorson, Uppsala och Århus domkyrkokanon Ulf Holmgersson, och att till Uppsala domkyrka tilldela allt gods i Helga Trefaldighet i Stockholm, som Ulf testamenterat till den kyrkan, och till Århus domkyrka tilldela de gods i Ulvsunda, Torslund i Haga socken, Österby i samma socken och Fyllevik i samma socken, som Ulf testamenterat till dessa kyrkor. Utfärdaren beseglar."
C1DC30A04,Ingegerd Knutsdotter skänker till Vårfruklostret i Vadstena sin egendom i Torö i Skällviks socken i Hammarkinds härad. Utfärdaren beseglar tillsammans med sin morbror riddaren Birger Ulfsson och sin mors syster fru Cecilia Ulfsdotter.
CA2F04535,"Ingegerd Knutdotter skänker till Vadstena kloster med sina föräldrars och syskonens samtycke 6 attungar i Svärtinge, 1/4 attung i Eneby (i Bredestads socken), 2 torp i Herberga (i Skällviks socken), 5 mark i Bovista (i Skällviks socken), 12 öres skäppa i Bosaboda"
C444D3510,"Ingeborg upprättar sitt testamente. Till Uppsala domkyrka, där hon väljer sin gravplats, skänker hon bl.a. 11 örtugland i Sälna i Skånela socken och 1 örtugland i Säby i Villberga socken; i Högby i Villberga socken har hon förut skänkt 11 örtugland. I Stockholm skänker hon bl.a. 3 markland i Vårfruberga till S:ta Klara kloster, 3 markland i Resele till S:t Nicolai kyrka, 2 markland i Domme till Nydala kloster, 2 markland i Viksjö i Järfälla socken till Filip Karlsson, 1 markland i Viksjö i Järfälla socken till Nils Johansson, 1 markland i Viksjö i Järfälla socken till Kettil Andersson, 1 markland i Viksjö i Järfälla socken till Anders"
C8638072C,"Jakob, tjänare hos herr Bengt, upprättar sitt testamente. Först skänker han sin häst Brunan till predikarbröderna i Sigtuna, där han väljer sin grav, och 5 mark penningar, för vilkas betalning han anslår den del av sin spannmål, som förvaras i Löstad, nämligen 2½ tal, till predikarbröderna i Sigtuna. Vidare skänker han 1 mark penningar till mindrebröderna i Uppsala, 1 mark penningar till byggandet av Uppsala domkyrka, 1 mark penningar till hospitalet i Enköping. För betalning av dessa 3 mark anslår han den del av sin spannmål,"
C0DFB57CD,"Kyrkoherden i Bettna (i Bettna socken) gör jordbyte med Lars i Hummelundby (i Lunda socken). Kyrkoherden ger Lars 4 penningland i Öklasta i Lunda socken och Lars ger kyrkoherden 3/2 penningland i Hummelundby i Bettna socken och 12 öres reda penningar. Fastar vid bytet är Gösa och Sigurd i Tighvila, Nils Guttormsson, Jon i Rällinge, Björn i Smedesta, Peter i Hellum, Gisle i Gällsta, Magnus i Gällsta, Hidin Björn i Skällesta, Erik i Torstada, Lars i Vallon, Olof i Ödhelta, Paul i Öklasta och Helge i Öklasta. Utfärdaren beseglar."
CA3123B48,"Lars Vilhelmsson, häradshövding i Tjust, kungör att han vid Västerviks häradsting upplätit till Bo Jonsson, Östgöta lagman, 83 mark penningar i penningar av 12 fastar, Björn i Glo, för 2 kvarnar och 2 varpar med en bäck kallad Globäck, med alla torp och torpstäder som därunder ligger, med alla åkrar och ängar, med alla hus och jord, med skog och fiskevatten, såväl nära som fjärran, i vatten och på torra ställen, förutom att Björn i Glo och hans arvingar skall ha rätt att återfå godsen till Bo Jonsson och hans arvingar till evig ägo, med alla lagar och skäl som godset kan överlåtas med, och"
CB5096AA6,"Abbot Bertoldus i Cisterciensklostret i Padise (Reval stift) ger herr Magnus Kase och dennes hustru Bengta full frändskap i livet och döden med klostret och dess brödraskap, och lovar att årligen i kapitlet läsa deras namn i dödboken, när deras död blivit dem tillkännagiven."
C04A55602,"Gertrud Porynes testamenterar till sin herre Gezeke van Lune det linne som hon har i sin ägo och 2 floriner, som Johannes Swarepennych i Lübeck är skyldig henne. Vidare testamenterar hon till Johannes van Lunes son sin bästa kudde. Slutligen testamenterar hon allt som hon äger utom det som hon redan testamenterat, vare sig det är stort eller litet, till försäljning och pengarna därav till sina fattiga vänner. Utfärdaren uppräknar sina testamentsexekutorer Detlev Mane, Johan van Lune och Johan van Vnna. Vittnen är rådsherrarna i Lübeck Henrik Kunstyn och Konrad van Orden. Utfärdaren beseglar."
CA8DB42A7,"Ärkedjäknen Peter Hemmingsson i Uppsala skänker till Själakoret i Uppsala domkyrka en fjärdedels åker, som han köpt av Erik Mattsson i Skäggesta i Börje socken och hans hustru Elin Ragvalddotter i Gamla Uppsala. Denna fjärdedels åker ligger norr om Uppsala vid Tofta bro och ovanför Torshälla land. Den är inhägnad mellan tre diken, av vilka de som ligger söder och norr om fjärdedelsåkern tillhör fjärdedelsåkern helt och hållet, så att man i varje dike kan slå renar och sätta gårdar på ytterre renen, om man vill. Öster om fjärdedelsåkern är den utmärkt med en stenrör något ovanför dikesänden. Utfärdaren överlåter fjärdedelsåkern till Själakoret för sin och alla kristnas själar. Häradshövdingen i Våxala härad beseglar."
C2F885936,"Heine Snakenborg och hans hustru Bengta Gustavsdotter skänker till Vårfruklostret i Vadstena (Linköpings stift) hälften av sina gods i Viggebykistan (Vårdnäs socken, Hanekinds härad) med villkor att den andra hälften efter deras död ska tillfalla klostret. Om de skänker fler gods till klostret för att grunda ett altare, ska dessa gods läggas till altaret. Om någon av deras barn inträder i klostret, ska de gods som redan skänkts tillfalla dem. Utfärdarna samt abboten i Alvastra, Gerhard Snakenborg och väpnaren Algot Magnusson beseglar."
C4983B386,"Gösse Sithöge pantsätter sin gård i Malmö, där Ascerus diakon bor, till Gotfridus Jacobsson för 104 mark penningar, som han skall betala senast 29/9 1349. Om han inte betalar då, skall han betala 104 mark penningar i Tournai-groschen till Gotfridus eller hans arvingar inom 8 dagar efter 29/9, och om han inte betalar då, skall han betala 3 mark penningar för den första veckan och 1 mark penningar för varje följande vecka efter 29/9. Om han inte betalar inom 8 veckor, skall han ersätta Gotfridus med"
C32411805,"Klarevallens abbot utfärdar kvitto till Savas abbot för 2½ florin, som han uppburit av denne för de i Danmark, Sverige och Norge insamlade avgifterna. Utfärdaren beseglar."
CC83C02B9,"Lars i Älvsåker testamenterar till S:t Pers predikarbröder i Sigtuna sin gravplats och 10 mark penningar, till sin sockenkyrka en biskopskåpa och 1 mark penningar, till kyrkoherden därstädes 1 mark penningar, till kyrkoherden i Gärdeby 1 mark penningar, till kyrkoherden i Frösunda 1½ mark penningar, till hospitalet i Enköping ½ mark penningar, till franciskanbröderna"
C6C0B2DCE,"Domdekanen i Roskilde Lars Johansson skänker till Lunds domkyrkas byggnadskassa en gård i Fåle, en i Everdlev och fyra i Laksehäläng med alla tillägor. Utfärdaren samt riddaren Jakob Absalon, väpnaren Akke Nilsson, Trugvid Petersson, Johannes Hennikin, borgmästare i Lund, Anders Martin, borgmästare i Malmö, Hennike Åvonsson, rådman i Malmö, beseglar."
C8AF7D57F,"Dekanen i Roskilde Lars Johansson kungör att han till förmån för S:t Lars altare i Lunds domkyrka skänkt alla sina gods i Mushædinggæ (Måryd) i Skåne, vilka han lagligen förvärvat av ärkebiskop Jakob i Lund. Utfärdaren samt Johannes Øndari, Johannes Nicolai, Ingvar Andersson och Jakob Petersson beseglar."
C9BDD3BBB,"Domprosten i Roskilde Lars Johansson erkänner sig ha fått full betalning av ärkedjäknen i Lund Johannes Paulsson för alla de pengar han mottagit på hans vägnar. Utfärdaren samt Peter Trugilli, kanik i Lund, och Johannes Olai, kyrkoherde i Östofte, beseglar."
CC9F7749C,"Riddaren Ingewald Jonsson, hövitsman på Jämtland, försäkrar att de av ärkebiskopen i Uppsala utsedda klerkerna, som skall resa till Jämtland för att rannsaka om överträdelser och brott mot prosten Lars i Lits, skall få resa till Jämtland och där fritt utföra sitt uppdrag, och att han även ger Lars i Lits samma frihet att resa till Jämtland och där uträtta sina ärenden. Utfärdaren beseglar."
C66D44587,"Kyrkoherdarna Björn i Årsta och Stenulf i Älmarö uppdrager åt Harald Ingemarsson och Algot i Vång att i deras namn till Berne Djäken sköta och överlåta deras gods Berstena med kvarn, Bäddinge med en kolonist och gården Kvinnestad. Utfärdarna beseglar."
C292F33D8,"Riddaren Staffan Ulfsson skänker till Vadstena kloster 1/4 attung jord i Röslösa i Östergötland. Häradshövdingen i Dals härad bemyndigas att ge biskop Tomas i Växjö och riddaren Birger Ulfsson fasta på klostrets vägnar på nämnda gods och alla gods som tillhör det. Utfärdaren samt riddarna Karl Ulfsson av Tofta, lagman i Uppland, Bengt Filipsson samt utfärdarens svärfar Ödgisle Suneson beseglar."
C3C23A47B,"Riddaren Staffan Ulfsson kungör att han återgivit sin måg Harald Kase de gods som denne ärvt efter Bengt Larsson, nämligen 4 attungar i Smädaby i Arnberga, 1 i Vårdberg och 2 i Varby. Utfärdaren beseglar."
C44F66FCF,"Riddaren Staffan Ulfsson kungör att han med samtycke av sin herre kung Albrekt och sina arvingar till sin svåger Ödgisle Suneson upplåtit följande gods: 2 markland i Nästby i Tuna socken på Selaön, ½ mantal i Ringxö och hela Ringxö kalv, i utbyte mot gods i Viggeby i Järstads socken i Östergötland, 2 markland i Viggeby i Järstads socken i Östergötland och 10 örtugland i Lännum i Lännäs socken i Akerbo härad i Sträng­näs biskopsdöme. Egendomen på Selaön med alla tillägor, som tillhört Staffan Ulfsson och nu tillhör Ödgisle Suneson och dennes arvingar, överlåts till Ödgisle Suneson och dennes arvingar på så sätt att Ödgisle Suneson och dennes arvingar får fritt förfoga över egendomen. Om Ödgisle Suneson eller dennes arvingar skulle förlora egendomen genom någon rättstvist, förbinder sig Staffan Ulfsson och dennes arvingar att inom 6 veckor efter att egendomen gått förlorad ge Ödgisle Suneson eller dennes arvingar annan egendom av lika värde. Häradshövdingen i det härad där egendomen ligger skall med detta brev ges fullmakt att hålla fast och obrutet vid de löften som Staffan Ulfsson och dennes arvingar givit Ödgisle Suneson och dennes arvingar. Riddarna Bo Jonsson, drots i Sverige, Karl Ulfsson, häradshövding i Uppland, Sten Bengtsson,"
C4D2BAF43,Kyrkoherden Magnus Karlsson i Finström säljer till kaniken Jonis i Strängnäs ett öland i Vreta i Vadsbro socken.
C07505FBA,"Riddaren Birger Knutsson erkänner sig vara skyldig abboten Sven och konventet i Nydala 70 mark penningar och pantsätter för denna summa sina egendomar i Väshult, Torp, Musbo och Pakebo i Hakarps socken. Om inte pengarna är återbetalda före Mikaelidagen nästföljande år, skall konventet årligen uppbära alla avkastningar av egendomarna, men detta skall inte påverka återbetalningen. Utfärdaren samt Bengt Bruddesson, Atton, prost i Varvs socken, och Erland Martinsson beseglar."
C989EAE4D,"Riddarna Sten Bengtsson, Staffan Ulfsson, Sten Stensson, Folke Nilsson, Torkel Haraldsson och Sten Haraldsson lovar för sin son att denne skall fullgöra följande: 1) 2 mässor i veckan i 3 år i Linköpings domkyrka, 2) en pilgrimsfärd till Rom, 2) till S:t Evalds i Guben, 3) till Vårfrukyrkan i Aachen, 4) till S:t Olof i Nidaros, 5) till Vadstena. De överlåter följande gods till sonen: 1) en brättegård i Kvännaberg i Byarums socken, 1) en lantegendom därunder och en kvarn, 2) en brättegård i Lindeås i Lönsås socken, 3) en gård i Berga i Berga socken, 4) en gård i Elgyaryd, 5) en gård i Rödstorp i Mogata socken, 6) en gård i Getarpsboda i Borkhults socken. De avhänder sig och sina arvingar de ovannämnda egendomarna och överlåter dem till Jon Andersson och dennes arvingar. De låter två svenskar, som blivit fängslade när Torkel Haraldsson blev fängslad, gå fria, nämligen Johan Ralvsson och Jösse Mus. De lovar att hålla de ovannämnda villkoren, som ärliga män, vilka förut uppräknats, stadfäster och intygar. Utfärdarna beseglar."
C81BD5CA8,"Riddaren Axil Andersson kungör att efter herr Niels Krages död, som var fru Katarinas fader, inte finns något mer pantgods än det som anges i brevet, nämligen en gård i Hällestad, en i Egebölja, en ödegård i Skogby och två ödegårdar i Sandager, vilka skall skiftas och bytas mellan båda parter. För att detta brev skall bli mer vittnespliktigt beseglar utfärdaren det med sitt sigill."
CEF184776,"Anders Petersson av Bollerup intygar att de gods i Gislöv, som Johannes Jakobsson testamenterat till Esroms kloster, av honom och Nils Jakobsson och Nils Tuvesson av Klapatorp till klostret återlämnats. Utfärdaren beseglar."
C732162E1,"Riddaren Sten Stensson, Arvid Bengtsson, Jöns Bengtsson, Karl Magnusson och Magnus Cassius skänker till Vårfruklostret i Vadstena gården Högsäter i Högsena socken i Gästrike härad. Häradshövdingen i Gästrike härad får fullmakt att på gårdens vägnar överlåta den till klostret. Utfärdarna beseglar tillsammans med riddaren Karl Ulfsson och Bo Jonsson."
C92B49681,"Ramborg Knutzdotter, änka efter Tuke Petersson, skänker till Vårfruklostret i Alvastra alla sina gods i Moshult i Värna (Ödeshögs) socken och i Källetorp och Tuna i Ödeshögs socken, vilka hon ärvt efter sin mor, samt till klostret överlåter sin gård i Vadbäck med tillägor. Hon förbinder sig att i klostrets norra del få en gård, där fru Birgitta (Birgersdotter) bott, och att ha fri tillgång till klostrets kyrka. Klostrets abbot och konvent skall förse henne med en prästbostad och med mat och dryck så länge hon lever. Klostrets abbot och konvent skall även"
C752A2DFD,"Holmfrid Nilsdotter, förut Magnus Israelssons hustru, skänker till Vårfrualtaret i Vadstena klosterkyrka sin gård Gysta i Bälinge sn och Bälinge hd, Uppsala stift, som hon förut testamenterat till klostret. Klostrets syssloman skall på hennes vägnar fastfara gården på Bälinge hnds tingsplats enligt Sveriges lag. Hennes dotter Ingeborg Magnussdotter, svärsonen riddaren Knut Ungerske och Jöns Larsson beseglar."
C407C21AA,"Sixten Martinsson bortbyter en gård i Sibbatorp (i Regna socken) till Håkan Skytte och köper av honom 1/4 gård i Näs (i Regna socken) för 12 mark. Utfärdaren samt herr Dag, ärkedjäkne, beseglar."
C2D4FFA98,"Ärkebiskop Jakob i Uppsala, biskoparna Brynolf i Skara, Konrad i Strängnäs, Olof i Västerås och Magnus i Åbo medger åt alla botgörare, som besöker Gettlinge kyrka i Strängnäs stift och därigenom bidrar till dess återställande och underhåll, 40 dagars avlat för varje sådant besök."
CB94EB50C,"Katarina (Gudmundsdotter) av Vadstena tillskriver ärkebiskop Birger (Gregersson) och tackar för den kärlek och omsorg han visat henne och ber honom att skriva till kardinalerna Pictavensis och de Agrifoglio för deras hjälp i hennes ärenden. Hon nämner att hon för andra ärenden för klostret och suppliker om privilegier och för den andra kanonisationen av sin mor, som hon hoppas kunna få i Anagni innan påven kommer till Rom. Hon nämner att kardinal Pictavensis ville befordra abboten av Alvastra, men att hon motsatte sig detta, eftersom han var för ung och att hon själv hade arbetat för att befordra Vexiövalde. Hon ber ärkebiskopen att rekommendera Henricus, som varit i Vexiövaldes tjänst och nu återvänder till sitt hemland, eftersom han tillhörde hennes mors familj och under hennes livstid tjänat henne. Vidare rekommenderar hon klostret och allt som rör det till ärkebiskopens omsorg. Utfärdaren beseglar."
CE238EBD3,"Kristina, dotter till riddaren Peter Karlsson i Bjärby, änka efter Magnus Johansson, kungör att hon till Hennike Molteke av Tornebyhälla givit fullmakt att avhända en gård i Stigsbyerby med alla därpå boende, undantagandes en gård där Johannes Judæ nu bor, och sex åkrar i Höödet, som är pantförskiftad till riddaren Bengt Bygge för 100 mark lybska, och att hon till Hennike Molteke pantsatt nämnda gård med alla tillägor för 50 mark i sterling och lybska penningar, med löpande dag den 11/11 varje år. Om gården inte återlöses av Hennike Molteke eller hans arvingar, ska den inte återlösas av någon annan än Hennike Molteke eller hans arvingar, med villkor att Hennike Molteke ska få full betalning för allt han återuppbyggt på gården. Vittnen är Barnim Eriksson, riddare, och Jakob Nilsson i Vänersborg. Utfärdaren beseglar tillsammans med Barnim Eriksson och Jakob Nilsson."
C40F0BBFB,"Peder Bengtsson säljer till herr Nils Birgersson, djäkne i Strängnäs, och Bengt Magnusson i Stensta, knape, jord i Vårdinge och Njudinge i Yttre Enhörna sn."
C0D5C827F,"Tideke Petersson tillskiftar ärkedjäknen Mathias i Västerås Strömsholms socken i Sura församling 2 öresland, i Öster-Surö i båda byarna 1 markland, i Väster-Surö 2 öresland med Langesjöbo, i Bärksta socken 10 öresland, i Finnerödja 2 öresland, i Översta 2 öresland med 1/2 öresland, i Kolsta 7 öresland med 1/2 öresland, i Nyköping i Tjurbo socken 2 öresland, i Ekby i S:t Egidii socken 5 öresland, i Fröslunda med övre kvarn, i Skäpplinge 2 markland och 8 öresland, i Åby i Harakers socken med alla tillägor, mot 1 öresland med 12 mark penningar, som han betalat Gisle Olofsson för 4 öresland, vilka Gerard Skytt köpt av honom. Om någon del av jorden skulle hindras, skall den del, som fått full äganderätt, ha fri tillgång och återgång. Vittnen är Johannes Arvidsson, kyrkoherde därstädes, Stefan i Vallby, Peter därstädes, man därstädes, Ödbjörn därstädes, Gudmund i Stålatorp, Lars i Väster-Surö, Andreas därstädes, Ingulf därstädes, Lars Lämbo och Bero Skomakare, vilka särskilt tillkallats för de ovannämnda jordarna. Tideke Petersson utser Johannes Djäken, borgare i Västerås, att vara förmedlare mellan sig och ärkedjäknen Mathias. Tideke Petersson och Tideke Gerhardsson, kanik i"
C61604054,"Tideke Petersson, på uppdrag av Egislus, biskop i Västerås, utfärdar fasta på Grönö och allt som tillhör Gregers Magnussons gods i Västmanland, vidare på 9 öresland i Forsby i Björskogs socken och på två öar, Kraakholm norra och södra, med fri utfärd till Ulvågen och Hästholmen för ved och gärdesgårdar samt fritt fiske. Fastar är Folke Djäken, Tyrgils, uppbördsman i Åker, Petrus, fogde i Strö, Petrus i Järde, Lars i Kyringe, Ödbjörn i Byringe, Petrus i Torp, Petrus i Tvet, Rangvast i Nordamåla, Fastbjörn i Österby, Hermod i Viby och Petrus i Örberga. Utfärdaren samt Johannes Håkansson beseglar."
CD65F7546,"Tideke Petersson, mästare på Kopparberg, skänker till sin hustru Margareta, Konradsdotter, gården Haraker i Västerås stift, Skäpplinge, Abö, Fröslunda med kvarn. Vittnen är ärkebiskop Gustaf i Uppsala, domprosten Lars Boberg, kaniken Björn Karlsson, Lars Unge, sacristanen Lars Unge, Albrekt Bryske, Jöns Djäken, rådmän i Västerås. Utfärdaren beseglar."
C42C3B018,"Djäknen Peter och hans hustru Katarina Anundsdotter erkänner sig ha uppgjort ett jordaskifte med Nils Tykesson och hans hustru Ingeborg Björnsdotter i Svedje, varvid de sistnämnda skall ha fått Peters stora gård i Berga by i Berga socken och hälften av Lilla Berga i samma socken i Vassbo härad, i utbyte mot hälsingen Hällahöle och ett löpsbol i Rinkishede i Värend. Om de sistnämnda godsen inte kan överlåtas på Nils Tykesson och hans hustru, skall Peter och hans hustru Katarina ersätta dem med andra gods. Om Nils Tykesson och hans hustru eller deras arvingar skulle ta skada av detta jordaskifte, skall Peter och hans hustru Katarina ersätta dem med full gottgörelse. Peter och hans hustru Katarina befriar slutligen godsen i Berga och Lilla Berga från alla framtida anspråk och hinder. Utfärdaren samt Heneke Bekman, Tord Kekeland och Sigrid Anundsdotter, Peters hustrus syster, beseglar."
CEBB4916F,"Kanut Bose pantsätter sin gård Fiskvid i Svidje sn för 40 mark penningar till abboten Peter och Nydala kloster. Om han återvänder från Rutenien skall han ha rätt att lösa in gården, men om han inte återvänder skall hans arvingar inom ett år ha samma rätt. Om de inte kan lösa in gården inom detta år skall den tillfalla klostret. Utfärdaren samt Andreas, kyrkoherde i Svidje, beseglar."
CB6D4D41D,"Predikarbrödernas prior och konvent i Västerås kungör att de av domprosten Andreas i Uppsala, herr Johannes Elifsson, herr Birger Petersson och lektorn Israel i Sigtuna, testamentsexekutorer för fru Kristina, nämnde Birger Peterssons hustru, mottagit 3 mark penningar för konventets räkning som testament."
C51FC9E69,"Olaus i Ryssåker upprättar sitt testamente, varvid han insätter Helga kyrka i Husby som arvinge till 8 delar av hans gods i Ryssåker, nämligen i byn Ybbeby och i den del av skogen, som han fått av Halstan i Aferd i den nedre byn. Vidare ger han 2 oxar till herr Björn, kyrkoherde i Helga kyrka, och 1/6 av alla sina lösöre och fastigheter. Om någon av hans arvingar försöker ogiltigförklara testamentet, skall han i yttersta domedagen dömas jämte de ogudaktiga. Eftersom utfärdaren saknar eget sigill, ber han herr Björn, kyrkoherde i Helga kyrka, och Clemens i Tegneby att besegla. Utfärdaren samt herr Björn, Clemens i Tegneby, Karl Halstanj, Gemme Ryssåker, Estrid Ryssåker, två systrar till utfärdaren samt utfärdarens hustru Estrid är närvarande vittnen. Utfärdaren är sjuk i kroppen men frisk i själ och minne. Utfärdaren beseglar tillsammans med"
CA2BE2374,"Grevarna av Holstein och Stormarn Johannes, Henrik och Nicolaus intygar att de till Lübecks råd sagt och lovat att om det inom två år efter mötet med rådet skulle uppstå krig mellan kung Magnus av Sverige och Norge och Skåne och Lübeck, skulle de på kungens vägnar ha fullmakt att förfara i enlighet med fördraget. Utfärdarna beseglar."
CB08AA654,"Påven Urban V rekommenderar sin kaplan och kammartjänare Johannes, som blivit prästvigd, till domkapitlet i Linköping med bön om att han måtte befordras till domprost i Linköping, till vilken tjänst han blivit vald, eller till någon annan lämplig tjänst. Se vidare DS nr 6945."
CAEA35451,Magnus Siggeson och Olov Sigridsson säljer till Linköpings domkyrkas klerk Ingevasto 1/4 attung i Torpberg (i Vårdnäs socken) med skog och träd och ekollon för ett skäligt pris och upplåter detta med full äganderätt. Utfärdarna samt Linköpings stad beseglar.
CC65180D9,"Anders i Lärketorp, häradshövding i Gullbergs härad, kungör att Ingeborg Larfsdotter skänkt till Eskilstuna kloster en åtting jord i Närkevi i (Södra) Vedbo härad med hus och alla tillägor, utan att avhända sig eller sina arvingar äganderätten. Detta skedde på tinget i Huskvarna på midsommardagen nästföljande tisdag efter S:t Peters dag. Till fasta hade utfärdaren kallat Peter Larsson, Peter Lång, Markus i Höganstad, Elof i Röksby, Sven Gånge, Peter Kegla, Joar i Lökö, Elof i Mörby, Halstan Finvidsson, Magnus i Karpatorp, Sigge i Lundby, Inge Kukke och Klaus i Keldarid. Utfärdaren beseglar."
C46295078,"Jöns Larsson säljer till Strängängs kyrka 14 örtugland jord i Finnåker i utbyte mot 40 mark penningar. Fastar var Magnus Finvidsson, Karl Ingebyornsson, Jöns i Åkerna, Fast i Årby, Nils Holmbyornsson, Jöns i Hanemyr, Lars Allesson, Ulf i Lånby, alla i Plångesta, Tyrgils i Årby, alla i Viby, Jöns i Vallum, Sigge i Viby, Erik i Luttesta, Olof Barv. Utfärdaren samt Magnus Finvidsson och Karl Ingebyornsson beseglar."
C65038ECD,"Jöns Larsson i Sanda i Graninge socken i Uppsala stift säljer till herr Peter i Vårdnäs, kanik i Strängnäs, 7 attungar jord i Björnstum i Vårdnäs socken för 20 mark penningar, varav 5 mark gäller för 1 mark lödig. Utfärdaren har uppburit hela beloppet och överlåter fastarätten till Peter i Vårdnäs. Eftersom utfärdaren inte har något sigill ber han Birger Nilsson, underlagman i Södermanland, Staffan Stangberg, häradshövding i Yttre Rekarne, och Johan Björnsson i Billsta att besegla."
C780BB0EA,"Jöns Larsson ger Ernils Eflerson fullmakt att för Bo Knutsson och hans syster Märta övertaga de gods i Östergötland och Småland, som Jöns Larssons hustru Katarina Knutsdotter ärvt av sina föräldrar, undantaget Sommenäs och allt som hör dit, enligt det brev, som Jöns Larssons hustru överlåtit till Ernils Göstavsson med alla sina arvedelar i Södermanland. Utfärdaren lovar att på sin hustrus vägnar ståndaktigt och gott hålla det, som Ernils Göstavsson kan uträtta i detta avseende. Utfärdaren beseglar."
CA91A416D,"Jöns Larsson ger Jöns Andersson i Lidhem fullmakt att på hans vägnar upplåta 14 örtugland jord i Finnö till domkyrkan i Strängnäs i utbyte mot 40 mark och 100 mark, som hans bror herr Peter är skyldig domkyrkan. Utfärdaren beseglar."
CCBE06FDF,"Jöns Larsson säljer till riddaren Staffan Ulfsson 1/2 markland jord i Torlunda i Råby-Rekarne sn, Selebo hd, som han mottagit av kungarna Magnus och Erik för den kost han burit vid kung Eriks bröllop. Utfärdaren samt Magnus Finvidsson, lagman i Södermanland, och Anders Mattsson beseglar."
CD8972012,"Kungens fogde i Södermanland Johannes Lafrinsson kungör att han på kungens vägnar till priorn och bröderna i Eskilstuna (johannitkloster) överlåtit 1 örtugland i Sal i Eskilstuna socken och 1/2 örtugland i Kumla i Stenkvista socken, på vilka Ingeld i Sal till kungen gottgjort sig för 4 våldsdåd mot kungens släkt genom att två gånger fängsla och två gånger frige honom, och för vilka han nu avstått all äganderätt mot en häst av 20 mark penningar i evig tid, varvid två vittnen, herr Rangvald Petersson, kanik i Strängnäs, och herr Peter Lafrinsson, kyrkoherde i Stockholm, samt 12 fastar, Rangvald i Hagnesta, Gerekinus därstädes, Ulf Petersson i Sjösta, Filip Djäken i Torshälla, Birger i Hugsta, Rangvald därstädes, Lars i Ernsta, Olof, smed, i Hammarby, Önd i Torshälla, Johannes i Hammarby, Gjurd i Rysta och Sune i Vallby, närvarit. Utfärdaren beseglar."
CFD3961AC,"Rådet i Arboga Nils Petersson, som med sin hustru Margareta Larssondotter, Ingevald Djäkens änka, upplåtit jord i Vreta till Själaaltaret i Västerås domkyrka, upplåter nu till samma altare sin andel i en annan gård i Vreta."
C4EDFC435,"Magnus Knutsson, lagman, kungör att han dömt Jon Östesson till 1/2 attung jord och 3 spanns avgäld i Gödsta i Rödbo, som Magnus i Gödsta utgivit i 6 veckor, med villkor att om Jon Östesson inte får nämnda Jon Hemmundsson på jorden inom denna dag, skall detta stånda, men om han får honom, skall det gå vidare. Brevet utfärdades i Lödöse efter utfärdarens herres (Biskop Hemmings) död 1361 den 2:a dagen efter påsksöndagen. Utfärdaren beseglar."
CA72296C2,"Margareta Sunadotter, änka efter Ulf Abjörnsson, erkänner att hon till Halstan Petersson sålt alla sina gods i Frestad i Västergötland, som hon ärvt efter Torsten Simonsson, för 40 mark penningar. Utfärdaren beseglar."
C2F61C9FF,"Kung Kants av Sverige kungör för Nicolaus Legifere och alla invånare i Finnveden, Värend och Njudung att han önskar styra sitt rike i all fred, särskilt för dem som är hängivna klosterinstitutionerna och ständigt arbetar för allas frälsning. Men hans ansträngningar har motarbetats av Jakob, son till Agmund, som ofta brutit och förstört den fiskeplats i Rusken, som med kung Karls och de nämnda furstarnas Peter och Germund samtycke givits till bröderna i Nydala och som försvarats av hans företrädare. De nämnda furstarna Peter och Germund, Jakobs egen bror, har därför med ed förklarat Jakobs handlingar ogiltiga. Men Jakob har ännu inte uppnått den fred och förbindelse med kungen som han påstår sig ha, eftersom han är bannlyst av kyrkan och alla som ger honom mat och dryck kommer att lida för det."
C6B133E6C,"Kung Kettil (Knut Eriksson) kungör att han tar under sitt beskydd munkarna i Vrigstad, vilka tillhör den orden, som kallas premonstratenserorden, och att han förordnar att den som vågar angripa dem skall straffas av kungen. Han kungör vidare att han ger munkarna gården Vrigstad, som tillhört en kvinna vid namn Dotter och hennes son Gere, och att han förordnar att munkarna skall ha 3 mark i årlig avkastning från gårdarna Skottsberg, Ekeby, Hå, Yxhult, Vrigstad, Dalby, Solstad, Målstad, Mållehult, Vederhult, Lönneberga, Lemnhult, Lemnhults kvarn"
C7C4762B4,Kung Knut skänker till Vårfruklostret i Vadstena byarna Vitbo och Sjögestad i Vårdnäs socken i (Östra) Skånes härad.
C833F8213,"Kung K. kungör för invånarna i Helgö (Helga Trefaldighet) att han till sina munkar givit två gårdar i Helgö med tillägor och givit dem fullmakt att ordna dessa gårdar på samma sätt som han och ärkebiskopen ordnar sina. Men invånarna i Helgö har genom våld tillfogat munkarna en förlust på 20 mark, varför kungen befaller dem att återställa förlusten i sin helhet och inte våga kränka munkarna igen. Om de envisas med att inte gottgöra förlusten, skall deras överträdelse straffas så att det blir en varning för många."
C928C0C02,"Kung Kettil (K) kungör att han på hertig G.s begäran till cisterciensbröderna i Vårfruberga och deras efterträdare, som tjänar Gud, skänkt en hel gård i Bul (i Kärrbo socken) med alla tillägor, som han tidigare givit hertigen i fiske i Ellakärr (i Kärrbo socken). Utfärdaren beseglar."
CA73A18EF,"Kung Ragnvald (R) kungör att han sålt och skänkt till munkarna i Julita (Juloth) sin gård i Julita med tillägor, nämligen öar, fiske, skog, vilka tidigare kungar innehaft, och att han överlåtit två närbelägna gårdar till klostrets jurisdiktion. För att ingen skall våga göra motstånd mot detta beslut beseglar han."
CB5BD6154,"Kung Kettil (Knut) kungör att han skänkt till Vårfrubrödernas kloster i Ystad (Volt) de två gårdarna Rottne och Ängel (i Rängs socken, Lunds stift) med tillägor, varav den förra köpts för pengar och den senare ärvts av honom, men att han skänkt den senare utan tanke på jordisk belöning, utan blott i förhoppning om evig belöning. Han ger bröderna full frihet att besitta, sälja eller byta bort gårdarna. Vem som helst som försöker ogiltigförklara gåvan skall drabbas av den allsmäktige Gud, som bröderna tjänar dag och natt. De som upprätthållit sanningen i detta ärende skall få del i deras böner. Köpvittnen är biskop W., hertig B., Rangvald av Revinge, Hagbard av Torrne och nästan hela befolkningen i hans provins. Förskottsvittnen är kungens farbror J., hertigens bror K., hertigens son B. och hans son Eskil, Kettil, N. son, Spile, Kage, Ulvhilds son och flera andra."
CED747EC1,Kung Knut (Eriksson) kungör att han till Jönköpings cistercienskloster skänkt två hela gårdar i Bol (i Elvkarleby socken) med alla tillägor för att de skulle fiska i Elvkarleby å. Utfärdaren beseglar.
CEEC42BEF,"Kung Kettil (Knut) av Sverige kungör att han i utbyte mot Sebbe i Julita (Seleböke) till de i Viby boende munkarna överlåtit Viby, Rothelunda, Skutla, Withbo, Kolo i Skokloster, Kolo i Skuttunge"
CE3614D8B,"Knut Arvidsson av Gimmersta säljer till sin svärson Mathias Odesson och dennes hustru Ingeborg, dotter till utfärdaren, sin nedre gård i Vänge och Skottorp med alla lös- och fastigheter och tillägor, mot att han får behålla nyttjanderätten till gården och dess tillägor intill sin död, varefter gården med allt lösöre skall tillfalla köparna eller deras arvingar. Sigge Jonsson, kanik i Skara, Sigge Arvidssons brorson, Arvid Knutsson, utfärdaren, beseglar."
C5EADB807,"Israel Birgersson, lagman i Uppland, erkänner sig vara skyldig fru abbedissan och konventet i Gudsberga 100 mark, som skall uppbäras av allt hans gods i Kestads socken, så att varje års skuld av samma gods skall avskalas i samma betalning som allt betalats, och att hans syssloman skall utfärda detta varje år vid juletid, efter det som godset ger i Skänninge, och att godset på hans vägnar skall återlösas och åter under honom komma, när godset är återlöst och skulden avskalat. Utfärdaren beseglar."
C00ED8E7A,"Biskop Brynolf i Skara intygar att domprosten Bengt Tunesson och borgaren Sven Broddvidher i Skara genom ömsesidigt samtycke kommit överens om att Sven Broddvidher och hans arvingar efter honom skulle ha ett område kallat Mål vid domprostens gård, som låg öster om Sven Broddvidhers gård och ledde till en bro vid predikarbrödernas hus i Skara, på villkor att Sven Broddvidher och hans arvingar skulle hålla en gärdesgård mellan vägen och åkern och årligen betala 1 mark penningar till domprosten och hans efterträdare för Mål och 1½ mark penningar för Sven Broddvidhers gamla gård. Om myntet blev betydligt bättre eller sämre skulle Sven Broddvidher och hans arvingar betala 3 ulnar av riktigt och lagligt gantoftaväv till domprosten och hans efterträdare före påsk utan att behöva betala något annat. I annat fall skulle både den gamla gården och Mål återgå till domprostens ämbete, utan att någon förskottsbetalning behövde göras. Domprosten Bengt Tunesson och Sven Broddvidher har nu i närvaro av biskopen och med tillstånd av kaniken Ragnvald, som var ägare till nämnda område, återupprättat och bekräftat överenskommelsen. Biskop Brynolf och domprosten Bengt Tunesson samt kapitlet i Skara, kaniken Ragnvald, fogden Sune Johansson, Skara kommun och Sven Broddvidher beseglar."
C081E12A9,"Brynolf, biskop i Skara, kungör att han med samtycke av domkapitlet överlåtit till kaniken magister Bengt sina gårdar Säghlor och Haddevi med underlydande, i utbyte mot Bengts prebenda i Bjärke och prostgården prouastergipt i Vadsbo. Biskop Brynolf samt domkapitlet beseglar."
C0E4BE194,"Biskop Brynolf i Skara providerar magister Bengt, domprost i Skara, med sockenkyrkan i Älgå (nu Älgå sn i Säffle domsaga), som är annex till domprosteriet i Skara, och utser herr Håkan till dess vikarie. Biskop Brynolf och domkapitlet beseglar."
C0EAFF0A1,"Brynolf, biskop i Skara, vidimerar Ingrid Andersdotters testamente, varigenom hon testamenterat sin gård i Månum till Risbergaklostret. Vittnen var Anders Andersson, Anders Andersson, Lars Andersson, Anders"
C0F4338B6,"Biskop Björn i Skara intygar att magister Bengt, domprost i Skara, och Asgot i Björlanda med sina grannar den 29/11 1313 inför biskop Björn och flera andra förlikats om en skog, vars gränser nu bestämts till Hagabäck, Hagasjö, Bersjö, Bersjö Vestre, Brunstjärn, Brunstjärns dal, Brunningsdal, Fullåker, Hallinge, Svinnäs, Slätå, Björbäck, Vidre Ramskäl och Björbäck. Domprosten och hans efterträdare skall äga hela skogen mellan dessa gränser och Haddevi gård. Utfärdaren samt domprosten Bengt och de nämnda lekmännen beseglar."
C18D1A219,"Biskop Brynolf i Skara återställer till Rangvald Mul (Mule) den gård i Slättna, som hans företrädare tillskansat sig, och överlåter till honom Rangvalds kvarn i Offerud och Tängens kvarn, vilka tillhört Magnus Djäken, samt Rangvalds gårdar i Årebjerge, för att gottgöra honom för de gods, som han förlorat genom sin företrädares åtgärder. Utfärdaren samt kanikerna Nils Algotsson, magister Bengt och Björn Långe beseglar."
C28E1581E,"Biskop Brynolf i Skara bortbyter till Håkan Djäken i Kedesta i utbyte mot Kättinge, en kvarnplats i Långenäs med ängar på båda sidor om ån och en äng vid en kulle kallad Stacker i Forsemyr. Biskop Brynolf och domkapitlet i Skara beseglar."
C37860E88,"Biskop Brynolf i Skara utfärdar fullmakt för Henricus, klerk i Skara stift, att visitera Uppsala domkyrka och ber domkapitlet att efter visitationen sända honom ett fullmångsbrev och meddela honom de uppmaningar och befallningar som domkapitlet anser sig ha att ge honom."
C418BDE60,"Biskop Brynolf i Skara vidimerar Thyrgils Knutssons och Knutus, fordom lagman i Värmland, brev av den 12/10 1316 till Skara domkyrka. Utfärdarna beseglar. Biskop Brynolfs sekreterare beseglar."
C420E7532,Biskop Brynolf i Skara bortbyter med sin släkting Tyrner Jonsson gods i Torsö i utbyte mot Sätuna och Gettuna. Biskop Brynolf och domkapitlet beseglar.
C448C0C51,"Biskop Brynolf i Skara stadfäster en bytesöverenskommelse mellan domkyrkoprästen Bengt och Sigvard, som innebar att Bengt och hans efterträdare skulle ha en gård i Edsskogs socken, Sighurdshed, i utbyte mot Sigvards andel i Forsnäs kvarn. Sigvard skulle också ha fri begravningsplats i Edsskogs kyrka. Biskop Brynolf och domkyrkoprästen Bengt beseglar."
C51ABC3C5,"Brynolf, biskop i Skara, ger 40 dagars avlat åt botgörare, som besöker Vreta kyrka i Östergötland, som är Vreta Klosters kyrka, och som tillhör Linköpings stift. Utfärdaren beseglar."
C5323FD74,"Brynolf, biskop i Skara, utlovar 40 dagars avlat åt botgörare, som besöker Sko klosters kyrka på långfredagen, på båda dagarna för Kristi korsfästelse, på alla högtidsdagar för Jungfru Maria, på Maria Magdalena och Katarinas högtidsdagar, på de elva tusen jungfrurnas fest, på helgonen Augustinus, biskop, och Dominicus, martyrers högtidsdagar, på den andra dagen efter Herrens födelse, på påsk och pingst, och på dessa festers eller högtidars oktav med vördnad och heder. Utfärdaren beseglar."
C681FFB69,"Biskop Brynolf i Skara providerar kaniken Bengt, domprost i Skara, och Lideke, borgare i Skara, med en gård vid Drysälven, som tillhört domprosteriet, men nu blivit ledig genom att Lideke erhållit den av domprosten. Utfärdaren samt domkapitlet beseglar."
C8E6EB3AC,"Biskop Brynolf i Skara stadfäster att Erik Mases av Horn skänkt till Horna kyrkas prästbord sin gård Prestbol i Murarps socken och att hans hustru Ingrid skänkt sin gård i Angerstorp i samma socken. Om den ena av makarna överlever den andre, skall dennes livstid ha fri nyttjanderätt till nämnda gårdar, men efter båda makarnas död skall nämnda gårdar med alla tillägor tillfalla Horna kyrka. Utfärdaren samt Erik Mases beseglar."
C9B5D2AAE,"Biskop Brynolf i Skara erkänner sig ha mottagit 300 mark penningar av Uppsala domkapitel och kyrka på ärkedjäknen Nils Odulfs vägnar, vilken summa domkapitlet var skyldigt Nils Odulf med anledning av en överenskommelse mellan domkapitlet och Nils Odulf rörande vissa gods, vilka Nils Odulf ansåg tillhöra honom genom arv efter sin bror, ärkedjäknen Johannes, men vilka han i sitt testamente ansåg tillhöra Uppsala kyrka. Biskop Brynolf och hans efterträdare samt Skara domkyrka erkänner sig ha mottagit alla kostnader, skador och räntor, som domkapitlet kan ha ådragit sig på grund av att överenskommelsen inte hållits, och avsäger sig allt stöd av kanonisk rätt och kyrkligt privilegium samt av alla löften och förpliktelser rörande denna summa. Biskop Brynolf och Skara domkapitel beseglar."
CBC1490DD,"Biskop Brynolf (Algotsson) i Skara intygar att magister Bengt, domprost i Skara, inför honom erkänt att han med fruarna Ingeborg, Olofsdotter och Helena, systrar till den förre domprosten Bengt Tunesson, slutit en förlikning om byte och gåvor av domprostens gods, varvid han för sig och sina efterträdare erkänt att de har rätt till de gårdar som Bengt Tunesson skänkt till Ullerud och Prestryd eller andra platser, och att de har rätt att återfå de gårdar som de sistnämnda fruarna eller deras arvingar försöker ändra på. Biskop Brynolf och domprost Bengt beseglar."
CBEAFE0BE,"Brynolf, biskop i Skara, kungör att kung Magnus med kapitlets råd skiftat mellan lekmän och präster i Västerås stift, att korntionde och andra avgifter skall fullständigt utgäras, att ingen får sitta i biskopens, prästens, kyrkans eller hospitalets tiondeutskott, att böter för sådant skall vara 16 örtugar och att tionde skall utgäras, att gillen skall ha fasta avgifter för alla tionden, att ingen lott av tionden skall vara undantagen före påsk"
CC69ED9B8,"Brynolf, biskop i Skara, providerar med samtycke av domkapitlet kyrkan i Elestad (Elestads socken, Kinnefjärdings härad) till preposituren i Skara, som länge varit underbelyst, och tilldelar därvid kyrkoherden där en lämplig del av prepositurs- och kyrkoavkastningen. Utfärdaren samt domkapitlet beseglar."
CCD33D922,"Biskop Brynolf i Skara utfärdar fullmakt för kaniken magister Nils och Bengt att i hans och hans stifts namn underkasta sig den exkommunikationsdom, som ärkebiskopen i Uppsala utfärdat mot honom och hans stift, för de brott, som han och hans stift gjort sig skyldiga till, nämligen att aldrig ge konungen eller hans barn råd, hjälp, öppet eller i hemlighet, utan att hjälpa och stödja dem så mycket de kan, såvitt detta inte skadar kyrkan eller stiftet, att inte hjälpa eller låta hjälpa sina bröder eller andra, som de vet eller kommer att veta vara konungens fiender, varken öppet eller i hemlighet, varken inom eller utanför riket, och att om de får veta något av trovärdiga personer, som kan skada konungen eller hans barn, så skall de omedelbart underrätta honom eller någon av hans ombud om detta. Utfärdaren beseglar."
CE69C09BD,"Biskop Brynolf i Skara stadfäster en byte mellan domprosten Bengt och Sven Prestsson, varvid Sven och hans arvingar erhåller gårdarna Elestog i Vadsbo, Örebola i Kinne, Örebola i Gärdhems, Örtoga i Åsaka och Åvingen i Åsaka, medan domprosten och hans efterträdare i stället för dessa får Årtoga i Bjärka. Utfärdaren beseglar."
CF629FDA7,"Biskop Brynolf i Skara intygar att magister Bengt, domprost i Skara, i närvaro av biskopen erkänt sig ha slutit en förlikning med fruarna Ingeborg, Olofsdotter, och Helena, systrar till herr B. Tunesson, förutvarande domprost i Skara, angående byte och gåvor av domprostens gods, varvid han för sig och sina efterträdare erkänt sig för evigt ha rätt till de av herr B. Tunesson bortgivna gårdarna Hässelstad, Billaestad, Nordby, Sitas i Torsö, två gårdar i Åsen i Berga socken, en gård i Lövn med jord i Karleby, vilka herr B. Tunesson köpt av Gässe, och en gård i Klydrubo, med alla tillhörigheter, och att han vidare avträtt till herr B. Tunesson allt det han hade i Toarps, Hagaryds och Lutters byar, vilka tillhörde domprostgården, samt att han förbinder sig att betala 32 mark till Hakon Alisesson, vilka denne betalat Ormerus Piakn, av de 50 mark som Hakon var skyldig herr B. Tunesson för gårdarna i Barkenna, och att han vidare förbinder sig att återfå sitt missale, som han till herr B. Tunesson betalat 18 mark, och att om fruarna Ingeborg, Olofsdotter, och Helena eller deras arvingar försöker upphäva eller ändra förlikningen, så skall den inte vara giltig, utan magister Bengt och hans efterträdare återfå de gods som på orätt sätt bortgivits, och att biskopen och domkapitlet i Skara beseglar."
C5C8B87B3,"Notarien Joannes uppläste inför vittnen en av Joannes, prokurator för herr Joannes, som var vicarius i Mariakyrkan i Visby, inlämnad appellationssedel. Denne Joannes hade förordnats av"
C04CE36C1,"Riddaren Arvid Gustavsson, lagman i Östergötland, och Nils Petersson, lagman i Uppland, utfärdar dom vid räfsteting med allmogen i Tjust i Bredvassa i Lofta (senare Loftahammars) socken. Nils Lang i Karlstorp (i Lofta socken), Torsten i Dalhem (i Dalhems socken) och Peter i Unnersbo (i Dalhems socken) döms att tilldöma domkyrkan i Uppsala 5 ½ öresland jord i Innanäng, som herr Nils i Frötuna testamenterat till domkyrkan, och att återge den så mycket som de har förskingrat, inom sex veckor, med svurne eller sämjeed, efter det att de hört det brev som domkyrkan och de har utfärdat sinsemellan. Utfärdarna beseglar."
C5DD68656,"Riddaren Karl Ulfsson av Tofta och underlagmannen Ingevald Djäken på herr Sten Stenssons vägnar utfärdar dom vid räfsteting med allmogen i Sevede och Gärdsjö (Gärdserums) härad i Västerviks (nu Västerviks) stad i närvaro av Bo Jonsson, drots i Sverige. I enlighet med kungens påbud dömer de Jöns i Klint, häradshövding, Karl Petersson, Bengt i Söderbäckshult, Sävärd i Hällestad, Jakob i Lundsberg, Jon i Årby, Ervast i Skepperstad, Bengt i Ulvåsa, Fast i Rindala, Peter i Västby, Matts i Rågesta, Jöns i Buxta och Olof i Gylberga att inte möta dem vid räfstetinget. De tilldömer vidare fru Katarina Olofsdotter i Solvik två mantal i Kävsjöåns fiskevatten och notdrag, vilka hon förut haft i fyra år, och förbjuder alla män som äger något i dessa fiskevatten att hindra eller skada henne eller hennes ombud i dessa två mantal efter denna dag, under hot om böter på sex mark till lagmannen och 40 mark till kungen. Utfärdarna beseglar."
CB43226AC,"Peter Sörelsson skiftar med sin svåger riddaren Birger Ulfsson och sin syster Ramborg Sörelsdotter så att han till Birger Ulfsson avträder allt sitt gods i Klevna, som han ärvt efter sin far, och Birger Ulfsson till Peter Sörelsson återställer allt sitt gods i Södervik, Djupeträsk, Manketorp, Söder Saltvik och Djurdilten. Bo Jonsson, Anund Jonsson och Ramborg Sörelsdotter beseglar."
CBBDE38E2,"Riddarna Sten Bengtsson, kung Eriks domhavande, och Nils Erengislesson, lagman i Södermanland, utfärdar räfstetingsbrev, varigenom jord i Svalsta, Vallsta och Björsta i Vårdnäs sn, Åkerbo hd, tilldömes Joar Håkansson."
C42F54040,"Fogden i Strängnäs och andra rådmän därstädes kungör att riddaren Stefan Röriksson och Sigge Johansson av Kinnevalla i deras närvaro på tinget bytt jord, varvid Sigge Johansson till Stefan Röriksson upplåtit 2 öresland i Årby i Gamlaklosters socken och Stefan Röriksson till Sigge Johansson 2 öresland i Frönekroppa i Skiringe i Algutstads socken. Sigge Johansson erkände sig vidare skyldig Stefan Röriksson 38 mark penningar i skuld, som han skulle betala vid nästa Jungfru Marie bebådelsedag, och för vilken han pantsatt de 2 öreslanden i Frönekroppa. Utfärdarna beseglar."
C029D3164,"Matts Boghare säljer till Magnus Ärngislesson sin gård i Åby (i Västra Ryds socken). Ärngisle Toresson, häradshövding i Albo härad, samt utfärdaren beseglar."
C27048098,"Margareta Birgersdotter testamenterar till Riseberga kloster gården Öken och torpet Hakkarud i Fogelviks sn i Värmland. Hennes make Olof Soneson och hennes arvingar stadfäster gåvan. Riseberga kloster erkänner sig ha mottagit gåvan. Utfärdaren samt riddaren Amund Hatt, Olof Björnsson och Arne Siggeson beseglar."
CF911D957,"Kyrkoherden i S:t Nicolai kyrka i Nyköping, kaniken Karl i Strängnäs, testamenterar sina gods i Tå (Tåby) och Berga i Nyköpings socken till S:t Nicolai kyrka i Nyköping och sina gods i Mulsta och Vansta i Vansta socken till Strängnäs domkyrka. Biskop Styrbjörn i Strängnäs, domkapitlet och Nyköpings stad beseglar."
C9A86AC1F,"Ingeborg Ulf Karlsson, dotter till herr Abjörn Sixtensson, kungör att hon med samtycke av sin svåger kungens marsk Tord Knutsson, sin bror Filip Ulfsson och sin svåger Peter Ragvaldsson, förskänker till sin make herr Abjörn Sixtensson, om denne överlever henne, eller till hans arvingar, om han dör före henne, hennes gårdar Klåstad med Lindfors, Harrängstorp, Mörsebo och Motala, med alla tillhörigheter, och den gåva som hon skänkte honom på bröllopsdagen, kallad morgongåva, med full äganderätt. Om maken dör före henne, vill hon behålla alla ovannämnda gods för sig och sina arvingar. För att hennes gåva skall vara oåterkallelig ber hon kung B (Bengt Algotsson) att bekräfta och stadfästa den. Utfärdaren beseglar tillsammans med Tord Knutsson, Filip Ulfsson, Peter Ragvaldsson och kungens marsk. Utfärdaren beseglar."
CC1714702,"Joar Sigfridsson, sigillant, och hans bror Peter Svede kungör att de till Vimmerby kyrka överlåtit den jord de ägt i Nyshult."
CD0254540,"Johan Högning intygar att han av Holsteins och Stormarns grevar Henrik och Claus fått 1000 mark penningar i Kalmarmynt, vilka han förvarar som pant, och att han av Otto Dosenrode fått 500 mark i Kalmarmynt, då Becemannus var myntmästare. Han intygar vidare att han av Kalmarmynt fått 500 mark och 13 mark med 2 öre i ny mynt, 100 mark och 50 mark med 10 öre i ny mynt, 100 mark och 21 mark med 1"
C1ADA309D,"Andreas Gladh, diakon i Västerås stift, magister i de fria konsterna, ber påven att bevilja honom dispens från synliga skador i ögat, för att han skall kunna prästvigas och inneha kyrkliga beneficier."
C1AED15BC,"Predikarordenbrodern Georgius de Ebenharte i Uppsala domkyrkas konvent supplicerar påven Urban V om tillstånd att vid tillfälliga eller bestående svagheter och sjukdomar lämna sitt konvent och vistas hos sina föräldrar, släktingar eller vänner, där han kan få välvilliga mottagare, och därvid behålla sin ordensdräkt och sin cell eller kammare i konventet samt, för att kunna försörja sig, fritt och lagligen åtnjuta nyttjanderätten av de gods som tillfallit honom genom fadersarv eller på annat sätt, så länge han lever, och använda dem till sina nödvändiga och hederliga behov. Han vill inte vara tvungen att deltaga i de kanoniska timmarna eller andra konventets eller ordens åligganden och förvaltningar, och han vill inte heller tvingas därtill av sina överordnade. Han vill inte heller vara bunden av ordens och konventets konstitutioner, stadgar och privilegier, även om de är bekräftade och förnyade i form av brev, och inte heller av löften och ed, som han avlagt. Han vill inte heller vara bunden av andra privilegier och brev, som påven eller andra prelater och personer givit till ordensbröder eller till predikarorden i allmänhet eller i synnerhet, även om de är utfärdade i form av brev och är avvikande, strängare, effektivare och ovanligare än de som han nu ber om. Han vill inte heller vara bunden av andra motsatta bestämmelser. Han vill inte heller vara bunden av de löften och eder som han avlagt"
C1E76E89E,"Petrus Olavi, kyrkoherde i Skedevi i Västerås stift, berättar att han och en vän till honom, en lekman vid namn Johannes, som var i hans hus, blev överfallna av en annan lekman, Erik Andersson, som med en yxa i handen kom in i huset och satte sig vid bordet. När Petrus Olavi upprepade gånger bad Erik att lämna ifrån sig yxan, blev Johannes och Erik osams och Johannes kastade ett ölkrus i Eriks ansikte. Petrus Olavi, som fruktade att Erik skulle göra honom illa, vägrade att lämna huset. Då Erik såg detta, följde han efter Erik med yxan och Erik slog Johannes med en påle, så att han föll till marken. När Petrus Olavi kom ut och fann Johannes liggande på marken och Erik med en påle över hans huvud, tog han en yxa, som hans tjänare använde för att hugga ved, och kastade den efter Erik för att skilja dem åt och rädda Johannes från döden. När Erik såg detta, föll han av rädsla eller berusning till marken, och Petrus Olavi sårade Erik med yxan på ryggen, men utan att blod flöt och inte dödligt. Under tiden reste sig Johannes, som var full av vrede, och slog Erik med sin yxa, så att han knappt kunde fly från platsen, vilket Johannes erkände. När Erik blivit sårad av båda, överlevde han i sju veckor och en halv, möjligen på grund av sjukdom eller brist på läkare, och avled i frid. Eftersom Petrus Olavi inte var skyldig till Eriks död, men ändå är benägen att frukta att han kan ha gjort sig skyldig till mord, och eftersom han inte är irregulär, kan han fritt och lagl"
C2BF83DB9,"Penitentiariansregens Abraham, präst i cisterciensorden och professor i Linköping, berättar att han, när han vistades på ett av sitt kloster tillhörigt gods, av abboten där blev svårt slagen med en järnstång och sårad, varpå abboten med samma stång ville fortsätta att slå honom, medan han låg på marken. Abraham, som fruktade att abboten skulle döda honom, försvarade sig med en kniv, som han bar för dagligt bruk, och sårade abboten. Abraham har inte haft för avsikt att döda abboten och är inte skyldig till något annat än att ha försvarat sig, men han har ådragit sig dödsstraff och andra straff. Han ber nu påven att befria honom från exkommunikation och andra straff och att ge honom syndaförlåtelse för de brott han begått, samt att ge honom tillstånd att fortsätta att tjänstgöra i sitt ämbete och att utse honom till biskopsämbete, även om han inte är prästvigd. Han ber vidare att han skall få behålla de beneficier och värdigheter han innehar och att han skall få dispens för att kunna inneha flera beneficier och värdigheter, även om de är oförenliga. Han ber vidare att han skall få behålla sitt ämbete och"
C2DD24ABC,"Penitentiariansregens Olaus Dalekar, präst i Johannitordens hus i Strängnäs, erkänner att han, när han levde i sitt kloster med andra munkar, blivit utsatt för förföljelser av en annan präst i samma kloster, som ofta uttalat förolämpande ord om honom. När han inte längre kunde uthärda dessa förföljelser, blev han så upprörd att han med en kniv, som han vanligen bar med sig för sina behov, stack den andre prästen i vänster arm. Denne präst, som tidigare lidit av syfilis, avled några dagar senare, troligen på grund av sjukdomen eller på grund av vårdslöshet från läkarnas sida, men inte på grund av sticket. Eftersom Olaus inte var skyldig till mord, utan ångrade sig djupt, och ville återgå till sitt kloster och även tjäna vid altaret, ber han påven att befria honom från alla exkommunikations-, suspensions- och interdiktstraff, som han kan ha dragit på sig på grund av detta, och att ge honom tillåtelse att återgå till sitt kloster och även tjäna vid altaret. Han ber även att alla skamfläckar som kan ha uppstått på grund av detta skall avlägsnas och att han skall återställas i sitt tidigare tillstånd. Se vidare DS nr 6915."
C3E2F57CF,"Kyrkoherden Erik Andersson i Uppsala stift framställer supplik till påven Urban V för att få ett av påven utfärdat brev, varigenom han förklaras oskyldig till mord och inte irregulär, utan tillåten att tjänstgöra, på villkor att följande uppgifter stämmer: Erik Andersson var med vid ett bröllop och hade som förmyndare för en ung flicka att agera mellan brudgummen och brudens vänner. En illvillig och bråkig man, klerk eller lekman, angrep honom och smädade ärkebiskopen i Uppsala och hans kyrka. Erik Andersson, som hade en kniv i handen, avvärjde angreppet och sårade mannen med ett hugg i huvudet. Mannen avled efter 50 dagar. Eftersom Erik Andersson inte hade för avsikt att döda mannen, men ångrar detta, påstås han av en del enkla och okunniga människor och kanske av supplikantens rivaler ha begått mord och blivit oregerlig och därför inte kunna utöva sitt prästämbete. Supplikanten ber påven att utfärda ett brev varigenom han förklaras oskyldig till mord och inte oregerlig, samt att han får behålla sina kanonikat och beneficier. Penitentiarians regens Franciscus, biskop i Anagni, ger i uppdrag åt biskopen i Åbo att förklara Anders Lanxii, klerk i Åbo stift, oskyldig till mord och inte irregulär"
C3F017714,"Petrus Jacobi, präst i Västerås, framhåller att han deltagit i ett rättfärdigt krig, som hans herre, hos vilken han var i tjänst, fört mot inkräktare och landsförrädare på kungens och fäderneslandets vägnar. Han har uppmanat och uppmuntrat andra att deltaga i kriget, men inte själv dödat eller lemlästat någon, och han har ångrat detta och önskar nu återgå till sitt ämbete. Han har emellertid blivit beskylld för att ha blivit oregerlig eller oriktig på grund av detta. Han ber nu påven att, om det visar sig att han deltagit i ett rättfärdigt krig och inte gjort något annat, som kan anses som oregerligt eller oriktigt, att han skall tillåtas att återgå till sitt ämbete."
C3F0CEA9C,"Tonni Eriksson, lekman från Åbo stift, och hans hustru Katarina Eriksdotter, som är av adlig börd, ber om dispens att få fullborda sitt äktenskap trots att de är släkt i andra led, eftersom Katarina tidigare ingått trolovning med en man som nu är död och som var Tonni Erikssons svåger. Första trolovningen ägde rum utan Tonni Erikssons vetskap. Penitentiarians regens Mercurius beviljar detta."
C4204B413,"Påven Urban V bifaller supplik av Sigvard Ostani, präst från Strängnäs stift och klerk hos påven, om att han inte skall anses bunden av sin tidiga inträdesed i kartusianorden. Sigvard hade inträtt i kartusianorden och avlagt ordenslöften, men lämnade snart klostret och återvände till världen. Han anser sig inte vara bunden av sin tidiga inträdesed och önskar därför att inte anses bunden av den. Sigvard Ostani är klerk hos påven och har därför rätt att inneha kyrkliga beneficier."
C4BC05EA6,"Penitentiariansregens Mercurius, biskop i Bale, ger i uppdrag åt penitentiariansregens Petrus Calahorra att förklara Detlevus Mestre, accolit i Bremens stift, oskyldig till mord och inte irregulär utan tillåten att tjänstgöra, på villkor att följande uppgifter stämmer: Detlevus var rektor för en skola på Gotland och hade i sitt ämbete att uppfostra och fostra ungdomar, men då han en gång straffade en elev, Olavus, för hans förseelser, blev denne så förbittrad att han lämnade skolan och gick till sin far för att klandra utpekaren. Fadern blev så upprörd att han slog utpekaren och förvisade sina egna söner och möjligen även andra skolpojkar från utpekarens ledning och överlät dem till en präst Petrus. Utpekaren, som ansåg sig ha blivit orättvist behandlad, vände sig till öns prästdjäkne, som dock inte kunde förhindra att fadern till Olavus fortsatte att förfölja utpekaren. Utpekaren vände sig då"
C504363DB,"Penitentiariansregens Andreas Joannis, präst i Linköpings stift, ber påven Urban V att meddela syndaförlåtelse åt sig själv för ett mord, som han begått, och att ge honom dispens från de straff och censurer, som han kan ha dragit på sig genom detta brott, så att han fritt och lagligen kan utöva sitt prästämbete och inneha kyrkliga beneficier. Se vidare DS nr 6915."
C506B354B,"Andreas Björnsson, lekman i Skara stift, berättar att en präst Gustav i stiftet en gång hade en tvist med en lekman om en yxa, och att Andreas Björnsson, som ville blidka Gustav, uppmanade honom att lämna platsen för att undvika våld. Gustav, som troligen drevs av ondska, anföll då Andreas Björnsson och sårade honom i huvud och hand. Gustav förföljde honom och skulle ha dödat honom, om inte en kvinna hade ropat och Andreas Björnsson hade hittat en käpp, som han med hjälp av kunde slå Gustav i huvudet och såra honom. Gustav avled av såret. Andreas Björnsson är inte skyldig till mord eller prästmord, men han har ådragit sig en del smärta och sorg. Vissa menar dock att han har begått prästmord och därför bör vända sig till påvestolen för att få syndaförlåtelse. Andreas Björnsson ber därför påven att ge ärkebiskopen i Uppsala eller hans ställföreträdare i uppdrag att förklara att Andreas Björnsson inte är skyldig till prästmord eller mord och att han inte behöver vända sig till påvestolen eller ge någon annan tillfredsställelse eller mista sitt gods eller sitt patronatsrätt, om ärkebiskopen i Uppsala eller hans ställföreträdare finner att detta är sant."
C59F12E2F,"Penitentiariansregens biskop Mercurius i Västerås ger i uppdrag åt penitentiariansregens i Linköping, Petrus Benedictus, att förklara Anders Nilsson, kyrkoherde i Stenbrohults socken i Växjö stift, oskyldig till mord och inte irregulär, utan tillåten att tjänstgöra, på villkor att följande uppgifter stämmer: Anders åt middag med några andra klerker och lekmän i sitt hus, och en av hans tjänare, Peter, med en av en franciskanbroderns tjänare grälade med ömsesidiga handgemäng, varvid Anders försökte lugna sin tjänare, men Tuffuo, Margareta, Anders tjänarinnas make, hindrade denna korrigering och svingade sitt svärd mot Anders, som dock inte skadade honom, men Tuffuo"
C5AA736A2,"Penitentiariansregens Mercurius ger i uppdrag åt biskopen i Millau att befria prosten Olof Radh i Västerås stift från de censurer och straff han ådragit sig genom att ha dödat Andreas Pors, en laglös man, som angripit honom och hans kamrater med en lans, varvid Olof själv blivit sårad. Penitentiariansregens beviljar Olof Radh full syndaförlåtelse för detta brott och för de andra överträdelser han begått, och ger honom fullmakt att fortsätta att utöva sitt ämbete och att mottaga och behålla kyrkliga beneficier."
C5D1AFFD9,"Penitentiarians regens Mercurius, biskop i Orvieto, beviljar skolflickan Franciscus Johannis från Uppsala stift, som är född av ogift mor, biktbrev med evig giltighet."
C5EB407D4,"Penitentiariansregens (Mercurius) beviljar påvligt tillstånd för orator (kyrkoherde) Lars Olofsson i Ål (i Västerås stift) att, trots att han dödat en man, fortsätta att tjänstgöra i sitt ämbete och mottaga kyrkliga beneficier. Se vidare DS nr 6942."
C67627AC8,"Studenten Lars Nilsson i Linköpings stift ber påven Urban V att befria honom från de straff och censurer han kan ha ådragit sig genom att ha läst lagar och sedvänjor i Vermland, då han var tjänare hos en viss Olof Björnsson, hövitsman där, och denne hade blivit fängslad för ett brott. Han ber vidare att han trots detta skall få tillträda alla prästerliga tjänster och även altardjäknens tjänst."
C6F3FC84D,"Prosten Johannes Nicolai i Åbo stift, som inträtt i johannitklostret Eskelstuna i Strängnäs stift och där avlagt regel och löfte, men som utträtt därifrån, därför att klostret inte uppfyllt sina löften, ber påven att förklara honom fri från löften och förpliktelser gentemot klostret."
C882172F6,"Petrus Johannis, klerk i Linköpings stift, ber påven att befria honom från de straff och censurer han kan ha dragit på sig genom att ha dömt och låtit avrätta brottslingar, och att ge honom fullmakt att inträda i alla prästerliga och högre andliga stånd och att efter prästvigning få tjänstgöra vid altaret och inneha kyrkliga beneficier."
C887F10B5,"Predikbröderna Magnus Bartholi, prästvigd i Wpsellensis (Växjö) stift, berättar att han en gång blivit illa behandlad av en kaplan Peter Joannis från Tuna i samma stift, som han besökt för att samla in allmosor. Denne hade först i ett hem hos en sockenbo, där de båda blivit inbjudna till middag, sagt förolämpande saker till Magnus, och inte nöjd med detta dagen därpå låtit fem unga män med trä- och järnklubbor sticka och slå Magnus i huvudet och benen. Magnus hade tåligt uthärdat denna skymf och för att få slut på sådana övergrepp skänkt sin mössa till kaplanen, men denne hade, som om han blivit ledd av en ond ande, förföljt Magnus, som flytt undan honom, och ingen hade varit närvarande för att rädda Magnus från kaplanens händer. När Magnus insett att han inte kunde undgå döds- eller lemlästningsrisk varken genom flykt eller hjälp, hade han med en liten kniv, som han hade för sitt dagliga bruk, och inte med avsikt att döda eller lemlästa men bara för att försvara sig, stött och sårat kaplanen. Eftersom Magnus inte hade haft för avsikt att döda eller lemlästa kaplanen, utan tvärtom ångrade sig djupt för detta, och ville tjäna i sitt eget brödraskap, även vid altaret, ber han påven att meddela honom full syndaförlåtelse för detta mord och andra överträdelser, och att han, eftersom han kanske trots detta deltagit i mässor och andra gudstjänster och blandat sig i dem, skall befrias från den oregelbundenhet som han kan ha ådragit sig"
C93D98A01,"Påven Urban V bifaller supplik av prästen Johannes Ragbo, som tillhör Johannitordens hushåll i Strängnäs stift, om dispens att han, som på grund av en brist i sin vänstra hand och en deformitet där kan vara oförmögen att utföra altardjänst, ändå får utöva denna tjänst och även mottaga och behålla kyrkliga beneficier, som är förenliga med hans ordensstatut."
C9D7EEAB5,"Godeke, lekman från Linköpings stift, berättar att han i sin ungdom ingått äktenskap med en kvinna, som var dotter till en präst, och att han fullbordat detta äktenskap. Sedan han upptäckt att hustrun levde i synd, lämnade han henne och reste till främmande land. Efter många år, då han blivit ålderstigen och inte vet om hustrun lever eller inte, och efter att ha avlagt löften i Vårfruklostret i Vadstena, vill han avlägga ordenslöften och därigenom avsluta sitt liv i Guds tjänst. Han är dock osäker på om han kan göra detta utan att först fråga påven, eftersom han inte vet om hans hustru lever eller inte. Han ber därför påven att ge honom dispens att avlägga ordenslöften, trots att han inte frågat påven om detta, och att han kan fortsätta leva i klostret utan att frukta att bli återkallad av sin hustru. Se vidare DS nr 6946."
CA2427F34,"Klerken Olof Nilsson från Uppsala stift framhåller att han, när han var kammartjänare hos en adelsman, deltog i ett fältslag mot dennes fiender och att han därvid med en pil träffade en fiende, som redan blivit sårad av en annan av hans kamrater, men att han inte dödade honom. Han har även läst och uppläst dödsdomar mot brottslingar. Eftersom han ångrar sina gärningar och önskar att kunna utöva sitt prästämbete, ber han påven om syndaförlåtelse för sina brott och om att han trots dessa skall få behålla sitt prästämbete och befordras till högre prästerliga ämbeten. Han ber även om att han skall få behålla och förena kanonikat och prebende, även om de är oenhetliga. Han ber vidare"
CB4142CED,"Henricus Iohannis, professor vid Vårfruklostret i Vallgöinge (Vallgraven) i Åbo stift, av orden S:ta Maria Salvatrix, supplicerar påven Urban V att bevilja honom avlösning från de strängaste reglerna och från att deltaga i korbönen, emedan han är prästvigd, magister i de fria konsterna, fyllda 40 år, lider av sömnlöshet, svaghet i ögonen, förstoppning, hemorrojder och andra kroppsliga svagheter, som han ofta lider av, och därför inte kan uthärda klostrets och ordens strängaste regler och bördor. Han ber att få avlösning från dessa bördor och från att deltaga i korbönen, även om han inte skulle avstå från att recitera gudstjänsten, under förutsättning att han inte undandrar sig detta, även om detta inte skulle kräva någon licens från påven, och att han får en nådfull dispens från påven, oaktat påvliga, provinsiella och synodala konstitutioner och stadgar, ordens och klostrets statuter och sedvänjor, vilka stadfästs med ed, privilegier och apostoliska brev, även om dessa skulle innehålla klausuler som är avvikande, avvikande, starkare, effektivare och ovanligare än de som beviljats eller kommer att beviljas, även om de skulle innehålla en fullständig och ordagrann avvikelse från dessa, och även om de skulle innehålla andra motsatta bestämmelser."
CB802118F,"Påven Urban V tillåter prästen Olavus Magni av cisterciensorden i Strängnäs stift att vistas i sina föräldrars eller vänners hus, där han kan få vård och bistånd, och därvid behålla sin ordensdräkt och leva hederligt. Han får även förrätta själavård, predika och samla allmosor."
CBE615730,"Penitentiarians regens Petrus Stephani laicus från Linköpings stift ber att få absolution för ett mord han begått på en broder Petrus, dominikanmunk eller av annat ordenskapitel, efter att ha blivit uppeggad av djävulen. Han ber att få absolution för exkommunikation och för presbytericidium. Han överlämnas till penitentiarians regens i Rom, biskop i Millau."
CC6CFA409,"Petrus Petri, lekman från Västerås stift, förklarar att han som omyndig blivit lockad av en dominikanbroder att gå in i dominikanklostret på ön (Vårfruberga) i Västerås stift och att han sedan, på grund av löften av samma broder, som han ännu inte fyllt 14 år, mottagit ordensdräkt och avlagt regelrätt löfte. Han har aldrig ansett sig bunden av dessa handlingar och har uttryckligen protesterat mot dem. Eftersom han inte har lämnat klostret eller avlagt löften, kan han fritt lämna det och avstå från ordensdräkten. Men han är rädd att hans motståndare skall hävda motsatsen. Han ber därför påven att, om det kan bevisas att han inte lämnat klostret, ge honom tillstånd att lämna det och avstå från ordensdräkten, samt att han fritt kan återgå till lekmansståndet och gifta sig med vilken kvinna som helst och ärva sina föräldrars och andra egendomar."
CC7859BB7,"Petrus Olavi, prästvigd i Västerås stift, förklarar att han som minderårig inträtt i dominikanklostret i Västerås och där avlagt ordenslöften, men att han inte velat vara bunden av dem och att han därför, när han blivit myndig, blivit prästvigd och befordrad till högre kyrkliga ämbeten. Han vill nu lämna klostret och leva som världslig präst, men är rädd att man skall påstå att han är bunden av sina löften och därför inte kan uppfylla sitt önskemål. Han ber påven att med ett officiellt brev förklara att han inte är bunden av sina löften och att han kan inneha flera kyrkliga ämbeten och ärva sina föräldrars gods."
CCAA10B93,"Prästen Johannes Johansson från Uppsala stift berättar att han, när kung Gustav av Sverige anföll kung Kristiern av Danmark, sändes av ärkebiskopen i Uppsala, hos vilken han då tjänstgjorde, till Helsingia och Gestrikia för att uppmuntra folket att göra motstånd mot Gustav, men att han där blev tillfångatagen av Gustav och tvingades att tjäna honom. Gustav erövrade sedan riket och intog städer och borgar, varvid Johannes var med i kungens följe och uppmuntrade folket till strid och kastade pilar och kastvapen mot fienden. Han dödade dock ingen med egna händer och gav heller inte någon hjälp eller råd om sådant. När fienderna nästan var besegrade sändes Johannes tillsammans med en spejare av kungen, och när han återvände till kungen mötte han en fiende, som rusade mot honom och genomborrade hans arm med en lans. Johannes, som fruktade att bli dödad, kastade sig över fienden och dödade honom. Hans kamrat hjälpte honom att fly. Men fienden lyckades undkomma och kastade sig i en flod, varvid Johannes inte vet om han drunknade eller inte. Johannes utsågs sedan av kungen till kapten för att bevaka och skydda vissa platser, och därigenom åsamkades fienden stora förluster. När allt detta var över, firade Johannes mässor och andra gudstjänster som kungens kaplan, även om han inte gjorde det utan stor samvetsbetänklighet, eftersom han inte hade avlat för sina löften. Eftersom Johannes ångrar sig för sina gärningar och vill tjäna Gud i sitt ämbete, ber han påven att bevilja honom avlösning från de synder han begått, även om han inte har"
CCE9AE489,"Penitentiarians regens Petrus, biskop i Västerås, beviljar dispens åt Petrus Magni, lekman i Västerås stift, som tidigare mördat sin hustru och för detta blivit av biskopen i stiftet avkriminaliserad och ålagd att besöka apostlarnas Petrus och Paulus gravar i Rom, men som nu är så fattig att han önskar gifta sig på nytt. Se vidare DS nr 6959."
CD74736C4,"Penitentiarians regens Mercurius, biskop i Anagni, beviljar prästen Olof Nilsson från Strängnäs stift dispens att ingå äktenskap med en kvinna som redan är gift med en annan man."
CD88E425B,"Penitentiariansregens Nicolaus Bagge, präst i Linköpings stift, berättar att en av hans tjänare och tjänarinna, som förut hade kommit överens om att gifta sig, men som saknade medel till bröllopsutgifterna, hade lovat att stanna hos honom till en viss tid, men att tjänaren efter några veckor utan att ha fått tillåtelse att resa bort med sin hustru hade rymt från tjänsten. När Bagge sedan reste till Linköping för sina ärenden, mötte han tjänaren i ett värdshus, och de började gräla. Tjänaren hotade Bagge med döden och angrep honom med en yxa, men Bagge avvärjde yxan med sin vänstra hand och sårade honom med en dolk, som han bar för sin egen försvar. Tjänaren dog av såren. Penitentiariansregens, som inte hade haft för avsikt att döda tjänaren, men som nu ångrar sig, ber påven att Bagge måtte frikännas från alla kyrkliga straff och förbrytelser, som han kan ha begått genom detta mord, och att han måtte få behålla sina ämbeten och beneficier. Penitentiariansregens överlämnar ärendet till penitentiariansregens i Millau, som för närvarande vistas i kurian."
CDBCFEFCF,"Penitentiariansregens Mercurius ger Anders Marci, klerk i Åbo, syndaförlåtelse för ett mord, som han begått, när han försökte skilja två klerker, som var i gräl med varandra, och som han höll för sina vänner. Se vidare DS nr 6960."
CE0C02C0C,"Predikarordens prior Henricus Johannis Degnenhart i Uppsala, som nu är gammal och efter många år som prior i sin konvent önskar ha en lekbroder Olaus Pauli hos sig för att få tröst och hjälp, ber påven att ge honom tillstånd att ha denne hos sig, oaktat Olaus Paulus redan är 50 år gammal och inte är prästvigd."
CE39148FB,"Andreas, präst och kyrkoherde i Ed i Skara stift, berättar att han en dag, då han med några vänner åt middag i sitt hem, fick oväntat besök av en av stiftsbaljorna, som med några av sina vänner ville övernatta hos honom. De togs väl emot och behandlades vänligt. Efter måltiden uppstod emellertid en gräl mellan baljan och en av Andreas' bröder, som var bonde, och som hade druckit för mycket. Bröderna började kivas och till slut började de kasta knivar och andra vapen på varandra. Andreas, som var hemma och inte deltog i grälet, försökte med våld skilja dem åt och hjälpa sin bror, som redan var skadad. Men två av bråkstakarna, som var beväpnade, försökte döda Andreas och alla andra som kom i deras väg. En av dem, som inte kunde fly, dödades av Andreas med ett hugg i huvudet. Andreas, som inte hade velat döda någon, men som nu var mycket ledsen över detta, ber påven att han måtte frikännas från alla kyrkliga straff och förbrytelser, som han kan ha begått, och att han måtte få fortsätta att tjänstgöra i sitt ämbete och behålla sin kyrka och andra tjänster, som han fått eller kommer att få. Se vidare DS nr 6915."
CE84517C0,"Penitentiariansregens Mercurius ger i uppdrag åt biskopen i Strängnäs att förklara Olof Eriksson, präst i Strängnäs stift, oskyldig till mord och inte irregulär, utan tillåten att tjänstgöra, på villkor att följande uppgifter stämmer: Olof hade anförtrott en av sina tjänare ett arbete, men denne hade slarvat med det. När Olof därför tillrättavisade honom, blev denne så uppkäftig att han till och med gav sin herre en örfil. När Olof inte längre kunde tåla tjänarens trots, slog han honom med ett svärd, som han bar med sig på vägen, och sårade honom. Eftersom svärdets fäste var öppet, blev tjänaren skadad. Eftersom såret inte var dödligt, som biskopen i Strängnäs påstår, men tjänaren ändå avled inom tre veckor på grund av en svulst som hade spritt sig till hjärtat, och eftersom Olof inte hade velat döda tjänaren, utan tvärtom ångrade sig, ber han att få bli fri från dödsbrottsanklagelsen och från den oregelbundenhet som han kan ha ådragit sig genom detta, och att han trots detta skall få fortsätta att tjänstgöra i sina ordnar och även i altartjänsten, och att han skall få behålla de beneficier han redan har fått och även de han i framtiden kan erhålla, även om de är oförenliga med varandra."
CE86324E4,"Penitentiariansregens Ericus Hemingi, präst i Strängnäs stift, framställer supplik för sig själv, som blivit slagen av en man, som ville hindra honom från att återföra en tjänare till sin husbonde. Denne man hade dött av slagen, och nu påstås supplikanten ha dödat honom. Han ber påven att meddela att han inte är skyldig till mord eller är irregulär."
CEE31FCD3,"Predikarbrödernas präst Petrus Petri från Uppsala stift berättar att han, som är doktor i teologi och framstående predikant, i sitt ordenskapitel förordnats till prior i ett konvent av nämnda orden och att han för avsikt att stanna kvar i nämnda orden, men att han nu blivit förklarad som födelsediskvalificerad, eftersom han är född av en gift kvinna av adlig börd. Därför vill han övergå till johannitorden eller någon annan orden med strängare regel, där han kan finna välvilliga mottagare, och där avlägga löften och ta ordensdräkt. Han tvivlar på att detta kan ske utan påvlig tillåtelse, och ber därför påven att ge honom tillstånd att"
CF0F44F16,"Mathias Nicolai, prästvigd i Uppsala stift, ber påven Urban V att med anledning av att han vid en vandring i skogen med en ung man, som av fruktan för att bli bestraffad för sina överträdelser smitit från vägen, och som han sedan fann liggande under en trädrot, och som han med en ris och sedan med en liten yxas handtag slog för att straffa honom, men som av Guds vilja dog, och som han inte hade för avsikt att döda, men som han ångrar, och som nu vill tjäna i sitt ämbete, befria honom från dödsstraff och från de överträdelser som han begått, och att han får fortsätta att tjäna i sitt ämbete och att han får mottaga och behålla alla framtida kanoniska förmåner, även om de inte är förenliga med varandra, och att han inte skall anses som oregelbunden."
CF1F41133,"Biskop Bero i Åbo berättar att han hade två tjänare, som ofta grälade och till och med slog varandra, och att han därför låtit binda den ene av dem. Denne blev dock fri av sina vänner och anföll då sin herre med vapen, varvid denne för att försvara sig tog till en liten kniv och sårade honom i bröstet så att han dog. Bero beklagar sig över att han inte hade för avsikt att döda mannen, men att han nu är djupt bedrövad över detta och att han därför inte kan fortsätta att tjänstgöra i altardjävligheten, men att han ändå är villig att göra det. Han ber påven att ge honom syndaförlåtelse för detta mord och att han inte skall anses som irregulär på grund av detta. Han ber vidare att han skall få behålla de beneficier han redan innehar och att han skall få tillträda nya beneficier, även om de är förenade med varandra"
CF9A2BE9B,"Penitentiarians) regens Mercurius beviljar biktbrev med evig giltighet för Andreas Håkansson, student från Strängnäs stift."
C2FB67FD1,"Mathias Ionsson, kallad Bogh, säljer till Exbernus Nilsson, kallad Blikeso, sin gård Malaiord i Ekeby (i nuvarande Lofta socken) för 40 mark svenska penningar. Utfärdaren samt Johannes Brudsson, Nils Lindormsson, kallad Nakka, beseglar."
C942E34A3,"Syssloman i Jämtland Niklas Petersson, lagmannen i Jämtland Lars Gunnarsson och prost Agmund i Hammaren intygar att på kung Magnus vägnar Nils Petersson och på ärkebiskopens vägnar Agmund, prost i Hammaren, och herr Mikael på Kyrköns vägnar i Brunflo socken vid en häradsting i Hagge mellan Hagnesta och Vambsta inträffat en tvist om en hägnad, som sydragårdsmannen gjort på Hagnesta och Vambsta mäns ägor. Två gamla män från Brunflo, Torbjörn Kille och Öyvind Oppe, svor ed på att sydragårdsmannen gjort hägnaden med hagnesta- och vambstazmanens tillåtelse och att han inte gjort mer. Utfärdarna beseglar."
C89A98848,"Harald Gudmundsson kungör att han skänkt två gårdar, Vräck och Hammar, till klostret i Saba (Sabae) med villkor att abboten och hans efterträdare inte får sälja dem, utan att den ena gården skall användas till kyrkans och den andra till konventets och underhållets behov. Vidare skänker han till klostret alla tillbehör till ett altare, prästkläder och silver till två ampuller, ett baldakin och ett examitum till en dalmatika samt ett kalkstycke, som tillhört hans hustru Cecilia. Dessutom skänker hans hustru Cecilia ett kalkstycke. Harald kungör vidare att han till Thyrik Ruffus avlöst sina skulder med sin hustrus gård i Arvidstad. Sigillanter är Harald Gudmundsson och hans hustru Cecilia."
C0B0C9529,"Kaniken Algot Kettilsson i Lund, kyrkoherden i Malmö S:t Petri kyrka Bertold Wirten, dekanen Hinzeke Thystel i Oxie härad, prästerna Johannes Hennikini, Johannes Tueson och Truggillus Petersson, borgarna och rådmännen i Lund Johannes Hennichini, Johannes Tueson och Truggillus Petersson intygar att de den 8/10 1378 sett och noggrant granskat kung Valdemars öppna brev av den 20/10 1366 till Malmö stad och dess borgare, utan att detta blivit bortraderat, upphävt eller på något sätt förändrat, och att de beseglar."
CA882AD39,"Bengt Arvidsson ger sin hustru Ingeborg Larlsdotter morgongåva i Finnakumla, där han nu bor, i Marbäcks sn, i kyrkbyn, i Överarp, i Skedebo, i Skedebo kvarnar, i Skedebo kvarnar östra och västra"
CCB4CC72E,"Ingeborg, Bengt Peterssons hustru, återinsätter sin syster Margareta, nunna i Kalmar, i hennes arv på gården Harg med kvarnar och andra tillägor, som hon genom Bengts samtycke och sin sons Håkans återinsatt henne i, och förbinder sig att efter systerns död återinsätta Håkans arvingar i samma gård, men ger Kalmar nunnekloster gården Tylstada i utbyte mot den gård i Närke, som klostret innehaft i Norrby. Utfärdaren beseglar tillsammans med Bengt Petersson, Magnus Karlsson, Ture Kettilsson och Håkans Lämma."
C1AE5EF57,"Domprosten Andreas i Uppsala skänker till Uppsala domkyrka sin ö i Uppsala med alla byggnader och gårdar där och i närheten, vidare de gods han förvärvat i Säva, Nannetuna, Kvarnby, Gutasunda och Huvudby, och kungör detta i Uppsala domkyrka med närvarande vittnen. Utfärdaren samt Berend Ingolfsson, Andreas Jonsson, Peter Olofsson, magister Thideman beseglar."
C2525689F,"Domprosten Andreas i Uppsala upprättar sitt testamente. Först och främst vill han att hans skulder skall betalas och att de fel som kan ha uppdagats skall rättas till. För detta ändamål anslår han sina böcker. Vidare skänker han till sin moderkyrka i Uppsala, hos vilken han väljer sin gravplats, nämligen i S:t Nicolai kapell, de gods och egendomar han förvärvat, nämligen sin ö i Uppsala med alla byggnader och verkstäder där och på öppna fältet i närheten, i Säva 3 mark, med 5 örtugland, med 1 vrffel (1/4 öresland) och kvarn där, men vrffeln med kvarn och äng mellan damm och dike behåller han för sin tid, i Nannetuna 2 mark, med 14 örtugland, med önskan att årligen firas ett årsfest för Karl Gregersson, hans svärson, av koralbrödernas gille på ön, vidare en by som kallas Kvarnby i Laxeby (Laxeby) socken, upptagen för 8 örtugland och 5 penningar mindre med kvarn där, vidare i Guttasunda 2 öresland och i Huvudby i Resele (Resele) socken 14 öresland med alla tillägor, gårdar, åkrar, ängar, skogar, betesmarker, fiskevatten och andra tillägor. Allt detta överlåter han nu med full rätt till Uppsala domkyrka och lämnar det till disposition för den Reverende fadern, ärkebiskopen i Uppsala, och de hedervärda männen, domkapitlet i Uppsala, på så sätt att de disponerar över egendomarna"
CC9DF8F4C,"Lars Holmgersson pantsätter sina fädernegods i Algutstorp (Villie socken, Ljunits härad) till riddaren Stefan Ulfsson för 100 mark penningar. Utfärdaren beseglar."
C6E87AA25,"Bernhardus Johannis, kyrkoherde i Västerås och ombud för biskop Egislus, meddelar att lombarderna Michael Ferrerius från Tällnäs, Stephanus från Karnien och Johannes Mellinus från Florens, Filip Bonavitus från Florens, vilka uppges vara ombud, i kurian i Rom tillskansat sig ett brev, vari Egislus beskylls för att vara offentlig usurpator för Filip Coppi från Florens och hans kompanjoner och för att vara skyldig dem tillsammans med Johannes Föt, kanik i Västerås, 2000 floriner, vilka Egislus aldrig mottagit. Bernhardus förklarar att om detta brev erhållits av en auditor eller hans ställföreträdare, så är det ogiltigt, eftersom Egislus aldrig varit skyldig Filip Coppi något, utom i det fall att kardinalen Mathias, som var ombud för kung Magnus av Sverige och hans mor Ingeborg, godkänt de framställningar som Johannes Föt gjort till kardinalen. Filip Coppi hade dock inte godkänts för detta av Filip Coppi själv, utan av ärkebiskop Theobald av Palermo, som var ombud för kardinalen. Bernhardus förklarar sig vara ombud för Egislus och att han själv känner sig kränkt av detta brev och att han därför vädjar till kurian att Egislus och hans rykte skall undersökas av den kommission som utsetts för detta ändamål"
