id,ranking
ab_000001,5;3;7;4;1;6;2;8
ab_000002,6;2;4;8;7;1;3;5
ab_000003,3;5;7;4;1;8;2;6
ab_000004,8;1;7;4;5;3;2;6
ab_000005,7;4;1;8;2;6;5;3
ab_000006,1;7;8;4;2;6;3;5
ab_000007,2;6;4;8;7;1;3;5
ab_000008,4;8;1;2;6;7;3;5
ab_000009,1;6;7;2;3;4;8;5
ab_000010,3;4;7;6;2;1;8;5
ab_000011,2;7;1;6;3;4;8;5
ab_000012,2;7;6;1;3;4;8;5
ab_000013,5;8;4;3;6;7;1;2
ab_000014,8;5;4;3;7;6;1;2
ab_000015,7;6;2;1;3;4;8;5
ab_000016,4;8;5;3;7;6;1;2
ab_000017,8;1;7;4;2;3;5;6
ab_000018,1;7;4;8;2;3;5;6
ab_000019,2;5;6;7;3;1;4;8
ab_000020,4;3;8;7;2;6;1;5
ab_000021,1;8;7;3;2;4;5;6
ab_000022,5;6;7;2;8;3;1;4
ab_000023,3;7;8;4;2;6;5;1
ab_000024,6;4;5;7;8;3;2;1
ab_000025,3;5;4;6;2;8;1;7
ab_000026,2;1;7;6;8;4;5;3
ab_000027,6;7;1;4;8;2;5;3
ab_000028,5;8;4;2;7;1;6;3
ab_000029,7;1;2;4;8;6;5;3
ab_000030,5;4;8;6;2;1;7;3
ab_000031,4;1;7;6;2;8;5;3
ab_000032,2;6;1;8;7;4;5;3
ab_000033,3;4;1;2;5;7;6;8
ab_000034,7;5;6;8;4;2;1;3
ab_000035,1;2;3;4;7;5;6;8
ab_000036,8;5;6;7;4;1;3;2
ab_000037,4;2;1;3;7;5;8;6
ab_000038,7;6;8;5;4;1;3;2
ab_000039,4;2;1;3;7;5;8;6
ab_000040,6;5;8;7;4;2;1;3
ab_000041,4;3;5;1;2;8;7;6
ab_000042,4;2;3;1;8;7;5;6
ab_000043,2;5;8;3;1;7;4;6
ab_000044,8;7;5;2;1;3;4;6
ab_000045,6;7;2;4;1;5;3;8
ab_000046,4;2;1;5;3;7;8;6
ab_000047,7;8;5;1;3;4;2;6
ab_000048,3;1;4;5;2;8;7;6
ab_000049,3;1;8;5;7;6;4;2
ab_000050,8;1;3;5;7;6;4;2
ab_000051,6;7;4;5;2;8;3;1
ab_000052,4;2;7;6;5;8;3;1
ab_000053,2;7;4;6;5;8;3;1
ab_000054,5;6;7;4;2;8;3;1
ab_000055,1;3;8;5;7;2;4;6
ab_000056,6;2;4;5;7;8;3;1
ab_000057,5;8;3;1;6;7;2;4
ab_000058,1;3;5;8;6;7;2;4
ab_000059,6;8;5;1;3;7;2;4
ab_000060,4;2;7;5;1;3;8;6
ab_000061,1;3;6;5;8;4;7;2
ab_000062,2;4;7;5;3;1;6;8
ab_000063,7;3;5;2;1;4;6;8
ab_000064,8;7;5;6;3;1;2;4
ab_000065,2;8;7;3;4;5;1;6
ab_000066,5;4;3;6;7;1;8;2
ab_000067,6;3;5;4;1;7;8;2
ab_000068,7;8;2;3;4;5;6;1
ab_000069,3;7;4;8;2;5;6;1
ab_000070,6;5;4;3;1;8;7;2
ab_000071,8;4;7;2;5;3;6;1
ab_000072,1;6;3;8;2;5;4;7
ab_000073,3;4;8;6;1;7;2;5
ab_000074,7;1;2;5;4;8;6;3
ab_000075,8;4;7;2;1;5;3;6
ab_000076,7;5;8;4;2;1;6;3
ab_000077,6;4;1;2;3;8;5;7
ab_000078,6;2;1;8;5;7;4;3
ab_000079,6;7;4;2;5;1;8;3
ab_000080,5;7;8;1;2;4;6;3
ab_000081,2;6;1;7;8;4;5;3
ab_000082,1;8;2;6;7;4;5;3
ab_000083,4;5;1;2;3;6;8;7
ab_000084,5;4;3;2;6;7;1;8
ab_000085,7;8;6;1;2;4;5;3
ab_000086,8;2;7;6;1;4;5;3
ab_000087,1;7;6;8;2;5;4;3
ab_000088,3;5;4;2;6;1;7;8
ab_000089,5;1;6;2;4;8;7;3
ab_000090,7;8;1;4;5;2;6;3
ab_000091,6;4;2;8;5;1;7;3
ab_000092,8;1;2;6;4;5;7;3
ab_000093,2;1;6;8;4;5;7;3
ab_000094,5;4;6;2;8;1;7;3
ab_000095,7;5;8;3;4;6;2;1
ab_000096,3;7;8;4;2;1;6;5
ab_000097,7;5;6;1;4;2;8;3
ab_000098,7;6;5;2;8;4;1;3
ab_000099,8;4;6;2;7;1;5;3
ab_000100,4;1;6;5;7;8;2;3
ab_000101,8;2;7;4;6;3;1;5
ab_000102,2;8;6;7;1;4;5;3
ab_000103,1;5;4;2;3;6;7;8
ab_000104,3;5;1;7;4;2;8;6
ab_000105,3;2;5;6;7;4;1;8
ab_000106,6;7;4;3;2;5;1;8
ab_000107,6;7;3;2;5;4;1;8
ab_000108,4;7;2;6;3;5;1;8
ab_000109,2;7;5;3;4;6;1;8
ab_000110,1;5;4;7;8;6;2;3
ab_000111,8;1;5;7;6;4;2;3
ab_000112,1;4;5;8;6;2;7;3
ab_000113,8;3;2;5;7;6;4;1
ab_000114,4;2;5;6;7;1;3;8
ab_000115,1;2;6;5;7;4;8;3
ab_000116,3;8;5;2;7;6;1;4
ab_000117,6;7;1;4;8;5;2;3
ab_000118,4;1;7;6;2;5;8;3
ab_000119,5;7;4;1;6;2;8;3
ab_000120,2;5;4;6;7;1;3;8
ab_000121,6;5;2;7;3;1;4;8
ab_000122,3;1;2;8;5;4;6;7
ab_000123,7;6;2;1;3;5;4;8
ab_000124,5;4;8;3;6;7;1;2
ab_000125,3;4;8;5;6;2;7;1
ab_000126,8;4;3;5;7;6;1;2
ab_000127,2;7;1;5;6;3;4;8
ab_000128,1;2;7;6;5;3;8;4
ab_000129,7;1;8;2;3;4;6;5
ab_000130,6;8;4;1;2;7;5;3
ab_000131,5;4;8;1;2;3;6;7
ab_000132,4;8;5;6;1;2;3;7
ab_000133,2;1;3;7;4;8;5;6
ab_000134,3;7;1;2;4;8;5;6
ab_000135,1;2;3;7;4;8;6;5
ab_000136,8;4;7;2;3;1;6;5
ab_000137,5;6;8;7;2;1;4;3
ab_000138,8;7;6;5;2;3;4;1
ab_000139,2;7;8;6;4;3;1;5
ab_000140,1;4;3;2;6;7;8;5
ab_000141,3;4;1;6;2;7;8;5
ab_000142,4;3;1;2;6;8;7;5
ab_000143,6;7;8;2;5;1;3;4
ab_000144,7;8;2;6;3;4;5;1
ab_000145,1;8;7;6;5;4;3;2
ab_000146,3;4;5;6;2;8;7;1
ab_000147,5;6;3;4;8;7;1;2
ab_000148,6;5;3;4;1;8;2;7
ab_000149,4;3;5;6;2;8;1;7
ab_000150,2;4;3;6;5;8;7;1
ab_000151,1;8;7;6;5;4;3;2
ab_000152,7;8;1;6;5;4;3;2
ab_000153,2;5;7;4;3;1;8;6
ab_000154,4;8;7;3;1;2;5;6
ab_000155,7;3;8;2;1;4;5;6
ab_000156,2;5;7;4;1;3;8;6
ab_000157,3;8;1;4;6;7;5;2
ab_000158,4;8;3;1;5;7;2;6
ab_000159,1;3;8;6;5;4;7;2
ab_000160,6;8;3;1;4;5;7;2
ab_000161,5;1;6;3;2;7;4;8
ab_000162,4;7;1;8;2;6;5;3
ab_000163,6;1;5;3;2;7;8;4
ab_000164,3;2;6;1;5;7;8;4
ab_000165,7;4;8;2;6;5;1;3
ab_000166,2;5;3;6;1;7;8;4
ab_000167,1;5;3;6;2;7;4;8
ab_000168,8;4;7;6;5;2;3;1
ab_000169,1;5;4;2;8;7;3;6
ab_000170,5;1;2;4;7;8;3;6
ab_000171,4;1;5;8;2;7;3;6
ab_000172,8;2;7;3;5;1;6;4
ab_000173,3;6;7;2;8;1;4;5
ab_000174,2;7;8;5;1;3;6;4
ab_000175,7;2;8;3;5;6;1;4
ab_000176,6;3;7;2;8;1;5;4
ab_000177,1;7;3;5;4;8;2;6
ab_000178,2;6;8;7;1;3;5;4
ab_000179,7;5;3;4;1;8;6;2
ab_000180,8;6;2;3;1;4;5;7
ab_000181,7;1;5;4;3;8;6;2
ab_000182,3;5;4;7;8;6;2;1
ab_000183,6;8;5;2;4;3;1;7
ab_000184,4;5;3;7;8;1;6;2
ab_000185,1;4;5;7;2;8;3;6
ab_000186,3;1;8;7;4;2;5;6
ab_000187,2;3;5;7;8;1;4;6
ab_000188,5;8;1;7;2;3;4;6
ab_000189,6;3;5;2;1;8;4;7
ab_000190,4;2;7;1;8;3;5;6
ab_000191,7;4;1;3;2;5;8;6
ab_000192,8;2;3;5;7;4;1;6
ab_000193,1;6;2;8;5;7;4;3
ab_000194,6;1;2;8;4;7;3;5
ab_000195,3;4;8;5;7;1;6;2
ab_000196,5;7;4;3;8;1;6;2
ab_000197,4;7;5;8;3;1;6;2
ab_000198,3;4;5;8;7;1;6;2
ab_000199,2;6;1;5;4;8;3;7
ab_000200,8;7;5;4;3;1;6;2
ab_000201,5;4;1;2;6;7;8;3
ab_000202,6;7;8;1;3;2;5;4
ab_000203,2;5;1;8;4;6;7;3
ab_000204,4;5;1;7;6;8;2;3
ab_000205,3;8;7;6;1;4;5;2
ab_000206,6;7;5;4;1;8;2;3
ab_000207,8;7;3;6;1;2;5;4
ab_000208,1;2;8;6;5;7;4;3
ab_000209,3;7;2;1;6;5;8;4
ab_000210,4;8;6;1;2;3;7;5
ab_000211,2;1;5;3;7;6;8;4
ab_000212,5;7;3;2;1;6;8;4
ab_000213,1;2;3;5;6;7;8;4
ab_000214,8;4;6;1;7;2;3;5
ab_000215,7;3;2;5;1;6;8;4
ab_000216,6;4;1;8;2;7;3;5
ab_000217,1;5;4;3;6;2;7;8
ab_000218,3;6;5;4;1;2;8;7
ab_000219,7;2;8;3;5;1;6;4
ab_000220,8;7;2;3;1;5;6;4
ab_000221,5;6;4;1;3;2;7;8
ab_000222,6;4;1;3;5;2;7;8
ab_000223,2;7;8;3;1;5;4;6
ab_000224,5;4;1;6;3;2;8;7
ab_000225,7;2;6;4;1;5;8;3
ab_000226,3;4;8;1;5;2;6;7
ab_000227,6;7;2;4;8;5;3;1
ab_000228,4;8;1;3;5;2;7;6
ab_000229,5;4;3;8;2;1;6;7
ab_000230,1;8;3;5;4;2;7;6
ab_000231,2;7;6;4;1;8;5;3
ab_000232,8;3;4;5;1;2;7;6
ab_000233,4;6;1;3;5;7;2;8
ab_000234,6;1;5;4;3;7;2;8
ab_000235,3;1;6;5;4;7;2;8
ab_000236,5;3;1;7;4;6;2;8
ab_000237,2;8;6;1;4;3;5;7
ab_000238,5;1;4;6;3;7;2;8
ab_000239,7;3;1;5;4;6;2;8
ab_000240,8;2;3;1;6;4;5;7
ab_000241,1;6;5;3;7;4;8;2
ab_000242,6;5;4;3;7;8;2;1
ab_000243,4;8;3;7;2;5;6;1
ab_000244,7;4;3;8;2;5;6;1
ab_000245,2;8;7;4;3;5;6;1
ab_000246,6;5;7;3;4;8;1;2
ab_000247,3;2;4;8;7;5;6;1
ab_000248,8;7;2;3;4;5;6;1
ab_000249,4;1;5;7;6;2;8;3
ab_000250,1;5;7;4;6;2;8;3
ab_000251,1;7;5;6;2;4;8;3
ab_000252,3;2;8;5;6;4;7;1
ab_000253,8;2;5;6;4;7;3;1
ab_000254,6;4;7;1;5;2;8;3
ab_000255,2;8;6;5;3;7;4;1
ab_000256,6;7;4;1;5;8;2;3
ab_000257,1;2;8;7;6;3;4;5
ab_000258,7;2;8;1;6;3;4;5
ab_000259,6;4;3;5;1;8;2;7
ab_000260,2;8;7;1;6;3;5;4
ab_000261,4;5;6;3;1;8;2;7
ab_000262,1;8;2;7;6;3;4;5
ab_000263,3;6;5;4;1;8;7;2
ab_000264,5;4;6;3;1;8;2;7
ab_000265,1;8;6;5;4;3;7;2
ab_000266,7;3;2;5;6;1;4;8
ab_000267,6;8;5;1;4;3;2;7
ab_000268,4;6;5;8;1;2;3;7
ab_000269,5;6;8;1;3;7;4;2
ab_000270,8;6;5;1;4;3;7;2
ab_000271,2;3;7;5;6;4;8;1
ab_000272,3;2;7;5;6;8;4;1
ab_000273,4;8;6;7;5;2;3;1
ab_000274,5;7;6;4;8;2;3;1
ab_000275,4;7;8;5;3;6;2;1
ab_000276,2;3;7;8;6;5;4;1
ab_000277,6;8;5;7;2;3;4;1
ab_000278,1;4;8;7;2;3;6;5
ab_000279,3;2;7;5;6;8;4;1
ab_000280,8;3;6;7;5;2;4;1
ab_000281,4;1;8;6;2;3;5;7
ab_000282,5;2;4;6;3;8;1;7
ab_000283,1;4;8;6;3;2;5;7
ab_000284,7;6;3;8;1;2;5;4
ab_000285,3;6;8;1;2;7;4;5
ab_000286,2;3;1;4;6;5;8;7
ab_000287,5;6;4;2;1;8;3;7
ab_000288,8;1;6;3;4;2;7;5
ab_000289,4;8;7;6;5;3;2;1
ab_000290,5;3;2;1;8;7;6;4
ab_000291,7;6;4;8;2;3;5;1
ab_000292,6;3;2;4;7;5;8;1
ab_000293,6;8;7;2;5;3;4;1
ab_000294,2;3;7;6;8;5;4;1
ab_000295,8;4;3;5;7;6;2;1
ab_000296,1;5;3;2;8;6;4;7
ab_000297,1;6;5;2;8;7;3;4
ab_000298,7;4;8;3;5;2;6;1
ab_000299,6;1;5;2;8;3;4;7
ab_000300,2;5;6;8;1;7;3;4
ab_000301,7;8;4;3;5;2;6;1
ab_000302,2;5;6;8;1;3;4;7
ab_000303,3;8;7;4;5;2;6;1
ab_000304,3;4;8;7;5;2;6;1
ab_000305,7;4;5;2;6;1;3;8
ab_000306,6;2;8;4;1;3;5;7
ab_000307,2;4;6;5;3;1;8;7
ab_000308,3;1;8;6;2;7;5;4
ab_000309,8;1;3;6;2;7;4;5
ab_000310,5;2;4;7;6;1;8;3
ab_000311,1;6;8;3;2;7;4;5
ab_000312,7;5;4;2;6;1;3;8
ab_000313,5;4;7;3;1;6;8;2
ab_000314,8;2;1;3;6;4;7;5
ab_000315,3;6;4;2;8;1;7;5
ab_000316,4;8;2;1;3;6;5;7
ab_000317,1;6;2;4;8;3;5;7
ab_000318,8;4;2;3;1;6;5;7
ab_000319,6;4;3;2;1;8;5;7
ab_000320,7;5;4;3;6;1;8;2
ab_000321,4;3;5;8;1;6;7;2
ab_000322,3;5;1;8;7;4;6;2
ab_000323,1;8;7;5;6;2;3;4
ab_000324,8;1;5;7;6;2;3;4
ab_000325,6;2;1;7;8;5;3;4
ab_000326,5;7;1;8;2;6;3;4
ab_000327,2;6;1;8;7;5;3;4
ab_000328,7;8;1;6;2;5;3;4
ab_000329,3;7;4;8;2;6;1;5
ab_000330,6;2;1;5;7;3;8;4
ab_000331,2;6;1;5;7;8;3;4
ab_000332,5;1;6;2;8;3;4;7
ab_000333,8;4;7;3;2;6;1;5
ab_000334,3;7;8;4;6;2;1;5
ab_000335,1;6;5;2;3;8;7;4
ab_000336,8;4;7;3;2;6;1;5
ab_000337,4;7;8;1;6;5;3;2
ab_000338,4;1;8;3;7;5;6;2
ab_000339,5;7;6;8;2;3;1;4
ab_000340,2;4;3;1;7;8;6;5
ab_000341,8;6;7;1;2;5;4;3
ab_000342,6;1;8;5;7;2;4;3
ab_000343,3;2;1;7;5;4;6;8
ab_000344,6;7;5;3;2;1;8;4
ab_000345,8;3;4;5;1;7;2;6
ab_000346,4;3;5;8;1;7;2;6
ab_000347,5;1;8;4;3;2;7;6
ab_000348,1;3;4;5;8;7;2;6
ab_000349,7;8;2;4;5;3;1;6
ab_000350,6;4;5;8;7;2;3;1
ab_000351,7;2;3;5;8;4;1;6
ab_000352,2;1;5;4;8;7;3;6
ab_000353,4;5;7;2;8;6;1;3
ab_000354,3;1;2;6;7;8;4;5
ab_000355,5;4;8;2;7;6;3;1
ab_000356,6;7;2;8;4;1;5;3
ab_000357,6;7;8;2;4;1;3;5
ab_000358,8;4;5;6;7;2;3;1
ab_000359,8;2;7;4;3;6;5;1
ab_000360,1;3;2;7;4;8;6;5
ab_000361,7;2;1;4;6;8;3;5
ab_000362,1;2;7;4;6;8;3;5
ab_000363,4;1;7;6;2;8;3;5
ab_000364,5;8;3;7;1;2;6;4
ab_000365,8;5;3;7;1;6;2;4
ab_000366,3;5;8;7;1;2;4;6
ab_000367,6;2;1;4;7;8;3;5
ab_000368,2;1;7;4;6;8;3;5
ab_000369,1;3;4;2;8;7;5;6
ab_000370,7;5;6;1;3;2;4;8
ab_000371,8;1;4;3;2;7;5;6
ab_000372,4;1;8;2;3;7;5;6
ab_000373,5;6;7;2;3;4;1;8
ab_000374,6;5;7;2;3;1;8;4
ab_000375,3;1;2;8;4;7;5;6
ab_000376,2;3;4;1;8;7;5;6
ab_000377,4;2;1;7;3;8;5;6
ab_000378,1;2;5;7;3;6;8;4
ab_000379,6;3;7;2;1;8;5;4
ab_000380,5;7;6;3;1;2;8;4
ab_000381,8;7;3;1;2;6;5;4
ab_000382,2;6;5;1;3;7;8;4
ab_000383,3;5;2;1;7;6;8;4
ab_000384,8;2;7;1;6;3;5;4
ab_000385,3;1;5;8;6;7;4;2
ab_000386,6;4;8;2;5;7;3;1
ab_000387,8;4;7;5;2;6;3;1
ab_000388,6;2;8;4;7;5;3;1
ab_000389,5;4;8;6;7;2;3;1
ab_000390,2;7;5;6;8;4;3;1
ab_000391,7;2;5;4;8;6;3;1
ab_000392,1;3;5;6;4;7;8;2
ab_000393,8;3;5;4;7;1;2;6
ab_000394,4;3;5;8;1;2;7;6
ab_000395,1;7;2;6;3;4;5;8
ab_000396,5;3;8;4;1;7;2;6
ab_000397,1;7;2;6;5;3;8;4
ab_000398,2;7;6;1;5;3;4;8
ab_000399,6;2;7;1;5;4;3;8
ab_000400,3;5;4;8;1;2;7;6
ab_000401,1;8;7;6;5;3;2;4
ab_000402,8;1;7;6;5;4;2;3
ab_000403,5;3;4;2;8;7;6;1
ab_000404,3;4;5;2;8;7;6;1
ab_000405,2;4;5;3;8;7;6;1
ab_000406,7;6;5;4;8;3;2;1
ab_000407,2;4;3;5;8;7;6;1
ab_000408,6;7;8;5;1;4;2;3
ab_000409,3;8;7;2;1;6;5;4
ab_000410,4;7;3;8;6;1;2;5
ab_000411,8;7;2;1;3;6;5;4
ab_000412,5;6;3;1;7;2;4;8
ab_000413,8;1;2;7;3;4;5;6
ab_000414,2;5;6;1;3;7;8;4
ab_000415,6;3;2;1;5;7;4;8
ab_000416,4;7;5;8;6;3;1;2
ab_000417,4;2;1;8;7;3;6;5
ab_000418,6;5;3;4;7;1;2;8
ab_000419,7;4;1;8;2;5;3;6
ab_000420,7;8;4;2;1;3;6;5
ab_000421,2;1;4;8;7;5;3;6
ab_000422,5;3;6;7;4;1;2;8
ab_000423,2;1;4;8;7;6;3;5
ab_000424,3;6;5;4;2;1;7;8
ab_000425,6;7;2;5;1;8;3;4
ab_000426,2;1;5;8;3;4;6;7
ab_000427,7;5;6;2;1;8;4;3
ab_000428,1;2;4;5;8;6;3;7
ab_000429,3;8;4;5;2;1;6;7
ab_000430,5;7;6;2;8;1;4;3
ab_000431,4;5;8;2;3;1;6;7
ab_000432,3;8;4;5;1;2;6;7
ab_000433,3;5;2;7;1;8;4;6
ab_000434,2;3;5;1;7;8;4;6
ab_000435,7;5;1;2;8;4;6;3
ab_000436,8;2;1;5;7;3;6;4
ab_000437,4;8;6;7;1;5;2;3
ab_000438,6;4;1;5;8;7;2;3
ab_000439,6;3;1;8;4;7;5;2
ab_000440,4;7;6;8;1;5;2;3
ab_000441,3;4;6;2;5;7;1;8
ab_000442,2;7;8;1;5;3;6;4
ab_000443,8;7;1;5;2;3;6;4
ab_000444,5;2;7;1;8;6;4;3
ab_000445,4;6;3;5;2;7;8;1
ab_000446,1;8;5;7;2;6;3;4
ab_000447,2;7;5;1;8;3;6;4
ab_000448,6;3;4;2;7;5;8;1
ab_000449,7;5;6;2;4;8;1;3
ab_000450,8;5;3;6;1;2;4;7
ab_000451,5;8;4;7;6;2;1;3
ab_000452,3;1;8;2;5;7;6;4
ab_000453,2;7;6;4;5;8;1;3
ab_000454,4;2;5;7;6;8;1;3
ab_000455,6;8;2;5;7;4;1;3
ab_000456,1;3;8;7;5;2;6;4
ab_000457,8;2;4;5;6;7;1;3
ab_000458,8;7;6;4;2;5;1;3
ab_000459,6;4;8;7;5;2;1;3
ab_000460,5;6;4;8;7;2;1;3
ab_000461,2;6;4;7;8;5;1;3
ab_000462,1;3;8;4;2;7;6;5
ab_000463,7;4;5;6;8;2;1;3
ab_000464,3;1;8;7;4;6;2;5
ab_000465,2;7;6;5;4;8;3;1
ab_000466,7;5;8;4;3;6;2;1
ab_000467,2;5;3;4;6;7;8;1
ab_000468,8;5;6;7;2;4;3;1
ab_000469,3;6;2;5;4;7;8;1
ab_000470,4;6;2;5;3;8;7;1
ab_000471,4;5;7;6;8;3;2;1
ab_000472,1;8;2;3;4;5;6;7
ab_000473,8;7;2;3;5;6;4;1
ab_000474,8;3;2;7;5;6;4;1
ab_000475,6;5;4;1;3;2;8;7
ab_000476,4;1;6;5;3;8;7;2
ab_000477,3;2;5;7;8;6;4;1
ab_000478,1;4;6;5;8;3;2;7
ab_000479,5;7;8;2;3;6;4;1
ab_000480,7;2;8;3;5;6;4;1
ab_000481,5;3;4;1;7;2;8;6
ab_000482,4;3;1;5;7;2;8;6
ab_000483,1;5;4;7;3;2;8;6
ab_000484,6;8;3;4;1;7;5;2
ab_000485,7;2;4;5;3;1;6;8
ab_000486,2;7;3;5;1;4;8;6
ab_000487,8;6;3;7;4;1;5;2
ab_000488,7;3;4;2;5;1;6;8
ab_000489,3;2;8;1;7;4;5;6
ab_000490,1;8;2;3;7;5;4;6
ab_000491,4;6;5;2;7;8;1;3
ab_000492,8;1;3;2;7;5;4;6
ab_000493,7;2;8;5;4;1;3;6
ab_000494,2;7;5;4;6;8;1;3
ab_000495,5;7;2;4;6;8;1;3
ab_000496,6;4;5;7;2;1;8;3
ab_000497,7;1;2;8;5;6;3;4
ab_000498,2;5;1;8;7;6;3;4
ab_000499,5;1;7;2;8;6;3;4
ab_000500,6;8;7;1;2;5;3;4
ab_000501,4;3;6;8;1;2;7;5
ab_000502,3;4;6;8;1;2;5;7
ab_000503,6;8;5;3;1;2;7;4
ab_000504,5;1;2;8;7;6;3;4
ab_000505,1;8;3;7;2;6;5;4
ab_000506,7;2;5;3;6;1;8;4
ab_000507,2;5;1;8;7;3;6;4
ab_000508,1;5;2;3;7;8;6;4
ab_000509,3;8;7;6;5;1;2;4
ab_000510,8;7;1;5;3;6;2;4
ab_000511,6;7;5;2;3;1;8;4
ab_000512,4;6;3;8;1;7;5;2
ab_000513,1;6;2;5;8;3;7;4
ab_000514,8;1;2;5;6;7;3;4
ab_000515,3;2;7;8;5;6;1;4
ab_000516,3;5;6;8;1;7;2;4
ab_000517,7;6;5;3;2;8;1;4
ab_000518,4;8;5;3;7;6;1;2
ab_000519,6;2;1;8;7;5;3;4
ab_000520,7;8;5;1;6;2;3;4
ab_000521,7;5;6;4;1;8;3;2
ab_000522,4;3;8;1;5;6;7;2
ab_000523,4;3;8;5;6;1;7;2
ab_000524,8;4;3;1;5;7;6;2
ab_000525,1;4;6;5;8;3;7;2
ab_000526,6;1;3;5;4;8;7;2
ab_000527,6;5;3;1;8;4;7;2
ab_000528,2;7;4;6;3;5;8;1
ab_000529,5;1;4;3;8;7;2;6
ab_000530,4;7;1;8;3;5;6;2
ab_000531,7;8;1;4;3;5;2;6
ab_000532,2;6;3;1;4;8;7;5
ab_000533,5;3;8;1;4;7;2;6
ab_000534,6;7;2;4;3;8;1;5
ab_000535,8;1;3;2;4;7;5;6
ab_000536,3;5;1;8;4;2;7;6
ab_000537,1;4;5;8;7;2;6;3
ab_000538,5;4;2;6;8;7;1;3
ab_000539,4;8;2;5;6;7;1;3
ab_000540,7;2;8;4;6;5;1;3
ab_000541,3;1;4;5;8;7;6;2
ab_000542,8;6;2;5;7;4;1;3
ab_000543,5;4;7;6;2;8;1;3
ab_000544,6;5;4;7;8;2;1;3
ab_000545,6;4;3;8;1;2;5;7
ab_000546,6;3;4;2;1;8;5;7
ab_000547,7;5;1;4;2;6;3;8
ab_000548,5;1;4;2;3;8;6;7
ab_000549,8;6;1;4;2;5;3;7
ab_000550,1;2;5;3;4;8;6;7
ab_000551,5;6;1;4;8;3;2;7
ab_000552,3;2;8;6;1;5;4;7
ab_000553,7;8;3;5;4;6;1;2
ab_000554,8;5;3;4;6;1;2;7
ab_000555,6;2;4;3;1;5;8;7
ab_000556,2;1;6;4;3;5;8;7
ab_000557,5;6;3;2;4;1;8;7
ab_000558,2;5;1;3;4;6;8;7
ab_000559,1;4;3;6;2;5;8;7
ab_000560,8;5;3;4;6;2;1;7
ab_000561,5;3;8;7;2;4;6;1
ab_000562,6;2;5;7;4;3;8;1
ab_000563,4;6;3;7;5;8;2;1
ab_000564,8;5;7;3;4;2;6;1
ab_000565,2;8;7;3;5;4;6;1
ab_000566,1;2;4;8;6;3;5;7
ab_000567,2;7;4;5;8;6;3;1
ab_000568,6;3;5;4;7;8;2;1
ab_000569,1;2;6;3;8;5;4;7
ab_000570,7;8;4;5;3;6;1;2
ab_000571,4;7;8;5;3;6;1;2
ab_000572,5;4;8;7;3;6;1;2
ab_000573,3;6;2;8;1;4;7;5
ab_000574,5;4;8;7;3;6;1;2
ab_000575,6;3;1;2;4;8;5;7
ab_000576,2;1;6;3;8;5;4;7
ab_000577,7;3;5;1;2;6;4;8
ab_000578,4;7;1;5;3;6;2;8
ab_000579,5;6;3;2;1;7;4;8
ab_000580,2;6;5;1;3;4;7;8
ab_000581,6;1;4;3;5;2;7;8
ab_000582,8;2;7;4;6;1;5;3
ab_000583,3;6;1;2;5;4;7;8
ab_000584,4;1;2;7;3;5;6;8
ab_000585,8;6;2;3;5;1;7;4
ab_000586,4;7;2;8;6;3;5;1
ab_000587,1;5;2;3;8;6;4;7
ab_000588,8;6;2;3;7;4;5;1
ab_000589,7;4;2;6;8;3;5;1
ab_000590,3;6;2;8;5;4;7;1
ab_000591,3;2;6;8;4;5;1;7
ab_000592,5;1;2;3;8;6;4;7
ab_000593,8;3;1;7;4;5;2;6
ab_000594,1;3;8;4;5;2;7;6
ab_000595,4;3;1;5;8;7;2;6
ab_000596,6;1;8;3;5;7;4;2
ab_000597,7;5;2;4;3;8;1;6
ab_000598,2;7;5;3;4;8;1;6
ab_000599,5;7;2;1;3;4;8;6
ab_000600,1;2;4;3;7;5;8;6
ab_000601,4;3;7;5;8;2;6;1
ab_000602,4;1;2;6;8;5;7;3
ab_000603,5;8;2;6;4;3;7;1
ab_000604,1;2;4;6;7;5;8;3
ab_000605,8;3;6;4;5;2;1;7
ab_000606,7;6;2;1;5;8;4;3
ab_000607,7;2;6;8;5;1;4;3
ab_000608,3;6;2;8;5;4;7;1
ab_000609,4;5;1;7;8;3;2;6
ab_000610,1;5;7;4;8;3;2;6
ab_000611,4;5;7;1;3;8;2;6
ab_000612,7;5;4;1;8;3;2;6
ab_000613,3;2;6;8;1;5;4;7
ab_000614,6;2;3;8;5;1;7;4
ab_000615,3;2;6;5;8;1;4;7
ab_000616,8;4;2;5;3;7;1;6
ab_000617,6;2;4;8;1;7;5;3
ab_000618,8;4;6;2;1;3;7;5
ab_000619,2;8;4;6;1;7;3;5
ab_000620,3;7;5;1;4;2;8;6
ab_000621,4;6;2;8;1;7;5;3
ab_000622,1;5;7;3;4;2;6;8
ab_000623,3;7;5;1;4;2;6;8
ab_000624,1;5;7;3;4;2;6;8
ab_000625,4;5;8;3;7;1;6;2
ab_000626,7;1;6;4;5;3;8;2
ab_000627,6;1;7;4;5;3;8;2
ab_000628,8;4;3;5;2;1;7;6
ab_000629,2;5;3;8;4;1;7;6
ab_000630,3;5;8;2;4;1;7;6
ab_000631,5;4;8;2;3;1;7;6
ab_000632,7;1;6;4;5;3;8;2
ab_000633,4;2;3;7;1;6;8;5
ab_000634,6;1;5;8;7;3;2;4
ab_000635,4;2;3;7;1;6;8;5
ab_000636,1;7;6;3;8;5;2;4
ab_000637,5;8;6;1;7;3;2;4
ab_000638,8;5;6;1;7;3;2;4
ab_000639,3;7;6;1;8;2;4;5
ab_000640,7;3;1;6;2;4;8;5
ab_000641,6;4;8;2;7;1;3;5
ab_000642,8;6;4;7;2;3;5;1
ab_000643,7;6;4;3;2;8;5;1
ab_000644,2;3;7;5;6;8;4;1
ab_000645,5;7;3;2;4;8;6;1
ab_000646,1;6;8;7;4;2;5;3
ab_000647,4;8;6;7;2;3;5;1
ab_000648,3;2;7;5;8;4;6;1
ab_000649,1;5;6;7;3;4;2;8
ab_000650,8;6;7;1;4;3;5;2
ab_000651,6;7;1;8;3;5;4;2
ab_000652,4;3;2;5;6;1;7;8
ab_000653,2;3;4;5;6;1;7;8
ab_000654,1;5;6;4;2;3;7;8
ab_000655,4;3;2;5;6;1;8;7
ab_000656,7;6;1;3;5;8;4;2
ab_000657,6;2;3;5;8;1;7;4
ab_000658,6;8;5;1;3;7;2;4
ab_000659,5;8;6;2;1;3;7;4
ab_000660,3;2;8;7;5;1;6;4
ab_000661,7;8;3;2;5;6;4;1
ab_000662,1;6;5;2;3;8;7;4
ab_000663,4;7;8;6;2;3;5;1
ab_000664,2;5;3;8;7;6;1;4
ab_000665,8;3;7;4;1;6;2;5
ab_000666,2;5;1;6;3;8;4;7
ab_000667,5;2;1;3;8;6;4;7
ab_000668,4;7;3;6;1;8;5;2
ab_000669,3;1;8;4;6;7;2;5
ab_000670,6;1;8;4;3;7;2;5
ab_000671,7;6;1;4;8;3;2;5
ab_000672,8;1;6;3;4;7;2;5
ab_000673,8;7;5;4;3;1;2;6
ab_000674,2;3;1;6;4;7;8;5
ab_000675,6;3;2;1;4;7;8;5
ab_000676,7;8;5;1;4;3;2;6
ab_000677,4;1;6;3;2;7;8;5
ab_000678,4;6;2;3;1;7;8;5
ab_000679,1;3;2;6;4;7;8;5
ab_000680,5;8;7;4;3;2;1;6
ab_000681,8;4;1;7;6;3;2;5
ab_000682,5;2;1;8;7;6;4;3
ab_000683,7;6;8;4;1;3;2;5
ab_000684,6;7;3;4;8;1;5;2
ab_000685,4;3;1;6;7;8;5;2
ab_000686,3;4;6;7;1;8;2;5
ab_000687,2;5;1;4;7;6;8;3
ab_000688,1;4;3;7;8;6;2;5
ab_000689,4;3;1;2;6;5;7;8
ab_000690,2;3;6;1;4;7;5;8
ab_000691,3;2;6;4;1;5;8;7
ab_000692,7;8;1;3;4;5;2;6
ab_000693,8;6;3;5;7;4;2;1
ab_000694,6;3;5;2;8;4;1;7
ab_000695,5;8;6;3;7;2;4;1
ab_000696,1;3;4;2;5;7;6;8
ab_000697,2;4;3;8;1;5;7;6
ab_000698,8;3;2;4;1;7;5;6
ab_000699,7;5;1;8;6;4;3;2
ab_000700,4;3;2;8;5;7;1;6
ab_000701,1;7;8;5;3;4;6;2
ab_000702,4;3;5;1;8;2;7;6
ab_000703,5;7;8;1;6;3;4;2
ab_000704,6;7;5;8;1;3;4;2
ab_000705,1;5;8;3;6;7;2;4
ab_000706,3;5;1;6;8;7;2;4
ab_000707,6;2;7;8;1;3;4;5
ab_000708,4;7;2;6;8;1;3;5
ab_000709,7;2;6;4;8;5;1;3
ab_000710,5;1;3;8;6;7;2;4
ab_000711,2;6;7;3;8;4;1;5
ab_000712,8;5;1;3;6;7;2;4
ab_000713,3;6;7;2;5;4;8;1
ab_000714,3;5;4;6;2;7;8;1
ab_000715,2;3;8;7;5;4;6;1
ab_000716,8;2;3;4;5;7;1;6
ab_000717,6;7;3;5;4;2;8;1
ab_000718,4;5;7;6;3;2;8;1
ab_000719,7;5;4;6;8;3;2;1
ab_000720,1;2;7;4;3;8;5;6
ab_000721,4;8;7;3;1;6;5;2
ab_000722,4;3;5;7;8;1;6;2
ab_000723,1;4;5;8;3;7;6;2
ab_000724,5;3;1;6;8;4;7;2
ab_000725,1;6;7;8;3;5;4;2
ab_000726,2;6;3;5;4;1;8;7
ab_000727,7;6;8;5;1;3;4;2
ab_000728,5;3;4;8;6;7;1;2
ab_000729,6;8;3;2;5;4;1;7
ab_000730,4;7;2;1;5;3;8;6
ab_000731,1;7;2;4;5;3;8;6
ab_000732,2;7;4;8;1;5;3;6
ab_000733,3;8;5;2;4;6;7;1
ab_000734,5;8;3;2;4;7;1;6
ab_000735,1;7;4;2;5;3;8;6
ab_000736,8;3;6;5;2;4;7;1
ab_000737,3;1;8;6;2;5;4;7
ab_000738,5;2;6;7;4;1;3;8
ab_000739,8;3;1;6;2;5;4;7
ab_000740,7;4;5;2;6;1;3;8
ab_000741,6;5;1;8;3;2;4;7
ab_000742,4;2;5;7;6;1;8;3
ab_000743,1;3;6;8;5;2;4;7
ab_000744,4;2;5;7;6;3;1;8
ab_000745,6;4;3;2;5;7;1;8
ab_000746,7;3;4;6;2;1;5;8
ab_000747,2;5;4;3;6;7;1;8
ab_000748,4;7;5;1;6;3;2;8
ab_000749,8;5;2;1;7;3;4;6
ab_000750,1;5;3;7;4;2;6;8
ab_000751,5;1;2;3;4;7;8;6
ab_000752,3;7;1;4;5;2;6;8
ab_000753,6;1;7;3;2;5;8;4
ab_000754,3;2;6;8;5;1;4;7
ab_000755,8;4;5;3;2;6;7;1
ab_000756,4;5;8;3;2;6;1;7
ab_000757,8;5;6;3;2;1;4;7
ab_000758,2;3;5;6;8;1;4;7
ab_000759,1;2;7;6;3;5;8;4
ab_000760,7;6;1;2;5;3;8;4
ab_000761,2;4;6;3;5;7;8;1
ab_000762,8;7;5;1;3;2;4;6
ab_000763,5;7;8;3;1;4;2;6
ab_000764,3;2;4;8;1;6;7;5
ab_000765,3;4;2;6;5;8;7;1
ab_000766,6;4;2;3;5;7;8;1
ab_000767,1;7;8;5;2;4;3;6
ab_000768,7;8;5;4;1;3;6;2
ab_000769,3;4;1;7;6;2;8;5
ab_000770,7;6;1;4;3;2;8;5
ab_000771,6;2;7;8;5;1;4;3
ab_000772,5;8;2;6;7;1;4;3
ab_000773,1;4;7;6;3;2;5;8
ab_000774,4;1;3;7;6;2;8;5
ab_000775,2;8;5;6;7;1;4;3
ab_000776,5;8;2;6;7;1;4;3
ab_000777,6;4;1;5;7;2;3;8
ab_000778,3;8;2;5;1;4;7;6
ab_000779,7;2;1;4;5;8;3;6
ab_000780,1;7;2;4;3;5;8;6
ab_000781,8;3;2;1;7;4;5;6
ab_000782,5;7;1;2;4;8;3;6
ab_000783,5;2;1;7;4;3;8;6
ab_000784,4;6;7;5;1;2;8;3
ab_000785,8;2;5;3;7;1;6;4
ab_000786,7;3;2;5;8;1;6;4
ab_000787,1;6;4;3;2;8;5;7
ab_000788,4;1;6;3;2;8;5;7
ab_000789,5;7;3;2;8;1;6;4
ab_000790,5;7;2;8;3;1;6;4
ab_000791,8;7;3;2;5;1;6;4
ab_000792,6;4;1;3;2;8;5;7
ab_000793,5;4;3;2;1;6;8;7
ab_000794,6;3;1;4;5;2;8;7
ab_000795,2;4;1;5;3;8;6;7
ab_000796,5;1;3;2;4;8;6;7
ab_000797,3;1;5;4;2;6;8;7
ab_000798,7;8;2;1;3;4;5;6
ab_000799,4;3;1;8;5;2;6;7
ab_000800,8;7;2;1;4;3;5;6
ab_000801,3;7;8;2;5;4;1;6
ab_000802,2;5;4;8;7;3;1;6
ab_000803,5;4;8;2;7;3;6;1
ab_000804,6;1;4;5;2;7;3;8
ab_000805,2;4;5;8;7;1;6;3
ab_000806,1;6;4;5;2;3;7;8
ab_000807,7;3;8;2;5;4;6;1
ab_000808,8;7;2;3;5;4;1;6
ab_000809,8;7;6;1;2;3;5;4
ab_000810,4;5;2;7;1;6;3;8
ab_000811,6;7;8;1;2;3;5;4
ab_000812,7;1;6;8;2;3;5;4
ab_000813,8;7;6;2;1;3;5;4
ab_000814,3;1;5;2;7;6;8;4
ab_000815,2;8;3;1;5;6;7;4
ab_000816,5;7;1;2;3;6;4;8
ab_000817,4;5;1;8;7;2;3;6
ab_000818,6;8;5;1;4;2;7;3
ab_000819,4;8;1;5;6;3;7;2
ab_000820,5;8;4;1;6;2;7;3
ab_000821,1;8;5;4;6;7;2;3
ab_000822,7;2;3;8;4;5;1;6
ab_000823,3;7;2;8;4;5;1;6
ab_000824,2;3;7;4;5;8;1;6
ab_000825,3;2;8;6;1;5;7;4
ab_000826,8;7;2;3;1;6;5;4
ab_000827,7;8;2;3;5;6;4;1
ab_000828,5;6;4;1;2;3;8;7
ab_000829,4;5;6;1;3;2;7;8
ab_000830,1;5;6;2;4;3;7;8
ab_000831,2;3;6;1;5;8;7;4
ab_000832,1;6;5;3;2;4;8;7
ab_000833,2;4;6;1;3;5;8;7
ab_000834,5;3;8;7;6;4;1;2
ab_000835,1;4;2;6;3;8;5;7
ab_000836,2;1;6;4;8;5;7;3
ab_000837,6;4;2;1;8;3;7;5
ab_000838,7;8;3;5;6;4;1;2
ab_000839,5;3;7;8;6;4;1;2
ab_000840,8;3;7;5;6;4;1;2
ab_000841,2;7;4;1;5;3;6;8
ab_000842,1;2;4;3;6;7;5;8
ab_000843,7;2;5;4;3;1;6;8
ab_000844,5;7;6;4;3;2;1;8
ab_000845,6;5;3;1;7;4;2;8
ab_000846,3;4;5;7;6;2;1;8
ab_000847,8;6;1;3;5;4;2;7
ab_000848,1;3;4;2;7;5;6;8
ab_000849,4;1;6;7;8;3;5;2
ab_000850,4;8;7;3;6;1;5;2
ab_000851,7;6;8;3;4;1;5;2
ab_000852,5;3;8;7;6;4;1;2
ab_000853,3;8;5;7;4;6;1;2
ab_000854,6;7;3;1;8;5;4;2
ab_000855,2;1;4;6;3;7;8;5
ab_000856,1;6;7;4;2;3;8;5
ab_000857,4;2;1;7;8;6;3;5
ab_000858,5;8;6;2;1;4;7;3
ab_000859,7;3;4;6;8;5;2;1
ab_000860,8;5;1;2;4;6;7;3
ab_000861,5;6;1;2;8;4;7;3
ab_000862,3;7;4;8;5;6;2;1
ab_000863,6;8;5;2;1;4;7;3
ab_000864,1;2;6;5;8;4;7;3
ab_000865,4;3;6;2;8;1;7;5
ab_000866,8;2;1;7;5;3;4;6
ab_000867,5;1;2;7;8;3;4;6
ab_000868,6;4;3;2;5;7;8;1
ab_000869,3;6;4;2;8;7;5;1
ab_000870,1;8;2;5;7;4;3;6
ab_000871,7;5;8;2;1;4;3;6
ab_000872,2;5;8;7;1;3;6;4
ab_000873,4;6;3;5;2;7;1;8
ab_000874,3;4;5;6;2;7;1;8
ab_000875,1;8;7;2;5;3;4;6
ab_000876,5;3;6;4;2;7;8;1
ab_000877,7;2;1;8;5;3;4;6
ab_000878,2;8;7;1;5;4;3;6
ab_000879,8;7;2;1;5;3;4;6
ab_000880,6;5;3;4;7;2;1;8
ab_000881,4;6;2;5;7;1;8;3
ab_000882,8;2;6;4;5;7;3;1
ab_000883,7;6;4;2;5;1;3;8
ab_000884,1;3;4;7;6;5;8;2
ab_000885,5;6;7;4;2;1;8;3
ab_000886,7;2;6;4;8;5;1;3
ab_000887,3;1;4;5;6;7;2;8
ab_000888,6;2;8;4;5;7;1;3
ab_000889,2;6;4;8;5;1;7;3
ab_000890,8;2;6;4;3;1;5;7
ab_000891,1;5;6;4;7;3;2;8
ab_000892,7;6;5;1;3;2;4;8
ab_000893,7;5;4;3;6;1;2;8
ab_000894,4;6;5;3;7;1;2;8
ab_000895,4;6;1;5;3;7;2;8
ab_000896,3;5;1;7;4;6;2;8
ab_000897,5;3;4;2;6;7;1;8
ab_000898,1;7;5;6;3;4;8;2
ab_000899,8;6;7;1;5;2;3;4
ab_000900,7;6;3;2;4;1;8;5
ab_000901,2;5;3;6;4;1;7;8
ab_000902,4;1;5;3;7;6;2;8
ab_000903,8;6;1;7;5;4;2;3
ab_000904,4;3;5;1;7;2;6;8
ab_000905,1;4;2;8;5;3;7;6
ab_000906,5;2;4;7;8;3;1;6
ab_000907,8;4;5;7;1;2;3;6
ab_000908,2;3;7;5;8;4;6;1
ab_000909,7;5;2;3;8;4;6;1
ab_000910,3;1;2;4;5;8;7;6
ab_000911,1;8;4;3;5;2;7;6
ab_000912,6;2;3;5;7;1;8;4
ab_000913,5;3;4;6;8;1;7;2
ab_000914,3;4;1;2;6;7;8;5
ab_000915,2;1;3;8;6;4;7;5
ab_000916,2;4;7;8;3;6;1;5
ab_000917,7;8;6;4;3;2;1;5
ab_000918,1;6;3;2;8;4;7;5
ab_000919,7;8;4;2;6;3;1;5
ab_000920,6;4;1;8;2;3;7;5
ab_000921,5;7;6;8;1;4;2;3
ab_000922,4;2;3;5;1;7;6;8
ab_000923,1;3;2;6;4;5;7;8
ab_000924,7;5;6;2;8;1;4;3
ab_000925,2;5;3;1;7;4;6;8
ab_000926,3;2;4;5;1;7;6;8
ab_000927,8;7;6;5;1;2;3;4
ab_000928,6;7;2;1;5;3;4;8
ab_000929,2;1;7;4;6;3;5;8
ab_000930,4;7;3;6;5;8;2;1
ab_000931,8;6;3;7;5;4;2;1
ab_000932,5;3;7;6;4;8;2;1
ab_000933,1;2;4;5;3;6;7;8
ab_000934,6;3;5;7;8;4;2;1
ab_000935,7;5;8;4;6;3;2;1
ab_000936,4;3;5;2;6;7;8;1
ab_000937,3;2;8;5;1;7;4;6
ab_000938,1;7;8;4;2;3;5;6
ab_000939,8;2;3;1;7;4;5;6
ab_000940,7;4;1;2;8;3;5;6
ab_000941,4;7;1;2;8;3;5;6
ab_000942,5;6;3;2;8;4;1;7
ab_000943,2;1;4;7;8;3;5;6
ab_000944,6;5;3;2;7;8;1;4
ab_000945,1;3;5;7;4;6;2;8
ab_000946,8;2;6;4;5;3;1;7
ab_000947,7;3;1;5;4;2;6;8
ab_000948,2;8;4;6;5;3;1;7
ab_000949,4;8;2;6;3;5;1;7
ab_000950,6;2;4;8;5;3;1;7
ab_000951,5;7;1;3;4;8;2;6
ab_000952,5;3;1;7;4;8;2;6
ab_000953,1;3;5;2;8;7;4;6
ab_000954,6;4;7;5;1;2;3;8
ab_000955,6;7;4;5;1;2;3;8
ab_000956,8;5;2;1;3;7;4;6
ab_000957,1;3;2;8;5;7;4;6
ab_000958,7;4;6;1;3;8;5;2
ab_000959,5;3;2;8;1;4;7;6
ab_000960,2;1;5;3;8;4;7;6
ab_000961,3;1;5;6;4;8;7;2
ab_000962,2;4;3;1;7;5;6;8
ab_000963,1;6;7;4;3;8;5;2
ab_000964,6;8;3;4;1;5;7;2
ab_000965,4;5;7;6;3;1;8;2
ab_000966,8;7;4;1;5;6;3;2
ab_000967,5;6;7;3;4;8;1;2
ab_000968,7;6;4;5;8;1;3;2
ab_000969,6;1;7;4;2;8;5;3
ab_000970,2;7;4;1;8;6;5;3
ab_000971,8;1;5;6;4;7;3;2
ab_000972,4;6;1;7;2;5;3;8
ab_000973,5;3;4;1;6;2;7;8
ab_000974,2;6;7;1;8;4;5;3
ab_000975,7;1;4;8;6;2;5;3
ab_000976,3;5;4;1;7;6;8;2
ab_000977,2;1;8;6;5;4;3;7
ab_000978,6;2;8;1;3;4;5;7
ab_000979,7;6;2;1;8;4;5;3
ab_000980,5;3;4;8;6;1;2;7
ab_000981,4;3;8;5;2;1;6;7
ab_000982,5;3;1;4;6;8;2;7
ab_000983,4;1;3;6;8;2;5;7
ab_000984,2;6;8;5;3;1;4;7
ab_000985,7;1;8;2;6;5;4;3
ab_000986,8;1;2;7;5;6;4;3
ab_000987,4;2;5;8;6;1;7;3
ab_000988,6;5;2;1;4;8;7;3
ab_000989,5;6;2;8;7;1;4;3
ab_000990,3;4;2;8;5;1;6;7
ab_000991,7;2;1;5;6;4;8;3
ab_000992,7;1;5;8;2;6;4;3
ab_000993,5;4;1;6;3;8;7;2
ab_000994,2;8;3;7;5;4;1;6
ab_000995,3;4;1;5;6;8;7;2
ab_000996,6;5;4;1;3;8;7;2
ab_000997,6;1;4;5;3;8;7;2
ab_000998,7;8;3;2;5;4;1;6
ab_000999,1;3;6;4;5;8;7;2
ab_001000,8;7;2;3;5;4;1;6
ab_001001,7;4;2;5;6;1;3;8
ab_001002,4;7;2;1;5;3;8;6
ab_001003,6;3;5;8;7;4;2;1
ab_001004,3;5;6;8;7;4;2;1
ab_001005,5;6;3;8;7;4;2;1
ab_001006,8;6;5;3;1;7;4;2
ab_001007,1;2;7;4;8;5;6;3
ab_001008,1;2;4;7;5;8;3;6
ab_001009,2;7;5;1;4;8;3;6
ab_001010,3;6;8;4;5;1;2;7
ab_001011,8;1;4;5;3;6;2;7
ab_001012,7;2;1;5;4;8;6;3
ab_001013,4;5;1;8;3;6;2;7
ab_001014,1;5;4;7;2;8;3;6
ab_001015,8;1;4;6;3;5;2;7
ab_001016,6;3;8;1;4;5;2;7
ab_001017,4;1;5;3;6;2;8;7
ab_001018,7;3;5;4;6;8;2;1
ab_001019,1;3;8;2;4;6;5;7
ab_001020,6;3;5;4;1;2;8;7
ab_001021,6;4;5;3;2;1;8;7
ab_001022,2;5;1;3;6;8;4;7
ab_001023,8;2;4;1;3;5;6;7
ab_001024,8;3;2;5;1;4;6;7
ab_001025,2;3;7;6;4;1;8;5
ab_001026,8;5;4;1;2;3;7;6
ab_001027,6;7;2;3;4;5;8;1
ab_001028,1;8;5;4;3;2;7;6
ab_001029,3;4;2;7;8;6;5;1
ab_001030,4;2;3;5;8;1;7;6
ab_001031,6;7;2;3;4;5;8;1
ab_001032,5;1;8;4;2;7;3;6
ab_001033,1;7;5;8;4;2;3;6
ab_001034,3;2;4;8;1;5;7;6
ab_001035,6;8;7;5;1;4;3;2
ab_001036,5;2;3;4;1;7;8;6
ab_001037,4;5;3;1;2;8;7;6
ab_001038,8;3;7;2;6;4;1;5
ab_001039,5;4;2;3;1;8;7;6
ab_001040,7;1;4;8;2;5;3;6
ab_001041,1;5;4;6;2;3;7;8
ab_001042,4;2;3;5;7;8;1;6
ab_001043,7;8;2;4;5;1;6;3
ab_001044,8;2;5;1;4;7;3;6
ab_001045,6;1;4;5;3;7;2;8
ab_001046,5;4;3;1;7;6;8;2
ab_001047,7;8;2;1;3;4;5;6
ab_001048,3;1;2;4;5;6;8;7
ab_001049,3;7;8;6;4;2;1;5
ab_001050,6;2;8;7;4;3;1;5
ab_001051,7;3;6;8;5;1;4;2
ab_001052,2;8;4;6;3;7;1;5
ab_001053,1;5;7;3;8;4;2;6
ab_001054,2;8;4;3;7;6;1;5
ab_001055,5;1;7;4;3;6;8;2
ab_001056,4;3;7;6;2;8;1;5
ab_001057,8;7;4;5;2;1;6;3
ab_001058,1;2;6;5;3;7;4;8
ab_001059,3;6;5;1;2;7;4;8
ab_001060,5;6;1;2;3;7;4;8
ab_001061,4;8;7;2;1;6;5;3
ab_001062,7;8;4;2;1;5;6;3
ab_001063,2;1;5;4;6;7;3;8
ab_001064,6;5;1;3;2;7;4;8
ab_001065,8;3;6;4;2;7;1;5
ab_001066,3;8;1;5;2;6;4;7
ab_001067,5;1;8;3;2;7;6;4
ab_001068,7;2;6;4;1;8;3;5
ab_001069,2;4;6;7;1;8;3;5
ab_001070,1;5;4;7;8;2;6;3
ab_001071,7;6;1;4;2;8;3;5
ab_001072,2;8;1;4;6;7;3;5
ab_001073,4;1;6;5;7;2;3;8
ab_001074,6;5;4;1;7;2;3;8
ab_001075,7;2;5;1;8;3;4;6
ab_001076,5;2;3;4;1;7;6;8
ab_001077,3;2;7;1;5;4;6;8
ab_001078,6;1;4;5;7;2;3;8
ab_001079,7;2;3;8;5;4;1;6
ab_001080,8;2;3;7;1;5;4;6
ab_001081,1;3;5;7;8;6;4;2
ab_001082,2;4;8;6;7;3;1;5
ab_001083,8;6;7;3;5;1;2;4
ab_001084,4;2;6;8;7;3;1;5
ab_001085,4;2;7;8;6;3;1;5
ab_001086,3;1;5;7;8;6;4;2
ab_001087,6;5;8;7;1;3;4;2
ab_001088,5;1;7;3;8;6;4;2
ab_001089,8;1;2;6;5;4;3;7
ab_001090,8;4;1;5;6;2;3;7
ab_001091,5;4;2;8;6;1;3;7
ab_001092,2;5;1;8;4;6;3;7
ab_001093,7;3;6;4;1;5;8;2
ab_001094,3;6;4;1;7;5;8;2
ab_001095,6;4;1;2;5;3;8;7
ab_001096,6;1;4;2;5;8;3;7
ab_001097,8;4;6;7;3;5;2;1
ab_001098,7;6;5;2;1;8;4;3
ab_001099,4;8;7;6;1;3;2;5
ab_001100,1;8;3;6;4;5;2;7
ab_001101,5;3;1;2;4;6;8;7
ab_001102,1;7;3;4;5;2;6;8
ab_001103,2;7;6;3;1;5;8;4
ab_001104,6;3;7;5;1;2;4;8
ab_001105,5;6;4;1;8;7;3;2
ab_001106,8;6;4;2;1;3;7;5
ab_001107,7;1;2;3;4;6;8;5
ab_001108,3;4;2;7;1;6;8;5
ab_001109,1;4;7;3;2;8;6;5
ab_001110,6;8;2;3;4;5;1;7
ab_001111,7;3;4;2;1;6;8;5
ab_001112,2;1;7;3;4;8;6;5
ab_001113,3;2;5;4;6;8;1;7
ab_001114,5;4;8;6;1;7;3;2
ab_001115,2;1;5;3;6;7;4;8
ab_001116,4;6;8;7;5;3;1;2
ab_001117,4;1;6;3;5;2;7;8
ab_001118,7;8;6;4;5;1;3;2
ab_001119,8;2;5;6;1;7;4;3
ab_001120,1;6;5;4;8;2;7;3
ab_001121,2;6;1;5;7;8;3;4
ab_001122,5;4;7;8;1;2;6;3
ab_001123,1;7;8;4;5;2;6;3
ab_001124,2;8;7;5;3;6;1;4
ab_001125,6;3;2;7;8;1;5;4
ab_001126,4;1;6;3;7;2;5;8
ab_001127,4;7;8;1;6;3;2;5
ab_001128,3;5;8;7;6;1;4;2
ab_001129,1;4;5;7;2;6;8;3
ab_001130,7;4;1;2;5;6;8;3
ab_001131,2;5;6;4;1;7;8;3
ab_001132,6;5;2;4;1;7;8;3
ab_001133,7;1;5;2;4;3;8;6
ab_001134,3;8;5;2;1;4;7;6
ab_001135,8;3;5;2;7;1;4;6
ab_001136,2;4;5;1;7;6;8;3
ab_001137,5;6;3;1;7;4;8;2
ab_001138,4;2;1;8;7;3;5;6
ab_001139,7;3;2;8;1;4;5;6
ab_001140,3;4;7;1;8;2;5;6
ab_001141,7;3;8;2;1;4;5;6
ab_001142,6;5;3;1;2;4;7;8
ab_001143,1;8;7;3;4;2;5;6
ab_001144,2;4;8;1;3;7;5;6
ab_001145,1;5;8;3;6;2;4;7
ab_001146,2;6;4;3;8;7;5;1
ab_001147,3;6;2;4;7;8;5;1
ab_001148,7;4;2;6;3;8;5;1
ab_001149,5;8;1;6;3;2;4;7
ab_001150,7;4;3;2;6;5;8;1
ab_001151,8;5;6;3;1;2;4;7
ab_001152,6;3;2;5;8;4;7;1
ab_001153,6;2;3;1;4;7;8;5
ab_001154,3;2;1;6;4;8;7;5
ab_001155,5;4;7;8;1;3;6;2
ab_001156,6;2;1;3;4;7;5;8
ab_001157,8;4;7;5;1;3;6;2
ab_001158,1;3;2;6;4;7;5;8
ab_001159,7;4;5;8;1;3;6;2
ab_001160,8;5;4;7;1;3;2;6
ab_001161,6;7;1;4;5;3;8;2
ab_001162,2;8;3;4;1;7;5;6
ab_001163,1;4;5;6;3;8;7;2
ab_001164,4;3;5;1;6;7;2;8
ab_001165,5;3;7;1;4;6;8;2
ab_001166,6;7;4;5;1;3;8;2
ab_001167,8;2;3;4;1;7;5;6
ab_001168,4;5;3;1;7;6;8;2
ab_001169,2;6;1;4;7;8;3;5
ab_001170,8;5;3;7;1;4;6;2
ab_001171,6;4;2;1;8;7;3;5
ab_001172,3;5;8;7;1;4;2;6
ab_001173,3;7;5;8;1;6;4;2
ab_001174,7;1;3;5;4;8;2;6
ab_001175,1;7;5;3;2;4;6;8
ab_001176,4;1;6;2;8;7;5;3
ab_001177,2;6;3;7;4;8;1;5
ab_001178,3;2;4;6;7;1;8;5
ab_001179,4;3;8;1;7;5;2;6
ab_001180,1;7;4;8;5;3;2;6
ab_001181,4;1;7;3;5;8;2;6
ab_001182,5;8;1;7;4;3;6;2
ab_001183,8;1;5;7;4;3;2;6
ab_001184,6;2;3;4;7;5;8;1
ab_001185,8;1;4;6;3;7;5;2
ab_001186,3;6;1;7;8;4;5;2
ab_001187,4;5;6;1;8;2;3;7
ab_001188,5;4;2;3;1;8;6;7
ab_001189,7;3;6;1;8;4;5;2
ab_001190,8;1;6;4;5;7;3;2
ab_001191,2;5;4;3;1;6;7;8
ab_001192,7;6;3;8;1;4;5;2
ab_001193,7;1;5;3;6;8;4;2
ab_001194,3;6;8;4;2;5;1;7
ab_001195,6;3;2;4;8;5;1;7
ab_001196,1;7;5;4;3;8;6;2
ab_001197,5;8;4;1;7;3;6;2
ab_001198,8;2;6;4;3;5;1;7
ab_001199,4;2;3;6;8;5;1;7
ab_001200,2;8;6;3;4;5;1;7
ab_001201,2;3;6;5;7;4;1;8
ab_001202,6;3;2;1;4;7;8;5
ab_001203,4;1;8;7;3;6;2;5
ab_001204,3;6;2;5;7;4;1;8
ab_001205,5;3;2;6;4;1;7;8
ab_001206,4;8;1;7;6;3;2;5
ab_001207,8;7;1;4;3;6;2;5
ab_001208,7;1;8;4;3;6;2;5
ab_001209,8;5;6;3;2;4;1;7
ab_001210,5;2;3;4;7;6;1;8
ab_001211,5;3;6;2;7;8;1;4
ab_001212,4;1;3;2;7;5;8;6
ab_001213,7;1;2;4;3;6;8;5
ab_001214,6;8;5;2;3;4;1;7
ab_001215,2;4;1;3;7;6;8;5
ab_001216,3;1;2;7;4;5;8;6
ab_001217,6;2;1;3;8;5;4;7
ab_001218,7;8;3;4;5;6;2;1
ab_001219,1;2;6;4;3;5;8;7
ab_001220,3;4;7;5;8;6;1;2
ab_001221,8;3;7;4;5;6;2;1
ab_001222,5;4;8;7;3;6;1;2
ab_001223,4;5;8;3;7;6;1;2
ab_001224,2;6;1;3;5;4;7;8
ab_001225,7;6;5;8;4;1;2;3
ab_001226,2;3;8;5;4;1;6;7
ab_001227,4;1;3;8;2;5;6;7
ab_001228,5;1;3;2;8;4;6;7
ab_001229,5;1;4;3;2;8;6;7
ab_001230,8;4;3;1;2;5;6;7
ab_001231,8;4;2;1;5;3;6;7
ab_001232,6;1;4;7;5;3;2;8
ab_001233,6;5;2;4;1;8;3;7
ab_001234,4;5;6;1;8;2;3;7
ab_001235,8;2;3;1;7;6;5;4
ab_001236,1;2;6;8;3;5;7;4
ab_001237,7;3;8;2;1;6;4;5
ab_001238,5;4;6;1;2;8;3;7
ab_001239,2;1;8;3;6;5;7;4
ab_001240,3;8;7;2;1;6;4;5
ab_001241,3;8;2;7;6;4;5;1
ab_001242,5;1;7;3;4;8;6;2
ab_001243,4;6;8;7;2;3;5;1
ab_001244,6;7;8;4;2;3;5;1
ab_001245,7;4;8;6;2;3;5;1
ab_001246,7;8;4;3;6;2;5;1
ab_001247,2;3;6;8;7;4;1;5
ab_001248,1;5;3;7;4;8;6;2
ab_001249,2;4;7;5;1;8;6;3
ab_001250,7;4;2;5;8;6;1;3
ab_001251,4;7;2;5;1;8;6;3
ab_001252,1;3;6;8;4;7;2;5
ab_001253,3;8;1;6;4;7;2;5
ab_001254,5;4;2;7;6;1;8;3
ab_001255,6;3;8;1;4;7;2;5
ab_001256,8;1;6;3;4;7;2;5
ab_001257,1;3;2;5;8;7;6;4
ab_001258,2;3;1;8;5;7;4;6
ab_001259,7;6;8;2;3;1;5;4
ab_001260,8;1;3;2;5;4;7;6
ab_001261,4;1;8;5;3;2;7;6
ab_001262,3;2;1;8;5;6;7;4
ab_001263,5;8;1;4;2;3;7;6
ab_001264,6;7;1;2;3;5;8;4
ab_001265,5;6;1;3;7;4;8;2
ab_001266,3;4;7;2;1;8;6;5
ab_001267,4;7;1;3;8;6;2;5
ab_001268,6;3;4;1;5;7;8;2
ab_001269,2;7;4;8;1;3;6;5
ab_001270,1;7;8;4;6;3;2;5
ab_001271,3;8;1;4;7;6;2;5
ab_001272,8;6;1;4;3;5;7;2
ab_001273,8;2;4;3;6;7;5;1
ab_001274,3;7;5;1;8;2;6;4
ab_001275,5;1;7;3;8;2;4;6
ab_001276,4;6;2;8;7;3;5;1
ab_001277,2;6;4;8;3;7;5;1
ab_001278,1;5;7;3;8;2;4;6
ab_001279,3;7;5;1;8;2;6;4
ab_001280,6;2;4;8;7;3;5;1
ab_001281,7;2;5;4;6;3;8;1
ab_001282,8;4;5;3;7;1;6;2
ab_001283,1;8;3;5;4;2;7;6
ab_001284,7;5;6;2;8;4;3;1
ab_001285,4;5;7;3;8;6;1;2
ab_001286,3;7;8;4;5;6;2;1
ab_001287,2;6;4;5;7;3;8;1
ab_001288,6;2;7;5;4;8;3;1
ab_001289,5;8;1;3;6;4;7;2
ab_001290,4;6;3;8;7;1;5;2
ab_001291,1;6;8;3;5;4;7;2
ab_001292,2;7;4;1;5;3;8;6
ab_001293,3;5;8;1;7;4;6;2
ab_001294,7;3;4;8;6;5;1;2
ab_001295,4;6;1;5;8;3;7;2
ab_001296,7;3;4;8;2;1;5;6
ab_001297,1;6;2;5;4;3;8;7
ab_001298,4;5;6;1;2;3;8;7
ab_001299,3;2;8;1;7;5;4;6
ab_001300,4;5;6;1;2;3;8;7
ab_001301,6;1;5;4;3;2;8;7
ab_001302,7;8;2;3;6;4;5;1
ab_001303,3;2;1;8;5;4;6;7
ab_001304,8;7;2;6;1;3;4;5
ab_001305,5;7;8;2;6;4;1;3
ab_001306,1;8;7;4;2;5;6;3
ab_001307,3;6;2;8;7;4;1;5
ab_001308,4;1;7;8;5;2;6;3
ab_001309,2;6;3;8;4;7;1;5
ab_001310,6;2;8;3;7;4;1;5
ab_001311,4;1;7;8;5;2;6;3
ab_001312,7;8;2;6;4;1;5;3
ab_001313,3;8;5;6;7;1;4;2
ab_001314,8;7;3;6;1;5;4;2
ab_001315,7;4;1;6;5;8;3;2
ab_001316,7;1;8;6;4;3;5;2
ab_001317,5;6;1;8;4;3;7;2
ab_001318,2;4;5;7;3;1;8;6
ab_001319,5;4;6;8;1;3;7;2
ab_001320,3;1;4;6;7;8;5;2
ab_001321,7;1;2;8;5;4;6;3
ab_001322,2;1;8;7;5;4;6;3
ab_001323,2;8;1;7;5;4;3;6
ab_001324,4;5;3;6;8;1;7;2
ab_001325,5;4;8;3;7;1;6;2
ab_001326,7;8;1;2;5;4;6;3
ab_001327,3;4;6;5;8;7;2;1
ab_001328,6;3;4;5;8;7;1;2
ab_001329,7;6;4;8;1;3;5;2
ab_001330,8;7;3;4;6;1;2;5
ab_001331,1;4;7;6;8;3;5;2
ab_001332,8;4;7;6;1;3;5;2
ab_001333,6;4;3;5;7;8;1;2
ab_001334,6;5;4;3;2;7;8;1
ab_001335,2;3;5;4;6;8;7;1
ab_001336,5;2;3;4;6;8;7;1
ab_001337,5;1;7;6;2;3;8;4
ab_001338,2;5;8;1;3;7;4;6
ab_001339,1;4;3;7;5;2;8;6
ab_001340,4;3;7;2;8;6;5;1
ab_001341,8;4;3;2;6;5;7;1
ab_001342,4;3;2;1;5;6;7;8
ab_001343,7;1;6;8;5;3;2;4
ab_001344,6;5;7;3;4;2;1;8
ab_001345,2;5;1;4;6;7;3;8
ab_001346,1;3;4;2;5;7;6;8
ab_001347,6;5;4;2;1;3;7;8
ab_001348,8;1;3;7;2;5;6;4
ab_001349,7;8;1;2;3;6;5;4
ab_001350,5;6;3;4;7;8;2;1
ab_001351,6;8;4;3;5;2;7;1
ab_001352,1;4;7;8;3;2;6;5
ab_001353,5;3;4;8;2;1;7;6
ab_001354,2;6;8;1;7;3;4;5
ab_001355,6;2;7;1;3;8;4;5
ab_001356,3;8;7;4;6;2;1;5
ab_001357,1;2;6;8;7;3;4;5
ab_001358,7;6;3;2;8;4;1;5
ab_001359,4;5;8;1;2;3;7;6
ab_001360,8;5;3;4;2;6;7;1
ab_001361,4;2;1;7;3;8;6;5
ab_001362,6;2;8;1;4;7;3;5
ab_001363,8;3;6;7;4;1;2;5
ab_001364,7;1;4;6;3;8;2;5
ab_001365,5;4;8;2;3;7;6;1
ab_001366,7;4;2;3;1;8;6;5
ab_001367,3;6;8;7;2;4;1;5
ab_001368,1;2;6;7;4;3;8;5
ab_001369,8;3;4;6;5;2;7;1
ab_001370,7;2;6;1;3;4;8;5
ab_001371,2;6;1;4;7;3;8;5
ab_001372,5;8;4;3;6;2;1;7
ab_001373,8;4;5;6;3;2;7;1
ab_001374,1;7;6;2;3;4;8;5
ab_001375,3;4;6;8;5;7;2;1
ab_001376,2;6;7;4;3;8;1;5
ab_001377,5;1;6;3;2;8;7;4
ab_001378,1;5;6;2;7;8;3;4
ab_001379,8;4;7;2;1;5;6;3
ab_001380,7;2;8;4;5;1;6;3
ab_001381,2;7;8;4;1;5;6;3
ab_001382,4;8;7;2;1;5;6;3
ab_001383,3;5;6;1;2;8;7;4
ab_001384,6;5;1;3;2;7;8;4
ab_001385,8;5;3;1;4;7;6;2
ab_001386,7;5;6;3;2;1;4;8
ab_001387,7;6;1;5;2;4;3;8
ab_001388,2;6;4;5;1;3;7;8
ab_001389,4;3;5;2;6;1;7;8
ab_001390,3;2;4;6;5;1;7;8
ab_001391,1;4;5;3;7;6;2;8
ab_001392,1;5;7;6;2;4;3;8
ab_001393,4;2;8;6;7;1;3;5
ab_001394,6;7;5;8;4;2;1;3
ab_001395,5;7;6;8;2;4;1;3
ab_001396,1;3;2;7;6;4;8;5
ab_001397,8;7;6;4;5;2;1;3
ab_001398,3;4;2;6;1;8;7;5
ab_001399,3;2;1;4;8;7;6;5
ab_001400,1;3;8;2;4;6;7;5
ab_001401,2;8;5;1;3;6;4;7
ab_001402,3;6;7;4;1;8;5;2
ab_001403,8;5;2;4;6;3;7;1
ab_001404,1;6;7;3;4;8;2;5
ab_001405,5;2;8;4;7;6;1;3
ab_001406,6;7;3;1;4;8;5;2
ab_001407,4;1;3;7;6;5;8;2
ab_001408,7;3;1;6;4;8;5;2
ab_001409,2;5;1;8;7;4;6;3
ab_001410,3;1;7;4;6;8;5;2
ab_001411,7;6;5;8;4;2;3;1
ab_001412,1;6;3;4;8;7;2;5
ab_001413,6;8;4;3;1;7;2;5
ab_001414,4;1;3;6;8;7;2;5
ab_001415,8;6;7;3;2;4;5;1
ab_001416,5;2;1;8;4;3;7;6
ab_001417,8;2;5;1;7;6;3;4
ab_001418,3;2;8;1;5;6;7;4
ab_001419,3;1;6;8;5;2;7;4
ab_001420,4;2;3;5;7;6;8;1
ab_001421,6;1;7;5;2;3;8;4
ab_001422,3;1;6;2;5;7;8;4
ab_001423,2;7;5;8;3;6;1;4
ab_001424,7;6;5;8;1;2;3;4
ab_001425,2;3;8;5;4;6;1;7
ab_001426,1;5;2;7;4;6;3;8
ab_001427,7;5;1;4;8;6;3;2
ab_001428,1;2;7;4;5;8;6;3
ab_001429,3;4;8;5;1;6;2;7
ab_001430,8;4;5;1;2;6;7;3
ab_001431,6;3;5;4;8;1;2;7
ab_001432,8;4;7;5;6;2;1;3
ab_001433,6;3;4;1;2;7;5;8
ab_001434,3;1;7;6;4;2;5;8
ab_001435,2;6;1;7;4;3;5;8
ab_001436,4;7;1;3;2;6;5;8
ab_001437,5;1;2;7;6;4;3;8
ab_001438,8;5;7;4;6;3;1;2
ab_001439,7;6;2;3;4;1;5;8
ab_001440,2;6;4;1;7;3;5;8
ab_001441,1;3;5;2;8;4;6;7
ab_001442,2;8;4;6;7;3;5;1
ab_001443,7;3;5;2;8;4;1;6
ab_001444,6;5;8;2;3;4;7;1
ab_001445,3;5;4;6;8;2;7;1
ab_001446,7;2;8;3;5;4;6;1
ab_001447,4;5;7;3;8;6;2;1
ab_001448,6;4;8;2;5;3;7;1
ab_001449,1;2;6;5;7;8;3;4
ab_001450,5;8;3;7;6;2;4;1
ab_001451,2;1;6;7;5;8;3;4
ab_001452,8;5;7;3;6;2;1;4
ab_001453,4;8;5;3;7;6;1;2
ab_001454,3;8;7;5;1;2;6;4
ab_001455,7;8;3;6;5;2;1;4
ab_001456,6;1;2;7;8;5;3;4
ab_001457,2;3;6;4;5;7;1;8
ab_001458,7;4;3;1;5;6;2;8
ab_001459,8;1;7;4;3;5;6;2
ab_001460,1;7;5;4;8;3;6;2
ab_001461,6;4;3;2;7;5;1;8
ab_001462,1;3;7;5;4;6;2;8
ab_001463,6;2;3;5;4;1;7;8
ab_001464,5;4;1;6;3;7;2;8
ab_001465,6;2;4;3;1;7;8;5
ab_001466,5;7;8;2;1;3;4;6
ab_001467,6;3;1;2;8;7;4;5
ab_001468,1;2;7;3;8;6;4;5
ab_001469,7;8;3;1;6;4;2;5
ab_001470,8;7;1;6;2;3;4;5
ab_001471,4;3;2;6;7;8;1;5
ab_001472,4;2;6;8;7;1;3;5
ab_001473,2;6;8;5;1;3;4;7
ab_001474,3;4;5;1;8;6;2;7
ab_001475,1;4;7;3;5;6;8;2
ab_001476,8;3;5;1;6;4;2;7
ab_001477,6;2;8;5;1;4;3;7
ab_001478,7;4;1;3;5;8;6;2
ab_001479,3;4;1;5;8;6;7;2
ab_001480,5;4;1;3;6;8;2;7
ab_001481,2;5;4;6;3;8;7;1
ab_001482,8;3;6;7;5;2;4;1
ab_001483,2;4;5;6;3;8;7;1
ab_001484,3;8;6;4;5;7;2;1
ab_001485,8;6;7;5;3;4;2;1
ab_001486,1;4;8;6;3;5;7;2
ab_001487,7;3;8;5;6;4;2;1
ab_001488,7;4;5;6;3;2;8;1
ab_001489,7;5;1;2;4;6;3;8
ab_001490,8;4;3;5;7;2;1;6
ab_001491,6;7;2;5;1;3;4;8
ab_001492,1;5;7;2;6;4;3;8
ab_001493,5;7;3;4;2;1;6;8
ab_001494,4;3;5;7;2;1;6;8
ab_001495,3;4;7;5;2;1;6;8
ab_001496,2;1;3;7;5;6;4;8
ab_001497,1;3;7;4;2;5;6;8
ab_001498,3;7;5;4;1;2;8;6
ab_001499,6;8;2;7;5;3;4;1
ab_001500,5;2;7;6;8;4;3;1
ab_001501,2;5;4;7;6;8;3;1
ab_001502,8;6;2;7;5;4;3;1
ab_001503,4;7;1;3;5;2;6;8
ab_001504,4;3;7;1;5;2;8;6
ab_001505,8;3;4;7;6;1;2;5
ab_001506,7;6;4;3;2;1;5;8
ab_001507,1;2;5;6;4;7;8;3
ab_001508,5;1;2;6;4;7;8;3
ab_001509,2;1;5;4;6;7;3;8
ab_001510,3;4;7;6;8;2;1;5
ab_001511,6;4;7;2;1;3;8;5
ab_001512,7;6;4;3;8;2;1;5
ab_001513,4;2;3;6;1;7;8;5
ab_001514,3;4;6;7;2;8;1;5
ab_001515,5;8;7;3;6;2;4;1
ab_001516,1;2;4;3;6;7;8;5
ab_001517,8;7;5;3;6;4;2;1
ab_001518,6;2;4;1;3;7;8;5
ab_001519,5;7;3;8;6;2;4;1
ab_001520,6;7;3;4;2;8;1;5
ab_001521,3;2;4;8;1;5;6;7
ab_001522,8;5;6;2;3;7;4;1
ab_001523,7;6;5;8;2;3;4;1
ab_001524,5;7;8;6;4;3;2;1
ab_001525,1;4;3;2;8;5;6;7
ab_001526,4;2;1;3;8;5;7;6
ab_001527,1;4;3;2;8;5;6;7
ab_001528,6;5;7;8;4;2;3;1
ab_001529,2;5;4;8;1;7;6;3
ab_001530,6;7;3;8;1;5;4;2
ab_001531,3;8;1;6;7;5;4;2
ab_001532,8;3;6;7;4;1;5;2
ab_001533,4;2;5;8;1;6;7;3
ab_001534,7;6;8;1;3;5;4;2
ab_001535,5;2;4;6;8;7;1;3
ab_001536,1;3;8;6;7;5;4;2
ab_001537,7;3;1;6;5;2;4;8
ab_001538,4;3;5;6;7;1;2;8
ab_001539,8;2;1;7;6;4;5;3
ab_001540,7;4;3;6;1;2;5;8
ab_001541,5;6;3;4;1;2;7;8
ab_001542,6;1;4;5;3;2;7;8
ab_001543,1;5;3;6;4;7;2;8
ab_001544,2;1;5;6;7;4;3;8
ab_001545,8;2;7;6;3;4;5;1
ab_001546,8;6;7;3;2;4;5;1
ab_001547,3;6;7;8;2;5;4;1
ab_001548,4;5;1;8;3;2;6;7
ab_001549,5;4;1;3;8;2;6;7
ab_001550,1;4;5;8;3;2;6;7
ab_001551,2;7;8;6;3;4;5;1
ab_001552,6;7;8;2;3;4;5;1
ab_001553,3;7;2;1;5;8;4;6
ab_001554,4;6;8;2;1;3;7;5
ab_001555,3;5;7;2;1;8;4;6
ab_001556,2;4;7;1;5;3;8;6
ab_001557,6;4;8;2;1;5;3;7
ab_001558,1;5;7;2;3;8;4;6
ab_001559,8;4;6;2;1;3;7;5
ab_001560,1;5;3;7;2;8;4;6
ab_001561,2;3;6;8;5;1;4;7
ab_001562,7;5;4;1;8;3;2;6
ab_001563,6;8;3;2;5;1;4;7
ab_001564,3;6;2;8;5;1;4;7
ab_001565,5;4;1;7;8;3;6;2
ab_001566,4;7;5;1;8;6;3;2
ab_001567,1;4;7;5;8;3;2;6
ab_001568,8;2;6;3;5;1;7;4
ab_001569,8;2;7;6;3;5;4;1
ab_001570,6;5;4;2;1;8;7;3
ab_001571,3;7;8;2;4;5;1;6
ab_001572,3;7;2;8;6;4;5;1
ab_001573,1;4;5;6;2;7;3;8
ab_001574,1;4;5;2;6;7;8;3
ab_001575,6;5;4;2;7;8;1;3
ab_001576,2;4;6;5;1;7;8;3
ab_001577,3;7;6;1;4;5;8;2
ab_001578,5;8;1;4;6;2;7;3
ab_001579,6;7;1;4;8;5;2;3
ab_001580,4;8;2;5;1;6;7;3
ab_001581,2;5;4;8;6;1;7;3
ab_001582,7;6;1;4;8;3;2;5
ab_001583,1;8;4;2;5;6;7;3
ab_001584,2;4;1;8;5;6;7;3
ab_001585,2;1;8;3;7;4;6;5
ab_001586,3;1;4;2;5;6;7;8
ab_001587,6;5;7;4;3;1;2;8
ab_001588,4;6;5;7;3;1;2;8
ab_001589,1;3;2;4;7;6;5;8
ab_001590,7;5;6;4;3;1;2;8
ab_001591,4;7;5;6;3;1;2;8
ab_001592,8;2;1;3;4;5;7;6
ab_001593,5;1;2;4;3;7;8;6
ab_001594,5;8;7;4;3;2;1;6
ab_001595,6;1;3;2;4;7;8;5
ab_001596,2;3;4;7;5;1;8;6
ab_001597,8;7;4;1;5;2;3;6
ab_001598,4;2;3;8;7;5;1;6
ab_001599,1;7;8;2;4;3;5;6
ab_001600,1;3;4;2;5;7;8;6
ab_001601,6;3;2;4;8;5;1;7
ab_001602,8;4;3;6;2;5;1;7
ab_001603,5;1;7;8;4;3;6;2
ab_001604,7;1;5;8;4;3;2;6
ab_001605,6;2;3;4;8;7;1;5
ab_001606,4;8;3;6;5;1;7;2
ab_001607,1;5;7;8;4;3;6;2
ab_001608,3;2;6;4;8;5;1;7
ab_001609,8;5;3;6;4;7;2;1
ab_001610,5;3;6;8;7;4;2;1
ab_001611,4;3;6;2;1;5;8;7
ab_001612,6;3;5;4;8;7;2;1
ab_001613,6;8;5;7;3;4;2;1
ab_001614,2;1;4;3;6;8;5;7
ab_001615,1;2;4;3;6;5;8;7
ab_001616,7;8;5;3;4;6;1;2
ab_001617,4;2;6;3;1;5;8;7
ab_001618,6;7;3;5;1;8;2;4
ab_001619,1;3;5;6;8;7;2;4
ab_001620,8;1;7;5;3;6;2;4
ab_001621,2;4;6;3;5;1;7;8
ab_001622,6;7;5;8;1;3;4;2
ab_001623,8;7;1;6;5;3;4;2
ab_001624,5;3;6;8;1;4;2;7
ab_001625,3;7;6;2;5;1;8;4
ab_001626,1;2;5;8;6;4;7;3
ab_001627,8;6;2;7;1;3;5;4
ab_001628,7;1;4;5;3;2;8;6
ab_001629,5;4;1;2;6;3;7;8
ab_001630,4;1;3;7;5;2;6;8
ab_001631,6;2;8;1;3;5;7;4
ab_001632,2;3;6;7;8;1;5;4
ab_001633,8;6;1;7;3;5;2;4
ab_001634,4;5;6;2;7;8;3;1
ab_001635,1;3;8;6;7;5;4;2
ab_001636,2;7;6;5;8;4;3;1
ab_001637,2;5;4;6;7;8;3;1
ab_001638,1;3;8;6;5;7;2;4
ab_001639,7;2;6;4;5;8;3;1
ab_001640,3;1;5;6;7;8;2;4
ab_001641,7;1;8;2;6;4;5;3
ab_001642,5;1;4;8;6;7;2;3
ab_001643,3;1;2;4;5;6;7;8
ab_001644,8;2;4;5;7;6;1;3
ab_001645,4;7;6;8;2;5;1;3
ab_001646,1;2;5;3;6;4;7;8
ab_001647,2;6;8;4;7;5;1;3
ab_001648,5;6;4;7;8;2;1;3
ab_001649,3;8;6;7;2;4;1;5
ab_001650,2;5;8;3;7;6;1;4
ab_001651,1;6;4;3;8;5;7;2
ab_001652,4;6;1;3;8;5;7;2
ab_001653,6;1;4;8;3;5;7;2
ab_001654,5;8;7;2;1;3;6;4
ab_001655,7;3;2;6;8;1;4;5
ab_001656,8;2;3;7;5;6;1;4
ab_001657,7;5;6;3;4;8;2;1
ab_001658,3;4;6;5;8;7;2;1
ab_001659,4;3;8;2;5;7;6;1
ab_001660,8;7;4;6;5;3;2;1
ab_001661,2;1;4;8;5;6;7;3
ab_001662,5;6;7;8;3;4;1;2
ab_001663,6;7;5;8;4;3;2;1
ab_001664,1;2;4;7;3;8;6;5
ab_001665,8;7;6;5;1;2;4;3
ab_001666,3;7;1;6;4;8;2;5
ab_001667,7;6;1;5;4;8;2;3
ab_001668,4;2;1;5;6;7;8;3
ab_001669,1;6;2;5;4;7;8;3
ab_001670,4;6;1;7;5;2;8;3
ab_001671,8;4;2;5;1;6;7;3
ab_001672,2;5;4;1;7;8;6;3
ab_001673,3;6;1;2;8;4;7;5
ab_001674,1;2;6;3;8;4;7;5
ab_001675,2;3;6;1;8;4;7;5
ab_001676,5;7;4;6;3;8;1;2
ab_001677,7;4;5;6;8;3;1;2
ab_001678,5;4;7;6;8;3;1;2
ab_001679,8;6;3;2;1;4;7;5
ab_001680,1;6;3;8;2;4;7;5
ab_001681,5;6;4;3;2;7;8;1
ab_001682,8;1;5;3;4;6;2;7
ab_001683,7;4;2;6;3;5;8;1
ab_001684,1;8;3;5;4;2;7;6
ab_001685,2;6;3;7;4;5;8;1
ab_001686,7;2;4;6;3;5;8;1
ab_001687,3;6;2;4;7;5;8;1
ab_001688,4;6;2;3;7;5;8;1
ab_001689,7;4;8;2;6;5;3;1
ab_001690,1;3;6;5;2;8;4;7
ab_001691,4;7;8;5;6;2;1;3
ab_001692,6;8;2;5;1;4;3;7
ab_001693,8;5;2;6;1;4;3;7
ab_001694,2;6;5;1;8;4;3;7
ab_001695,8;2;1;6;5;4;3;7
ab_001696,3;6;1;5;2;8;4;7
ab_001697,2;6;1;7;5;4;3;8
ab_001698,1;2;3;5;4;7;6;8
ab_001699,7;6;5;3;4;2;1;8
ab_001700,3;5;4;1;2;6;7;8
ab_001701,8;4;3;2;5;7;1;6
ab_001702,4;6;3;5;2;7;1;8
ab_001703,7;5;6;3;4;1;2;8
ab_001704,2;1;3;5;6;4;7;8
ab_001705,7;1;8;5;4;3;2;6
ab_001706,2;3;4;5;8;6;7;1
ab_001707,8;3;2;5;6;4;7;1
ab_001708,1;7;8;5;4;3;2;6
ab_001709,6;5;3;8;4;2;1;7
ab_001710,6;5;2;3;4;8;1;7
ab_001711,8;4;5;6;2;3;1;7
ab_001712,4;2;3;5;8;6;1;7
ab_001713,3;7;4;2;8;1;5;6
ab_001714,8;7;1;3;2;4;6;5
ab_001715,6;1;8;2;7;3;4;5
ab_001716,4;3;2;7;8;1;5;6
ab_001717,6;1;8;7;2;3;4;5
ab_001718,2;8;3;4;7;1;6;5
ab_001719,5;3;4;2;7;8;1;6
ab_001720,2;7;3;8;4;1;5;6
ab_001721,4;2;8;3;6;1;5;7
ab_001722,1;3;8;4;6;2;5;7
ab_001723,7;5;3;1;4;2;6;8
ab_001724,6;4;2;1;8;3;5;7
ab_001725,8;4;2;3;1;6;5;7
ab_001726,3;1;6;4;8;2;5;7
ab_001727,5;7;1;4;6;8;2;3
ab_001728,2;1;8;6;4;3;5;7
ab_001729,1;2;6;8;4;5;7;3
ab_001730,2;1;8;6;4;3;7;5
ab_001731,3;8;4;7;5;2;6;1
ab_001732,6;1;8;2;4;7;5;3
ab_001733,7;6;4;5;8;2;3;1
ab_001734,4;5;3;7;8;6;2;1
ab_001735,8;4;5;7;3;2;6;1
ab_001736,5;7;4;3;6;8;2;1
ab_001737,7;4;2;1;5;6;8;3
ab_001738,2;8;4;5;7;1;3;6
ab_001739,8;6;2;1;3;7;4;5
ab_001740,6;3;1;4;8;7;2;5
ab_001741,8;1;3;2;6;4;7;5
ab_001742,5;4;7;2;8;1;6;3
ab_001743,3;6;1;4;7;8;2;5
ab_001744,5;7;2;4;8;1;6;3
ab_001745,7;1;3;4;5;2;8;6
ab_001746,3;1;2;7;5;4;8;6
ab_001747,3;2;7;4;1;5;8;6
ab_001748,7;3;1;5;2;4;8;6
ab_001749,6;8;5;2;1;7;4;3
ab_001750,8;6;5;2;1;4;3;7
ab_001751,4;2;5;1;3;7;8;6
ab_001752,5;2;4;1;3;7;6;8
ab_001753,4;6;7;8;5;2;1;3
ab_001754,2;8;3;1;5;4;6;7
ab_001755,2;8;3;1;5;4;6;7
ab_001756,7;6;4;5;8;2;3;1
ab_001757,3;8;1;5;2;4;6;7
ab_001758,3;5;1;8;2;4;6;7
ab_001759,5;1;8;2;3;4;6;7
ab_001760,6;7;4;5;8;2;3;1
ab_001761,6;5;1;2;7;4;3;8
ab_001762,4;7;1;2;3;8;5;6
ab_001763,1;5;6;2;7;4;8;3
ab_001764,7;2;4;8;1;3;5;6
ab_001765,3;8;4;2;7;5;1;6
ab_001766,8;3;4;2;7;1;5;6
ab_001767,5;2;1;7;6;4;3;8
ab_001768,2;1;5;7;4;6;8;3
ab_001769,7;4;8;5;3;1;6;2
ab_001770,5;3;1;4;6;8;7;2
ab_001771,2;6;5;1;4;8;3;7
ab_001772,8;3;6;4;1;5;2;7
ab_001773,1;8;6;3;5;2;4;7
ab_001774,7;4;3;8;6;1;2;5
ab_001775,2;4;1;6;5;8;7;3
ab_001776,1;8;5;6;3;4;2;7
ab_001777,1;2;6;4;7;3;8;5
ab_001778,2;1;6;4;7;8;3;5
ab_001779,6;4;7;8;1;3;2;5
ab_001780,7;4;6;1;2;8;5;3
ab_001781,3;5;8;2;4;7;6;1
ab_001782,8;3;6;2;4;5;7;1
ab_001783,4;6;2;1;7;3;8;5
ab_001784,5;3;8;2;4;6;7;1
ab_001785,5;8;2;1;4;6;3;7
ab_001786,7;5;6;1;2;4;3;8
ab_001787,1;2;8;3;6;4;5;7
ab_001788,1;2;5;8;3;4;6;7
ab_001789,3;4;6;2;8;1;5;7
ab_001790,5;6;4;3;1;8;2;7
ab_001791,4;5;3;8;1;6;2;7
ab_001792,6;5;4;8;2;3;1;7
ab_001793,2;1;5;3;4;7;6;8
ab_001794,5;1;3;4;7;2;6;8
ab_001795,2;3;1;4;5;6;7;8
ab_001796,1;5;2;7;6;3;4;8
ab_001797,7;6;5;2;1;4;3;8
ab_001798,8;7;3;6;4;2;1;5
ab_001799,6;7;2;5;3;4;1;8
ab_001800,4;3;6;1;5;7;2;8
ab_001801,3;5;7;4;8;1;2;6
ab_001802,2;3;8;5;4;7;1;6
ab_001803,7;5;1;4;3;8;2;6
ab_001804,8;3;5;4;7;1;2;6
ab_001805,6;1;4;3;7;5;8;2
ab_001806,5;8;4;7;3;2;1;6
ab_001807,1;4;7;5;3;8;6;2
ab_001808,4;3;8;5;2;7;1;6
ab_001809,6;8;1;4;2;5;7;3
ab_001810,2;5;4;7;3;1;8;6
ab_001811,1;8;6;2;4;5;7;3
ab_001812,8;1;6;4;2;5;7;3
ab_001813,2;4;3;5;7;1;6;8
ab_001814,3;7;4;5;2;8;6;1
ab_001815,7;3;4;5;2;8;1;6
ab_001816,5;4;7;3;2;8;6;1
ab_001817,3;1;8;6;5;2;4;7
ab_001818,5;1;6;4;3;2;8;7
ab_001819,4;1;3;6;5;7;2;8
ab_001820,7;3;4;6;1;5;8;2
ab_001821,6;1;3;4;5;8;7;2
ab_001822,2;8;3;5;1;4;6;7
ab_001823,8;2;3;5;1;4;6;7
ab_001824,6;4;1;5;3;8;7;2
ab_001825,1;5;7;6;4;3;8;2
ab_001826,4;3;8;6;2;7;5;1
ab_001827,2;3;4;8;6;7;1;5
ab_001828,8;2;3;6;4;7;5;1
ab_001829,7;5;1;6;2;3;8;4
ab_001830,1;7;5;6;3;4;8;2
ab_001831,6;4;3;8;7;5;2;1
ab_001832,2;3;8;4;6;7;1;5
ab_001833,6;3;4;5;1;8;7;2
ab_001834,5;1;6;3;4;8;7;2
ab_001835,2;7;8;1;3;4;6;5
ab_001836,5;6;3;4;1;8;7;2
ab_001837,8;5;4;1;3;6;7;2
ab_001838,7;8;4;1;3;5;2;6
ab_001839,7;4;3;5;6;8;1;2
ab_001840,1;8;4;3;5;6;7;2
ab_001841,8;3;7;4;1;2;6;5
ab_001842,5;6;1;4;2;7;8;3
ab_001843,7;6;2;1;4;3;8;5
ab_001844,2;6;4;1;8;3;7;5
ab_001845,3;7;2;8;4;1;6;5
ab_001846,1;6;7;2;4;3;8;5
ab_001847,6;2;4;1;7;3;8;5
ab_001848,4;1;6;8;3;2;7;5
ab_001849,7;3;1;8;5;2;4;6
ab_001850,1;7;8;5;3;4;6;2
ab_001851,8;2;4;5;6;1;7;3
ab_001852,5;4;8;2;6;1;7;3
ab_001853,6;5;4;2;8;1;7;3
ab_001854,2;4;5;8;6;1;3;7
ab_001855,3;7;1;8;2;5;6;4
ab_001856,4;5;8;6;2;1;7;3
ab_001857,7;6;5;4;1;2;8;3
ab_001858,4;6;3;7;8;2;5;1
ab_001859,1;2;8;7;4;6;5;3
ab_001860,7;8;5;2;4;1;6;3
ab_001861,3;4;6;8;2;5;7;1
ab_001862,1;5;4;6;2;7;8;3
ab_001863,8;5;2;7;6;4;1;3
ab_001864,2;5;6;3;8;7;4;1
ab_001865,3;4;6;7;1;5;8;2
ab_001866,2;5;3;7;6;4;8;1
ab_001867,6;4;7;1;3;8;5;2
ab_001868,4;7;6;1;3;8;5;2
ab_001869,1;3;4;6;7;8;5;2
ab_001870,8;1;7;4;3;6;5;2
ab_001871,5;2;4;3;6;7;1;8
ab_001872,7;1;4;8;3;6;5;2
ab_001873,3;5;6;8;2;4;1;7
ab_001874,2;8;7;1;4;6;5;3
ab_001875,5;2;6;7;8;3;1;4
ab_001876,6;2;1;7;4;8;5;3
ab_001877,4;6;2;8;1;7;5;3
ab_001878,1;7;4;8;2;6;5;3
ab_001879,8;4;1;7;6;2;5;3
ab_001880,7;1;4;8;2;6;5;3
ab_001881,4;2;6;7;8;3;5;1
ab_001882,3;6;2;8;4;5;1;7
ab_001883,1;5;6;4;8;2;7;3
ab_001884,5;8;6;2;4;1;7;3
ab_001885,6;5;1;8;7;4;2;3
ab_001886,7;4;8;6;5;3;2;1
ab_001887,8;6;4;2;7;3;5;1
ab_001888,2;6;3;8;7;4;1;5
ab_001889,6;3;8;1;2;7;5;4
ab_001890,6;8;5;7;3;1;2;4
ab_001891,2;8;3;6;5;4;7;1
ab_001892,4;8;6;3;2;5;1;7
ab_001893,4;2;3;8;6;5;7;1
ab_001894,1;5;7;8;3;2;6;4
ab_001895,5;7;1;3;2;6;8;4
ab_001896,7;1;5;6;8;3;2;4
ab_001897,5;8;6;7;1;4;2;3
ab_001898,4;8;1;6;5;7;3;2
ab_001899,2;3;7;1;6;5;8;4
ab_001900,7;1;6;5;2;3;8;4
ab_001901,6;1;4;5;8;7;2;3
ab_001902,1;6;8;5;4;7;2;3
ab_001903,3;2;7;6;5;1;4;8
ab_001904,8;5;7;1;6;4;3;2
ab_001905,8;7;3;2;1;6;5;4
ab_001906,6;8;7;1;3;2;4;5
ab_001907,1;2;5;3;8;7;6;4
ab_001908,6;7;3;2;1;5;8;4
ab_001909,5;2;3;1;7;6;8;4
ab_001910,4;8;3;6;2;5;1;7
ab_001911,8;7;3;6;1;2;5;4
ab_001912,3;5;2;1;7;6;8;4
ab_001913,6;2;4;8;7;3;5;1
ab_001914,7;2;8;6;4;1;3;5
ab_001915,8;1;5;4;3;2;6;7
ab_001916,3;4;1;8;5;2;6;7
ab_001917,1;4;8;3;6;2;7;5
ab_001918,5;1;3;8;4;6;2;7
ab_001919,6;7;1;4;2;8;3;5
ab_001920,2;4;7;3;8;1;6;5
ab_001921,4;2;3;8;5;1;6;7
ab_001922,1;3;4;2;6;5;8;7
ab_001923,7;6;1;8;4;5;3;2
ab_001924,6;1;7;8;4;3;2;5
ab_001925,1;2;3;5;6;8;4;7
ab_001926,8;3;4;5;2;6;1;7
ab_001927,5;4;8;3;2;6;1;7
ab_001928,8;3;5;4;2;6;1;7
ab_001929,3;4;8;5;6;2;1;7
ab_001930,7;2;6;5;1;3;4;8
ab_001931,4;8;3;5;6;7;1;2
ab_001932,1;5;7;6;2;3;4;8
ab_001933,1;5;2;7;6;3;4;8
ab_001934,6;5;7;1;2;4;3;8
ab_001935,2;6;5;1;7;4;3;8
ab_001936,8;3;4;5;6;7;1;2
ab_001937,4;7;2;3;6;8;1;5
ab_001938,3;6;1;8;2;5;7;4
ab_001939,1;5;2;3;8;6;7;4
ab_001940,2;8;1;3;5;6;7;4
ab_001941,8;3;2;6;1;5;7;4
ab_001942,8;2;3;1;6;5;7;4
ab_001943,7;4;8;2;6;3;5;1
ab_001944,6;5;1;3;2;8;7;4
ab_001945,2;4;3;1;6;8;5;7
ab_001946,4;3;7;5;6;1;8;2
ab_001947,3;8;6;7;5;1;4;2
ab_001948,1;5;8;7;6;3;4;2
ab_001949,5;6;1;7;8;3;4;2
ab_001950,7;1;8;6;5;3;4;2
ab_001951,3;8;7;6;1;5;4;2
ab_001952,8;6;1;7;3;5;4;2
ab_001953,2;6;1;8;7;4;5;3
ab_001954,8;7;6;2;4;1;5;3
ab_001955,3;1;7;6;4;2;8;5
ab_001956,8;2;6;7;1;4;3;5
ab_001957,4;3;7;1;8;6;2;5
ab_001958,1;6;8;7;3;2;4;5
ab_001959,5;4;2;7;8;6;1;3
ab_001960,4;7;5;2;6;8;1;3
ab_001961,7;6;5;3;4;8;1;2
ab_001962,2;8;3;7;5;4;6;1
ab_001963,2;8;6;3;5;7;4;1
ab_001964,1;3;5;6;8;4;7;2
ab_001965,5;4;6;3;7;2;8;1
ab_001966,7;6;8;4;3;5;2;1
ab_001967,4;5;7;6;8;3;2;1
ab_001968,2;3;4;5;6;7;8;1
ab_001969,6;8;5;1;3;7;2;4
ab_001970,8;3;6;4;7;1;5;2
ab_001971,2;5;1;6;8;7;4;3
ab_001972,4;7;6;8;3;1;5;2
ab_001973,4;7;3;8;6;1;5;2
ab_001974,5;2;1;8;6;3;4;7
ab_001975,3;6;8;7;1;4;2;5
ab_001976,1;6;7;5;4;3;2;8
ab_001977,2;4;7;3;5;6;8;1
ab_001978,4;2;7;3;6;5;1;8
ab_001979,5;3;6;8;1;7;2;4
ab_001980,7;4;2;6;3;5;8;1
ab_001981,3;8;6;5;1;7;2;4
ab_001982,1;8;6;3;5;7;4;2
ab_001983,8;1;6;5;3;4;7;2
ab_001984,6;1;8;3;5;4;7;2
ab_001985,8;2;7;1;4;6;3;5
ab_001986,6;8;7;2;1;4;3;5
ab_001987,3;5;7;8;2;6;1;4
ab_001988,1;6;4;7;8;2;3;5
ab_001989,4;1;2;6;8;7;3;5
ab_001990,2;1;6;4;8;7;3;5
ab_001991,5;2;7;3;8;6;1;4
ab_001992,4;7;1;8;6;2;3;5
ab_001993,1;2;6;4;3;7;8;5
ab_001994,8;5;7;6;3;2;4;1
ab_001995,3;4;7;2;1;6;8;5
ab_001996,4;2;1;3;6;7;8;5
ab_001997,5;8;7;3;4;6;2;1
ab_001998,3;4;2;7;1;6;8;5
ab_001999,7;3;1;6;8;4;2;5
ab_002000,6;2;1;4;7;3;8;5
ab_002001,5;4;8;1;6;3;7;2
ab_002002,6;2;1;7;3;5;4;8
ab_002003,1;2;7;3;6;5;4;8
ab_002004,8;5;4;1;6;2;7;3
ab_002005,4;5;8;1;6;3;2;7
ab_002006,2;6;7;3;1;5;4;8
ab_002007,7;1;2;3;6;5;4;8
ab_002008,3;7;1;6;2;5;4;8
ab_002009,4;7;8;6;1;3;5;2
ab_002010,6;4;7;5;1;3;8;2
ab_002011,7;4;6;8;1;3;5;2
ab_002012,3;5;2;1;6;4;7;8
ab_002013,8;4;7;6;1;2;3;5
ab_002014,1;2;3;5;6;4;8;7
ab_002015,1;2;5;3;6;4;7;8
ab_002016,2;5;3;1;6;4;7;8
ab_002017,1;5;3;4;7;2;6;8
ab_002018,1;4;7;5;3;2;6;8
ab_002019,6;8;2;4;7;1;3;5
ab_002020,8;6;2;4;7;1;5;3
ab_002021,3;4;5;1;7;2;6;8
ab_002022,2;8;6;4;7;1;5;3
ab_002023,5;4;7;1;3;2;6;8
ab_002024,7;4;2;1;6;5;3;8
ab_002025,5;4;7;1;2;6;8;3
ab_002026,8;6;3;7;2;1;4;5
ab_002027,7;4;8;1;2;6;3;5
ab_002028,8;6;3;2;1;7;4;5
ab_002029,2;6;1;3;8;7;4;5
ab_002030,4;1;7;5;8;2;6;3
ab_002031,3;2;1;8;6;7;4;5
ab_002032,1;2;8;3;6;7;4;5
ab_002033,4;3;5;2;6;8;7;1
ab_002034,1;7;2;4;6;5;8;3
ab_002035,2;3;4;6;5;7;8;1
ab_002036,4;7;2;3;6;8;5;1
ab_002037,8;6;5;7;3;2;4;1
ab_002038,6;5;7;8;3;2;4;1
ab_002039,8;5;6;4;2;7;3;1
ab_002040,7;3;2;4;8;5;6;1
ab_002041,3;5;6;1;2;4;8;7
ab_002042,5;6;1;2;4;3;8;7
ab_002043,1;4;2;5;6;3;8;7
ab_002044,8;3;7;1;4;2;6;5
ab_002045,7;8;3;1;6;4;2;5
ab_002046,3;8;1;4;2;6;5;7
ab_002047,6;5;2;1;4;3;8;7
ab_002048,4;2;1;5;6;3;8;7
ab_002049,5;2;3;4;7;6;8;1
ab_002050,3;6;2;7;5;4;1;8
ab_002051,4;7;1;8;3;5;2;6
ab_002052,8;7;2;1;5;4;3;6
ab_002053,6;3;5;4;2;7;1;8
ab_002054,6;3;4;5;7;2;1;8
ab_002055,2;8;1;7;5;4;6;3
ab_002056,1;7;4;2;6;8;3;5
ab_002057,6;4;7;2;5;8;1;3
ab_002058,8;6;7;4;2;5;3;1
ab_002059,3;1;6;8;4;7;5;2
ab_002060,2;4;8;7;5;6;3;1
ab_002061,8;4;6;1;3;7;5;2
ab_002062,7;4;5;6;8;2;3;1
ab_002063,1;3;8;6;4;7;5;2
ab_002064,5;7;4;8;2;6;3;1
ab_002065,3;6;8;1;7;5;2;4
ab_002066,2;4;8;5;7;6;1;3
ab_002067,6;4;2;1;5;8;3;7
ab_002068,7;3;8;5;1;6;2;4
ab_002069,3;7;5;8;6;1;2;4
ab_002070,8;5;1;6;3;7;4;2
ab_002071,4;2;5;6;8;3;1;7
ab_002072,1;5;8;6;3;7;4;2
ab_002073,4;8;5;3;6;2;7;1
ab_002074,7;2;6;5;1;4;8;3
ab_002075,3;6;2;4;5;8;7;1
ab_002076,7;2;6;1;5;4;3;8
ab_002077,5;2;4;8;6;3;7;1
ab_002078,8;4;5;3;6;2;7;1
ab_002079,6;8;2;5;4;3;7;1
ab_002080,1;7;5;8;4;2;6;3
ab_002081,5;6;4;3;1;8;7;2
ab_002082,1;6;5;3;4;8;2;7
ab_002083,2;8;4;6;3;1;5;7
ab_002084,3;2;6;4;1;8;5;7
ab_002085,7;5;1;6;4;3;8;2
ab_002086,8;4;6;2;3;1;5;7
ab_002087,2;8;6;4;3;1;5;7
ab_002088,4;6;2;8;3;1;5;7
ab_002089,3;1;2;7;5;4;6;8
ab_002090,8;7;2;1;3;4;5;6
ab_002091,4;5;6;1;3;7;2;8
ab_002092,1;5;3;4;6;2;7;8
ab_002093,6;5;1;4;3;7;2;8
ab_002094,6;5;4;1;3;7;2;8
ab_002095,7;2;6;1;3;4;5;8
ab_002096,2;7;3;1;8;5;6;4
ab_002097,1;2;4;3;6;7;5;8
ab_002098,4;6;5;2;1;7;3;8
ab_002099,7;1;8;3;5;2;4;6
ab_002100,3;7;5;2;1;8;6;4
ab_002101,2;5;3;7;1;8;6;4
ab_002102,6;4;2;5;7;1;3;8
ab_002103,8;7;3;1;5;2;6;4
ab_002104,5;3;2;7;1;8;6;4
ab_002105,5;2;6;7;1;8;3;4
ab_002106,6;8;3;2;5;1;7;4
ab_002107,5;4;8;3;7;6;2;1
ab_002108,1;8;2;6;5;3;7;4
ab_002109,2;7;3;6;5;4;8;1
ab_002110,4;7;5;3;6;8;2;1
ab_002111,3;7;5;6;8;2;4;1
ab_002112,6;7;3;2;1;8;5;4
ab_002113,2;3;6;1;5;7;4;8
ab_002114,3;2;1;6;4;5;7;8
ab_002115,6;2;1;3;7;4;5;8
ab_002116,1;6;3;2;8;7;4;5
ab_002117,7;4;5;8;1;6;3;2
ab_002118,5;4;8;7;1;6;3;2
ab_002119,8;5;4;7;1;6;3;2
ab_002120,7;8;4;5;1;3;6;2
ab_002121,6;8;4;7;5;2;1;3
ab_002122,5;8;6;7;4;2;1;3
ab_002123,6;8;1;2;7;5;3;4
ab_002124,5;4;7;6;2;3;8;1
ab_002125,4;7;8;2;5;6;1;3
ab_002126,7;8;1;2;6;4;5;3
ab_002127,2;3;1;4;7;8;6;5
ab_002128,3;2;1;4;5;7;8;6
ab_002129,3;8;4;1;5;6;7;2
ab_002130,6;7;1;4;5;2;3;8
ab_002131,8;3;1;5;4;7;6;2
ab_002132,5;7;6;1;4;2;8;3
ab_002133,4;1;6;7;5;2;3;8
ab_002134,7;1;6;5;4;2;3;8
ab_002135,1;4;7;5;6;2;8;3
ab_002136,2;6;4;5;1;7;3;8
ab_002137,2;8;1;3;4;6;5;7
ab_002138,6;3;1;4;2;8;5;7
ab_002139,8;3;1;2;6;4;5;7
ab_002140,6;1;3;2;4;8;5;7
ab_002141,7;5;6;4;1;3;2;8
ab_002142,5;7;6;3;8;4;1;2
ab_002143,1;3;2;8;6;4;5;7
ab_002144,4;6;1;3;2;7;8;5
ab_002145,2;4;6;1;7;8;5;3
ab_002146,7;8;5;3;4;2;6;1
ab_002147,1;6;4;2;7;8;5;3
ab_002148,1;6;4;2;8;7;5;3
ab_002149,8;5;3;7;2;4;6;1
ab_002150,5;8;7;3;2;4;6;1
ab_002151,6;2;4;1;7;5;8;3
ab_002152,3;5;7;8;2;4;6;1
ab_002153,2;6;1;3;8;7;5;4
ab_002154,4;7;5;1;3;6;8;2
ab_002155,7;3;1;4;5;6;8;2
ab_002156,5;6;7;3;1;4;8;2
ab_002157,2;6;8;1;7;3;5;4
ab_002158,8;2;6;1;4;3;5;7
ab_002159,3;7;4;1;5;6;8;2
ab_002160,5;1;6;8;4;3;7;2
ab_002161,7;1;4;3;8;2;5;6
ab_002162,5;1;6;4;3;7;8;2
ab_002163,3;6;5;4;1;7;8;2
ab_002164,8;2;7;1;3;4;6;5
ab_002165,2;8;7;1;4;5;6;3
ab_002166,4;1;6;3;5;8;7;2
ab_002167,7;4;1;8;6;5;3;2
ab_002168,5;6;3;4;1;7;8;2
ab_002169,4;3;6;1;8;7;5;2
ab_002170,6;4;8;3;5;2;1;7
ab_002171,2;7;5;8;1;6;3;4
ab_002172,2;5;7;8;1;6;4;3
ab_002173,7;5;8;2;1;6;4;3
ab_002174,3;4;6;1;2;5;8;7
ab_002175,1;7;2;5;8;6;4;3
ab_002176,8;5;1;7;2;6;3;4
ab_002177,1;3;4;2;8;6;7;5
ab_002178,6;7;2;4;3;5;1;8
ab_002179,2;3;6;1;4;7;5;8
ab_002180,2;3;4;1;8;7;6;5
ab_002181,8;1;3;6;2;4;7;5
ab_002182,7;6;5;4;3;2;8;1
ab_002183,5;7;4;2;6;1;8;3
ab_002184,4;7;3;6;1;2;8;5
ab_002185,7;5;4;8;6;2;1;3
ab_002186,6;1;2;4;3;8;5;7
ab_002187,1;2;4;6;3;8;5;7
ab_002188,8;2;1;4;6;3;7;5
ab_002189,4;6;2;1;8;3;5;7
ab_002190,5;7;6;2;4;1;3;8
ab_002191,8;2;1;4;6;3;5;7
ab_002192,3;8;1;2;4;6;7;5
ab_002193,7;3;2;8;6;1;4;5
ab_002194,4;1;5;6;8;3;7;2
ab_002195,2;8;3;7;6;1;4;5
ab_002196,6;5;1;4;3;8;7;2
ab_002197,8;3;2;6;7;1;4;5
ab_002198,5;1;4;6;2;3;8;7
ab_002199,1;4;5;6;3;8;2;7
ab_002200,7;3;8;2;6;1;5;4
ab_002201,6;1;8;4;5;3;2;7
ab_002202,1;8;6;4;7;5;3;2
ab_002203,5;2;3;4;7;8;6;1
ab_002204,2;5;3;4;7;8;1;6
ab_002205,2;3;7;5;4;8;6;1
ab_002206,8;1;6;5;4;2;3;7
ab_002207,7;3;4;5;2;6;8;1
ab_002208,4;5;7;3;2;6;8;1
ab_002209,3;8;4;5;7;2;1;6
ab_002210,3;7;1;2;8;4;5;6
ab_002211,6;1;3;2;7;8;5;4
ab_002212,1;7;5;8;4;6;3;2
ab_002213,5;2;6;4;8;1;7;3
ab_002214,5;4;8;1;7;3;2;6
ab_002215,8;4;6;7;5;2;1;3
ab_002216,2;4;6;7;8;5;1;3
ab_002217,8;1;5;6;2;3;7;4
ab_002218,6;2;3;1;7;4;8;5
ab_002219,7;3;2;4;6;1;8;5
ab_002220,3;2;7;6;4;1;8;5
ab_002221,6;7;3;2;1;4;8;5
ab_002222,5;8;6;1;3;7;2;4
ab_002223,1;8;5;2;6;3;7;4
ab_002224,4;7;2;3;6;1;8;5
ab_002225,3;2;1;8;6;5;7;4
ab_002226,7;4;2;3;6;8;5;1
ab_002227,4;7;3;2;5;6;8;1
ab_002228,2;6;5;3;1;8;7;4
ab_002229,5;1;6;8;3;2;7;4
ab_002230,2;6;1;5;3;8;7;4
ab_002231,1;8;2;6;5;3;7;4
ab_002232,8;5;6;3;1;2;7;4
ab_002233,1;2;7;5;8;6;4;3
ab_002234,1;7;2;5;8;6;3;4
ab_002235,6;4;3;5;1;2;8;7
ab_002236,5;8;2;7;1;6;3;4
ab_002237,7;8;2;1;5;6;3;4
ab_002238,4;6;3;2;5;1;8;7
ab_002239,8;5;2;7;1;6;3;4
ab_002240,3;4;6;2;5;1;7;8
ab_002241,5;8;1;4;3;6;2;7
ab_002242,4;8;5;1;7;3;6;2
ab_002243,8;1;7;4;5;2;6;3
ab_002244,3;6;2;5;8;4;1;7
ab_002245,7;1;4;8;5;2;3;6
ab_002246,2;3;6;5;4;8;1;7
ab_002247,1;8;4;7;5;6;2;3
ab_002248,6;3;2;5;8;4;1;7
ab_002249,7;2;8;3;5;6;4;1
ab_002250,8;7;3;2;5;6;1;4
ab_002251,1;4;6;5;3;2;7;8
ab_002252,2;3;7;8;5;4;1;6
ab_002253,3;2;8;7;5;4;1;6
ab_002254,6;4;1;5;3;2;7;8
ab_002255,5;1;6;4;7;8;2;3
ab_002256,4;1;5;6;7;3;2;8
ab_002257,4;7;1;5;3;8;2;6
ab_002258,1;3;5;8;4;2;7;6
ab_002259,3;5;1;8;4;2;7;6
ab_002260,1;5;3;8;4;2;7;6
ab_002261,6;2;7;4;1;5;3;8
ab_002262,7;2;4;6;3;1;5;8
ab_002263,8;5;1;3;4;7;2;6
ab_002264,2;7;6;4;5;1;3;8
ab_002265,2;8;7;6;3;5;4;1
ab_002266,6;2;3;7;5;8;1;4
ab_002267,8;5;4;1;2;7;6;3
ab_002268,5;8;2;7;6;3;1;4
ab_002269,4;5;8;1;7;2;6;3
ab_002270,1;5;7;8;2;6;4;3
ab_002271,3;6;2;7;1;5;8;4
ab_002272,7;5;1;2;6;3;8;4
ab_002273,4;2;3;8;6;7;5;1
ab_002274,2;3;6;4;8;5;7;1
ab_002275,7;1;5;8;3;4;2;6
ab_002276,2;8;4;3;6;5;7;1
ab_002277,8;5;4;6;3;2;7;1
ab_002278,6;3;8;4;7;2;5;1
ab_002279,5;8;7;6;3;4;2;1
ab_002280,1;7;5;8;3;4;6;2
ab_002281,1;4;7;5;2;3;6;8
ab_002282,7;4;1;5;6;2;3;8
ab_002283,6;3;2;4;8;5;1;7
ab_002284,8;2;3;6;4;1;5;7
ab_002285,3;6;2;8;4;5;7;1
ab_002286,2;3;6;8;4;5;7;1
ab_002287,5;7;4;2;1;3;6;8
ab_002288,5;7;4;1;6;2;3;8
ab_002289,4;6;1;3;8;5;7;2
ab_002290,8;4;3;6;1;2;5;7
ab_002291,7;2;5;4;1;8;3;6
ab_002292,5;2;4;7;1;3;8;6
ab_002293,4;1;6;8;3;5;2;7
ab_002294,3;6;1;8;4;5;2;7
ab_002295,1;6;3;4;8;5;7;2
ab_002296,2;5;7;4;8;1;3;6
ab_002297,1;5;8;2;4;3;7;6
ab_002298,8;5;1;2;4;3;7;6
ab_002299,6;3;7;2;4;5;8;1
ab_002300,1;8;5;2;4;3;7;6
ab_002301,4;2;5;6;8;1;3;7
ab_002302,3;6;4;2;7;1;5;8
ab_002303,2;4;6;1;3;5;8;7
ab_002304,7;3;6;2;4;1;5;8
ab_002305,7;2;6;1;8;4;3;5
ab_002306,7;3;2;6;4;8;5;1
ab_002307,1;5;3;8;4;2;6;7
ab_002308,5;4;7;6;2;8;1;3
ab_002309,6;7;2;8;1;5;3;4
ab_002310,5;1;8;2;4;7;6;3
ab_002311,8;4;2;3;1;5;7;6
ab_002312,3;5;4;8;1;2;6;7
ab_002313,8;1;6;3;5;7;2;4
ab_002314,2;5;3;7;4;1;8;6
ab_002315,1;6;8;3;5;2;7;4
ab_002316,6;8;1;3;7;5;4;2
ab_002317,4;7;5;3;8;2;6;1
ab_002318,3;7;5;4;1;8;6;2
ab_002319,5;4;3;7;2;8;6;1
ab_002320,5;7;4;3;2;8;6;1
ab_002321,5;3;8;2;1;6;4;7
ab_002322,4;7;1;6;8;5;2;3
ab_002323,2;5;8;3;6;1;4;7
ab_002324,1;8;2;6;7;3;4;5
ab_002325,6;1;2;8;5;4;7;3
ab_002326,3;5;2;8;6;1;4;7
ab_002327,7;4;1;6;8;2;5;3
ab_002328,6;1;2;4;8;5;7;3
ab_002329,4;8;6;7;3;1;2;5
ab_002330,4;3;8;7;6;1;5;2
ab_002331,2;1;5;6;8;7;3;4
ab_002332,1;2;5;4;6;8;3;7
ab_002333,6;7;3;8;4;1;5;2
ab_002334,7;8;6;3;4;1;5;2
ab_002335,4;3;7;6;8;1;5;2
ab_002336,5;2;1;8;6;7;3;4
ab_002337,3;8;4;1;2;6;7;5
ab_002338,1;3;8;2;4;6;7;5
ab_002339,5;7;6;2;3;8;1;4
ab_002340,7;6;5;2;3;8;1;4
ab_002341,2;6;3;7;8;1;5;4
ab_002342,4;3;1;8;2;6;7;5
ab_002343,8;6;1;2;3;7;4;5
ab_002344,6;2;8;3;1;7;4;5
ab_002345,4;2;6;8;5;3;7;1
ab_002346,6;2;5;3;4;8;7;1
ab_002347,6;2;8;4;5;3;7;1
ab_002348,7;1;8;3;2;5;6;4
ab_002349,1;7;3;8;5;4;2;6
ab_002350,2;5;3;4;8;6;1;7
ab_002351,3;5;1;7;8;2;6;4
ab_002352,8;3;5;4;7;2;1;6
ab_002353,2;7;3;8;1;5;4;6
ab_002354,7;2;8;3;1;5;4;6
ab_002355,8;3;4;5;1;6;7;2
ab_002356,4;1;3;6;5;8;7;2
ab_002357,5;8;4;6;1;3;7;2
ab_002358,3;8;1;6;5;4;7;2
ab_002359,6;1;4;5;8;3;7;2
ab_002360,1;3;4;6;5;8;2;7
ab_002361,5;2;1;6;4;8;3;7
ab_002362,2;1;5;3;7;6;4;8
ab_002363,7;3;1;2;5;6;4;8
ab_002364,8;5;4;6;2;1;7;3
ab_002365,1;5;2;6;7;4;3;8
ab_002366,6;5;2;1;4;8;3;7
ab_002367,3;7;2;1;5;6;4;8
ab_002368,4;8;2;5;1;6;3;7
ab_002369,6;5;4;7;3;2;1;8
ab_002370,4;5;7;6;1;3;2;8
ab_002371,8;4;2;3;7;1;5;6
ab_002372,7;1;2;3;4;6;5;8
ab_002373,2;1;3;4;7;5;6;8
ab_002374,2;5;3;1;4;6;7;8
ab_002375,3;2;4;7;5;1;6;8
ab_002376,5;6;1;7;4;2;3;8
ab_002377,8;2;4;3;6;7;5;1
ab_002378,3;5;1;6;7;2;8;4
ab_002379,4;8;2;6;5;3;1;7
ab_002380,7;3;5;1;6;8;2;4
ab_002381,1;3;7;5;6;2;8;4
ab_002382,6;5;3;1;7;2;8;4
ab_002383,5;1;6;7;3;8;2;4
ab_002384,2;8;4;6;5;3;7;1
ab_002385,8;3;2;5;1;4;6;7
ab_002386,5;3;4;8;7;1;2;6
ab_002387,6;7;4;8;3;2;5;1
ab_002388,8;7;3;4;6;2;5;1
ab_002389,5;4;7;2;8;6;3;1
ab_002390,2;7;8;5;4;6;3;1
ab_002391,1;2;5;8;3;4;6;7
ab_002392,4;3;8;6;5;2;7;1
ab_002393,3;6;5;8;7;1;4;2
ab_002394,6;3;8;5;4;7;1;2
ab_002395,2;7;1;4;8;5;3;6
ab_002396,4;7;1;2;8;5;3;6
ab_002397,8;5;6;3;7;4;2;1
ab_002398,5;8;3;6;7;2;4;1
ab_002399,1;4;7;2;5;8;3;6
ab_002400,7;4;1;2;5;8;6;3
ab_002401,8;7;1;6;2;5;4;3
ab_002402,7;2;4;6;5;3;8;1
ab_002403,5;1;8;3;2;6;7;4
ab_002404,3;1;5;4;6;8;2;7
ab_002405,6;4;3;5;2;8;1;7
ab_002406,8;1;3;4;7;5;2;6
ab_002407,4;1;6;3;8;7;5;2
ab_002408,2;3;4;6;5;7;1;8
ab_002409,2;8;4;7;3;6;1;5
ab_002410,4;3;6;2;7;8;1;5
ab_002411,7;8;2;6;3;1;4;5
ab_002412,1;5;2;8;7;3;4;6
ab_002413,5;1;2;8;7;3;4;6
ab_002414,6;4;3;2;7;8;1;5
ab_002415,3;4;6;2;7;8;1;5
ab_002416,8;7;2;4;3;6;1;5
ab_002417,6;4;1;2;3;8;5;7
ab_002418,1;4;2;8;6;3;7;5
ab_002419,8;3;1;2;6;4;7;5
ab_002420,5;6;4;2;1;3;8;7
ab_002421,3;8;2;1;6;7;4;5
ab_002422,5;4;6;2;1;3;8;7
ab_002423,8;2;3;1;6;4;7;5
ab_002424,7;8;3;1;2;4;6;5
ab_002425,7;8;6;4;3;5;1;2
ab_002426,5;8;3;1;4;6;2;7
ab_002427,1;2;5;3;6;4;8;7
ab_002428,2;6;4;3;1;5;8;7
ab_002429,1;2;8;6;5;3;4;7
ab_002430,2;3;1;4;6;5;8;7
ab_002431,6;5;8;1;2;4;3;7
ab_002432,8;4;3;5;1;6;2;7
ab_002433,5;6;1;7;3;4;8;2
ab_002434,4;7;8;3;6;1;5;2
ab_002435,3;6;1;4;7;5;8;2
ab_002436,8;6;7;5;4;1;3;2
ab_002437,1;3;6;4;7;5;8;2
ab_002438,5;6;7;4;8;3;1;2
ab_002439,2;5;1;7;6;4;8;3
ab_002440,7;4;1;5;6;8;3;2
ab_002441,1;7;5;3;4;2;6;8
ab_002442,6;1;2;7;5;3;4;8
ab_002443,2;1;6;8;7;4;3;5
ab_002444,1;5;3;7;4;2;6;8
ab_002445,8;2;6;1;7;4;5;3
ab_002446,7;5;4;3;1;2;6;8
ab_002447,5;3;4;7;1;6;2;8
ab_002448,3;4;7;5;1;2;6;8
ab_002449,2;6;4;3;5;1;7;8
ab_002450,2;1;6;8;5;7;4;3
ab_002451,3;7;4;1;6;2;5;8
ab_002452,3;7;4;1;6;8;2;5
ab_002453,4;1;7;3;8;6;2;5
ab_002454,3;7;8;1;4;2;5;6
ab_002455,5;4;8;2;6;3;7;1
ab_002456,8;5;1;7;6;2;3;4
ab_002457,2;6;4;5;7;8;3;1
ab_002458,6;3;7;2;5;8;4;1
ab_002459,3;2;5;7;6;8;1;4
ab_002460,1;3;5;7;6;8;2;4
ab_002461,6;5;7;8;2;3;4;1
ab_002462,4;7;6;5;3;2;8;1
ab_002463,8;1;5;3;2;7;6;4
ab_002464,1;5;7;2;3;8;6;4
ab_002465,2;6;1;8;3;5;4;7
ab_002466,4;5;7;1;8;6;2;3
ab_002467,7;4;5;1;2;8;6;3
ab_002468,5;7;4;1;6;8;3;2
ab_002469,8;6;3;2;1;5;4;7
ab_002470,1;3;6;8;2;5;4;7
ab_002471,1;3;8;2;6;5;4;7
ab_002472,3;6;8;2;1;5;4;7
ab_002473,5;8;1;6;2;4;3;7
ab_002474,4;2;3;1;5;6;8;7
ab_002475,2;3;7;4;5;6;8;1
ab_002476,5;8;6;1;2;4;7;3
ab_002477,7;3;2;4;5;6;8;1
ab_002478,8;1;6;5;4;2;3;7
ab_002479,3;2;7;4;6;8;1;5
ab_002480,6;1;5;8;4;2;3;7
ab_002481,3;2;4;6;1;5;7;8
ab_002482,2;6;5;3;4;1;7;8
ab_002483,5;1;3;2;4;6;7;8
ab_002484,1;7;8;6;2;3;5;4
ab_002485,7;8;1;2;6;3;5;4
ab_002486,6;4;5;3;2;1;7;8
ab_002487,8;7;6;2;1;4;5;3
ab_002488,4;5;3;6;2;7;1;8
ab_002489,6;5;3;2;1;8;4;7
ab_002490,3;5;6;2;1;8;4;7
ab_002491,4;1;2;3;5;6;8;7
ab_002492,2;4;8;1;3;6;5;7
ab_002493,2;1;5;3;6;8;4;7
ab_002494,7;8;4;5;6;1;3;2
ab_002495,1;6;5;3;4;2;8;7
ab_002496,8;4;6;5;7;2;1;3
ab_002497,3;8;6;1;7;4;2;5
ab_002498,3;6;8;1;7;2;4;5
ab_002499,7;4;2;1;6;5;8;3
ab_002500,8;1;2;6;7;4;3;5
ab_002501,1;8;6;3;7;4;2;5
ab_002502,7;4;2;6;1;8;3;5
ab_002503,5;4;2;1;7;6;8;3
ab_002504,5;2;4;7;1;6;8;3
ab_002505,1;3;6;5;2;4;8;7
ab_002506,6;5;3;2;1;4;8;7
ab_002507,8;7;2;5;6;4;3;1
ab_002508,2;5;3;4;6;1;8;7
ab_002509,6;5;1;2;4;3;8;7
ab_002510,2;5;4;6;3;1;8;7
ab_002511,7;8;2;4;6;3;1;5
ab_002512,4;6;2;8;5;1;7;3
ab_002513,5;6;1;3;4;8;2;7
ab_002514,8;4;3;2;6;5;1;7
ab_002515,8;2;3;4;5;6;1;7
ab_002516,2;4;8;3;6;7;5;1
ab_002517,3;4;8;2;1;5;6;7
ab_002518,1;6;5;3;4;2;8;7
ab_002519,1;6;5;8;3;2;4;7
ab_002520,7;2;8;4;3;5;6;1
ab_002521,5;1;7;8;2;6;4;3
ab_002522,4;6;2;8;1;7;5;3
ab_002523,7;5;1;8;2;4;6;3
ab_002524,3;4;6;2;1;8;7;5
ab_002525,4;6;2;3;5;1;8;7
ab_002526,2;6;8;4;1;5;7;3
ab_002527,1;8;7;5;2;4;6;3
ab_002528,2;8;6;1;7;5;4;3
ab_002529,3;7;8;6;2;4;5;1
ab_002530,4;6;5;2;8;1;7;3
ab_002531,8;6;5;1;2;4;7;3
ab_002532,4;1;5;6;8;2;7;3
ab_002533,2;8;1;6;5;4;7;3
ab_002534,7;3;8;4;6;5;2;1
ab_002535,5;8;6;4;2;1;7;3
ab_002536,1;6;5;2;4;8;7;3
ab_002537,1;6;4;8;2;3;7;5
ab_002538,2;3;7;5;6;8;4;1
ab_002539,7;2;3;5;6;4;1;8
ab_002540,8;6;4;1;2;3;7;5
ab_002541,4;8;6;1;2;3;7;5
ab_002542,5;3;7;2;4;6;8;1
ab_002543,8;6;1;4;2;3;7;5
ab_002544,3;2;5;7;4;6;1;8
ab_002545,8;6;1;5;7;4;2;3
ab_002546,4;5;1;6;7;2;8;3
ab_002547,3;7;2;1;8;6;5;4
ab_002548,2;6;5;1;4;8;7;3
ab_002549,3;7;2;1;8;6;5;4
ab_002550,5;4;6;8;2;7;1;3
ab_002551,8;5;2;6;7;4;1;3
ab_002552,1;7;8;4;6;2;5;3
ab_002553,6;1;3;7;8;5;4;2
ab_002554,8;4;7;5;2;1;3;6
ab_002555,7;1;4;2;5;8;3;6
ab_002556,5;8;4;2;7;1;3;6
ab_002557,3;1;6;8;7;2;5;4
ab_002558,1;3;6;7;8;2;5;4
ab_002559,5;4;8;2;7;1;3;6
ab_002560,2;5;4;8;7;1;3;6
ab_002561,5;1;4;6;7;8;2;3
ab_002562,2;1;7;3;4;6;5;8
ab_002563,8;4;6;5;1;7;2;3
ab_002564,3;7;2;4;6;8;1;5
ab_002565,5;7;6;1;4;8;2;3
ab_002566,6;1;7;5;4;8;2;3
ab_002567,4;8;1;5;6;7;2;3
ab_002568,2;3;7;4;8;1;6;5
ab_002569,5;3;7;4;2;8;1;6
ab_002570,6;1;8;4;2;7;3;5
ab_002571,3;4;2;7;5;8;1;6
ab_002572,7;4;2;3;8;6;1;5
ab_002573,2;7;4;3;8;1;5;6
ab_002574,4;2;3;7;8;6;1;5
ab_002575,6;8;1;4;2;3;7;5
ab_002576,8;1;6;2;4;3;7;5
ab_002577,7;3;2;1;4;5;6;8
ab_002578,2;4;3;7;1;5;6;8
ab_002579,2;1;3;5;6;4;7;8
ab_002580,8;5;6;4;1;2;7;3
ab_002581,6;5;8;4;1;2;7;3
ab_002582,8;5;6;4;1;2;7;3
ab_002583,7;2;3;1;4;6;5;8
ab_002584,1;4;2;3;5;6;7;8
ab_002585,4;3;6;8;2;1;5;7
ab_002586,7;5;2;4;1;3;8;6
ab_002587,1;4;8;3;6;2;5;7
ab_002588,2;4;8;1;3;6;5;7
ab_002589,6;3;2;1;4;8;5;7
ab_002590,5;8;3;4;1;2;6;7
ab_002591,2;8;1;6;3;5;4;7
ab_002592,6;2;3;1;8;4;5;7
ab_002593,2;5;4;1;3;8;6;7
ab_002594,5;1;4;2;3;8;6;7
ab_002595,7;3;6;8;5;2;4;1
ab_002596,3;8;6;7;2;5;4;1
ab_002597,4;5;1;2;3;6;8;7
ab_002598,8;6;3;7;2;1;4;5
ab_002599,2;1;5;4;8;3;6;7
ab_002600,6;3;8;7;2;4;5;1
ab_002601,2;5;7;4;1;6;8;3
ab_002602,6;7;4;3;2;8;5;1
ab_002603,7;1;5;2;6;4;8;3
ab_002604,3;8;6;4;2;7;5;1
ab_002605,1;2;7;4;5;6;3;8
ab_002606,5;1;7;2;4;6;3;8
ab_002607,8;3;4;6;7;2;5;1
ab_002608,4;3;8;2;6;7;5;1
ab_002609,6;7;5;3;4;2;1;8
ab_002610,3;5;4;6;7;1;2;8
ab_002611,1;4;6;7;8;3;5;2
ab_002612,7;8;2;1;6;4;5;3
ab_002613,7;2;8;6;4;1;5;3
ab_002614,5;1;4;3;6;7;2;8
ab_002615,8;2;6;7;4;1;5;3
ab_002616,3;4;5;1;6;7;2;8
ab_002617,1;8;6;4;7;3;2;5
ab_002618,8;1;6;5;7;4;3;2
ab_002619,6;8;1;7;3;2;4;5
ab_002620,5;4;3;7;2;1;8;6
ab_002621,2;3;4;5;7;1;8;6
ab_002622,7;5;3;4;2;1;8;6
ab_002623,5;7;3;4;2;1;8;6
ab_002624,4;2;3;5;7;1;8;6
ab_002625,4;6;2;3;5;8;7;1
ab_002626,1;3;6;2;8;5;4;7
ab_002627,8;6;5;4;3;2;7;1
ab_002628,4;7;2;5;8;3;6;1
ab_002629,6;3;8;7;5;2;1;4
ab_002630,3;2;7;5;6;8;4;1
ab_002631,2;3;7;5;8;6;4;1
ab_002632,5;7;2;3;8;6;4;1
ab_002633,6;3;5;2;4;7;1;8
ab_002634,2;5;4;6;1;3;7;8
ab_002635,8;1;4;7;6;2;5;3
ab_002636,7;4;8;2;6;5;1;3
ab_002637,5;2;7;4;6;3;1;8
ab_002638,3;5;2;6;4;7;1;8
ab_002639,1;8;4;7;2;6;5;3
ab_002640,4;2;6;1;7;8;5;3
ab_002641,3;5;1;8;7;4;6;2
ab_002642,6;2;8;3;1;4;5;7
ab_002643,8;4;7;5;3;1;6;2
ab_002644,5;7;3;1;8;4;6;2
ab_002645,2;6;5;8;3;4;1;7
ab_002646,7;4;5;1;3;8;6;2
ab_002647,1;4;3;7;8;5;6;2
ab_002648,3;8;4;7;5;1;6;2
ab_002649,7;4;2;1;3;5;8;6
ab_002650,4;2;7;1;5;3;8;6
ab_002651,8;1;3;2;4;7;5;6
ab_002652,2;1;3;8;7;4;5;6
ab_002653,5;4;6;2;7;1;3;8
ab_002654,3;1;8;7;2;4;5;6
ab_002655,6;5;7;4;1;2;3;8
ab_002656,6;5;7;4;3;2;1;8
ab_002657,1;2;5;3;7;4;8;6
ab_002658,3;8;5;4;7;2;1;6
ab_002659,7;8;2;3;1;4;5;6
ab_002660,4;5;8;3;7;2;1;6
ab_002661,3;4;5;2;8;7;1;6
ab_002662,7;2;5;4;8;3;1;6
ab_002663,6;1;5;3;4;2;7;8
ab_002664,2;7;8;5;4;3;1;6
ab_002665,2;6;8;4;1;7;5;3
ab_002666,3;1;5;4;7;8;6;2
ab_002667,6;2;8;4;7;5;1;3
ab_002668,8;7;1;4;5;6;2;3
ab_002669,8;7;1;4;5;6;3;2
ab_002670,5;1;4;7;3;8;6;2
ab_002671,4;1;7;5;8;3;6;2
ab_002672,5;4;1;7;3;8;6;2
ab_002673,3;8;5;4;7;2;1;6
ab_002674,2;1;6;5;4;7;3;8
ab_002675,1;6;2;4;5;7;3;8
ab_002676,4;5;7;2;1;6;3;8
ab_002677,7;8;3;5;4;2;1;6
ab_002678,7;8;3;5;4;2;6;1
ab_002679,5;4;3;2;7;8;1;6
ab_002680,6;1;4;2;5;7;3;8
ab_002681,7;8;4;2;5;3;6;1
ab_002682,3;8;4;5;6;2;1;7
ab_002683,1;6;2;3;5;4;8;7
ab_002684,3;2;5;8;4;1;6;7
ab_002685,4;8;3;5;6;2;1;7
ab_002686,6;5;2;1;3;4;8;7
ab_002687,8;2;6;4;3;7;5;1
ab_002688,5;4;3;6;1;2;8;7
ab_002689,6;4;2;3;5;7;8;1
ab_002690,3;7;8;5;2;1;6;4
ab_002691,4;6;2;3;8;5;1;7
ab_002692,7;1;3;2;8;5;6;4
ab_002693,2;1;3;8;7;5;6;4
ab_002694,5;7;8;2;1;3;6;4
ab_002695,5;7;3;8;1;2;6;4
ab_002696,8;1;2;3;7;5;6;4
ab_002697,3;2;1;8;5;6;4;7
ab_002698,5;7;6;2;8;3;4;1
ab_002699,2;3;8;1;5;4;6;7
ab_002700,7;6;4;8;5;3;2;1
ab_002701,6;7;4;3;8;5;2;1
ab_002702,1;5;2;3;8;6;7;4
ab_002703,5;1;3;2;8;4;6;7
ab_002704,4;8;7;6;3;5;2;1
ab_002705,6;1;8;5;2;3;4;7
ab_002706,5;2;6;3;1;4;7;8
ab_002707,8;1;6;5;2;3;4;7
ab_002708,2;3;4;7;8;5;1;6
ab_002709,7;3;2;4;5;6;1;8
ab_002710,1;8;5;6;2;4;3;7
ab_002711,4;7;3;2;5;8;6;1
ab_002712,7;4;3;2;5;8;1;6
ab_002713,5;2;6;7;4;1;8;3
ab_002714,1;4;7;6;8;2;5;3
ab_002715,4;1;8;3;7;5;2;6
ab_002716,2;6;5;7;4;8;1;3
ab_002717,7;6;4;2;5;1;8;3
ab_002718,8;1;3;4;7;6;5;2
ab_002719,6;5;2;7;4;1;3;8
ab_002720,3;1;8;4;7;6;2;5
ab_002721,8;3;5;4;1;6;7;2
ab_002722,1;2;4;8;5;6;3;7
ab_002723,4;5;1;8;2;3;6;7
ab_002724,2;1;4;3;8;5;6;7
ab_002725,5;2;3;4;1;8;6;7
ab_002726,8;5;4;6;1;3;7;2
ab_002727,6;7;3;5;8;4;1;2
ab_002728,7;3;6;1;8;5;4;2
ab_002729,2;6;7;1;3;8;4;5
ab_002730,8;7;2;6;5;1;3;4
ab_002731,7;8;2;6;4;3;1;5
ab_002732,3;4;1;6;2;7;8;5
ab_002733,1;4;3;6;2;7;8;5
ab_002734,2;6;7;3;4;1;8;5
ab_002735,5;7;8;2;3;6;4;1
ab_002736,6;3;4;2;1;7;8;5
ab_002737,2;6;4;5;8;3;1;7
ab_002738,7;1;8;5;2;4;3;6
ab_002739,5;4;8;2;3;6;1;7
ab_002740,8;5;3;6;4;2;7;1
ab_002741,1;7;5;8;6;3;4;2
ab_002742,4;2;6;3;5;8;1;7
ab_002743,3;6;4;2;5;8;1;7
ab_002744,5;6;3;8;4;2;1;7
ab_002745,7;1;4;6;5;2;8;3
ab_002746,2;5;1;3;8;4;6;7
ab_002747,4;2;8;1;5;6;7;3
ab_002748,3;8;1;5;6;2;4;7
ab_002749,3;5;8;2;1;6;4;7
ab_002750,1;5;6;8;4;7;2;3
ab_002751,6;4;8;1;2;5;7;3
ab_002752,4;6;3;1;2;5;8;7
ab_002753,8;6;1;2;4;3;5;7
ab_002754,6;8;4;2;3;1;5;7
ab_002755,5;7;3;2;1;6;8;4
ab_002756,1;8;2;3;4;6;5;7
ab_002757,4;8;6;1;2;3;5;7
ab_002758,7;1;5;3;2;6;8;4
ab_002759,3;7;1;2;5;6;8;4
ab_002760,2;3;5;7;1;6;8;4
ab_002761,5;3;7;6;4;2;1;8
ab_002762,8;2;6;7;1;4;3;5
ab_002763,1;7;2;8;3;6;4;5
ab_002764,6;8;7;1;2;4;3;5
ab_002765,3;1;2;6;7;8;4;5
ab_002766,3;7;2;4;1;6;8;5
ab_002767,3;4;2;1;6;8;7;5
ab_002768,4;6;2;7;1;3;8;5
ab_002769,4;2;1;3;7;6;5;8
ab_002770,3;2;1;4;6;7;5;8
ab_002771,5;4;7;8;6;1;2;3
ab_002772,6;1;2;4;3;7;5;8
ab_002773,3;6;2;4;1;7;5;8
ab_002774,7;6;4;5;1;3;2;8
ab_002775,1;6;4;3;2;7;5;8
ab_002776,8;5;4;7;1;6;2;3
ab_002777,3;6;2;5;1;7;4;8
ab_002778,6;3;5;1;2;7;4;8
ab_002779,2;5;1;4;7;3;6;8
ab_002780,2;6;3;5;1;4;7;8
ab_002781,7;1;5;2;4;6;3;8
ab_002782,4;1;7;5;2;6;3;8
ab_002783,7;4;5;1;2;3;6;8
ab_002784,8;6;3;2;1;5;4;7
ab_002785,6;2;8;5;1;3;4;7
ab_002786,3;1;7;8;5;6;2;4
ab_002787,6;2;8;5;3;4;1;7
ab_002788,4;2;6;8;3;5;1;7
ab_002789,1;7;3;8;5;6;2;4
ab_002790,7;3;1;8;5;6;2;4
ab_002791,5;8;6;3;2;1;7;4
ab_002792,2;6;8;5;3;1;4;7
ab_002793,8;2;5;7;6;4;3;1
ab_002794,5;2;7;8;6;4;3;1
ab_002795,4;1;3;7;5;2;8;6
ab_002796,6;2;8;5;7;4;3;1
ab_002797,2;5;7;8;6;4;1;3
ab_002798,7;5;8;2;6;4;3;1
ab_002799,1;3;4;7;2;5;8;6
ab_002800,3;1;4;2;7;5;8;6
ab_002801,3;2;1;8;4;6;7;5
ab_002802,1;8;2;3;4;6;7;5
ab_002803,3;8;1;4;2;6;7;5
ab_002804,7;1;5;2;8;3;4;6
ab_002805,4;3;1;6;2;8;7;5
ab_002806,6;3;1;4;8;2;7;5
ab_002807,5;7;3;2;6;4;8;1
ab_002808,2;8;1;7;3;6;5;4
ab_002809,6;2;5;8;4;7;1;3
ab_002810,2;6;5;8;4;7;1;3
ab_002811,4;7;1;3;6;2;5;8
ab_002812,8;5;6;2;4;7;3;1
ab_002813,1;4;3;7;8;2;6;5
ab_002814,8;6;5;2;4;7;3;1
ab_002815,7;3;1;4;6;8;2;5
ab_002816,3;7;1;4;6;8;5;2
ab_002817,6;4;3;7;5;1;2;8
ab_002818,3;6;4;7;5;1;2;8
ab_002819,7;4;3;6;5;1;2;8
ab_002820,4;6;3;7;1;5;2;8
ab_002821,8;5;1;2;4;7;3;6
ab_002822,8;5;1;2;3;4;7;6
ab_002823,2;5;8;1;4;7;6;3
ab_002824,2;1;8;5;6;3;4;7
ab_002825,4;5;7;3;6;8;2;1
ab_002826,7;6;8;3;5;4;2;1
ab_002827,2;1;4;5;3;7;6;8
ab_002828,5;4;7;6;3;8;2;1
ab_002829,1;2;4;5;7;3;6;8
ab_002830,8;6;7;3;5;4;2;1
ab_002831,3;4;7;5;6;8;2;1
ab_002832,3;6;8;7;5;4;2;1
ab_002833,2;4;1;8;5;3;7;6
ab_002834,3;4;5;1;6;7;2;8
ab_002835,6;7;5;3;1;4;2;8
ab_002836,8;2;4;3;5;1;6;7
ab_002837,3;1;6;7;5;4;2;8
ab_002838,7;6;5;1;3;4;2;8
ab_002839,1;5;3;7;6;4;2;8
ab_002840,4;5;1;3;6;7;2;8
ab_002841,2;1;3;5;8;4;7;6
ab_002842,3;4;5;1;8;2;7;6
ab_002843,1;2;4;5;8;3;7;6
ab_002844,8;4;2;1;5;3;7;6
ab_002845,8;5;4;3;2;1;7;6
ab_002846,6;7;8;4;2;5;3;1
ab_002847,3;2;4;1;5;8;7;6
ab_002848,7;6;2;8;4;1;3;5
ab_002849,4;7;5;3;2;6;1;8
ab_002850,8;1;6;2;5;3;4;7
ab_002851,1;8;6;2;4;5;3;7
ab_002852,5;6;4;2;3;7;1;8
ab_002853,7;4;6;5;3;2;1;8
ab_002854,3;5;6;4;2;7;8;1
ab_002855,2;3;5;6;4;7;8;1
ab_002856,2;6;3;4;5;7;8;1
ab_002857,2;5;6;4;1;7;8;3
ab_002858,7;8;1;6;4;3;2;5
ab_002859,4;8;1;6;7;3;2;5
ab_002860,1;7;8;6;4;3;2;5
ab_002861,6;1;4;7;3;8;2;5
ab_002862,5;2;6;4;7;8;1;3
ab_002863,4;6;7;8;1;3;2;5
ab_002864,3;1;4;7;8;6;2;5
ab_002865,6;3;4;2;5;7;8;1
ab_002866,2;5;7;3;6;4;8;1
ab_002867,8;1;7;5;2;3;4;6
ab_002868,1;8;2;5;7;3;4;6
ab_002869,7;5;2;3;4;6;8;1
ab_002870,7;5;2;4;8;3;1;6
ab_002871,4;3;5;6;2;7;8;1
ab_002872,3;4;6;5;2;7;8;1
ab_002873,1;7;3;4;8;2;6;5
ab_002874,3;7;4;1;8;2;6;5
ab_002875,6;5;2;3;1;7;4;8
ab_002876,8;1;7;3;4;2;6;5
ab_002877,2;8;5;7;6;4;3;1
ab_002878,5;6;2;3;7;4;1;8
ab_002879,1;3;4;7;2;8;6;5
ab_002880,4;7;3;1;8;2;6;5
ab_002881,8;1;2;4;7;3;6;5
ab_002882,2;8;1;4;3;5;6;7
ab_002883,6;5;7;4;3;1;8;2
ab_002884,3;5;6;7;4;1;8;2
ab_002885,3;4;5;6;1;7;8;2
ab_002886,7;6;3;4;1;5;8;2
ab_002887,5;6;4;1;3;7;8;2
ab_002888,1;4;7;3;6;5;8;2
ab_002889,6;3;7;2;4;8;5;1
ab_002890,3;6;2;7;4;8;1;5
ab_002891,2;4;8;7;3;6;1;5
ab_002892,1;5;7;8;4;2;6;3
ab_002893,8;4;5;1;2;7;3;6
ab_002894,5;1;4;8;2;7;3;6
ab_002895,4;2;8;7;3;6;5;1
ab_002896,7;2;4;8;3;1;6;5
ab_002897,5;4;1;3;8;6;2;7
ab_002898,4;5;3;1;8;6;2;7
ab_002899,3;5;4;1;8;6;2;7
ab_002900,6;8;2;7;4;3;5;1
ab_002901,8;6;2;7;4;5;3;1
ab_002902,7;6;2;8;3;5;4;1
ab_002903,2;8;6;7;4;5;3;1
ab_002904,1;3;5;4;7;8;6;2
ab_002905,3;5;8;4;7;1;6;2
ab_002906,2;6;7;4;1;8;3;5
ab_002907,1;8;7;4;6;5;3;2
ab_002908,8;7;1;5;4;3;6;2
ab_002909,5;3;8;4;7;1;6;2
ab_002910,6;4;7;8;1;5;2;3
ab_002911,4;1;7;8;6;5;3;2
ab_002912,2;6;4;1;7;8;5;3
ab_002913,2;3;4;7;8;5;6;1
ab_002914,8;2;3;5;4;7;6;1
ab_002915,6;7;2;3;4;8;5;1
ab_002916,5;3;4;2;7;8;6;1
ab_002917,8;5;4;3;2;7;6;1
ab_002918,4;5;3;7;2;8;6;1
ab_002919,6;1;7;8;2;3;4;5
ab_002920,1;6;7;2;8;4;3;5
ab_002921,4;1;2;8;5;3;7;6
ab_002922,2;6;7;8;3;5;1;4
ab_002923,6;8;7;5;3;2;4;1
ab_002924,3;7;6;8;2;5;4;1
ab_002925,7;5;6;3;8;2;4;1
ab_002926,5;8;6;7;3;2;1;4
ab_002927,1;4;2;8;6;7;3;5
ab_002928,2;8;3;6;7;5;4;1
ab_002929,7;6;2;1;3;4;5;8
ab_002930,2;1;7;3;6;4;5;8
ab_002931,5;4;8;3;1;2;7;6
ab_002932,8;4;5;3;1;2;7;6
ab_002933,1;3;7;2;4;6;5;8
ab_002934,8;4;5;3;1;2;7;6
ab_002935,3;1;2;4;7;5;8;6
ab_002936,6;7;2;1;3;4;8;5
ab_002937,6;2;7;8;3;1;4;5
ab_002938,3;6;2;1;7;5;4;8
ab_002939,5;7;4;8;3;6;1;2
ab_002940,4;3;7;8;1;5;6;2
ab_002941,2;5;4;1;7;3;8;6
ab_002942,8;4;7;6;3;1;2;5
ab_002943,5;4;1;3;2;7;6;8
ab_002944,1;7;3;2;5;4;6;8
ab_002945,2;4;1;8;6;5;7;3
ab_002946,7;3;5;6;1;2;8;4
ab_002947,4;1;2;6;5;8;7;3
ab_002948,3;7;5;6;1;8;2;4
ab_002949,8;5;4;6;2;1;7;3
ab_002950,1;4;8;2;6;5;7;3
ab_002951,6;1;5;8;2;4;7;3
ab_002952,6;5;2;1;8;4;7;3
ab_002953,2;8;7;3;5;4;6;1
ab_002954,8;2;7;3;5;6;1;4
ab_002955,4;1;3;5;6;2;7;8
ab_002956,7;6;5;2;8;3;4;1
ab_002957,5;7;3;6;4;8;2;1
ab_002958,1;3;4;6;5;7;2;8
ab_002959,6;1;4;3;5;7;2;8
ab_002960,5;6;2;1;4;7;3;8
ab_002961,4;5;1;3;2;8;7;6
ab_002962,1;8;4;3;7;6;5;2
ab_002963,3;4;7;1;8;6;2;5
ab_002964,3;1;4;8;2;7;5;6
ab_002965,5;2;6;7;4;1;8;3
ab_002966,6;2;7;5;8;4;1;3
ab_002967,2;7;6;8;4;5;3;1
ab_002968,7;5;6;4;8;2;1;3
ab_002969,1;5;6;4;8;2;7;3
ab_002970,8;6;1;4;5;7;2;3
ab_002971,3;2;7;4;1;5;6;8
ab_002972,6;5;1;4;8;7;2;3
ab_002973,7;2;4;6;1;5;8;3
ab_002974,7;2;4;5;1;6;8;3
ab_002975,4;2;1;7;5;6;8;3
ab_002976,1;5;6;8;7;4;2;3
ab_002977,7;4;6;8;2;1;3;5
ab_002978,8;1;5;3;2;7;4;6
ab_002979,2;1;3;5;8;7;4;6
ab_002980,6;4;7;2;1;8;5;3
ab_002981,3;1;2;5;8;7;4;6
ab_002982,5;8;1;3;2;7;4;6
ab_002983,5;1;3;2;8;7;4;6
ab_002984,6;4;7;5;8;2;3;1
ab_002985,3;2;1;5;4;8;6;7
ab_002986,8;5;4;7;2;3;1;6
ab_002987,2;1;3;4;5;8;7;6
ab_002988,5;4;1;3;2;8;7;6
ab_002989,1;4;5;2;3;8;7;6
ab_002990,2;4;5;3;1;8;7;6
ab_002991,7;6;8;5;4;3;2;1
ab_002992,6;7;8;5;4;3;2;1
ab_002993,1;3;7;5;8;6;4;2
ab_002994,2;8;6;5;3;1;4;7
ab_002995,7;1;4;3;5;6;8;2
ab_002996,4;7;1;3;5;6;8;2
ab_002997,8;2;5;6;3;7;1;4
ab_002998,5;8;6;2;3;1;4;7
ab_002999,6;5;8;1;3;7;4;2
ab_003000,3;4;1;7;5;6;8;2
ab_003001,7;4;1;2;5;8;3;6
ab_003002,7;4;1;3;2;5;8;6
ab_003003,6;3;1;2;8;5;4;7
ab_003004,3;2;8;1;5;4;7;6
ab_003005,2;5;8;4;1;7;3;6
ab_003006,8;1;4;5;2;7;3;6
ab_003007,1;8;2;5;4;7;3;6
ab_003008,5;4;8;1;2;7;3;6
ab_003009,1;4;2;7;3;8;5;6
ab_003010,5;6;7;8;1;3;4;2
ab_003011,8;2;3;4;1;7;5;6
ab_003012,3;2;4;7;1;8;5;6
ab_003013,6;5;1;7;8;4;2;3
ab_003014,8;3;4;2;7;1;5;6
ab_003015,7;1;3;2;4;8;6;5
ab_003016,7;4;2;8;3;1;6;5
ab_003017,4;7;6;8;5;2;1;3
ab_003018,5;4;6;8;7;2;3;1
ab_003019,2;5;4;6;8;7;1;3
ab_003020,7;6;8;4;5;1;3;2
ab_003021,3;1;8;6;7;5;4;2
ab_003022,6;8;5;7;4;1;3;2
ab_003023,8;7;6;4;5;3;1;2
ab_003024,1;3;8;6;7;5;4;2
ab_003025,4;3;5;6;1;8;2;7
ab_003026,3;5;6;4;8;2;1;7
ab_003027,1;8;6;5;4;2;3;7
ab_003028,8;1;5;6;4;2;3;7
ab_003029,7;8;1;3;2;6;5;4
ab_003030,4;6;8;5;1;2;3;7
ab_003031,2;4;1;3;5;6;8;7
ab_003032,2;3;8;6;5;4;1;7
ab_003033,2;4;3;1;8;6;7;5
ab_003034,4;2;3;8;1;6;7;5
ab_003035,6;8;3;2;4;1;7;5
ab_003036,5;7;1;3;2;4;6;8
ab_003037,3;1;4;8;6;2;7;5
ab_003038,8;4;6;3;2;1;7;5
ab_003039,7;5;1;2;3;4;8;6
ab_003040,1;3;2;4;6;8;7;5
ab_003041,4;7;3;8;6;5;1;2
ab_003042,2;5;6;1;8;3;7;4
ab_003043,3;7;8;5;4;1;2;6
ab_003044,8;7;3;5;6;1;2;4
ab_003045,1;6;5;2;8;7;3;4
ab_003046,5;2;6;1;8;3;7;4
ab_003047,6;2;5;1;8;3;7;4
ab_003048,7;3;8;6;5;1;2;4
ab_003049,4;3;7;8;1;2;5;6
ab_003050,8;5;3;7;2;1;4;6
ab_003051,4;1;7;5;2;3;8;6
ab_003052,2;1;5;7;3;8;4;6
ab_003053,7;8;5;3;1;4;2;6
ab_003054,8;5;7;3;1;2;4;6
ab_003055,6;4;1;5;2;3;7;8
ab_003056,2;1;5;3;7;8;4;6
ab_003057,8;4;7;5;3;2;6;1
ab_003058,3;5;7;8;6;2;4;1
ab_003059,4;8;7;5;2;3;6;1
ab_003060,7;4;3;5;6;2;8;1
ab_003061,1;2;6;3;8;5;7;4
ab_003062,5;7;6;3;4;2;8;1
ab_003063,6;3;7;5;2;8;1;4
ab_003064,2;1;6;3;8;4;7;5
ab_003065,3;8;1;2;6;7;5;4
ab_003066,7;5;4;6;2;8;3;1
ab_003067,6;7;2;5;8;3;4;1
ab_003068,5;4;7;6;2;8;3;1
ab_003069,1;8;2;3;6;7;4;5
ab_003070,4;5;7;6;2;3;8;1
ab_003071,3;2;8;1;6;7;4;5
ab_003072,2;3;8;1;6;7;4;5
ab_003073,1;3;6;8;4;5;7;2
ab_003074,7;6;1;3;8;4;5;2
ab_003075,4;8;6;7;3;1;5;2
ab_003076,5;3;1;4;2;7;8;6
ab_003077,2;5;7;8;3;4;1;6
ab_003078,3;4;7;8;6;1;5;2
ab_003079,8;4;7;1;3;6;5;2
ab_003080,6;1;7;3;8;4;5;2
ab_003081,7;6;5;2;3;1;4;8
ab_003082,8;4;1;2;3;7;5;6
ab_003083,5;6;7;2;3;1;4;8
ab_003084,4;8;1;2;3;7;5;6
ab_003085,2;3;7;1;4;8;6;5
ab_003086,6;5;7;2;3;1;4;8
ab_003087,1;8;4;2;3;6;7;5
ab_003088,3;2;6;7;5;1;8;4
ab_003089,4;1;7;5;2;3;6;8
ab_003090,7;2;4;1;5;3;6;8
ab_003091,4;2;3;1;7;5;6;8
ab_003092,8;6;5;3;7;2;4;1
ab_003093,3;8;5;6;7;2;4;1
ab_003094,5;1;3;4;2;7;6;8
ab_003095,6;8;3;5;7;1;2;4
ab_003096,1;2;7;4;3;6;5;8
ab_003097,8;4;5;6;3;7;1;2
ab_003098,2;1;5;3;4;6;8;7
ab_003099,1;4;2;5;3;8;6;7
ab_003100,3;4;7;5;8;6;1;2
ab_003101,3;1;5;6;4;8;7;2
ab_003102,6;1;3;2;8;7;5;4
ab_003103,7;8;4;5;6;3;1;2
ab_003104,6;4;3;5;7;8;1;2
ab_003105,1;6;5;4;3;2;7;8
ab_003106,2;7;3;4;8;5;6;1
ab_003107,2;3;4;5;7;8;6;1
ab_003108,5;6;4;2;3;7;8;1
ab_003109,7;8;3;2;4;5;6;1
ab_003110,6;5;4;2;8;7;3;1
ab_003111,8;3;7;2;4;5;6;1
ab_003112,4;8;3;2;7;6;5;1
ab_003113,4;2;6;1;7;3;5;8
ab_003114,2;1;4;6;7;3;5;8
ab_003115,5;8;1;4;2;6;7;3
ab_003116,8;5;1;4;2;6;7;3
ab_003117,1;2;4;8;5;6;7;3
ab_003118,3;7;4;6;1;2;5;8
ab_003119,6;7;4;1;2;3;8;5
ab_003120,7;3;6;2;4;1;5;8
ab_003121,1;5;6;4;3;2;8;7
ab_003122,3;2;4;5;8;1;6;7
ab_003123,2;5;4;1;3;6;8;7
ab_003124,7;8;4;5;6;3;2;1
ab_003125,8;6;4;1;3;5;2;7
ab_003126,6;1;5;3;4;8;2;7
ab_003127,5;4;3;6;8;1;7;2
ab_003128,8;7;4;2;5;3;1;6
ab_003129,4;7;3;6;1;8;2;5
ab_003130,2;3;1;6;8;5;7;4
ab_003131,3;1;6;2;7;8;4;5
ab_003132,2;1;6;3;8;7;5;4
ab_003133,7;4;3;1;6;2;8;5
ab_003134,5;8;2;6;1;3;7;4
ab_003135,8;5;2;1;6;3;7;4
ab_003136,6;1;2;3;8;7;5;4
ab_003137,2;3;6;1;8;4;5;7
ab_003138,7;4;5;6;8;2;3;1
ab_003139,1;8;3;2;6;5;4;7
ab_003140,2;6;8;3;1;4;7;5
ab_003141,6;5;7;2;3;8;4;1
ab_003142,8;3;1;2;6;4;5;7
ab_003143,5;4;7;6;1;8;3;2
ab_003144,4;5;7;6;1;3;8;2
ab_003145,1;3;5;2;6;8;7;4
ab_003146,2;5;1;7;8;3;6;4
ab_003147,8;7;6;2;5;1;3;4
ab_003148,6;8;7;2;5;1;4;3
ab_003149,3;1;2;5;7;8;6;4
ab_003150,5;2;7;8;6;1;3;4
ab_003151,3;5;1;2;7;8;6;4
ab_003152,4;6;2;1;8;7;5;3
ab_003153,2;3;6;8;4;1;7;5
ab_003154,3;6;1;7;4;2;8;5
ab_003155,4;7;6;1;8;3;2;5
ab_003156,1;4;7;6;3;2;8;5
ab_003157,5;8;2;3;6;1;4;7
ab_003158,7;1;4;6;2;3;8;5
ab_003159,8;2;6;3;4;1;7;5
ab_003160,3;2;8;6;4;1;5;7
ab_003161,8;5;1;7;6;2;3;4
ab_003162,6;7;5;3;8;1;2;4
ab_003163,2;1;5;8;6;7;3;4
ab_003164,3;2;7;6;8;5;1;4
ab_003165,8;1;5;2;6;7;3;4
ab_003166,1;5;2;6;8;3;7;4
ab_003167,4;2;1;5;3;6;8;7
ab_003168,3;7;5;8;6;2;1;4
ab_003169,1;7;8;6;4;3;2;5
ab_003170,2;7;8;6;1;3;4;5
ab_003171,2;7;4;6;1;3;8;5
ab_003172,6;3;8;1;4;7;2;5
ab_003173,3;1;4;8;7;6;2;5
ab_003174,4;8;3;6;1;7;2;5
ab_003175,6;4;8;2;7;3;1;5
ab_003176,5;6;8;7;2;4;1;3
ab_003177,1;6;7;8;5;2;4;3
ab_003178,3;7;5;4;1;6;8;2
ab_003179,8;7;1;6;5;4;2;3
ab_003180,2;4;6;1;7;3;5;8
ab_003181,7;5;1;8;3;4;6;2
ab_003182,2;4;6;8;5;1;3;7
ab_003183,5;1;4;6;8;2;7;3
ab_003184,5;1;8;6;4;7;2;3
ab_003185,5;6;2;8;7;3;1;4
ab_003186,8;6;2;5;7;3;4;1
ab_003187,4;3;1;7;6;2;5;8
ab_003188,1;4;3;7;2;6;5;8
ab_003189,6;8;5;2;7;4;3;1
ab_003190,1;3;4;7;5;2;6;8
ab_003191,2;8;6;5;7;3;4;1
ab_003192,7;5;8;6;2;1;4;3
ab_003193,2;8;3;5;7;6;1;4
ab_003194,3;2;8;7;5;4;6;1
ab_003195,4;7;5;1;6;3;2;8
ab_003196,8;2;3;7;5;6;1;4
ab_003197,5;7;1;4;6;3;2;8
ab_003198,1;7;6;5;4;2;3;8
ab_003199,6;5;7;1;4;2;3;8
ab_003200,4;1;5;7;6;2;3;8
ab_003201,5;1;7;4;3;2;6;8
ab_003202,3;2;1;4;5;7;6;8
ab_003203,7;4;1;5;3;2;6;8
ab_003204,6;8;1;3;2;5;7;4
ab_003205,2;3;5;1;7;4;6;8
ab_003206,8;6;5;1;3;2;4;7
ab_003207,4;7;5;1;2;3;6;8
ab_003208,1;5;4;7;2;3;6;8
ab_003209,7;6;8;2;4;1;3;5
ab_003210,4;3;6;1;8;5;7;2
ab_003211,3;6;1;8;4;5;7;2
ab_003212,1;8;3;6;7;5;4;2
ab_003213,8;6;1;7;3;4;5;2
ab_003214,2;7;6;8;3;4;1;5
ab_003215,5;3;4;8;1;6;7;2
ab_003216,7;3;4;6;1;8;5;2
ab_003217,6;2;3;5;1;4;7;8
ab_003218,5;1;6;3;2;7;8;4
ab_003219,4;3;7;2;5;6;8;1
ab_003220,5;3;4;7;6;8;1;2
ab_003221,2;3;4;6;7;5;1;8
ab_003222,8;1;5;7;6;3;4;2
ab_003223,7;4;3;2;5;6;8;1
ab_003224,1;8;5;7;6;4;3;2
ab_003225,7;5;4;8;6;2;1;3
ab_003226,8;5;6;1;4;2;3;7
ab_003227,8;1;4;2;3;5;6;7
ab_003228,5;4;1;3;2;6;7;8
ab_003229,3;2;4;8;1;7;5;6
ab_003230,6;2;5;7;3;4;1;8
ab_003231,6;7;2;8;3;1;5;4
ab_003232,1;4;3;2;8;5;6;7
ab_003233,4;5;6;2;8;3;7;1
ab_003234,7;3;6;8;2;5;1;4
ab_003235,3;7;1;4;6;5;8;2
ab_003236,8;2;6;4;5;3;7;1
ab_003237,1;3;7;4;2;6;8;5
ab_003238,2;6;5;8;4;3;7;1
ab_003239,2;6;5;8;4;3;7;1
ab_003240,5;4;6;8;2;3;7;1
ab_003241,5;6;4;7;8;1;2;3
ab_003242,4;6;8;7;5;1;2;3
ab_003243,4;1;6;5;8;7;2;3
ab_003244,7;8;1;6;5;4;2;3
ab_003245,2;3;4;5;8;7;6;1
ab_003246,8;5;7;1;6;4;2;3
ab_003247,3;2;4;8;7;6;5;1
ab_003248,1;7;8;5;6;4;2;3
ab_003249,4;8;5;6;2;1;3;7
ab_003250,5;6;2;4;1;8;3;7
ab_003251,3;6;1;5;2;7;8;4
ab_003252,5;8;4;1;3;6;2;7
ab_003253,8;6;5;2;4;3;1;7
ab_003254,2;6;1;5;8;3;4;7
ab_003255,1;3;7;6;5;2;8;4
ab_003256,7;3;1;2;6;5;8;4
ab_003257,3;5;6;4;2;1;7;8
ab_003258,8;7;6;2;1;4;3;5
ab_003259,4;6;2;1;8;7;3;5
ab_003260,5;3;6;4;2;1;7;8
ab_003261,6;1;7;8;2;4;3;5
ab_003262,7;2;1;8;6;4;3;5
ab_003263,2;6;8;1;7;4;3;5
ab_003264,1;8;7;2;6;4;3;5
ab_003265,3;7;8;6;1;4;2;5
ab_003266,8;7;3;6;1;4;2;5
ab_003267,1;8;6;3;7;4;2;5
ab_003268,4;6;3;7;1;8;2;5
ab_003269,1;8;6;7;3;4;2;5
ab_003270,5;1;6;8;4;7;3;2
ab_003271,4;7;2;3;6;8;1;5
ab_003272,2;4;7;3;6;1;8;5
ab_003273,1;4;3;6;2;7;5;8
ab_003274,5;8;7;3;6;2;4;1
ab_003275,2;1;6;3;4;7;5;8
ab_003276,6;4;1;3;2;7;8;5
ab_003277,7;8;5;3;6;2;1;4
ab_003278,8;5;7;3;6;2;4;1
ab_003279,4;2;6;1;3;5;7;8
ab_003280,3;1;2;6;4;7;5;8
ab_003281,4;2;6;3;5;8;1;7
ab_003282,2;4;6;3;5;8;7;1
ab_003283,3;5;1;7;8;6;4;2
ab_003284,1;8;5;7;3;6;2;4
ab_003285,7;8;3;1;5;6;4;2
ab_003286,6;4;2;5;3;8;7;1
ab_003287,5;7;1;8;3;6;4;2
ab_003288,3;1;7;8;5;6;4;2
ab_003289,8;2;1;5;6;3;4;7
ab_003290,4;3;5;2;8;6;1;7
ab_003291,2;1;6;5;3;8;4;7
ab_003292,6;4;3;2;5;8;1;7
ab_003293,3;6;5;1;8;4;2;7
ab_003294,1;8;6;2;3;5;4;7
ab_003295,7;6;1;8;3;5;2;4
ab_003296,5;8;2;3;1;6;4;7
ab_003297,2;5;3;6;8;4;1;7
ab_003298,5;2;8;6;3;4;1;7
ab_003299,3;4;8;7;1;6;5;2
ab_003300,5;8;6;3;2;4;7;1
ab_003301,6;8;2;3;5;4;1;7
ab_003302,1;7;4;3;8;5;6;2
ab_003303,7;4;1;8;3;5;6;2
ab_003304,4;7;1;8;3;5;6;2
ab_003305,7;6;1;2;5;3;8;4
ab_003306,8;6;2;1;7;3;5;4
ab_003307,5;3;2;1;7;6;8;4
ab_003308,6;1;7;2;5;3;8;4
ab_003309,7;1;2;5;3;6;8;4
ab_003310,4;8;7;1;3;2;6;5
ab_003311,3;2;8;6;5;1;7;4
ab_003312,3;5;1;2;6;7;8;4
ab_003313,1;4;5;7;6;3;8;2
ab_003314,8;3;4;2;1;7;5;6
ab_003315,2;3;8;4;1;5;7;6
ab_003316,3;4;1;8;5;7;6;2
ab_003317,7;5;6;4;1;8;3;2
ab_003318,6;5;7;1;4;3;8;2
ab_003319,7;6;1;4;5;3;8;2
ab_003320,6;4;5;1;7;3;8;2
ab_003321,6;4;7;3;5;8;2;1
ab_003322,3;8;2;4;5;7;6;1
ab_003323,5;4;3;2;8;7;6;1
ab_003324,1;2;8;3;6;7;4;5
ab_003325,8;2;6;3;5;7;4;1
ab_003326,2;7;8;4;3;6;5;1
ab_003327,1;7;6;5;4;3;8;2
ab_003328,5;6;4;7;3;2;8;1
ab_003329,7;8;5;1;4;6;3;2
ab_003330,3;5;6;8;7;4;1;2
ab_003331,2;3;5;8;6;7;4;1
ab_003332,1;6;3;8;4;7;5;2
ab_003333,2;8;1;7;6;4;3;5
ab_003334,4;5;7;1;6;3;8;2
ab_003335,7;3;5;8;6;1;4;2
ab_003336,1;4;3;6;7;8;5;2
ab_003337,8;6;5;3;2;4;1;7
ab_003338,4;6;3;2;8;1;5;7
ab_003339,4;2;3;8;6;1;5;7
ab_003340,2;3;6;8;4;5;7;1
ab_003341,5;6;4;3;8;2;1;7
ab_003342,6;3;4;8;2;1;5;7
ab_003343,7;1;2;3;6;8;4;5
ab_003344,1;7;3;4;2;6;8;5
ab_003345,3;7;1;5;6;4;2;8
ab_003346,2;4;8;6;5;3;7;1
ab_003347,8;2;4;6;3;1;5;7
ab_003348,5;1;6;4;7;3;2;8
ab_003349,7;1;3;5;6;4;2;8
ab_003350,6;5;3;7;1;4;2;8
ab_003351,1;3;5;6;7;4;2;8
ab_003352,4;6;2;5;3;7;1;8
ab_003353,6;4;2;3;1;7;8;5
ab_003354,1;6;7;3;2;4;8;5
ab_003355,5;8;2;4;3;1;6;7
ab_003356,8;3;2;4;5;1;6;7
ab_003357,7;1;3;4;6;2;8;5
ab_003358,2;6;3;8;7;1;4;5
ab_003359,4;2;3;8;6;7;1;5
ab_003360,7;1;4;6;3;2;8;5
ab_003361,7;6;3;1;8;5;2;4
ab_003362,4;2;5;8;3;1;6;7
ab_003363,2;8;5;4;3;1;6;7
ab_003364,8;3;1;5;4;6;2;7
ab_003365,1;3;5;8;6;7;2;4
ab_003366,3;5;1;8;2;6;4;7
ab_003367,6;7;8;1;3;5;2;4
ab_003368,5;2;8;4;3;1;6;7
ab_003369,2;1;4;7;5;6;3;8
ab_003370,4;3;1;6;5;2;7;8
ab_003371,3;2;4;1;7;6;5;8
ab_003372,7;2;1;6;5;4;3;8
ab_003373,5;6;4;3;1;7;2;8
ab_003374,8;7;2;1;6;3;4;5
ab_003375,6;5;4;3;1;7;2;8
ab_003376,1;5;6;3;4;2;7;8
ab_003377,3;8;6;7;2;1;4;5
ab_003378,7;1;6;8;4;3;2;5
ab_003379,5;3;4;6;2;7;1;8
ab_003380,2;6;8;7;1;4;3;5
ab_003381,2;4;7;8;6;3;1;5
ab_003382,4;1;3;7;8;6;2;5
ab_003383,3;8;1;4;2;7;6;5
ab_003384,4;1;6;2;7;8;3;5
ab_003385,6;5;7;4;2;1;8;3
ab_003386,7;8;2;3;4;1;5;6
ab_003387,8;2;3;7;1;4;5;6
ab_003388,1;7;2;3;4;8;5;6
ab_003389,5;6;4;1;2;7;3;8
ab_003390,8;7;3;1;2;4;6;5
ab_003391,1;4;2;3;7;8;6;5
ab_003392,4;3;8;2;7;1;5;6
ab_003393,5;8;1;7;4;6;2;3
ab_003394,8;5;4;1;2;7;6;3
ab_003395,1;2;4;5;8;7;6;3
ab_003396,7;3;6;5;8;4;1;2
ab_003397,3;7;6;5;8;4;2;1
ab_003398,6;7;3;5;8;4;1;2
ab_003399,4;8;5;2;1;7;6;3
ab_003400,2;4;1;5;8;7;6;3
ab_003401,1;6;7;4;2;8;5;3
ab_003402,4;5;7;1;2;6;3;8
ab_003403,3;8;7;1;6;4;2;5
ab_003404,3;7;8;6;2;1;4;5
ab_003405,2;6;5;7;4;3;1;8
ab_003406,8;6;7;3;2;4;1;5
ab_003407,7;4;2;5;6;3;1;8
ab_003408,5;4;2;1;6;7;3;8
ab_003409,1;2;3;5;4;6;7;8
ab_003410,4;3;1;2;5;7;6;8
ab_003411,7;3;6;2;1;5;4;8
ab_003412,5;6;3;7;2;1;4;8
ab_003413,8;6;4;7;5;2;3;1
ab_003414,4;5;2;1;7;3;6;8
ab_003415,2;1;3;4;5;7;6;8
ab_003416,6;7;4;5;2;3;1;8
ab_003417,1;7;8;6;5;3;4;2
ab_003418,3;5;2;4;6;8;7;1
ab_003419,6;5;3;8;4;7;2;1
ab_003420,7;8;1;3;6;5;4;2
ab_003421,8;5;6;7;3;2;4;1
ab_003422,2;5;6;4;3;8;7;1
ab_003423,6;2;4;5;3;8;7;1
ab_003424,4;3;5;2;6;8;7;1
ab_003425,2;3;6;5;1;4;7;8
ab_003426,3;6;5;2;8;1;4;7
ab_003427,1;3;5;6;8;2;4;7
ab_003428,7;1;8;2;3;6;5;4
ab_003429,5;6;8;2;3;1;7;4
ab_003430,4;6;2;8;7;1;5;3
ab_003431,8;5;1;3;2;7;6;4
ab_003432,7;1;5;8;4;2;3;6
ab_003433,1;2;4;6;5;8;3;7
ab_003434,7;2;5;4;6;8;3;1
ab_003435,4;5;2;6;1;8;7;3
ab_003436,5;4;2;8;6;1;3;7
ab_003437,1;2;8;5;6;3;4;7
ab_003438,3;8;1;6;4;5;2;7
ab_003439,3;6;8;5;2;1;4;7
ab_003440,6;8;3;4;2;5;1;7
ab_003441,4;8;3;5;2;7;6;1
ab_003442,3;4;5;8;7;2;6;1
ab_003443,1;7;6;3;5;4;8;2
ab_003444,2;4;5;8;3;7;6;1
ab_003445,5;2;8;4;3;6;7;1
ab_003446,1;7;6;3;4;5;8;2
ab_003447,6;7;1;3;4;5;8;2
ab_003448,8;5;4;2;3;7;6;1
ab_003449,1;5;4;3;6;8;2;7
ab_003450,3;4;6;8;1;5;2;7
ab_003451,2;7;8;6;5;1;4;3
ab_003452,5;8;1;6;3;4;2;7
ab_003453,8;5;6;3;4;1;2;7
ab_003454,4;3;6;1;5;8;2;7
ab_003455,8;5;6;1;3;4;2;7
ab_003456,7;2;8;6;5;3;4;1
ab_003457,5;6;3;8;1;4;7;2
ab_003458,2;8;6;1;5;3;4;7
ab_003459,7;5;6;3;4;1;8;2
ab_003460,1;8;6;5;3;4;2;7
ab_003461,6;3;5;8;1;2;4;7
ab_003462,8;3;1;5;6;2;4;7
ab_003463,4;6;3;5;1;8;7;2
ab_003464,3;1;5;8;6;4;7;2
ab_003465,8;7;1;6;2;5;3;4
ab_003466,1;5;6;2;3;4;7;8
ab_003467,6;5;1;3;7;2;4;8
ab_003468,7;5;6;2;3;1;8;4
ab_003469,7;1;6;2;5;3;8;4
ab_003470,4;2;6;1;5;3;7;8
ab_003471,2;4;5;1;6;3;7;8
ab_003472,3;7;1;5;6;8;2;4
ab_003473,8;5;1;6;2;3;4;7
ab_003474,6;7;4;2;3;8;5;1
ab_003475,7;2;3;4;6;8;1;5
ab_003476,2;3;7;6;4;8;5;1
ab_003477,4;2;3;7;6;8;1;5
ab_003478,3;4;2;6;7;8;1;5
ab_003479,1;5;8;2;6;4;3;7
ab_003480,5;8;1;4;6;2;3;7
ab_003481,5;7;6;4;3;8;2;1
ab_003482,7;4;6;5;3;2;8;1
ab_003483,2;6;5;4;3;7;8;1
ab_003484,1;8;2;5;7;6;4;3
ab_003485,8;2;3;6;7;5;4;1
ab_003486,3;4;2;5;6;7;8;1
ab_003487,8;5;6;7;2;3;4;1
ab_003488,4;3;6;5;2;7;8;1
ab_003489,4;2;1;6;8;5;3;7
ab_003490,6;1;8;2;4;5;3;7
ab_003491,8;4;5;3;7;1;6;2
ab_003492,2;8;6;1;4;3;5;7
ab_003493,7;8;3;5;6;1;2;4
ab_003494,7;5;3;8;1;6;2;4
ab_003495,3;7;5;8;1;2;6;4
ab_003496,2;1;6;3;8;4;5;7
ab_003497,7;4;1;5;6;3;2;8
ab_003498,8;1;2;3;5;6;7;4
ab_003499,6;2;1;5;8;4;3;7
ab_003500,2;1;6;3;5;7;8;4
ab_003501,1;5;3;2;6;8;7;4
ab_003502,3;5;1;2;6;7;4;8
ab_003503,5;1;3;6;2;7;8;4
ab_003504,4;7;5;6;3;1;2;8
ab_003505,7;5;6;1;8;2;4;3
ab_003506,4;5;6;3;7;1;2;8
ab_003507,4;8;7;3;5;1;6;2
ab_003508,1;2;8;6;7;3;5;4
ab_003509,2;3;7;6;8;1;5;4
ab_003510,5;8;3;7;6;1;2;4
ab_003511,1;8;3;5;7;6;2;4
ab_003512,6;2;8;3;5;1;7;4
ab_003513,5;7;1;3;2;4;6;8
ab_003514,4;6;8;7;2;3;5;1
ab_003515,2;3;1;5;4;7;8;6
ab_003516,3;1;2;4;8;7;6;5
ab_003517,2;3;4;7;8;1;5;6
ab_003518,1;7;6;5;4;8;2;3
ab_003519,4;7;3;8;6;5;2;1
ab_003520,6;8;7;2;4;5;1;3
ab_003521,5;7;3;8;6;4;2;1
ab_003522,6;1;4;2;3;5;7;8
ab_003523,8;7;5;3;6;1;2;4
ab_003524,7;5;3;8;6;4;1;2
ab_003525,2;6;1;4;7;5;3;8
ab_003526,3;7;5;8;6;4;1;2
ab_003527,4;1;6;2;5;3;7;8
ab_003528,1;4;2;6;5;7;3;8
ab_003529,2;3;6;1;5;7;4;8
ab_003530,3;7;2;6;1;5;4;8
ab_003531,7;1;6;5;2;3;4;8
ab_003532,4;8;3;2;1;7;6;5
ab_003533,6;1;5;7;2;3;4;8
ab_003534,8;4;3;2;7;1;6;5
ab_003535,1;7;6;2;5;3;4;8
ab_003536,5;2;1;6;7;3;4;8
ab_003537,5;3;4;1;8;6;2;7
ab_003538,4;3;5;2;6;8;7;1
ab_003539,3;4;1;5;8;7;6;2
ab_003540,8;1;6;7;2;5;4;3
ab_003541,1;8;2;7;6;4;3;5
ab_003542,2;7;6;1;8;4;3;5
ab_003543,2;6;7;8;4;1;3;5
ab_003544,7;6;1;8;2;5;3;4
ab_003545,2;6;1;4;7;3;8;5
ab_003546,4;2;7;6;1;3;8;5
ab_003547,8;1;6;2;3;4;5;7
ab_003548,7;4;2;1;6;3;8;5
ab_003549,1;6;8;4;2;7;3;5
ab_003550,6;1;2;8;3;4;7;5
ab_003551,3;2;1;8;6;7;4;5
ab_003552,5;8;1;4;6;3;2;7
ab_003553,8;3;7;2;4;6;5;1
ab_003554,3;7;8;2;4;6;5;1
ab_003555,2;7;3;8;4;6;5;1
ab_003556,1;5;6;4;3;2;7;8
ab_003557,4;6;3;7;5;8;2;1
ab_003558,8;2;7;3;4;6;5;1
ab_003559,5;6;1;4;3;7;2;8
ab_003560,6;4;5;3;1;7;8;2
ab_003561,7;8;1;5;4;2;3;6
ab_003562,5;7;8;4;3;1;2;6
ab_003563,5;8;2;7;4;3;1;6
ab_003564,4;2;3;7;1;8;5;6
ab_003565,2;1;7;8;4;5;3;6
ab_003566,3;2;4;5;8;7;1;6
ab_003567,1;3;7;4;8;2;5;6
ab_003568,6;3;4;7;1;5;8;2
ab_003569,3;4;7;2;8;1;6;5
ab_003570,8;2;4;7;3;6;5;1
ab_003571,5;6;2;4;7;8;3;1
ab_003572,1;4;3;2;7;8;6;5
ab_003573,7;4;3;8;2;6;5;1
ab_003574,8;7;4;2;3;6;5;1
ab_003575,6;5;8;2;4;7;3;1
ab_003576,2;3;7;4;8;6;1;5
ab_003577,2;4;3;8;5;7;6;1
ab_003578,4;5;3;2;8;7;6;1
ab_003579,8;3;4;7;2;5;6;1
ab_003580,6;1;7;8;5;3;2;4
ab_003581,1;6;7;8;5;3;2;4
ab_003582,5;2;8;4;3;7;6;1
ab_003583,3;5;4;2;8;7;1;6
ab_003584,7;6;1;8;5;3;2;4
ab_003585,5;8;4;7;1;3;2;6
ab_003586,6;2;3;5;4;8;7;1
ab_003587,2;6;3;5;8;7;4;1
ab_003588,4;7;5;1;8;3;6;2
ab_003589,8;7;4;1;5;3;2;6
ab_003590,7;5;4;8;1;3;6;2
ab_003591,3;5;1;8;4;7;2;6
ab_003592,1;5;8;4;7;3;2;6
ab_003593,8;4;7;2;1;6;3;5
ab_003594,7;8;2;4;6;1;3;5
ab_003595,2;3;5;6;1;7;8;4
ab_003596,6;2;7;3;4;5;8;1
ab_003597,1;6;7;2;3;5;4;8
ab_003598,7;4;8;1;2;6;3;5
ab_003599,5;3;1;6;2;7;8;4
ab_003600,1;3;5;6;2;7;4;8
ab_003601,7;2;4;8;3;6;5;1
ab_003602,8;2;4;3;7;6;5;1
ab_003603,1;3;7;2;6;8;4;5
ab_003604,5;6;4;8;2;7;3;1
ab_003605,6;5;4;8;2;7;3;1
ab_003606,2;7;3;8;4;6;5;1
ab_003607,3;2;7;4;8;1;5;6
ab_003608,4;8;6;5;2;7;3;1
ab_003609,3;1;5;7;4;8;2;6
ab_003610,4;8;6;2;3;1;7;5
ab_003611,5;3;7;1;2;4;6;8
ab_003612,6;4;2;8;3;1;7;5
ab_003613,7;1;3;5;4;2;6;8
ab_003614,5;1;7;3;4;8;6;2
ab_003615,8;4;2;6;3;1;5;7
ab_003616,2;6;8;4;1;3;5;7
ab_003617,2;7;6;4;8;3;1;5
ab_003618,1;5;3;4;8;6;7;2
ab_003619,4;3;1;5;8;6;7;2
ab_003620,7;6;2;4;8;1;3;5
ab_003621,8;4;5;3;1;6;7;2
ab_003622,5;4;3;1;8;6;7;2
ab_003623,6;7;2;4;3;1;8;5
ab_003624,3;1;5;4;8;6;7;2
ab_003625,5;8;3;1;7;6;4;2
ab_003626,8;1;3;5;7;6;4;2
ab_003627,4;2;6;1;3;8;5;7
ab_003628,2;4;6;1;3;5;8;7
ab_003629,1;5;7;3;8;6;4;2
ab_003630,7;5;1;3;8;6;4;2
ab_003631,3;8;5;1;7;4;6;2
ab_003632,6;4;2;1;8;5;3;7
ab_003633,1;3;4;6;7;2;5;8
ab_003634,4;3;7;6;1;2;8;5
ab_003635,8;5;2;4;6;7;1;3
ab_003636,1;4;6;3;7;5;2;8
ab_003637,5;8;2;4;6;3;7;1
ab_003638,2;8;5;4;6;7;3;1
ab_003639,7;6;3;4;1;2;5;8
ab_003640,7;3;6;1;4;2;5;8
ab_003641,1;7;5;4;3;6;8;2
ab_003642,2;3;8;6;4;1;7;5
ab_003643,2;4;6;8;3;1;5;7
ab_003644,7;1;5;4;3;8;6;2
ab_003645,6;2;3;8;4;1;5;7
ab_003646,5;7;4;1;3;8;6;2
ab_003647,8;3;2;6;4;1;5;7
ab_003648,4;3;1;8;5;2;6;7
ab_003649,2;3;5;6;1;4;7;8
ab_003650,6;1;8;2;7;3;4;5
ab_003651,4;7;8;1;5;3;2;6
ab_003652,6;1;7;8;4;2;3;5
ab_003653,5;1;3;7;8;4;6;2
ab_003654,7;8;6;1;5;3;2;4
ab_003655,4;8;7;2;3;1;5;6
ab_003656,5;4;1;2;6;8;7;3
ab_003657,5;8;6;4;7;1;2;3
ab_003658,2;7;3;1;4;6;8;5
ab_003659,4;3;1;7;2;6;5;8
ab_003660,7;3;2;1;4;6;8;5
ab_003661,1;4;6;3;2;7;5;8
ab_003662,6;8;4;5;2;1;3;7
ab_003663,2;7;3;1;4;6;8;5
ab_003664,8;5;6;4;1;7;3;2
ab_003665,2;3;1;7;5;4;8;6
ab_003666,2;7;8;3;5;4;1;6
ab_003667,6;4;1;8;3;7;2;5
ab_003668,4;3;1;2;5;7;8;6
ab_003669,5;3;2;7;4;8;1;6
ab_003670,1;4;8;3;7;5;2;6
ab_003671,5;2;4;3;1;7;8;6
ab_003672,8;7;3;4;1;2;5;6
ab_003673,4;7;6;3;8;2;1;5
ab_003674,8;1;6;4;7;2;3;5
ab_003675,2;3;4;7;6;8;5;1
ab_003676,3;2;7;4;6;8;5;1
ab_003677,6;7;8;4;3;2;1;5
ab_003678,1;8;6;4;7;2;3;5
ab_003679,5;7;3;2;4;6;8;1
ab_003680,7;4;3;6;2;5;8;1
ab_003681,1;4;3;2;7;5;6;8
ab_003682,4;1;3;2;5;7;6;8
ab_003683,5;4;1;3;2;7;6;8
ab_003684,6;8;7;2;4;5;3;1
ab_003685,7;2;6;3;4;8;1;5
ab_003686,3;4;1;2;5;7;6;8
ab_003687,2;7;3;4;6;1;5;8
ab_003688,8;6;7;2;4;3;5;1
ab_003689,6;3;1;8;7;4;2;5
ab_003690,1;2;3;7;4;5;8;6
ab_003691,4;7;6;3;1;8;5;2
ab_003692,5;7;4;2;6;8;1;3
ab_003693,8;6;7;3;4;1;2;5
ab_003694,6;2;1;5;3;8;7;4
ab_003695,7;3;8;2;4;1;6;5
ab_003696,2;5;6;1;3;8;7;4
ab_003697,5;4;7;1;3;6;2;8
ab_003698,8;3;2;6;7;1;5;4
ab_003699,7;3;6;2;8;1;5;4
ab_003700,4;5;1;7;3;6;2;8
ab_003701,7;8;6;2;1;3;5;4
ab_003702,1;6;3;2;7;8;5;4
ab_003703,2;7;8;3;1;6;5;4
ab_003704,1;6;2;8;7;3;5;4
ab_003705,3;7;6;8;2;1;4;5
ab_003706,5;1;4;2;3;7;6;8
ab_003707,2;4;1;5;3;7;8;6
ab_003708,1;2;4;5;3;6;7;8
ab_003709,8;6;3;7;2;4;1;5
ab_003710,7;3;8;6;2;1;4;5
ab_003711,6;3;8;7;2;1;5;4
ab_003712,4;1;2;5;7;8;6;3
ab_003713,2;1;7;3;8;6;4;5
ab_003714,6;8;5;4;3;1;2;7
ab_003715,5;4;6;8;3;2;1;7
ab_003716,4;5;6;8;3;2;1;7
ab_003717,1;6;8;3;2;5;4;7
ab_003718,2;8;1;3;6;5;4;7
ab_003719,7;2;1;8;3;6;4;5
ab_003720,3;8;2;1;7;6;5;4
ab_003721,3;2;5;4;1;6;8;7
ab_003722,7;6;8;1;5;2;4;3
ab_003723,8;6;4;5;1;7;2;3
ab_003724,4;5;2;1;8;6;3;7
ab_003725,3;2;5;4;1;6;8;7
ab_003726,1;8;5;4;2;6;3;7
ab_003727,7;6;8;1;5;2;4;3
ab_003728,5;1;6;2;8;4;7;3
ab_003729,3;5;4;8;1;7;2;6
ab_003730,8;7;5;2;4;1;6;3
ab_003731,7;2;6;8;1;5;4;3
ab_003732,4;5;2;8;7;1;6;3
ab_003733,5;4;8;7;2;1;6;3
ab_003734,6;1;2;4;5;7;8;3
ab_003735,2;5;4;8;7;1;6;3
ab_003736,1;6;2;4;7;5;8;3
ab_003737,8;7;1;6;2;3;5;4
ab_003738,5;8;6;1;3;7;4;2
ab_003739,7;8;5;1;4;6;3;2
ab_003740,6;2;1;7;8;3;4;5
ab_003741,2;7;1;8;5;6;3;4
ab_003742,3;1;6;2;5;4;8;7
ab_003743,3;4;5;1;2;6;8;7
ab_003744,4;5;3;2;8;6;1;7
ab_003745,3;8;1;7;2;4;5;6
ab_003746,4;3;2;8;5;7;1;6
ab_003747,6;2;8;3;4;5;1;7
ab_003748,3;7;2;8;4;1;5;6
ab_003749,1;7;5;8;2;3;4;6
ab_003750,3;4;2;8;6;5;1;7
ab_003751,5;7;1;8;4;2;3;6
ab_003752,2;8;4;5;1;3;7;6
ab_003753,2;1;8;5;3;6;7;4
ab_003754,4;3;7;5;6;1;2;8
ab_003755,8;1;2;5;7;6;3;4
ab_003756,7;3;4;5;6;2;8;1
ab_003757,3;4;7;5;2;6;8;1
ab_003758,8;2;1;5;7;6;3;4
ab_003759,6;5;4;3;7;2;8;1
ab_003760,5;3;4;7;6;2;1;8
ab_003761,1;5;8;4;3;7;6;2
ab_003762,3;4;7;5;6;8;2;1
ab_003763,2;6;3;7;4;5;1;8
ab_003764,1;5;8;4;7;3;6;2
ab_003765,6;2;3;7;4;1;5;8
ab_003766,7;4;6;3;2;5;1;8
ab_003767,8;5;1;4;7;3;6;2
ab_003768,4;7;3;6;5;2;8;1
ab_003769,8;7;4;1;3;5;6;2
ab_003770,2;3;5;6;1;7;4;8
ab_003771,6;5;3;4;2;1;8;7
ab_003772,4;6;5;1;8;3;2;7
ab_003773,6;4;2;5;1;3;7;8
ab_003774,7;1;8;4;6;3;5;2
ab_003775,5;2;6;3;1;4;8;7
ab_003776,1;8;7;5;6;4;3;2
ab_003777,4;5;8;6;1;2;7;3
ab_003778,6;1;5;2;4;8;7;3
ab_003779,2;8;4;5;6;1;7;3
ab_003780,2;1;8;6;4;5;7;3
ab_003781,3;7;4;5;1;2;6;8
ab_003782,7;4;6;1;5;8;2;3
ab_003783,5;6;4;8;1;2;7;3
ab_003784,1;8;5;6;4;2;7;3
ab_003785,8;3;6;4;5;2;1;7
ab_003786,2;3;8;6;1;4;5;7
ab_003787,3;6;2;8;5;1;4;7
ab_003788,5;1;4;7;6;8;3;2
ab_003789,8;6;4;2;1;3;5;7
ab_003790,7;4;5;1;6;8;2;3
ab_003791,1;4;6;2;5;8;3;7
ab_003792,7;5;1;4;6;8;2;3
ab_003793,5;8;1;7;4;6;3;2
ab_003794,6;4;1;7;8;5;3;2
ab_003795,8;1;7;4;5;6;3;2
ab_003796,7;4;6;1;8;5;3;2
ab_003797,7;4;1;6;5;8;3;2
ab_003798,4;7;1;8;6;5;3;2
ab_003799,2;3;7;6;1;8;4;5
ab_003800,3;2;7;6;1;4;8;5
ab_003801,8;2;3;1;5;6;7;4
ab_003802,1;4;5;6;7;3;2;8
ab_003803,7;6;8;3;1;2;5;4
ab_003804,6;7;5;1;4;3;2;8
ab_003805,5;6;4;7;1;3;2;8
ab_003806,4;5;7;6;1;3;8;2
ab_003807,2;3;8;7;6;1;5;4
ab_003808,3;7;2;8;4;6;1;5
ab_003809,8;6;2;5;7;4;3;1
ab_003810,1;7;4;3;2;5;8;6
ab_003811,4;7;1;5;3;2;6;8
ab_003812,3;5;8;6;4;7;1;2
ab_003813,3;5;1;4;7;2;8;6
ab_003814,2;3;4;5;7;1;6;8
ab_003815,6;8;5;7;4;3;2;1
ab_003816,7;4;5;3;1;2;8;6
ab_003817,3;8;7;2;1;5;4;6
ab_003818,4;7;2;3;1;8;5;6
ab_003819,3;8;7;1;2;4;5;6
ab_003820,5;1;7;3;8;2;4;6
ab_003821,8;1;5;7;3;2;4;6
ab_003822,6;5;7;1;2;4;8;3
ab_003823,2;4;7;1;3;8;5;6
ab_003824,5;1;8;7;2;3;4;6
ab_003825,5;6;8;7;4;1;2;3
ab_003826,4;2;1;3;7;8;6;5
ab_003827,7;8;6;5;4;1;2;3
ab_003828,6;8;7;5;4;1;2;3
ab_003829,2;1;4;3;8;7;5;6
ab_003830,3;1;4;2;8;7;6;5
ab_003831,4;1;3;2;7;8;6;5
ab_003832,8;7;6;5;1;4;3;2
ab_003833,5;1;8;3;7;6;2;4
ab_003834,1;3;8;5;2;7;6;4
ab_003835,1;3;8;2;7;5;6;4
ab_003836,2;3;7;8;1;5;6;4
ab_003837,4;8;5;7;3;1;6;2
ab_003838,2;7;3;5;8;6;1;4
ab_003839,7;8;1;2;3;6;5;4
ab_003840,6;7;8;1;2;3;5;4
ab_003841,2;1;5;3;8;7;6;4
ab_003842,8;6;7;4;5;2;1;3
ab_003843,1;5;2;3;6;8;4;7
ab_003844,4;7;8;6;5;2;3;1
ab_003845,4;8;7;6;5;2;3;1
ab_003846,3;5;1;2;6;8;7;4
ab_003847,6;7;8;4;5;2;1;3
ab_003848,5;1;2;3;6;8;7;4
ab_003849,3;2;8;1;7;6;4;5
ab_003850,1;4;8;2;7;5;3;6
ab_003851,5;4;1;7;2;8;3;6
ab_003852,7;8;4;1;2;3;5;6
ab_003853,6;3;8;7;2;1;4;5
ab_003854,3;2;8;7;6;1;4;5
ab_003855,4;8;1;7;2;3;5;6
ab_003856,2;4;8;7;1;3;5;6
ab_003857,2;8;1;5;6;3;4;7
ab_003858,7;8;3;4;1;2;6;5
ab_003859,2;1;8;3;4;7;6;5
ab_003860,4;3;2;1;7;8;5;6
ab_003861,5;6;2;1;8;3;4;7
ab_003862,3;4;7;8;2;1;6;5
ab_003863,6;5;2;1;8;7;3;4
ab_003864,1;8;2;7;6;3;5;4
ab_003865,4;3;5;1;8;6;2;7
ab_003866,1;4;5;8;3;6;2;7
ab_003867,6;1;3;4;5;8;2;7
ab_003868,1;8;4;3;5;6;2;7
ab_003869,2;7;4;5;8;3;6;1
ab_003870,6;5;8;3;1;4;2;7
ab_003871,7;2;4;6;3;5;1;8
ab_003872,6;8;5;1;4;3;2;7
ab_003873,6;4;2;3;1;5;8;7
ab_003874,8;1;4;3;6;2;5;7
ab_003875,8;6;1;4;3;2;7;5
ab_003876,4;3;1;8;6;2;7;5
ab_003877,7;5;2;6;1;3;4;8
ab_003878,5;7;2;6;4;1;8;3
ab_003879,1;8;3;2;6;4;5;7
ab_003880,2;5;6;3;1;7;8;4
ab_003881,3;4;8;5;7;2;1;6
ab_003882,4;8;3;5;7;2;1;6
ab_003883,6;1;2;7;5;3;8;4
ab_003884,7;5;1;2;3;4;6;8
ab_003885,5;7;2;1;3;4;8;6
ab_003886,2;1;6;7;5;3;4;8
ab_003887,3;8;4;5;1;7;2;6
ab_003888,1;2;6;7;5;3;4;8
ab_003889,4;2;3;5;1;6;7;8
ab_003890,6;7;2;4;1;3;8;5
ab_003891,1;7;4;6;2;3;5;8
ab_003892,5;3;4;1;2;7;6;8
ab_003893,8;7;6;1;2;4;3;5
ab_003894,2;7;4;3;6;5;8;1
ab_003895,3;4;2;5;6;1;7;8
ab_003896,7;6;1;2;4;8;3;5
ab_003897,8;3;1;5;7;2;6;4
ab_003898,3;1;5;8;6;4;2;7
ab_003899,7;8;3;2;1;5;4;6
ab_003900,4;6;5;1;8;3;2;7
ab_003901,1;5;3;6;2;4;8;7
ab_003902,4;6;5;1;3;2;8;7
ab_003903,2;5;1;8;3;6;7;4
ab_003904,2;5;1;8;3;7;6;4
ab_003905,6;5;7;8;4;3;1;2
ab_003906,1;3;4;5;8;6;7;2
ab_003907,4;3;5;6;7;8;1;2
ab_003908,7;8;3;4;6;5;1;2
ab_003909,1;7;3;4;6;5;8;2
ab_003910,1;6;3;4;5;7;8;2
ab_003911,8;5;7;4;6;3;1;2
ab_003912,2;8;3;6;7;4;5;1
ab_003913,5;3;4;6;8;2;7;1
ab_003914,4;6;8;5;3;2;7;1
ab_003915,7;2;1;5;4;3;6;8
ab_003916,8;6;5;4;3;2;7;1
ab_003917,3;4;6;8;5;2;7;1
ab_003918,1;2;7;5;3;8;6;4
ab_003919,7;2;5;4;6;8;3;1
ab_003920,3;5;8;6;4;2;7;1
ab_003921,6;7;4;2;1;5;3;8
ab_003922,4;7;6;2;1;5;3;8
ab_003923,1;2;6;4;3;7;5;8
ab_003924,4;6;7;2;1;5;3;8
ab_003925,8;5;3;1;2;4;6;7
ab_003926,8;5;3;2;1;4;6;7
ab_003927,3;5;8;2;1;4;6;7
ab_003928,2;1;6;7;4;3;5;8
ab_003929,5;3;6;1;4;8;2;7
ab_003930,8;3;1;6;4;2;7;5
ab_003931,4;3;1;6;2;7;8;5
ab_003932,2;6;3;7;8;4;1;5
ab_003933,8;6;3;4;1;2;7;5
ab_003934,7;2;4;3;1;6;8;5
ab_003935,2;4;8;7;3;6;1;5
ab_003936,1;6;3;4;8;7;2;5
ab_003937,3;1;4;2;5;6;8;7
ab_003938,5;1;2;4;3;6;8;7
ab_003939,3;4;5;2;1;6;8;7
ab_003940,7;8;6;4;2;5;1;3
ab_003941,6;8;4;5;2;1;3;7
ab_003942,4;2;5;1;3;6;8;7
ab_003943,2;1;3;4;5;6;8;7
ab_003944,8;6;7;4;2;5;1;3
ab_003945,1;7;8;5;6;3;2;4
ab_003946,4;6;5;3;2;7;8;1
ab_003947,6;5;3;2;4;7;1;8
ab_003948,1;7;8;5;6;4;3;2
ab_003949,6;5;4;2;3;7;8;1
ab_003950,4;3;5;6;2;7;1;8
ab_003951,2;3;4;6;5;1;7;8
ab_003952,8;7;1;5;6;4;3;2
ab_003953,3;4;6;5;8;2;7;1
ab_003954,4;3;6;2;8;5;7;1
ab_003955,7;8;6;2;1;5;4;3
ab_003956,5;1;8;7;6;2;4;3
ab_003957,5;2;7;8;1;6;4;3
ab_003958,2;7;8;1;6;5;4;3
ab_003959,6;8;1;2;5;7;4;3
ab_003960,6;1;2;5;8;7;3;4
ab_003961,2;4;6;7;3;1;5;8
ab_003962,3;8;5;1;7;6;4;2
ab_003963,4;6;7;2;3;1;5;8
ab_003964,8;3;1;5;7;6;4;2
ab_003965,6;7;4;3;5;8;1;2
ab_003966,7;6;4;5;8;1;3;2
ab_003967,5;8;7;1;3;6;4;2
ab_003968,1;8;3;5;7;6;4;2
ab_003969,4;5;1;7;6;2;3;8
ab_003970,2;6;3;8;7;1;5;4
ab_003971,1;5;7;4;6;2;8;3
ab_003972,4;5;1;7;6;8;2;3
ab_003973,8;6;3;2;7;5;1;4
ab_003974,3;6;2;8;7;5;1;4
ab_003975,2;3;8;6;7;5;1;4
ab_003976,7;6;5;8;1;3;4;2
ab_003977,8;6;3;5;2;1;7;4
ab_003978,4;1;3;8;6;5;2;7
ab_003979,2;7;5;6;3;8;1;4
ab_003980,6;5;3;7;8;2;1;4
ab_003981,1;3;8;6;4;5;2;7
ab_003982,7;2;5;6;8;3;1;4
ab_003983,5;6;7;8;2;3;1;4
ab_003984,3;1;4;6;8;5;2;7
ab_003985,7;8;3;5;1;6;2;4
ab_003986,4;6;2;7;3;5;1;8
ab_003987,3;5;7;1;8;6;2;4
ab_003988,2;4;6;5;7;3;1;8
ab_003989,6;7;2;5;8;1;4;3
ab_003990,5;6;7;3;8;1;2;4
ab_003991,1;3;5;8;7;6;2;4
ab_003992,8;5;7;6;1;3;2;4
ab_003993,5;6;4;7;1;2;8;3
ab_003994,8;3;1;2;7;4;6;5
ab_003995,3;1;8;2;6;7;5;4
ab_003996,4;2;7;1;8;5;3;6
ab_003997,3;8;2;1;4;7;6;5
ab_003998,7;4;6;5;1;2;8;3
ab_003999,6;4;5;7;1;2;8;3
ab_004000,7;1;2;6;4;5;8;3
ab_004001,8;1;3;4;5;7;6;2
ab_004002,2;4;8;1;3;7;5;6
ab_004003,2;4;8;1;3;7;5;6
ab_004004,5;7;6;3;1;8;4;2
ab_004005,1;5;3;6;7;8;4;2
ab_004006,7;3;6;5;1;8;2;4
ab_004007,6;5;7;3;1;8;2;4
ab_004008,8;1;4;2;3;7;6;5
ab_004009,2;8;3;1;5;4;6;7
ab_004010,1;8;2;3;4;5;7;6
ab_004011,3;2;1;8;5;4;6;7
ab_004012,4;5;7;6;8;1;2;3
ab_004013,6;7;4;5;8;1;2;3
ab_004014,8;2;1;3;5;4;6;7
ab_004015,6;5;4;7;8;1;2;3
ab_004016,7;4;5;6;8;1;2;3
ab_004017,4;1;3;5;8;6;7;2
ab_004018,5;3;7;8;6;2;1;4
ab_004019,6;5;7;8;2;3;1;4
ab_004020,7;2;3;8;5;6;1;4
ab_004021,1;4;8;3;5;7;6;2
ab_004022,8;2;3;6;7;5;1;4
ab_004023,2;8;7;6;3;5;1;4
ab_004024,2;7;5;6;8;3;1;4
ab_004025,4;2;6;1;3;7;5;8
ab_004026,8;7;1;4;3;6;5;2
ab_004027,3;6;2;7;4;5;1;8
ab_004028,3;1;2;7;5;8;4;6
ab_004029,8;4;2;5;1;6;3;7
ab_004030,5;8;7;6;1;4;2;3
ab_004031,7;5;1;6;3;8;2;4
ab_004032,2;5;6;7;3;1;4;8
ab_004033,8;3;2;4;1;6;7;5
ab_004034,5;7;1;6;4;3;8;2
ab_004035,3;2;8;5;6;1;7;4
ab_004036,4;1;6;5;7;8;3;2
ab_004037,1;5;7;4;6;3;8;2
ab_004038,2;3;8;6;5;4;7;1
ab_004039,6;5;7;4;1;3;8;2
ab_004040,7;4;6;1;5;3;8;2
ab_004041,5;4;3;6;7;1;8;2
ab_004042,1;6;5;7;4;3;8;2
ab_004043,8;4;3;2;5;7;6;1
ab_004044,7;4;3;6;5;1;8;2
ab_004045,2;3;4;8;5;7;6;1
ab_004046,2;3;8;4;5;1;7;6
ab_004047,6;7;1;5;3;4;2;8
ab_004048,7;5;4;6;3;1;2;8
ab_004049,6;8;2;1;7;5;4;3
ab_004050,4;1;7;5;3;6;8;2
ab_004051,3;5;4;1;7;6;2;8
ab_004052,3;5;7;4;1;8;2;6
ab_004053,8;2;6;7;4;1;3;5
ab_004054,2;8;6;7;5;4;3;1
ab_004055,7;4;5;1;3;2;6;8
ab_004056,1;7;5;4;3;6;8;2
ab_004057,7;5;2;1;4;3;8;6
ab_004058,5;1;3;4;2;8;7;6
ab_004059,3;1;7;4;2;8;5;6
ab_004060,2;3;1;7;4;8;5;6
ab_004061,4;1;7;3;8;2;5;6
ab_004062,6;8;1;3;2;7;4;5
ab_004063,8;5;2;1;6;3;4;7
ab_004064,4;3;7;8;1;5;2;6
ab_004065,2;8;7;4;1;5;6;3
ab_004066,7;3;4;1;6;5;8;2
ab_004067,3;6;1;7;5;4;2;8
ab_004068,8;2;7;1;4;5;3;6
ab_004069,5;1;6;3;4;7;2;8
ab_004070,6;4;5;3;7;1;8;2
ab_004071,1;3;5;4;7;6;8;2
ab_004072,4;1;5;3;6;7;8;2
ab_004073,3;2;5;8;4;6;7;1
ab_004074,8;7;6;2;5;1;4;3
ab_004075,4;1;8;5;7;6;2;3
ab_004076,6;2;7;5;8;4;3;1
ab_004077,1;7;6;2;5;8;3;4
ab_004078,5;4;2;3;1;8;6;7
ab_004079,3;7;4;6;5;2;8;1
ab_004080,3;5;4;8;2;6;7;1
ab_004081,8;6;2;7;4;1;3;5
ab_004082,4;2;1;6;7;8;3;5
ab_004083,5;3;8;4;7;2;6;1
ab_004084,3;5;8;2;4;6;7;1
ab_004085,7;4;2;8;6;1;5;3
ab_004086,6;8;1;4;2;7;3;5
ab_004087,2;7;8;6;4;1;3;5
ab_004088,1;6;7;4;2;8;3;5
ab_004089,7;5;6;8;2;3;1;4
ab_004090,1;2;8;3;4;6;5;7
ab_004091,2;4;3;1;8;7;5;6
ab_004092,8;4;3;2;1;7;5;6
ab_004093,8;4;3;2;1;7;5;6
ab_004094,6;5;7;8;3;2;4;1
ab_004095,5;6;7;8;3;4;2;1
ab_004096,3;1;8;4;2;5;6;7
